0,https://powells.com/book/-9781250236234,https://powells.com/book/-9781250788979,https://powells.com/book/-9781250854117,https://powells.com/browse-book-genres/science-fiction-and-fantasy,https://www.powells.com/browse-book-genres
https://powells.com/book/-9781250236234,1,0,0,0,0
https://powells.com/book/-9781250788979,0,1,0,0,0
https://powells.com/book/-9781250854117,0,0,1,0,0
https://powells.com/browse-book-genres/science-fiction-and-fantasy,0,0,0,1,0
https://www.powells.com/browse-book-genres,0,0,0,0,1
https://www.powells.com/browse-book-genres/science-fiction-and-fantasy-books,1,1,1,0,0
