{"Title": " Modern Architecture Since 1900 3rd Edition Revised ", "Author": "William J R Curtis", "Cover Page": "https://powells-covers-2.s3.amazonaws.com/9780714833569.jpg", "ISBN10": "0714833568  \n", "ISBN13": "9780714833569", "Page URL": "https://powells.com/book/modern-architecture-since-1900-3rd-edition-revised-9780714833569", "raw_text": "Modern Architecture Since 1900 3rd Edition Revised William J R Curtis Trade Paperback 9780714833569 Powells Books Cart   my account  wish list  help  8008787323 Hello\n Login MENU Browse New Arrivals Bestsellers Featured Preorders Award Winners Audio Books See All Subjects Used Staff Picks Staff Picks Picks of the Month Bookseller Displays 50 Books for 50 Years 25 Best 21st Century SciFi  Fantasy 25 PNW Books to Read Before You Die 25 Books From the 21st Century 25 Memoirs to Read Before You Die 25 Global Books to Read Before You Die 25 Women to Read Before You Die 25 Books to Read Before You Die Gifts Gift Cards  eGift Cards Powells Souvenirs Journals and Notebooks socks Games Sell Books Blog Events Find A Store Dont Miss BIG SALE 20 off sitewide Picks of the Season What Im Giving Great Gifts Under 25 Best Books of 2022 Powells Author Events Oregon Battle of the Books Audio Books Visit Our Stores Powells Books 14 Gift Ideas From 14 of Our Favorite Authors 0 comment Every year Powells reaches out to some of our favorite authors for some muchneeded giftgiving inspiration Below are 14 writerapproved recommendations to help you find the perfect book for even your mostdifficulttobuyfor loved one Read More  Powells Staff Best Books of 2022 Fiction 1 comment Kelsey Ford 6 Haunting Native American Horror Books 1 comment 1 LOCOK 1 LOCOK LOCCancel 1 LOCOK LOCCancel Modern Architecture Since 1900 3rd Edition Revised by William J R Curtis Comment on this title Synopses  Reviews ISBN13 9780714833569 ISBN10 0714833568 Condition Standard All Product Details View Larger Image View Larger Images 2200 List Price 5995 Used Trade Paperback Ships in 1 to 3 days Qty Store 1 Burnside Synopses  Reviews Publisher Comments Since its first publication in 1982 Modern Architecture Since 1900 has become established as a contemporary classic Worldwide in scope it combines a clear historical outline with masterly analysis and interpretation Technical economic social and intellectual developments are brought together in a comprehensive narrative which provides a setting for the detailed examination of buildings Throughout the book the authors focus is on the individual architect and on the qualities that give outstanding buildings their lasting value For the third edition the text has been radically revised and expanded incorporating much new material and a fresh appreciation of regional identity and variety Almost every chapter has been expanded and updated and seven chapters are entirely new including the whole of Part Four which covers recent world architecture Described by James Ackerman of Harvard University as immeasurably the finest work covering this field in existence this book presents a penetrating analysis of the modern tradition and its origins and traces the creative interaction between old and new that has generated such an astonishing richness of architectural forms throughout the century Review The book is excellent value  Architects Journal As close to a definitive guide to the architecture of our century as we yet have  Sunday Times A book of this length and depth is an unimaginable achievement    Building Design Comprehensive uphyphentohyphendate and very readable  Sunday Telegraph This should be a standard volume in all architecture collections  Library Journal The clearest and most authentic survey to appear in English   Essential reading indeed breathtaking reading  Architecture New Zealand Description Includes bibliographical references p 693719 and index About the Author William Curtis has won worldwide acclaim for his architectural writing His books include Le Corbusier Ideas and Forms and Denys Lasdun  both published by Phaidon 3 1 What Our Readers Are Saying Share your thoughts on this title Average customer rating 3 1 comments  chic brown  November 26 2006 this book is verry useful for student to know the most important mdern architecte and the reflection of them creations in the presente an d the futur Was this comment helpful  Yes  No 4 of 9 readers found this comment helpful report this\ncomment Product Details ISBN 9780714833569 Binding Trade Paperback Publication date 06271996 Publisher PHAIDON PRESS INC Edition 3ED Pages 736 Height 190IN Width 840IN Thickness 150 Number of Units 1 Illustration Yes Copyright Year 1996 Series Volume 964162 UPC Code 2800714833561 Author William J R Curtis Author William J R Curtis Author William J R Curtis Subject History Subject 20th century Subject Arts fine Subject ARCHITECTURE  General Subject Architecture Modern  20th century Subject Architecture  History Subject Architecture modern 2200 List Price 5995 Used Trade Paperback Ships in 1 to 3 days Qty Store 1 Burnside 1 LOCOK 1 LOCOK LOCCancel 1 LOCOK LOCCancel 1 LOCOK 1 LOCOK LOCCancel 1 LOCOK LOCCancel 1 LOCOK 1 LOCOK LOCCancel 1 LOCOK LOCCancel 1 LOCOK 1 LOCOK LOCCancel 1 LOCOK LOCCancel Help Guarantee My Account Careers About Us Security Wish List Partners Contact Us Shipping Transparency ACT MRF Sitemap  2022 POWELLSCOM Terms 1 LOCOK 1 LOCOK LOCCancel 1 LOCOK LOCCancel 1 LOCOK 1 LOCOK LOCCancel 1 LOCOK LOCCancel 1 LOCOK 1 LOCOK LOCCancel 1 LOCOK LOCCancel 1 LOCOK 1 LOCOK LOCCancel 1 LOCOK LOCCancel"}