{"Title": " Kyofu Ryu Ikebana Japanese Flower Arrangement Through the Four Seasons Kyofuryu Ikebana ", "Author": "Sachiko Sekichi, Alice Esbenshade Burke", "Cover Page": "https://powells-covers-2.s3.amazonaws.com/9780989313636.jpg", "ISBN10": "0989313638  \n", "ISBN13": "9780989313636", "Page URL": "https://powells.com/book/kyofu-ryu-ikebana-japanese-flower-arrangement-through-the-four-seasons-kyofuryu-ikebana-9780989313636", "raw_text": "KyofuRyu Ikebana Japanese Flower Arrangement Through the Four Seasons Sekichi Sachiko Hardcover 9780989313636 Powells Books Cart   my account  wish list  help  8008787323 Hello\n Login MENU Browse New Arrivals Bestsellers Featured Preorders Award Winners Audio Books See All Subjects Used Staff Picks Staff Picks Picks of the Month Bookseller Displays 50 Books for 50 Years 25 Best 21st Century SciFi  Fantasy 25 PNW Books to Read Before You Die 25 Books From the 21st Century 25 Memoirs to Read Before You Die 25 Global Books to Read Before You Die 25 Women to Read Before You Die 25 Books to Read Before You Die Gifts Gift Cards  eGift Cards Powells Souvenirs Journals and Notebooks socks Games Sell Books Blog Events Find A Store Dont Miss BIG SALE 20 off sitewide Picks of the Season What Im Giving Great Gifts Under 25 Best Books of 2022 Powells Author Events Oregon Battle of the Books Audio Books Visit Our Stores Powells Books 14 Gift Ideas From 14 of Our Favorite Authors 0 comment Every year Powells reaches out to some of our favorite authors for some muchneeded giftgiving inspiration Below are 14 writerapproved recommendations to help you find the perfect book for even your mostdifficulttobuyfor loved one Read More  Powells Staff Best Books of 2022 Fiction 1 comment Kelsey Ford 6 Haunting Native American Horror Books 1 comment 1 LOCOK 1 LOCOK LOCCancel 1 LOCOK LOCCancel Kyofu Ryu Ikebana Japanese Flower Arrangement Through the Four Seasons Kyofuryu Ikebana by Sachiko Sekichi Alice Esbenshade Burke Comment on this title ISBN13 9780989313636 ISBN10 0989313638 All Product Details View Larger Image View Larger Images 4927 New Hardcover Available at a Remote Warehouse Ships separately from other items Additional shipping charges may apply Not available for In Store Pickup More Info Qty Store 20 Remote Warehouse What Our Readers Are Saying Be the first to share your thoughts on this title Product Details ISBN 9780989313636 Binding Hardcover Publication date 09082015 Publisher Miramar Books Pages 144 Height 50IN Width 700IN Author Alice Esbenshade Burke Oth Alice Esbenshade Burke Oth Pico Iyer Author Sachiko Sekichi 4927 New Hardcover Available at a Remote Warehouse Ships separately from other items Additional shipping charges may apply Not available for In Store Pickup More Info Qty Store 20 Remote Warehouse Receive an email when this ISBN is available used 1 LOCOK 1 LOCOK LOCCancel 1 LOCOK LOCCancel 1 LOCOK 1 LOCOK LOCCancel 1 LOCOK LOCCancel 1 LOCOK 1 LOCOK LOCCancel 1 LOCOK LOCCancel 1 LOCOK 1 LOCOK LOCCancel 1 LOCOK LOCCancel Help Guarantee My Account Careers About Us Security Wish List Partners Contact Us Shipping Transparency ACT MRF Sitemap  2022 POWELLSCOM Terms 1 LOCOK 1 LOCOK LOCCancel 1 LOCOK LOCCancel 1 LOCOK 1 LOCOK LOCCancel 1 LOCOK LOCCancel 1 LOCOK 1 LOCOK LOCCancel 1 LOCOK LOCCancel 1 LOCOK 1 LOCOK LOCCancel 1 LOCOK LOCCancel"}