{"Title": " Friend ", "Author": "Sigrid Nunez", "Cover Page": "https://powells-covers-2.s3.amazonaws.com/9780735219458.jpg", "ISBN10": "0735219451  \n", "ISBN13": "9780735219458", "Page URL": "https://powells.com/book/-9780735219458", "raw_text": "Friend A Novel Sigrid Nunez Trade Paperback 9780735219458 Powells Books Cart   my account  wish list  help  8008787323 Hello\n Login MENU Browse New Arrivals Bestsellers Featured Preorders Award Winners Audio Books See All Subjects Used Staff Picks Staff Picks Picks of the Month Bookseller Displays 50 Books for 50 Years 25 Best 21st Century SciFi  Fantasy 25 PNW Books to Read Before You Die 25 Books From the 21st Century 25 Memoirs to Read Before You Die 25 Global Books to Read Before You Die 25 Women to Read Before You Die 25 Books to Read Before You Die Gifts Gift Cards  eGift Cards Powells Souvenirs Journals and Notebooks socks Games Sell Books Blog Events Find A Store Dont Miss BIG SALE 20 off sitewide Picks of the Season What Im Giving Great Gifts Under 25 Best Books of 2022 Powells Author Events Oregon Battle of the Books Audio Books Visit Our Stores Powells Books 14 Gift Ideas From 14 of Our Favorite Authors 0 comment Every year Powells reaches out to some of our favorite authors for some muchneeded giftgiving inspiration Below are 14 writerapproved recommendations to help you find the perfect book for even your mostdifficulttobuyfor loved one Read More  Powells Staff Best Books of 2022 Fiction 1 comment Kelsey Ford 6 Haunting Native American Horror Books 1 comment 1 LOCOK 1 LOCOK LOCCancel 1 LOCOK LOCCancel Friend by Sigrid Nunez Comment on this title Synopses  Reviews ISBN13 9780735219458 ISBN10 0735219451 Condition Standard All Product Details View Larger Image View Larger Images 1095 List Price 1600 Used Trade Paperback Ships in 1 to 3 days Qty Store 5 Burnside 2 Cedar Hills 2 Hawthorne 6 Local Warehouse Staff Pick A book about the unexpected love of a woman and the dog shes adopted from her dead friend and mentor But wait Its really a book about grief and the long tail of love Oh and about literary reputation No no no  its a vast reference to movies books quotes and philosophies The Friend is highly enjoyable daringly flippant at times and quite moving One of my favorite novels of recent memory Recommended By Kevin S Powellscom Despite what it sounds like  and without spoilers  this is not one of those the catdogpet dies at the end but not before teaching me the most important of life lessons genre of books Yes it is a book about loss and grief and a dog but also about uncommon evil memory and voice and a questioning not only of the worth of fiction but the right to tell stories only partially  or not at all  our own An intellectually engaging and profoundly affecting meditation I closed the last page with gratitude questions and hunger to read much more by this author Recommended By Lori M Powellscom Synopses  Reviews Synopsis Nunezs prose itself comforts us Her confident and direct style upliftsthe music in her sentences her deep and varied intelligence  The New York Times Book Review A penetrating moving meditation on loss comfort memoryNunez has a wry withering wit NPR  A sneaky gut punch of a novela consummate example of the humananimal tale Harpers Magazine A moving story of love friendship grief healing and the magical bond between a woman and her dog When a woman unexpectedly loses her lifelong best friend and mentor she finds herself burdened with the unwanted dog he has left behind Her own battle against grief is intensified by the mute suffering of the dog a huge Great Dane traumatized by the inexplicable disappearance of its master and by the threat of eviction dogs are prohibited in her apartment building While others worry that grief has made her a victim of magical thinking the woman refuses to be separated from the dog except for brief periods of time Isolated from the rest of the world increasingly obsessed with the dogs care determined to read its mind and fathom its heart she comes dangerously close to unraveling But while troubles abound rich and surprising rewards lie in store for both of them Elegiac and searching The Friend is both a meditation on loss and a celebration of humancanine devotion Synopsis WINNER OF THE 2018 NATIONAL BOOK AWARD NEW YORK TIMES NOTABLE BOOK OF 2018 A beautiful book  a world of insight into death grief art and love Wall Street Journal A penetrating moving meditation on loss comfort memoryNunez has a wry withering wit NPR Dry allusive and charmingthe comedy here writes itself The New York Times A moving story of love friendship grief healing and the magical bond between a woman and her dog When a woman unexpectedly loses her lifelong best friend and mentor she finds herself burdened with the unwanted dog he has left behind Her own battle against grief is intensified by the mute suffering of the dog a huge Great Dane traumatized by the inexplicable disappearance of its master and by the threat of eviction dogs are prohibited in her apartment building While others worry that grief has made her a victim of magical thinking the woman refuses to be separated from the dog except for brief periods of time Isolated from the rest of the world increasingly obsessed with the dogs care determined to read its mind and fathom its heart she comes dangerously close to unraveling But while troubles abound rich and surprising rewards lie in store for both of them Elegiac and searching The Friend is both a meditation on loss and a celebration of humancanine devotion Synopsis WINNER OF THE 2018 NATIONAL BOOK AWARD FOR FICTION SHORTLISTED FOR THE INTERNATIONAL DUBLIN LITERARY AWARD NEW YORK TIMES BESTSELLER A beautiful book  a world of insight into death grief art and love Wall Street Journal A penetrating moving meditation on loss comfort memoryNunez has a wry withering wit NPR Dry allusive and charmingthe comedy here writes itself The New York Times A moving story of love friendship grief healing and the magical bond between a woman and her dog When a woman unexpectedly loses her lifelong best friend and mentor she finds herself burdened with the unwanted dog he has left behind Her own battle against grief is intensified by the mute suffering of the dog a huge Great Dane traumatized by the inexplicable disappearance of its master and by the threat of eviction dogs are prohibited in her apartment building While others worry that grief has made her a victim of magical thinking the woman refuses to be separated from the dog except for brief periods of time Isolated from the rest of the world increasingly obsessed with the dogs care determined to read its mind and fathom its heart she comes dangerously close to unraveling But while troubles abound rich and surprising rewards lie in store for both of them Elegiac and searching The Friend is both a meditation on loss and a celebration of humancanine devotion What Our Readers Are Saying Be the first to share your thoughts on this title Product Details ISBN 9780735219458 Binding Trade Paperback Publication date 02052019 Publisher RIVERHEAD BOOKSPENGUIN PUTNAM Pages 224 Height 70IN Width 510IN Author Sigrid Nunez 1095 List Price 1600 Used Trade Paperback Ships in 1 to 3 days Qty Store 5 Burnside 2 Cedar Hills 2 Hawthorne 6 Local Warehouse More copies of this ISBN New Trade Paperback 1600 1 LOCOK 1 LOCOK LOCCancel 1 LOCOK LOCCancel 1 LOCOK 1 LOCOK LOCCancel 1 LOCOK LOCCancel 1 LOCOK 1 LOCOK LOCCancel 1 LOCOK LOCCancel 1 LOCOK 1 LOCOK LOCCancel 1 LOCOK LOCCancel Help Guarantee My Account Careers About Us Security Wish List Partners Contact Us Shipping Transparency ACT MRF Sitemap  2022 POWELLSCOM Terms 1 LOCOK 1 LOCOK LOCCancel 1 LOCOK LOCCancel 1 LOCOK 1 LOCOK LOCCancel 1 LOCOK LOCCancel 1 LOCOK 1 LOCOK LOCCancel 1 LOCOK LOCCancel 1 LOCOK 1 LOCOK LOCCancel 1 LOCOK LOCCancel"}