{"Title": " First Breeze Of Summer ", "Author": "Leslie Lee", "Cover Page": "https://covers.powells.com/9780573609213.jpg", "ISBN10": "0573609217  \n", "ISBN13": "9780573609213", "Page URL": "https://powells.com/book/first-breeze-of-summer-9780573609213", "raw_text": "The First Breeze of Summer  Leslie Lee Trade Paperback 9780573609213 Powells Books Cart   my account  wish list  help  8008787323 Hello\n Login MENU Browse New Arrivals Bestsellers Featured Preorders Award Winners Audio Books See All Subjects Used Staff Picks Staff Picks Picks of the Month Bookseller Displays 50 Books for 50 Years 25 Best 21st Century SciFi  Fantasy 25 PNW Books to Read Before You Die 25 Books From the 21st Century 25 Memoirs to Read Before You Die 25 Global Books to Read Before You Die 25 Women to Read Before You Die 25 Books to Read Before You Die Gifts Gift Cards  eGift Cards Powells Souvenirs Journals and Notebooks socks Games Sell Books Blog Events Find A Store Dont Miss BIG SALE 20 off sitewide Picks of the Season What Im Giving Great Gifts Under 25 Best Books of 2022 Powells Author Events Oregon Battle of the Books Audio Books Visit Our Stores Powells Books 14 Gift Ideas From 14 of Our Favorite Authors 0 comment Every year Powells reaches out to some of our favorite authors for some muchneeded giftgiving inspiration Below are 14 writerapproved recommendations to help you find the perfect book for even your mostdifficulttobuyfor loved one Read More  Powells Staff Best Books of 2022 Fiction 1 comment Kelsey Ford 6 Haunting Native American Horror Books 1 comment 1 LOCOK 1 LOCOK LOCCancel 1 LOCOK LOCCancel First Breeze Of Summer by Leslie Lee Comment on this title Synopses  Reviews ISBN13 9780573609213 ISBN10 0573609217 All Product Details View Larger Image View Larger Images 1460 New Pamphlet Available at a Remote Warehouse Ships separately from other items Additional shipping charges may apply Not available for In Store Pickup More Info Qty Store 20 Remote Warehouse Synopses  Reviews Synopsis pDrama Characters 8 male 6 female Platform with area staging This striking story of a middle class Black family in a small Northeastern city is told on two levels events that transpire on one hot June weekend and flashbacks to the memories of the visiting grandmother as a young woman She recalls the three men two black and one white who are the fathers of her three children A resourceful woman she feels some regrets no shame and feels she has had a useful life Lou an oversensitive boy who is about to graduate from high school worships the grandmother The resolution of his problems and his acceptance of his sexuality and blackness form the backbone of the play The people emerge as richly complex human beings Storytelling with a passion  that has all the old fashioned virtues  The New York Times What Our Readers Are Saying Be the first to share your thoughts on this title Product Details ISBN 9780573609213 Binding Pamphlet Publication date 01112011 Publisher SAMUEL FRENCH INC Pages 108 Height 22IN Width 500IN Copyright Year 1975 Series Volume 28 UPC Code 2800573609215 Author Leslie Lee Subject DRAMA  General 1460 New Pamphlet Available at a Remote Warehouse Ships separately from other items Additional shipping charges may apply Not available for In Store Pickup More Info Qty Store 20 Remote Warehouse Receive an email when this ISBN is available used 1 LOCOK 1 LOCOK LOCCancel 1 LOCOK LOCCancel 1 LOCOK 1 LOCOK LOCCancel 1 LOCOK LOCCancel 1 LOCOK 1 LOCOK LOCCancel 1 LOCOK LOCCancel 1 LOCOK 1 LOCOK LOCCancel 1 LOCOK LOCCancel Help Guarantee My Account Careers About Us Security Wish List Partners Contact Us Shipping Transparency ACT MRF Sitemap  2022 POWELLSCOM Terms 1 LOCOK 1 LOCOK LOCCancel 1 LOCOK LOCCancel 1 LOCOK 1 LOCOK LOCCancel 1 LOCOK LOCCancel 1 LOCOK 1 LOCOK LOCCancel 1 LOCOK LOCCancel 1 LOCOK 1 LOCOK LOCCancel 1 LOCOK LOCCancel"}