{"Title": " Freelancers Bible Everything You Need to Know to Have the Career of Your Dreams On Your Terms ", "Author": "Sara Horowitz", "Cover Page": "https://powells-covers-2.s3.amazonaws.com/9780761164883.jpg", "ISBN10": "076116488X  \n", "ISBN13": "9780761164883", "Page URL": "https://powells.com/book/freelancers-bible-everything-you-need-to-know-to-have-the-career-of-your-dreams-on-your-terms-9780761164883", "raw_text": "Freelancers Bible Everything You Need to Know to Have the Career of Your Dreams On Your Terms Sara Horowitz Trade Paperback 9780761164883 Powells Books Cart   my account  wish list  help  8008787323 Hello\n Login MENU Browse New Arrivals Bestsellers Featured Preorders Award Winners Audio Books See All Subjects Used Staff Picks Staff Picks Picks of the Month Bookseller Displays 50 Books for 50 Years 25 Best 21st Century SciFi  Fantasy 25 PNW Books to Read Before You Die 25 Books From the 21st Century 25 Memoirs to Read Before You Die 25 Global Books to Read Before You Die 25 Women to Read Before You Die 25 Books to Read Before You Die Gifts Gift Cards  eGift Cards Powells Souvenirs Journals and Notebooks socks Games Sell Books Blog Events Find A Store Dont Miss BIG SALE 20 off sitewide Picks of the Season What Im Giving Great Gifts Under 25 Best Books of 2022 Powells Author Events Oregon Battle of the Books Audio Books Visit Our Stores Powells Books 14 Gift Ideas From 14 of Our Favorite Authors 0 comment Every year Powells reaches out to some of our favorite authors for some muchneeded giftgiving inspiration Below are 14 writerapproved recommendations to help you find the perfect book for even your mostdifficulttobuyfor loved one Read More  Powells Staff Best Books of 2022 Fiction 1 comment Kelsey Ford 6 Haunting Native American Horror Books 1 comment 1 LOCOK 1 LOCOK LOCCancel 1 LOCOK LOCCancel Freelancers Bible Everything You Need to Know to Have the Career of Your Dreams On Your Terms by Sara Horowitz Comment on this title Synopses  Reviews ISBN13 9780761164883 ISBN10 076116488X Condition Standard All Product Details View Larger Image View Larger Images 895 List Price 1795 Used Trade Paperback Ships in 1 to 3 days Qty Store 1 Burnside Synopses  Reviews Publisher Comments Amazingly onethird of the American workforce is freelancethats 42 million people who have to wrestle with not just doing the work but finding the work then getting paid for the work plus health care taxes setting up an office marketing and so on Now help is here and consultants independent contractors the selfemployed solopreneurs and everyone else living a freelancers life will never be alone again but instead can be part of a strong and vibrant community Written by the authority on freelance working Sara Horowitz MacArthur Genius Fellow and founder of the national Freelancers Union and most recently the Freelancers Insurance Company The Freelancers Bible will help those new to freelancing learn the ropes and will help those whove been freelancing for a while grow and expand Its the onestop allencompassing guide to every practical detail and challenge of being a nimble flexible and successful freelancer the three essentials of getting clients and the three most important ways to keep them happy Five feesetting strategies Thirteen tactics for making it through a prolonged dry spell Setting up a home office vs renting space The onehour contract A dozen negotiating dos and donts Building and maintaining your reputation Dealing with deadbeats Health Insurance 101 Recordkeeping and taxes Productivity including a quiz What Is Your Ideal Day Building a community Subcontracting and other strategies for taking your freelancing career to the next level Retirement plans plans for saving for education and how to achieve financial freedom Review We live in a gig economy today and theres no better guide to making your way in that world than The Freelancers Bible  It will help you be savvier about building your brand and getting work Tina Brown Editor Newsweek  The Daily Beast Tina Brown Editor Newsweek    The Daily Beast Review  The Freelancers Bible provides the road map for independent creative entrepreneurs Chad Dickerson CEO Etsy Chad Dickerson CEO Etsy Review This is an amazing resource for real people in the 21st century Scott Heiferman CEO and cofounder of Meetup Scott Heiferman CEO and cofounder of Meetup Review Practical easy to read full of immediately useful information that will help anyone transition into todays entrepreneurial economy Joe Navarro author of the bestseller What Every Body Is Saying Joe Navarro author of the bestseller What Every Body Is Saying Review A constant theme of this excellent guide is that success depends upon connecting with people These pages contain warm and engaging advice Review Horowitz has captured the hardwon wisdom of thousands of freelancers who have figured out what works Theyve learned the hard way so you dont have to Clay Shirkey Author of Here Comes Everybody and Cognitive Surplus Clay Shirkey Author of Here Comes Everybody and Cognitive Surplus Review By their nature successful freelancers are innovative Use this book to realize your full potential be it financial creative or social or all of the above Bill Drayton CEO Ashoka Bill Drayton CEO Ashoka About the Author Sara Horowitz founded the organization that became the Freelancers Union in 1995 and then launched the Freelancers Insurance Company in 2008 She is a MacArthur Genius Fellow one of Forbes Top 30 Social Entrepreneurs 2011 and a writer whose work appears in the Huffington Post and The Atlantic online She is Cornell Columbia Harvard and SUNYeducated and comes from a long line of labor lawyers Ms Horowitz lives in Brooklyn New York What Our Readers Are Saying Be the first to share your thoughts on this title Product Details ISBN 9780761164883 Binding Trade Paperback Publication date 10232012 Publisher WORKMAN PUBLISHING CO INC Pages 496 Height 806 in Width 600 in Thickness 150 Author Sara Horowitz Author Toni Sciarra Poynter Author Toni Sciarra CON Poynter Author Sara Horowitz Author Toni SciarraPoynter Subject REFERENCE  Personal  Practical Guides Subject BusinessCareers 895 List Price 1795 Used Trade Paperback Ships in 1 to 3 days Qty Store 1 Burnside More copies of this ISBN New Trade Paperback 1795 Used Trade Paperback 1250 1 LOCOK 1 LOCOK LOCCancel 1 LOCOK LOCCancel 1 LOCOK 1 LOCOK LOCCancel 1 LOCOK LOCCancel 1 LOCOK 1 LOCOK LOCCancel 1 LOCOK LOCCancel 1 LOCOK 1 LOCOK LOCCancel 1 LOCOK LOCCancel Help Guarantee My Account Careers About Us Security Wish List Partners Contact Us Shipping Transparency ACT MRF Sitemap  2022 POWELLSCOM Terms 1 LOCOK 1 LOCOK LOCCancel 1 LOCOK LOCCancel 1 LOCOK 1 LOCOK LOCCancel 1 LOCOK LOCCancel 1 LOCOK 1 LOCOK LOCCancel 1 LOCOK LOCCancel 1 LOCOK 1 LOCOK LOCCancel 1 LOCOK LOCCancel"}