{"Title": " Call Us What We Carry: Poems ", "Author": "Amanda Gorman", "Cover Page": "https://covers.powells.com/9780593465066.jpg", "ISBN10": "0593465067  \n", "ISBN13": "9780593465066", "Page URL": "https://powells.com/book/call-us-what-we-carry-9780593465066", "raw_text": "Call Us What We Carry Amanda Gorman Hardcover 9780593465066 Powells Books Cart   my account  wish list  help  8008787323 Hello\n Login MENU Browse New Arrivals Bestsellers Featured Preorders Award Winners Audio Books See All Subjects Used Staff Picks Staff Picks Picks of the Month Bookseller Displays 50 Books for 50 Years 25 Best 21st Century SciFi  Fantasy 25 PNW Books to Read Before You Die 25 Books From the 21st Century 25 Memoirs to Read Before You Die 25 Global Books to Read Before You Die 25 Women to Read Before You Die 25 Books to Read Before You Die Gifts Gift Cards  eGift Cards Powells Souvenirs Journals and Notebooks socks Games Sell Books Blog Events Find A Store Dont Miss BIG SALE 20 off sitewide Picks of the Season What Im Giving Great Gifts Under 25 Best Books of 2022 Powells Author Events Oregon Battle of the Books Audio Books Visit Our Stores Powells Books 14 Gift Ideas From 14 of Our Favorite Authors 0 comment Every year Powells reaches out to some of our favorite authors for some muchneeded giftgiving inspiration Below are 14 writerapproved recommendations to help you find the perfect book for even your mostdifficulttobuyfor loved one Read More  Powells Staff Best Books of 2022 Fiction 1 comment Kelsey Ford 6 Haunting Native American Horror Books 1 comment 1 LOCOK 1 LOCOK LOCCancel 1 LOCOK LOCCancel Call Us What We Carry Poems by Amanda Gorman Comment on this title Synopses  Reviews ISBN13 9780593465066 ISBN10 0593465067 All Product Details View Larger Image View Larger Images 2499 New Hardcover Ships in 1 to 3 days Qty Store 9 Burnside 5 Cedar Hills 6 Hawthorne 20 Local Warehouse From Powellscom Black History Month Staff recommendations guest essays and curated reading lists Staff Pick Like so many I was transfixed and moved by Amanda Gormans performance of her poem The Hill We Climb at President Bidens inauguration and now I cant wait to read her first full collection Recommended By Keith M Powellscom Synopses  Reviews Publisher Comments The breakout poetry collection by 1 New York Times bestselling author and presidential inaugural poet Amanda Gorman Formerly titled The Hill We Climb and Other Poems  Amanda Gormans remarkable new collection reveals an energizing and unforgettable voice in American poetry Call Us What We Carry is Gorman at her finest Including The Hill We Climb the stirring poem read at the inauguration of the 46th President of the United States Joe Biden and bursting with musical language and exploring themes of identity grief and memory this lyric of hope and healing captures an important moment in our countrys consciousness while being utterly timeless Review Gormans thoughtfulness and activist spirit shine through on every page Publishers Weekly Review An inspired anthem for the next generation  a remarkable poetry debut Kirkus Reviews Starred Review Review In seven sections and through poems that often experiment with form the book sets out to tell the story of the COVID19 pandemic from a collective point of view with Gorman exploring the grief hope and wisdom that come from a period of shared tragedy Timecom Review In Call Us What We Carry  Gorman has written a mnemonic symphony of hope and solidarity in the face of the vanishing meaning of our time speaking eloquently with the lip of tomorrow The Guardian About the Author Amanda Gorman is the inaugural Youth Poet Laureate of the United States She is a committed activist who works on the local national and international levels to support girls education and empowerment Amandas activism and poetry have been featured on the Today Show PBS Kids  and CBS This Morning  and in The New York Times Vogue Essence  and O The Oprah Magazine  She is also the author of the forthcoming picture book Change Sing s illustrated by 1 New York Times bestselling illustrator Loren Long After graduating from Harvard University she now lives in Los Angeles Please visit theamandagormancom 5 1 What Our Readers Are Saying Share your thoughts on this title Average customer rating 5 1 comments  Joey G  January 21 2021 I was thrilled to see this hard copy book  The Hill We Climb poems coming out soon  Ms Amanda Gorman is a very talented young lady that not only won the heart of my wife and I but the heart  soul   of every American that watched her recite it at the inauguration of the 46th President of the United States Joe Biden this debut collection of the same name reveals an energizing and unforgettable new voice in America poetry My only regret is not I only wish I could get Ms Gorman to autograph the book so I could pass it on to my young granddaughter\nGOD BLESS  Amanda Gorman your a blessing to our country Was this comment helpful  Yes  No 15 of 15 readers found this comment helpful report this\ncomment Product Details ISBN 9780593465066 Binding Hardcover Publication date 12072021 Publisher Viking Books for Young Readers Pages 240 Age Range 14 and up Grade Range 9 and up Author Amanda Gorman 2499 New Hardcover Ships in 1 to 3 days Qty Store 9 Burnside 5 Cedar Hills 6 Hawthorne 20 Local Warehouse Receive an email when this ISBN is available used 1 LOCOK 1 LOCOK LOCCancel 1 LOCOK LOCCancel 1 LOCOK 1 LOCOK LOCCancel 1 LOCOK LOCCancel 1 LOCOK 1 LOCOK LOCCancel 1 LOCOK LOCCancel 1 LOCOK 1 LOCOK LOCCancel 1 LOCOK LOCCancel Help Guarantee My Account Careers About Us Security Wish List Partners Contact Us Shipping Transparency ACT MRF Sitemap  2022 POWELLSCOM Terms 1 LOCOK 1 LOCOK LOCCancel 1 LOCOK LOCCancel 1 LOCOK 1 LOCOK LOCCancel 1 LOCOK LOCCancel 1 LOCOK 1 LOCOK LOCCancel 1 LOCOK LOCCancel 1 LOCOK 1 LOCOK LOCCancel 1 LOCOK LOCCancel"}