{"Title": " Little Witch Hazel: A Year in the Forest ", "Author": "Phoebe Wahl", "Cover Page": "https://covers.powells.com/9780735264892.jpg", "ISBN10": "0735264899  \n", "ISBN13": "9780735264892", "Page URL": "https://powells.com/book/little-witch-hazel-9780735264892", "raw_text": "Little Witch Hazel A Year in the Forest Phoebe Wahl Hardcover 9780735264892 Powells Books Cart   my account  wish list  help  8008787323 Hello\n Login MENU Browse New Arrivals Bestsellers Featured Preorders Award Winners Audio Books See All Subjects Used Staff Picks Staff Picks Picks of the Month Bookseller Displays 50 Books for 50 Years 25 Best 21st Century SciFi  Fantasy 25 PNW Books to Read Before You Die 25 Books From the 21st Century 25 Memoirs to Read Before You Die 25 Global Books to Read Before You Die 25 Women to Read Before You Die 25 Books to Read Before You Die Gifts Gift Cards  eGift Cards Powells Souvenirs Journals and Notebooks socks Games Sell Books Blog Events Find A Store Dont Miss BIG SALE 20 off sitewide Picks of the Season What Im Giving Great Gifts Under 25 Best Books of 2022 Powells Author Events Oregon Battle of the Books Audio Books Visit Our Stores Powells Books 14 Gift Ideas From 14 of Our Favorite Authors 0 comment Every year Powells reaches out to some of our favorite authors for some muchneeded giftgiving inspiration Below are 14 writerapproved recommendations to help you find the perfect book for even your mostdifficulttobuyfor loved one Read More  Powells Staff Best Books of 2022 Fiction 1 comment Kelsey Ford 6 Haunting Native American Horror Books 1 comment 1 LOCOK 1 LOCOK LOCCancel 1 LOCOK LOCCancel Little Witch Hazel A Year in the Forest by Phoebe Wahl Comment on this title Synopses  Reviews ISBN13 9780735264892 ISBN10 0735264899 All Product Details View Larger Image View Larger Images 1999 New Hardcover Ships in 1 to 3 days Qty Store 13 Burnside 5 Hawthorne Synopses  Reviews Publisher Comments An earthy and beautiful collection of four stories that celebrate the seasons nature and life from awardwinning authorillustrator Phoebe Wahl Little Witch Hazel is a tiny witch who lives in the forest helping creatures big and small Shes a midwife an intrepid explorer a hard worker and a kind friend In this fourseason volume Little Witch Hazel rescues an orphaned egg goes sailing on a raft solves the mystery of a haunted stump and makes house calls to fellow forest dwellers But when Little Witch Hazel needs help herself will she get it in time Little Witch Hazel is a beautiful ode to nature friendship wild things and the seasons that only Phoebe Wahl could create an instant classic and a book that readers will pore over time and time again Review The writing is lush and lyrical and the textured earthtoned illustrations expertly capture Hazels world both cozy and gloriously wildMore Mosswood please Kirkus Reviews Starred Review Review A thread of loving and nurturing emerges through this treasury of quiet adventures Publishers Weekly Starred Review Review These sweet stories are an ode to the calm and peaceful magic of nature Little Witch Hazel will make you feel as if you have journeyed deep into Mosswood Forest alongside Hazel and her friends BookPage About the Author Phoebe Wahls work focuses on themes of comfort nostalgia and intimacy with nature She grew up unschooled in Washington State and credits her freespirited childhood in the Northwest for much of her inspiration and work ethic She works in a variety of mediums from watercolor and collage to fabric sculpture Phoebe graduated from Rhode Island School of Design with a BFA in Illustration and currently lives in Bellingham Washington She is the awardwinning author and illustrator of Sonyas Chickens Backyard Fairies and The Blue House  What Our Readers Are Saying Be the first to share your thoughts on this title Product Details ISBN 9780735264892 Binding Hardcover Publication date 09212021 Publisher TUNDRA BOOKS TORONTO Pages 96 Height 60IN Width 920IN Age Range 4 to 8 Grade Range P to 3 Illustration Yes 1999 New Hardcover Ships in 1 to 3 days Qty Store 13 Burnside 5 Hawthorne Receive an email when this ISBN is available used 1 LOCOK 1 LOCOK LOCCancel 1 LOCOK LOCCancel 1 LOCOK 1 LOCOK LOCCancel 1 LOCOK LOCCancel 1 LOCOK 1 LOCOK LOCCancel 1 LOCOK LOCCancel 1 LOCOK 1 LOCOK LOCCancel 1 LOCOK LOCCancel Help Guarantee My Account Careers About Us Security Wish List Partners Contact Us Shipping Transparency ACT MRF Sitemap  2022 POWELLSCOM Terms 1 LOCOK 1 LOCOK LOCCancel 1 LOCOK LOCCancel 1 LOCOK 1 LOCOK LOCCancel 1 LOCOK LOCCancel 1 LOCOK 1 LOCOK LOCCancel 1 LOCOK LOCCancel 1 LOCOK 1 LOCOK LOCCancel 1 LOCOK LOCCancel"}