{"Title": " Man's Search for Meaning ", "Author": "Viktor E. Frankl", "Cover Page": "https://covers.powells.com/9780807014271.jpg", "ISBN10": "0807014273  \n", "ISBN13": "9780807014271", "Page URL": "https://powells.com/book/mans-search-for-meaning-9780807014271", "raw_text": "Mans Search for Meaning Viktor E Frankl Ilse Lasch Harold S Kushner Trade Paperback 9780807014271 Powells Books Cart   my account  wish list  help  8008787323 Hello\n Login MENU Browse New Arrivals Bestsellers Featured Preorders Award Winners Audio Books See All Subjects Used Staff Picks Staff Picks Picks of the Month Bookseller Displays 50 Books for 50 Years 25 Best 21st Century SciFi  Fantasy 25 PNW Books to Read Before You Die 25 Books From the 21st Century 25 Memoirs to Read Before You Die 25 Global Books to Read Before You Die 25 Women to Read Before You Die 25 Books to Read Before You Die Gifts Gift Cards  eGift Cards Powells Souvenirs Journals and Notebooks socks Games Sell Books Blog Events Find A Store Dont Miss BIG SALE 20 off sitewide Picks of the Season What Im Giving Great Gifts Under 25 Best Books of 2022 Powells Author Events Oregon Battle of the Books Audio Books Visit Our Stores Powells Books 14 Gift Ideas From 14 of Our Favorite Authors 0 comment Every year Powells reaches out to some of our favorite authors for some muchneeded giftgiving inspiration Below are 14 writerapproved recommendations to help you find the perfect book for even your mostdifficulttobuyfor loved one Read More  Powells Staff Best Books of 2022 Fiction 1 comment Kelsey Ford 6 Haunting Native American Horror Books 1 comment 1 LOCOK 1 LOCOK LOCCancel 1 LOCOK LOCCancel Mans Search for Meaning by Viktor E Frankl Comment on this title Synopses  Reviews ISBN13 9780807014271 ISBN10 0807014273 Condition Standard All Product Details View Larger Image View Larger Images 1050 List Price 1500 Used Trade Paperback Ships in 1 to 3 days Qty Store 4 Burnside 3 Cedar Hills Staff Pick Mans Search for Meaning is like nothing youve ever read before The first half of the book depicts Dr Frankls four years losing everything in concentration camps  a description so hellish it leaves you desolate Shattered by his Holocaust experiences Frankl struggles to survive after he is freed In the second half of the book Frankl shows how that period of his life informs and develops his theory of logotherapy  he asserts that life is about finding meaning what is meaningful to each individual As excruciating as his experiences are Frankls theory is full of love he is able to find redemption for himself and others This book is beautifully lifechanging Recommended By Dianah H Powellscom Synopses  Reviews Publisher Comments Psychiatrist Viktor Frankls memoir has riveted generations of readers with its descriptions of life in Nazi death camps and its lessons for spiritual survival Between 1942 and 1945 Frankl labored in four different camps including Auschwitz while his parents brother and pregnant wife perished Based on his own experience and the experiences of others he treated later in his practice Frankl argues that we cannot avoid suffering but we can choose how to cope with it find meaning in it and move forward with renewed purpose Frankls theory  known as logotherapy from the Greek word logos meaning  holds that our primary drive in life is not pleasure as Freud maintained but the discovery and pursuit of what we personally find meaningful At the time of Frankls death in 1997 Mans Search for Meaning had sold more than 10 million copies in twentyfour languages A 1991 reader survey for the Library of Congress that asked readers to name a book that made a difference in your life found Mans Search for Meaning among the ten most influential books in America Beacon Press the original Englishlanguage publisher of Mans Search for Meaning is issuing this new paperback edition with a new Foreword biographical Afterword jacket price and classroom materials to reach new generations of readers Review One of the great books of our time Harold S Kushner author of When Bad Things Happen to Good People Review One of the outstanding contributions to psychological thought in the last fifty years Carl R Rogers Review One of the most significant books of the 20th century O the Oprah magazine Synopsis Based on his experiences in Nazi death camps including Auschwitz from 1942 to 1945 Frankls timeless memoir and meditation on finding meaning in the midst of suffering argues that man cannot avoid suffering but can choose how to cope with it find meaning in it and move forward with renewed purpose About the Author Viktor E Frankl was professor of neurology and psychiatry at the University of Vienna Medical School until his death in 1997 His twentynine books have been translated into twentyone languages During World War II he spent three years in Auschwitz Dachau and other concentration camps Harold S Kushner is rabbi emeritus at Temple Israel in Natick Massachusetts and the author of bestselling books including When Bad Things Happen to Good People Living a Life That Matters and When All Youve Ever Wanted Isnt Enough William J Winslade\u00a0is a philosopher lawyer and psychoanalyst who teaches psychiatry medical ethics and medical jurisprudence at the University of Texas Medical School in Galveston 5 2 What Our Readers Are Saying Share your thoughts on this title Average customer rating 5 2 comments  V Aeschliman  January 07 2013 This is probably one of the best books Ive ever read I make it a point of reading it every year or so 2012 was no exception Ive had the same book since the early 1970s and its message is as relevant today as when it was written It is meaningful on numerous levels spiritually personally mentally The author Dr Frankl wrote it based on his life in several Nazi prison camps during World War 11 He spent time in Auschwitz and Dachau A few years ago my husband and I visited Dachau which is outside of Munich What a sobering visit that was To be standing in the place where such atrocities took place and to know that he was one of many thousands who lived and died there was moving This is a mjust read book for all generations Was this comment helpful  Yes  No 3 of 5 readers found this comment helpful report this\ncomment  Susan Jacobson  June 26 2010 view all comments by Susan Jacobson This is an amazing potentially life changing book I think it should be required reading in schools today given the nature of our current society where so many people suffer from feelings of emptiness and are unable to formulate what their purpose in life is This is the perfect antidote to materialism I am advising everyone I care about to read this wonderful little book Was this comment helpful  Yes  No 7 of 8 readers found this comment helpful report this\ncomment Product Details ISBN 9780807014271 Binding Trade Paperback Publication date 06012006 Publisher Beacon Press Pages 165 Height 52IN Width 610IN Thickness 50 Number of Units 1 Copyright Year 2006 UPC Code 2800807014273 Author Viktor E Frankl Author Harold S Kushner Oth Harold S Kushner Author Ilse Lasch Author Viktor E Frankl Oth William J Winslade Subject Psychologists Subject Holocaust jewish 19391945 Subject Logotherapy 1050 List Price 1500 Used Trade Paperback Ships in 1 to 3 days Qty Store 4 Burnside 3 Cedar Hills More copies of this ISBN New Trade Paperback 1500 Used Trade Paperback Starting from 750 1 LOCOK 1 LOCOK LOCCancel 1 LOCOK LOCCancel 1 LOCOK 1 LOCOK LOCCancel 1 LOCOK LOCCancel 1 LOCOK 1 LOCOK LOCCancel 1 LOCOK LOCCancel 1 LOCOK 1 LOCOK LOCCancel 1 LOCOK LOCCancel Help Guarantee My Account Careers About Us Security Wish List Partners Contact Us Shipping Transparency ACT MRF Sitemap  2022 POWELLSCOM Terms 1 LOCOK 1 LOCOK LOCCancel 1 LOCOK LOCCancel 1 LOCOK 1 LOCOK LOCCancel 1 LOCOK LOCCancel 1 LOCOK 1 LOCOK LOCCancel 1 LOCOK LOCCancel 1 LOCOK 1 LOCOK LOCCancel 1 LOCOK LOCCancel"}