{"Title": " Meditation for Fidgety Skeptics: A 10% Happier How-To Book ", "Author": "Dan Harris, Jeffrey Warren, Carlye Adler", "Cover Page": "https://powells-covers-2.s3.amazonaws.com/9780399588969.jpg", "ISBN10": "0399588965  \n", "ISBN13": "9780399588969", "Page URL": "https://powells.com/book/-9780399588969", "raw_text": "Meditation for Fidgety Skeptics A 10 Happier HowTo Book Dan Harris and Jeffrey Warren and Carlye Adler Trade Paperback 9780399588969 Powells Books Cart   my account  wish list  help  8008787323 Hello\n Login MENU Browse New Arrivals Bestsellers Featured Preorders Award Winners Audio Books See All Subjects Used Staff Picks Staff Picks Picks of the Month Bookseller Displays 50 Books for 50 Years 25 Best 21st Century SciFi  Fantasy 25 PNW Books to Read Before You Die 25 Books From the 21st Century 25 Memoirs to Read Before You Die 25 Global Books to Read Before You Die 25 Women to Read Before You Die 25 Books to Read Before You Die Gifts Gift Cards  eGift Cards Powells Souvenirs Journals and Notebooks socks Games Sell Books Blog Events Find A Store Dont Miss BIG SALE 20 off sitewide Picks of the Season What Im Giving Great Gifts Under 25 Best Books of 2022 Powells Author Events Oregon Battle of the Books Audio Books Visit Our Stores Powells Books 14 Gift Ideas From 14 of Our Favorite Authors 0 comment Every year Powells reaches out to some of our favorite authors for some muchneeded giftgiving inspiration Below are 14 writerapproved recommendations to help you find the perfect book for even your mostdifficulttobuyfor loved one Read More  Powells Staff Best Books of 2022 Fiction 1 comment Kelsey Ford 6 Haunting Native American Horror Books 1 comment 1 LOCOK 1 LOCOK LOCCancel 1 LOCOK LOCCancel Meditation for Fidgety Skeptics A 10 Happier HowTo Book by Dan Harris Jeffrey Warren Carlye Adler Comment on this title Synopses  Reviews ISBN13 9780399588969 ISBN10 0399588965 Condition Standard All Product Details View Larger Image View Larger Images 1195 List Price 1700 Used Trade Paperback Ships in 1 to 3 days Qty Store 3 Cedar Hills 1 Local Warehouse Synopses  Reviews Publisher Comments THE NEW YORK TIMES BESTSELLER FROM THE AUTHOR OF 10 HAPPIER Too busy to meditate Cant turn off your brain Curious about mindfulness but more comfortable in the gym This book is for you Youll also get access to guided audio meditations on the 10 Happier app to jumpstart your practice from day one ABC News anchor Dan Harris used to think that meditation was for people who collect crystals play Ultimate Frisbee and use the word namaste without irony After he had a panic attack on live television he went on a strange and circuitous journey that ultimately led him to become one of meditations most vocal public proponents Harris found that meditation made him more focused and less yanked around by his emotions According to his wife it also made him less annoying Science suggests that the practice can lower your blood pressure mitigate depression and anxiety and literally rewire key parts of the brain So whats holding you back In Meditation for Fidgety Skeptics  Harris and Jeff Warren a masterful teacher and Meditation MacGyver embark on a gonzo crosscountry quest to tackle the myths misconceptions and selfdeceptions that keep people from meditating It is filled with gamechanging and deeply practical meditation instructions  all of which are also available for free on the 10 Happier app This book is a trip worth taking Review The ABC News anchor a defender of worrying who once had an anxiety attack on air offers a hilarious and stirring account of his twostepsforwardonestepback campaign to sort useless rumination from constructive anguish via mindfulness along with invaluable suggestions for following in his footsteps O The Oprah Magazine Review If your mind has a mind of its own this is the book for you With humor generosity and devastating candor Dan Harris makes meditation make sense This is news we can all use Mark Epstein MD author of Advice Not Given A Guide to Getting Over Yourself and Going to Pieces Without Falling Apart Review A gold mine of wise guidance for fidgety skeptics and experienced meditators alikeWith Dans humorous selfrevelatory style and incisive questioning and Jeffs downtoearth transforming wisdom this book addresses the common obstacles people face as they begin and deepen their meditation practiceHighly recommended Joseph Goldstein author of Mindfulness A Practical Guide to Awakening Review Part romp part travelogue part meditation manual Meditation for Fidgety Skeptics takes us along for the journey as Dan Harris and meditation teacher Jeff Warren traverse the country We discover meditating police officers moms media figures and the meditator on the street literally as they open a popup meditation booth Dan discovers some things about himself as well This book is fun instructive timely and immensely helpful Sharon Salzberg author of Real Happiness and Real Love Review If youre intrigued by meditation but dont know how to begin  or youve benefited from meditation in the past but need help to get started again Dan Harris has written the book for you Well researched practical and crammed with expert advice its also an irreverent hilarious pageturner Gretchen Rubin author of The Happiness Project About the Author Dan Harris is the coanchor of ABCs Nightline and the weekend editions of Good Morning America  He wrote 10 Happier  a 1 New York Times bestseller then launched the 10 Happier podcast and an app called 10 Happier Meditation for Fidgety Skeptics He lives in New York City Jeff Warren is a writer a meditation instructor and the founder of the Consciousness Explorers Club a meditation adventure group in Toronto Carlye Adler is a journalist and coauthor of many books including three New York Times bestsellers What Our Readers Are Saying Be the first to share your thoughts on this title Product Details ISBN 9780399588969 Binding Trade Paperback Publication date 12312018 Publisher SPIEGRA Pages 304 Height 70IN Width 570IN Author Carlye Adler Author Dan Harris Author Jeffrey Warren 1195 List Price 1700 Used Trade Paperback Ships in 1 to 3 days Qty Store 3 Cedar Hills 1 Local Warehouse More copies of this ISBN New Trade Paperback 1700 1 LOCOK 1 LOCOK LOCCancel 1 LOCOK LOCCancel 1 LOCOK 1 LOCOK LOCCancel 1 LOCOK LOCCancel 1 LOCOK 1 LOCOK LOCCancel 1 LOCOK LOCCancel 1 LOCOK 1 LOCOK LOCCancel 1 LOCOK LOCCancel Help Guarantee My Account Careers About Us Security Wish List Partners Contact Us Shipping Transparency ACT MRF Sitemap  2022 POWELLSCOM Terms 1 LOCOK 1 LOCOK LOCCancel 1 LOCOK LOCCancel 1 LOCOK 1 LOCOK LOCCancel 1 LOCOK LOCCancel 1 LOCOK 1 LOCOK LOCCancel 1 LOCOK LOCCancel 1 LOCOK 1 LOCOK LOCCancel 1 LOCOK LOCCancel"}