{"Title": " German Survival Guide: The Language and Culture You Need to Travel with Confidence in Germany and Austria ", "Author": "Elizabeth Bingham", "Cover Page": "https://powells-covers-2.s3.amazonaws.com/9780970373465.jpg", "ISBN10": "0970373465  \n", "ISBN13": "9780970373465", "Page URL": "https://powells.com/book/german-survival-guide-9780970373465", "raw_text": "German Survival Guide 2nd edition Revised Elizabeth Bingham Trade Paperback 9780970373465 Powells Books Cart   my account  wish list  help  8008787323 Hello\n Login MENU Browse New Arrivals Bestsellers Featured Preorders Award Winners Audio Books See All Subjects Used Staff Picks Staff Picks Picks of the Month Bookseller Displays 50 Books for 50 Years 25 Best 21st Century SciFi  Fantasy 25 PNW Books to Read Before You Die 25 Books From the 21st Century 25 Memoirs to Read Before You Die 25 Global Books to Read Before You Die 25 Women to Read Before You Die 25 Books to Read Before You Die Gifts Gift Cards  eGift Cards Powells Souvenirs Journals and Notebooks socks Games Sell Books Blog Events Find A Store Dont Miss BIG SALE 20 off sitewide Picks of the Season What Im Giving Great Gifts Under 25 Best Books of 2022 Powells Author Events Oregon Battle of the Books Audio Books Visit Our Stores Powells Books 14 Gift Ideas From 14 of Our Favorite Authors 0 comment Every year Powells reaches out to some of our favorite authors for some muchneeded giftgiving inspiration Below are 14 writerapproved recommendations to help you find the perfect book for even your mostdifficulttobuyfor loved one Read More  Powells Staff Best Books of 2022 Fiction 1 comment Kelsey Ford 6 Haunting Native American Horror Books 1 comment 1 LOCOK 1 LOCOK LOCCancel 1 LOCOK LOCCancel German Survival Guide The Language and Culture You Need to Travel with Confidence in Germany and Austria by Elizabeth Bingham Comment on this title Synopses  Reviews ISBN13 9780970373465 ISBN10 0970373465 All Product Details View Larger Image View Larger Images 1995 New Trade Paperback Available at a Remote Warehouse Ships separately from other items Additional shipping charges may apply Not available for In Store Pickup More Info Qty Store 20 Remote Warehouse Synopses  Reviews Synopsis This book provides a lot of vocabulary basic grammar instruction and a healthy dose of cultural information Look inside the book to see just how much is covered and how German Survival Guide is a downtoearth barebones introduction to German that aims to make a trip abroad as smooth and enjoyable as possible This informationpacked minicourse concentrates on preparing readers to travel in Germany and Austria in a limited time by focusing on what is most useful or interesting to travelers and cutting out unnecessary vocabulary and grammar This Survival Guide helps readers communicate in the German language and culture It prepares travelers for what to expect and how to deal with it what to say and when to say it Its like three books in onea phrase book so you know what to say a grammar book so you know how to say it and a culture book so you understand daily social expectationsall focused on a travelers needs Learn how to greet people and introduce yourself in German how to line up lodging order food and pay properly how to shop and ask for directions in German how to drive a car or take the train in Germany and Austria how to get help in an emergency or talk about your family or discuss the weather and much much more Get key insights into German and Austrian social conventions why not to use first names how not to look like a tourist how to tip how to have good table manners how to be a gracious guest how to act on a nude beach Discover the fine points of ice cream parlors grocery stores train stations and the Autobahn Read how to handle tricky room windows and grumpy bathroom attendants Learn insider German words so commonly used that you will want to know them even though you dont have to This book is packed with culture notes study tips travel hints and reality checks galore It includes optional exercises for practicing material from the lessons GermanEnglish and EnglishGerman dictionaries In addition German pronunciations are written throughout the book so users always have guidance on how to pronounce new words and phrases Includes an extensive index to help readers find the topics they want fast All this packed into one volume small enough to tuck into a bag and take along What Our Readers Are Saying Be the first to share your thoughts on this title Product Details ISBN 9780970373465 Binding Trade Paperback Publication date 01182008 Publisher World Prospect Press Language English Edition 2 Pages 200 Height 42IN Width 600IN Thickness 50 LCCN 2007939868 UPC Code 9780970373465 Author Elizabeth Bingham Author Elizabeth Bingham PhD 1995 New Trade Paperback Available at a Remote Warehouse Ships separately from other items Additional shipping charges may apply Not available for In Store Pickup More Info Qty Store 20 Remote Warehouse Receive an email when this ISBN is available used 1 LOCOK 1 LOCOK LOCCancel 1 LOCOK LOCCancel 1 LOCOK 1 LOCOK LOCCancel 1 LOCOK LOCCancel 1 LOCOK 1 LOCOK LOCCancel 1 LOCOK LOCCancel 1 LOCOK 1 LOCOK LOCCancel 1 LOCOK LOCCancel Help Guarantee My Account Careers About Us Security Wish List Partners Contact Us Shipping Transparency ACT MRF Sitemap  2022 POWELLSCOM Terms 1 LOCOK 1 LOCOK LOCCancel 1 LOCOK LOCCancel 1 LOCOK 1 LOCOK LOCCancel 1 LOCOK LOCCancel 1 LOCOK 1 LOCOK LOCCancel 1 LOCOK LOCCancel 1 LOCOK 1 LOCOK LOCCancel 1 LOCOK LOCCancel"}