{"Title": " Lost Apothecary ", "Author": "Sarah Penner", "Cover Page": "https://powells-covers-2.s3.amazonaws.com/9780778311973.jpg", "ISBN10": "077831197X  \n", "ISBN13": "9780778311973", "Page URL": "https://powells.com/book/lost-apothecary-9780778311973", "raw_text": "The Lost Apothecary Sarah Penner Trade Paperback 9780778311973 Powells Books Cart   my account  wish list  help  8008787323 Hello\n Login MENU Browse New Arrivals Bestsellers Featured Preorders Award Winners Audio Books See All Subjects Used Staff Picks Staff Picks Picks of the Month Bookseller Displays 50 Books for 50 Years 25 Best 21st Century SciFi  Fantasy 25 PNW Books to Read Before You Die 25 Books From the 21st Century 25 Memoirs to Read Before You Die 25 Global Books to Read Before You Die 25 Women to Read Before You Die 25 Books to Read Before You Die Gifts Gift Cards  eGift Cards Powells Souvenirs Journals and Notebooks socks Games Sell Books Blog Events Find A Store Dont Miss BIG SALE 20 off sitewide Picks of the Season What Im Giving Great Gifts Under 25 Best Books of 2022 Powells Author Events Oregon Battle of the Books Audio Books Visit Our Stores Powells Books 14 Gift Ideas From 14 of Our Favorite Authors 0 comment Every year Powells reaches out to some of our favorite authors for some muchneeded giftgiving inspiration Below are 14 writerapproved recommendations to help you find the perfect book for even your mostdifficulttobuyfor loved one Read More  Powells Staff Best Books of 2022 Fiction 1 comment Kelsey Ford 6 Haunting Native American Horror Books 1 comment 1 LOCOK 1 LOCOK LOCCancel 1 LOCOK LOCCancel Lost Apothecary by Sarah Penner Comment on this title Synopses  Reviews ISBN13 9780778311973 ISBN10 077831197X All Product Details View Larger Image View Larger Images 1799 New Trade Paperback Ships in 1 to 3 days Qty Store 31 Burnside 13 Cedar Hills 3 Hawthorne 20 Local Warehouse From Powellscom Powells Picks of the Month Hot new releases and undertheradar gems for adults and kids Synopses  Reviews Publisher Comments In this addictive and spectacularly imagined debut a female apothecary secretly dispenses poisons to liberate women from the men who have wronged themsetting three lives across centuries on a dangerous collision course An instant New York Times and international bestseller The Lost Apothecary is a bold work of historical fiction with a rebellious twist that heralds the coming of an explosive new talent A forgotten history A secret network of women A legacy of poison and revenge Welcome to The Lost Apothecary  Hidden in the depths of eighteenthcentury London a secret apothecary shop caters to an unusual kind of clientele Women across the city whisper of a mysterious figure named Nella who sells welldisguised poisons to use against the oppressive men in their lives Nellas dark world is no place for her newest patron a precocious twelveyearold girl named Eliza Fanning but their unexpected bond sparks a string of consequences that echoes through the centuries Two hundred years later aspiring historian Caroline Parcewell discovers an aged apothecary vial in the River Thames As she is newly grappling with the searing betrayal of her husbands infidelity a curious research project is exactly the distraction Caroline needs But when she discovers a link between the vial and Londons longunsolved apothecary murders Carolines upended present soon collides with an explosive history binding her fate to Nellas and Elizas in a stunning twist that transcends the barrier of time Review In The Lost Apothecary  Sarah Penner convincingly weaves three heroines and two timelines into one tale of poison revenge and the silent network of women helping other women in a world stacked against them A bold edgy accomplished debut Kate Quinn New York Times bestselling author of The Alice Network and The Huntress Review Penners debut had me completely under its spell The women of The Lost Apothecary  separated by centuries seek both revenge and truth in this powerful story Riveting and utterly original Fiona Davis New York Times bestselling author of The Lions of Fifth Avenue Review  The Lost Apothecary is a poisonously good read An enthralling work of mystery murder trust and betrayal Set in an atmospheric London Penners immersive story flows skillfully from past to present revealing the heartaches and lost dreams of three captivating main characters in a pageturningly tense drama that surprises right up until the final paragraph NPR Synopsis INSTANT NEW YORK TIMES BESTSELLER Named Most Anticipated of 2021 by Newsweek  Good Housekeeping  Hello magazine Oprahcom Bustle Popsugar Betches Sweet July and GoodReads March 2021 Indie Next Pick and 1 LibraryReads Pick A bold edgy accomplished debut  Kate Quinn New York Times bestselling author of The Alice Network A forgotten history A secret network of women A legacy of poison and revenge Welcome to The Lost Apothecary Hidden in the depths of eighteenthcentury London a secret apothecary shop caters to an unusual kind of clientele Women across the city whisper of a mysterious figure named Nella who sells welldisguised poisons to use against the oppressive men in their lives But the apothecarys fate is jeopardized when her newest patron a precocious twelveyearold makes a fatal mistake sparking a string of consequences that echo through the centuries Meanwhile in presentday London aspiring historian Caroline Parcewell spends her tenth wedding anniversary alone running from her own demons When she stumbles upon a clue to the unsolved apothecary murders that haunted London two hundred years ago her life collides with the apothecarys in a stunning twist of fateand not everyone will survive With crackling suspense unforgettable characters and searing insight The Lost Apothecary is a subversive and intoxicating debut novel of secrets vengeance and the remarkable ways women can save each other despite the barrier of time Dont miss THE LONDON S ANCE SOCIETY Sarahs next spellbinding book about truth illusion and the grave risks women will take to avenge the ones they love About the Author Sarah Penner is the debut author of The Lost Apothecary  to be translated in twenty five languages worldwide She works fulltime in finance and is a member of the Historical Novel Society and the Womens Fiction Writers Association She and her husband live in St Petersburg Florida with their miniature dachshund Zoe 5 1 What Our Readers Are Saying Share your thoughts on this title Average customer rating 5 1 comments  writermala  November 26 2022 view all comments by writermala I would say this is historical fiction at its best Sarah Penner in her debut novel has described 18th Century London and an amazing character really fascinatingly Interspersed with present day character Caroline and her failing marriage the book makes really interesting reading I cant wait for Penners next novel Was this comment helpful  Yes  No report this\ncomment Product Details ISBN 9780778311973 Binding Trade Paperback Publication date 02222022 Publisher Park Row Books Pages 352 Height 85IN Width 539IN Author Sarah Penner 1799 New Trade Paperback Ships in 1 to 3 days Qty Store 31 Burnside 13 Cedar Hills 3 Hawthorne 20 Local Warehouse Receive an email when this ISBN is available used This title in other editions New Hardcover 2799 Used Book Club Hardcover Starting from 1095 Used Hardcover Starting from 1395 1 LOCOK 1 LOCOK LOCCancel 1 LOCOK LOCCancel 1 LOCOK 1 LOCOK LOCCancel 1 LOCOK LOCCancel 1 LOCOK 1 LOCOK LOCCancel 1 LOCOK LOCCancel 1 LOCOK 1 LOCOK LOCCancel 1 LOCOK LOCCancel Help Guarantee My Account Careers About Us Security Wish List Partners Contact Us Shipping Transparency ACT MRF Sitemap  2022 POWELLSCOM Terms 1 LOCOK 1 LOCOK LOCCancel 1 LOCOK LOCCancel 1 LOCOK 1 LOCOK LOCCancel 1 LOCOK LOCCancel 1 LOCOK 1 LOCOK LOCCancel 1 LOCOK LOCCancel 1 LOCOK 1 LOCOK LOCCancel 1 LOCOK LOCCancel"}