{"Title": " World of Urban Sketching Celebrating the Evolution of Drawing & Painting on Location Around the Globe New Inspirations to See Your World One Sketch at a Time ", "Author": "Stephanie Bower", "Cover Page": "https://powells-covers-2.s3.amazonaws.com/9780760374573.jpg", "ISBN10": "0760374570  \n", "ISBN13": "9780760374573", "Page URL": "https://powells.com/book/world-of-urban-sketching-celebrating-the-evolution-of-drawing-painting-on-location-around-the-globe-new-inspirations-to-see-your-world-one-sketch-at-a-time-9780760374573", "raw_text": "The World of Urban Sketching Celebrating the Global Revolution of Drawing on Location  New Inspirations Approaches and Techniques for Seeing the Stephanie Bower Trade Paperback 9780760374573 P Cart   my account  wish list  help  8008787323 Hello\n Login MENU Browse New Arrivals Bestsellers Featured Preorders Award Winners Audio Books See All Subjects Used Staff Picks Staff Picks Picks of the Month Bookseller Displays 50 Books for 50 Years 25 Best 21st Century SciFi  Fantasy 25 PNW Books to Read Before You Die 25 Books From the 21st Century 25 Memoirs to Read Before You Die 25 Global Books to Read Before You Die 25 Women to Read Before You Die 25 Books to Read Before You Die Gifts Gift Cards  eGift Cards Powells Souvenirs Journals and Notebooks socks Games Sell Books Blog Events Find A Store Dont Miss BIG SALE 20 off sitewide Picks of the Season What Im Giving Great Gifts Under 25 Best Books of 2022 Powells Author Events Oregon Battle of the Books Audio Books Visit Our Stores Powells Books 14 Gift Ideas From 14 of Our Favorite Authors 0 comment Every year Powells reaches out to some of our favorite authors for some muchneeded giftgiving inspiration Below are 14 writerapproved recommendations to help you find the perfect book for even your mostdifficulttobuyfor loved one Read More  Powells Staff Best Books of 2022 Fiction 1 comment Kelsey Ford 6 Haunting Native American Horror Books 1 comment 1 LOCOK 1 LOCOK LOCCancel 1 LOCOK LOCCancel World of Urban Sketching Celebrating the Evolution of Drawing  Painting on Location Around the Globe New Inspirations to See Your World One Sketch at a Time by Stephanie Bower Comment on this title Synopses  Reviews ISBN13 9780760374573 ISBN10 0760374570 All Product Details View Larger Image View Larger Images 2799 New Trade Paperback Ships in 1 to 3 days Qty Store 7 Burnside 3 Cedar Hills 2 Hawthorne Synopses  Reviews Synopsis Awardwinning urban sketcher and accomplished author Stephanie Bower presents a spectacular allnew collection of sketchers and their art from 39 countries in a citytocity tour around the world The remarkable work of the vibrant international urban sketching community was first documented in The Art of Urban Sketching by Gabriel Campanario In the ten years since its release sketching on location has grown into nothing less than a worldwide phenomenon A visual feast of more than 700 images from over 150 sketchers The World of Urban Sketching unveils the latest developments and innovations in the creative and rewarding pursuit of onlocation drawing and painting New Artwork Discover the stunning and informative work of both established and emerging urban sketchers from Seattle to Santiago from Singapore to Sydney New Techniques Consider new styles and approaches in color and linework including digital through artists tips and stepbystep demonstrations New Stories Learn what inspires sketchers even during a pandemic and get invaluable insights into creating artwork on location through artists observations and advice Whether you draw during your travels or in your own backyard the beautiful work in The World of Urban Sketching will expand your skills and inspire you to pick up a pencil and sketch your world What Our Readers Are Saying Be the first to share your thoughts on this title Product Details ISBN 9780760374573 Binding Trade Paperback Publication date 11292022 Publisher DAVID C COOK Pages 240 Height 87IN Width 843IN Author Stephanie Bower 2799 New Trade Paperback Ships in 1 to 3 days Qty Store 7 Burnside 3 Cedar Hills 2 Hawthorne Receive an email when this ISBN is available used 1 LOCOK 1 LOCOK LOCCancel 1 LOCOK LOCCancel 1 LOCOK 1 LOCOK LOCCancel 1 LOCOK LOCCancel 1 LOCOK 1 LOCOK LOCCancel 1 LOCOK LOCCancel 1 LOCOK 1 LOCOK LOCCancel 1 LOCOK LOCCancel Help Guarantee My Account Careers About Us Security Wish List Partners Contact Us Shipping Transparency ACT MRF Sitemap  2022 POWELLSCOM Terms 1 LOCOK 1 LOCOK LOCCancel 1 LOCOK LOCCancel 1 LOCOK 1 LOCOK LOCCancel 1 LOCOK LOCCancel 1 LOCOK 1 LOCOK LOCCancel 1 LOCOK LOCCancel 1 LOCOK 1 LOCOK LOCCancel 1 LOCOK LOCCancel"}