{"Title": " Geography of Bliss One Grumps Search for the Happiest Places in the World ", "Author": "Eric Weiner", "Cover Page": "https://powells-covers-2.s3.amazonaws.com/9780446698894.jpg", "ISBN10": "044669889X  \n", "ISBN13": "9780446698894", "Page URL": "https://powells.com/book/geography-of-bliss-one-grumps-search-for-the-happiest-places-in-the-world-9780446698894", "raw_text": "Geography of Bliss One Grumps Search for the Happiest Places in the World Eric Weiner Trade Paperback 9780446698894 Powells Books Cart   my account  wish list  help  8008787323 Hello\n Login MENU Browse New Arrivals Bestsellers Featured Preorders Award Winners Audio Books See All Subjects Used Staff Picks Staff Picks Picks of the Month Bookseller Displays 50 Books for 50 Years 25 Best 21st Century SciFi  Fantasy 25 PNW Books to Read Before You Die 25 Books From the 21st Century 25 Memoirs to Read Before You Die 25 Global Books to Read Before You Die 25 Women to Read Before You Die 25 Books to Read Before You Die Gifts Gift Cards  eGift Cards Powells Souvenirs Journals and Notebooks socks Games Sell Books Blog Events Find A Store Dont Miss BIG SALE 20 off sitewide Picks of the Season What Im Giving Great Gifts Under 25 Best Books of 2022 Powells Author Events Oregon Battle of the Books Audio Books Visit Our Stores Powells Books 14 Gift Ideas From 14 of Our Favorite Authors 0 comment Every year Powells reaches out to some of our favorite authors for some muchneeded giftgiving inspiration Below are 14 writerapproved recommendations to help you find the perfect book for even your mostdifficulttobuyfor loved one Read More  Powells Staff Best Books of 2022 Fiction 1 comment Kelsey Ford 6 Haunting Native American Horror Books 1 comment 1 LOCOK 1 LOCOK LOCCancel 1 LOCOK LOCCancel Geography of Bliss One Grumps Search for the Happiest Places in the World by Eric Weiner Comment on this title Synopses  Reviews ISBN13 9780446698894 ISBN10 044669889X Condition Standard All Product Details View Larger Image View Larger Images 595 List Price 1899 Used Trade Paperback Ships in 1 to 3 days Qty Store 2 Local Warehouse Synopses  Reviews Publisher Comments Part foreign affairs discourse part humor and part twisted selfhelp guide The Geography of Bliss takes the reader from America to Iceland to India in search of happiness or in the crabby authors case moments of ununhappiness The book uses a beguiling mixture of travel psychology science and humor to investigate not what happiness is but where it is Are people in Switzerland happier because it is the most democratic country in the world Do citizens of Qatar awash in petrodollars find joy in all that cash Is the King of Bhutan a visionary for his initiative to calculate Gross National Happiness Why is Asheville North Carolina so damn happy With engaging wit and surprising insights Eric Weiner answers those questions and many others offering travelers of all moods some interesting new ideas for sunnier destinations and dispositions Review Laugh Think Repeat Repeatedly If someone told me this book was this good I wouldnt have believed them Po Bronson author of What Should I Do With My Life Review Part travelogue part personaldiscovery memoir and all sustained delight this wise witty ramble reads like Paul Theroux channeling David Sedaris on a particularly good day Fresh and beguiling  Kirkus Reviews Review Think Don Quixote with a dark sense of humor and a taste for hashish and you begin to grasp Eric Weiner the modern knighterrant of this mad sad wise and witty quest across four continents I wont spoil the fun by telling if his mission succeeds except to say that happiness is reading a book as entertaining as this Tony Horwitz author of Confederates in the Attic Review With one single book Eric Weiner has flushed Bill Bryson down a proverbial toilet and I say that lovingly By turns hilarious and profound this is the kind of book that could change your life The relationship between place and contentment is an ineffable one and Weiner cuts through the fog with a big powerful light The Geography of Bliss is no smileyface emoticon its a Winslow Homer Henry Alford author of Municipal Bondage and Big Kiss Synopsis Part travel memoir part humor and part twisted selfhelp guide The Geography of Bliss takes the reader across the globe to investigate not what happiness is but WHERE it is Are people in Switzerland happier because it is the most democratic country in the world Do citizens of Qatar awash in petrodollars find joy in all that cash Is the King of Bhutan a visionary for his initiative to calculate Gross National Happiness Why is Asheville North Carolina so damn happy In a unique mix of travel psychology science and humor Eric Weiner answers those questions and many others offering travelers of all moods some interesting new ideas for sunnier destinations and dispositions About the Author Eric Weiner an awardwinning foreign correspondent for NPR and a former reporter for the New York Times has written stories from more than three dozen countries including Iraq Afghanistan and Indonesia His commentary has appeared in The New Republic The International Herald Tribune and The Los Angeles Times and he writes the popular How They Do It column for Slate He has lived in New Delhi Jerusalem and Tokyo Exclusive Essay Read an exclusive essay by Eric Weiner 5 3 What Our Readers Are Saying Share your thoughts on this title Average customer rating 5 3 comments  Denis  August 04 2012 view all comments by Denis Great journey for the answer to what is happiness and where can you find it which of course is really the Journey itself Well written by National Public Radio world corespondent in an honest sometimes naive but always humorous style Makes you feel like you are also on the journey next to Weiner I can certainly hear him laughing with me with his humorous accounts Was this comment helpful  Yes  No report this\ncomment  Adair  January 01 2011 Every 50 year old person needs to read this wonderful book Was this comment helpful  Yes  No 0 of 1 readers found this comment helpful report this\ncomment  Dawn Gilkison  January 02 2010 The author travels to 10 different countries exploring why residents are happy or unhappy in those places Rather than looking at happiness person by person he looks at different cultures and how they define happiness It should not be surprising that happiness reflects both the diversity and universality of human culture But it is surprising thought provoking and illuminating of humanity Also this book is funny  it is written like a good travelogue and demands to be reread Was this comment helpful  Yes  No 3 of 4 readers found this comment helpful report this\ncomment Product Details ISBN 9780446698894 Binding Trade Paperback Publication date 01052009 Publisher HACHETTE BOOK GROUP Pages 368 Height 110IN Width 520IN Thickness 100 Number of Units 1 Copyright Year 2009 UPC Code 2800446698896 Author Eric Weiner Author Eric Weiner Subject Travel WritingGeneral Subject Voyages and travels Subject Weiner Eric  Travel 595 List Price 1899 Used Trade Paperback Ships in 1 to 3 days Qty Store 2 Local Warehouse More copies of this ISBN New Trade Paperback 1899 Used Trade Paperback Starting from 695 This title in other editions Used Hardcover 995 1 LOCOK 1 LOCOK LOCCancel 1 LOCOK LOCCancel 1 LOCOK 1 LOCOK LOCCancel 1 LOCOK LOCCancel 1 LOCOK 1 LOCOK LOCCancel 1 LOCOK LOCCancel 1 LOCOK 1 LOCOK LOCCancel 1 LOCOK LOCCancel Help Guarantee My Account Careers About Us Security Wish List Partners Contact Us Shipping Transparency ACT MRF Sitemap  2022 POWELLSCOM Terms 1 LOCOK 1 LOCOK LOCCancel 1 LOCOK LOCCancel 1 LOCOK 1 LOCOK LOCCancel 1 LOCOK LOCCancel 1 LOCOK 1 LOCOK LOCCancel 1 LOCOK LOCCancel 1 LOCOK 1 LOCOK LOCCancel 1 LOCOK LOCCancel"}