{"Title": " American Predator: The Hunt for the Most Meticulous Serial Killer of the 21st Century ", "Author": "Maureen Callahan", "Cover Page": "https://powells-covers-2.s3.amazonaws.com/9780525428640.jpg", "ISBN10": "052542864X  \n", "ISBN13": "9780525428640", "Page URL": "https://powells.com/book/american-predator-9780525428640", "raw_text": "American Predator Maureen Callahan Hardcover 9780525428640 Powells Books Cart   my account  wish list  help  8008787323 Hello\n Login MENU Browse New Arrivals Bestsellers Featured Preorders Award Winners Audio Books See All Subjects Used Staff Picks Staff Picks Picks of the Month Bookseller Displays 50 Books for 50 Years 25 Best 21st Century SciFi  Fantasy 25 PNW Books to Read Before You Die 25 Books From the 21st Century 25 Memoirs to Read Before You Die 25 Global Books to Read Before You Die 25 Women to Read Before You Die 25 Books to Read Before You Die Gifts Gift Cards  eGift Cards Powells Souvenirs Journals and Notebooks socks Games Sell Books Blog Events Find A Store Dont Miss BIG SALE 20 off sitewide Picks of the Season What Im Giving Great Gifts Under 25 Best Books of 2022 Powells Author Events Oregon Battle of the Books Audio Books Visit Our Stores Powells Books 14 Gift Ideas From 14 of Our Favorite Authors 0 comment Every year Powells reaches out to some of our favorite authors for some muchneeded giftgiving inspiration Below are 14 writerapproved recommendations to help you find the perfect book for even your mostdifficulttobuyfor loved one Read More  Powells Staff Best Books of 2022 Fiction 1 comment Kelsey Ford 6 Haunting Native American Horror Books 1 comment 1 LOCOK 1 LOCOK LOCCancel 1 LOCOK LOCCancel American Predator The Hunt for the Most Meticulous Serial Killer of the 21st Century by Maureen Callahan Comment on this title Synopses  Reviews ISBN13 9780525428640 ISBN10 052542864X All Product Details View Larger Image View Larger Images 000 Hardcover Ships in 1 to 3 days From Powellscom Powells Picks of the Month Hot new releases and undertheradar gems for adults and kids Staff Pick Since our national attitude towards serial killers seems to hover uneasily between reverence and revulsion its odd that one as prolific as Israel Keyes remains largely unknown How can someone commit such monstrous crimes and evade capture for as long as he did And why is the FBI so eager to forget him With American Predator  Maureen Callahan weaves a horrifying tale of unchecked evil bureaucratic incompetence and corruption and mysteries still unsolved Recommended By Lauren P Powellscom Synopses  Reviews Publisher Comments NEW YORK TIMES BESTSELLER A Washington Post 10 Books To Read in July A Los Angeles Times Seven Highly Anticipated Books for Summer Reading A USA Today 20 of the Seasons Hottest New Books A New York Post 25 Best Beach Reads of 2019 You Need to PreOrder Now Maureen Callahans deft reporting and stylish writing have created one of the alltimegreat serialkiller books sensitive chilling and completely impossible to put down Ada Calhoun author of St Marks Is Dead Ted Bundy John Wayne Gacy Jeffrey Dahmer The names of notorious serial killers are usually wellknown they echo in the news and in public consciousness But most people have never heard of Israel Keyes one of the most ambitious and terrifying serial killers in modern history The FBI considered his behavior unprecedented Described by a prosecutor as a force of pure evil Keyes was a predator who struck all over the United States He buried kill kits  cash weapons and bodydisposal tools  in remote locations across the country Over the course of fourteen years Keyes would fly to a city rent a car and drive thousands of miles in order to use his kits He would break into a strangers house abduct his victims in broad daylight and kill and dispose of them in mere hours And then he would return home to Alaska resuming life as a quiet reliable construction worker devoted to his only daughter When journalist Maureen Callahan first heard about Israel Keyes in 2012 she was captivated by how a killer of this magnitude could go undetected by law enforcement for over a decade And so began a project that consumed her for the next several years  uncovering the true story behind how the FBI ultimately caught Israel Keyes and trying to understand what it means for a killer like Keyes to exist A killer who left a path of monstrous randomly committed crimes in his wake  many of which remain unsolved to this day American Predator is the ambitious culmination of years of interviews with key figures in law enforcement and in Keyess life and research uncovered from classified FBI files Callahan takes us on a journey into the chilling nightmarish mind of a relentless killer and to the limitations of traditional law enforcement Review Prepare to lose sleep Prepare to skip meals Maureen Callahan delivers a masterful telling of the monster who threatened a nation Spellbinding and unforgettable Adam Makos New York Times bestselling author of Spearhead Review A riveting true crime saga     The 21st centurys most meticulous serial killer baffles investigators with his forethought and ruthlessness in Maureen Callahans riveting true crime narrative Shelf Awareness Review Keyes is terrifying and his crimes horrific but Callahans focus on the FBIs attempts to learn about his other crimes makes for a truly edgeofyourseat pageturner even without the hunt A must for fans of Mindhunter  both the book and its recent Netflix adaptation  and the longrunning police drama Criminal Minds  Booklist Starred Review About the Author Maureen Callahan is an awardwinning investigative journalist author columnist and commentator She has covered everything from pop culture to politics Her writing has appeared in Vanity Fair  New York Spin  and the New York Post  where she is critic at large She lives in New York What Our Readers Are Saying Be the first to share your thoughts on this title Product Details ISBN 9780525428640 Binding Hardcover Publication date 07022019 Publisher Viking Pages 304 Height 120IN Width 620IN Author Maureen Callahan 000 Hardcover Ships in 1 to 3 days Receive an email when this ISBN is available used This title in other editions New Trade Paperback Starting from 1700 Used Trade Paperback 1195 1 LOCOK 1 LOCOK LOCCancel 1 LOCOK LOCCancel 1 LOCOK 1 LOCOK LOCCancel 1 LOCOK LOCCancel 1 LOCOK 1 LOCOK LOCCancel 1 LOCOK LOCCancel 1 LOCOK 1 LOCOK LOCCancel 1 LOCOK LOCCancel Help Guarantee My Account Careers About Us Security Wish List Partners Contact Us Shipping Transparency ACT MRF Sitemap  2022 POWELLSCOM Terms 1 LOCOK 1 LOCOK LOCCancel 1 LOCOK LOCCancel 1 LOCOK 1 LOCOK LOCCancel 1 LOCOK LOCCancel 1 LOCOK 1 LOCOK LOCCancel 1 LOCOK LOCCancel 1 LOCOK 1 LOCOK LOCCancel 1 LOCOK LOCCancel"}