{"Title": " Fences ", "Author": "August Wilson", "Cover Page": "https://covers.powells.com/9780452264014.jpg", "ISBN10": "0452264014  \n", "ISBN13": "9780452264014", "Page URL": "https://powells.com/book/fences-9780452264014", "raw_text": "Fences August Wilson Trade Paperback 9780452264014 Powells Books Cart   my account  wish list  help  8008787323 Hello\n Login MENU Browse New Arrivals Bestsellers Featured Preorders Award Winners Audio Books See All Subjects Used Staff Picks Staff Picks Picks of the Month Bookseller Displays 50 Books for 50 Years 25 Best 21st Century SciFi  Fantasy 25 PNW Books to Read Before You Die 25 Books From the 21st Century 25 Memoirs to Read Before You Die 25 Global Books to Read Before You Die 25 Women to Read Before You Die 25 Books to Read Before You Die Gifts Gift Cards  eGift Cards Powells Souvenirs Journals and Notebooks socks Games Sell Books Blog Events Find A Store Dont Miss BIG SALE 20 off sitewide Picks of the Season What Im Giving Great Gifts Under 25 Best Books of 2022 Powells Author Events Oregon Battle of the Books Audio Books Visit Our Stores Powells Books 14 Gift Ideas From 14 of Our Favorite Authors 0 comment Every year Powells reaches out to some of our favorite authors for some muchneeded giftgiving inspiration Below are 14 writerapproved recommendations to help you find the perfect book for even your mostdifficulttobuyfor loved one Read More  Powells Staff Best Books of 2022 Fiction 1 comment Kelsey Ford 6 Haunting Native American Horror Books 1 comment 1 LOCOK 1 LOCOK LOCCancel 1 LOCOK LOCCancel Fences by August Wilson Comment on this title Synopses  Reviews ISBN13 9780452264014 ISBN10 0452264014 Condition Standard All Product Details View Larger Image View Larger Images 950 List Price 1400 Used Trade Paperback Ships in 1 to 3 days Qty Store 2 Hawthorne Synopses  Reviews Publisher Comments From legendary playwright August Wilson comes the powerful stunning dramatic bestseller that won him critical acclaim including the Tony Award for Best Play and the Pulitzer Prize Troy Maxson is a strong man a hard man He has had to be to survive Troy Maxson has gone through life in an America where to be proud and black is to face pressures that could crush a man body and soul But the 1950s are yielding to the new spirit of liberation in the 1960s a spirit that is changing the world Troy Maxson has learned to deal with the only way he can a spirit that is making him a stranger angry and afraid in a world he never knew and to a wife and son he understands less and less This is a modern classic a book that deals with the impossibly difficult themes of race in America set during the Civil Rights Movement of the 1950s and 60s Review A work of tremendous impact that summons up gratitude for the beauty of its language the truth of its character the power of its portrayals Chicago Tribune Review  Fences leaves no doubt that Mr Wilson is a major writer combining a poets ear for vernacular with a robust sense of humor a sure sense for crackling dramatic incident and a passionate commitment to a great subject The New York Times Review The strongest most passionate American dramatic writing since Tennessee Williams The New York Post About the Author August Wilson was a major American playwright whose work has been consistently acclaimed as among the finest of the American theater His first play Ma Raineys Black Bottom  won the New York Drama Critics Circle Award for best new play of 198485 His second play Fences  won numerous awards for best play of the year 1987 including the Tony Award the New York Drama Critics Circle Award the Drama Desk Award and the Pulitzer Prize Joe Turners Come and Gone  his third play was voted best play of 19871988 by the New York Drama Critics Circle In 1990 Wilson was awarded his second Pulitzer Prize for The Piano Lesson  He died in 2005 4 1 What Our Readers Are Saying Share your thoughts on this title Average customer rating 4 1 comments  thewitt70  April 01 2009 Fences is truly a tragic tell of a black man and his family and all the woes they encounter from job prejudices to multiparent families Playwright August Wilson captured a moment of America in his telling of Troy Maxsons life Was this comment helpful  Yes  No 12 of 20 readers found this comment helpful report this\ncomment Product Details ISBN 9780452264014 Binding Trade Paperback Publication date 06011986 Publisher PENGUIN PUTNAM TRADE Pages 128 Height 40IN Width 525IN Thickness 50 Age Range 18 and up Grade Range 13 and up Number of Units 1 Copyright Year 1986 Series Volume no 5 UPC Code 2800452264016 Author Lloyd Richards Author August Wilson Author August Wilson Subject History Subject General Drama Subject Conflict of generations Subject DramaAmerican Anthology Subject Afroamericans Subject Historical drama Subject African Americans Subject American drama dramatic works by one author 950 List Price 1400 Used Trade Paperback Ships in 1 to 3 days Qty Store 2 Hawthorne More copies of this ISBN New Trade Paperback 1400 Used Trade Paperback Starting from 495 This title in other editions New Other 2750 New Pamphlet 1460 1 LOCOK 1 LOCOK LOCCancel 1 LOCOK LOCCancel 1 LOCOK 1 LOCOK LOCCancel 1 LOCOK LOCCancel 1 LOCOK 1 LOCOK LOCCancel 1 LOCOK LOCCancel 1 LOCOK 1 LOCOK LOCCancel 1 LOCOK LOCCancel Help Guarantee My Account Careers About Us Security Wish List Partners Contact Us Shipping Transparency ACT MRF Sitemap  2022 POWELLSCOM Terms 1 LOCOK 1 LOCOK LOCCancel 1 LOCOK LOCCancel 1 LOCOK 1 LOCOK LOCCancel 1 LOCOK LOCCancel 1 LOCOK 1 LOCOK LOCCancel 1 LOCOK LOCCancel 1 LOCOK 1 LOCOK LOCCancel 1 LOCOK LOCCancel"}