{"Title": " The Hidden Geometry of Flowers: Living Rhythms, Form and Number ", "Author": "Keith Critchlow", "Cover Page": "https://powells-covers-2.s3.amazonaws.com/9780863158063.jpg", "ISBN10": "0863158064  \n", "ISBN13": "9780863158063", "Page URL": "https://powells.com/book/the-hidden-geometry-of-flowers-9780863158063", "raw_text": "The Hidden Geometry of Flowers Living Rhythms Form and Number  Keith Critchlow Trade Paperback 9780863158063 Powells Books Cart   my account  wish list  help  8008787323 Hello\n Login MENU Browse New Arrivals Bestsellers Featured Preorders Award Winners Audio Books See All Subjects Used Staff Picks Staff Picks Picks of the Month Bookseller Displays 50 Books for 50 Years 25 Best 21st Century SciFi  Fantasy 25 PNW Books to Read Before You Die 25 Books From the 21st Century 25 Memoirs to Read Before You Die 25 Global Books to Read Before You Die 25 Women to Read Before You Die 25 Books to Read Before You Die Gifts Gift Cards  eGift Cards Powells Souvenirs Journals and Notebooks socks Games Sell Books Blog Events Find A Store Dont Miss BIG SALE 20 off sitewide Picks of the Season What Im Giving Great Gifts Under 25 Best Books of 2022 Powells Author Events Oregon Battle of the Books Audio Books Visit Our Stores Powells Books 14 Gift Ideas From 14 of Our Favorite Authors 0 comment Every year Powells reaches out to some of our favorite authors for some muchneeded giftgiving inspiration Below are 14 writerapproved recommendations to help you find the perfect book for even your mostdifficulttobuyfor loved one Read More  Powells Staff Best Books of 2022 Fiction 1 comment Kelsey Ford 6 Haunting Native American Horror Books 1 comment 1 LOCOK 1 LOCOK LOCCancel 1 LOCOK LOCCancel The Hidden Geometry of Flowers Living Rhythms Form and Number by Keith Critchlow Comment on this title Synopses  Reviews ISBN13 9780863158063 ISBN10 0863158064 All Product Details View Larger Image View Larger Images 5500 New Trade Paperback Available at a Remote Warehouse Ships separately from other items Additional shipping charges may apply Not available for In Store Pickup More Info Qty Store 5 Remote Warehouse Synopses  Reviews Synopsis Can we imagine a world without flowers Their beauty offers us delight in their color fragrance and form and their substance offers medicinal benefits Flowers also speak to us in the language of the plants form provide cultural symbols in different cultures and at the highest levels offer inspiration In this beautiful and original book renowned thinker and geometrist Keith Critchlow focuses on an aspect of flowers that has received the least attention The flower becomes a teacher of symmetry and geometry the eternal verities as Plato called them In this sense Critchlow tells us we can treat flowers as sources of rememberingways of recalling our own wholeness as well as awakening our inner power of recognition and consciousness What is evident in the geometry of a flowers face can remind us of the geometry that underlies all existence Working from his own flower photographs and with every geometric pattern handdrawn the author reviews the role of flowers from the perspective of our interrelationship with the natural world His illuminating study attempts to reengage the human spirit in its intimate relation with all nature What Our Readers Are Saying Be the first to share your thoughts on this title Product Details ISBN 9780863158063 Binding Trade Paperback Publication date 11152011 Publisher Floris Books Language English Pages 448 Height 120IN Width 810IN Illustration Yes Author Kieth Critchlow Author Keith Critchlow Oth The Prince of Wales Oth Wales of Prince the Subject GardeningFlower Growing Subject MetaphysicsGeneral Subject MathematicsGeometry and Trigonometry 5500 New Trade Paperback Available at a Remote Warehouse Ships separately from other items Additional shipping charges may apply Not available for In Store Pickup More Info Qty Store 5 Remote Warehouse Receive an email when this ISBN is available used 1 LOCOK 1 LOCOK LOCCancel 1 LOCOK LOCCancel 1 LOCOK 1 LOCOK LOCCancel 1 LOCOK LOCCancel 1 LOCOK 1 LOCOK LOCCancel 1 LOCOK LOCCancel 1 LOCOK 1 LOCOK LOCCancel 1 LOCOK LOCCancel Help Guarantee My Account Careers About Us Security Wish List Partners Contact Us Shipping Transparency ACT MRF Sitemap  2022 POWELLSCOM Terms 1 LOCOK 1 LOCOK LOCCancel 1 LOCOK LOCCancel 1 LOCOK 1 LOCOK LOCCancel 1 LOCOK LOCCancel 1 LOCOK 1 LOCOK LOCCancel 1 LOCOK LOCCancel 1 LOCOK 1 LOCOK LOCCancel 1 LOCOK LOCCancel"}