{"Title": " Fracture ", "Author": "Andr\u00e9s Neuman", "Cover Page": "https://powells-covers-2.s3.amazonaws.com/9780374158231.jpg", "ISBN10": "0374158231  \n", "ISBN13": "9780374158231", "Page URL": "https://powells.com/book/-9780374158231", "raw_text": "Fracture Andr\u00e9s Neuman Nick Caistor Lorenza Garcia Hardcover 9780374158231 Powells Books Cart   my account  wish list  help  8008787323 Hello\n Login MENU Browse New Arrivals Bestsellers Featured Preorders Award Winners Audio Books See All Subjects Used Staff Picks Staff Picks Picks of the Month Bookseller Displays 50 Books for 50 Years 25 Best 21st Century SciFi  Fantasy 25 PNW Books to Read Before You Die 25 Books From the 21st Century 25 Memoirs to Read Before You Die 25 Global Books to Read Before You Die 25 Women to Read Before You Die 25 Books to Read Before You Die Gifts Gift Cards  eGift Cards Powells Souvenirs Journals and Notebooks socks Games Sell Books Blog Events Find A Store Dont Miss BIG SALE 20 off sitewide Picks of the Season What Im Giving Great Gifts Under 25 Best Books of 2022 Powells Author Events Oregon Battle of the Books Audio Books Visit Our Stores Powells Books 14 Gift Ideas From 14 of Our Favorite Authors 0 comment Every year Powells reaches out to some of our favorite authors for some muchneeded giftgiving inspiration Below are 14 writerapproved recommendations to help you find the perfect book for even your mostdifficulttobuyfor loved one Read More  Powells Staff Best Books of 2022 Fiction 1 comment Kelsey Ford 6 Haunting Native American Horror Books 1 comment 1 LOCOK 1 LOCOK LOCCancel 1 LOCOK LOCCancel Fracture by Andr\u00e9s Neuman and Nick Caistor and Lorenza Garcia Comment on this title Synopses  Reviews ISBN13 9780374158231 ISBN10 0374158231 Condition Standard DustJacket Standard All Product Details View Larger Image View Larger Images 1250 List Price 2800 Used Hardcover Ships in 1 to 3 days Qty Store 1 Burnside Staff Pick The resplendent beauty of Andr\u00e9s Neumans prose the thoughtful reflective nature of his ideas and the depth and vulnerability of his characters coalesce to make his writing among the finest in the world His new novel Fracture translated from the Spanish by Nick Caistor and Lorenza Garcia is the story of Yoshie Watanabe survivor of the Nagasaki and Hiroshima bombings both  and stranger to neither loss nor love Spanning decades and continents Fracture reckons with fragility and breakage deftly employing the Japanese art of kintsug i as metaphor in a masterful tenderly told tale Recommended By Jeremy G Powellscom Synopses  Reviews Publisher Comments Critically acclaimed prizewinning author Andr\u00e9s Neumans Fracture is\nan ambitious literary novel set against Japans 2011 nuclear accident\nin a crosscultural story about how every society remembers and forgets\nits catastrophes Mr Yoshie Watanabe a former electronics company executive and a\nsurvivor of the atomic bomb has always lived like a fugitive from his\nown memories Hes spent decades traveling the world making a life in\ndifferent languages only to find himself home again living in Tokyo in\nhis old age On the afternoon of March 11 2011 Watanabe like\nmillions of others is stunned by powerful tremors A massive earthquake\nhas struck to the north triggering the Fukushima nuclear disaster  and\na stirring of the collective past As the catastrophe unfolds\nWatanabes mind too undergoes a tectonic shift With his native land\nyet again under nuclear threat he braces himself to make the most\nsurprising decision of his nomadic life Meanwhile four women who have known him intimately at various\npoints in time narrate their stories to a strangely obsessive\nArgentinian journalist Their memories colored by their respective\ncultures and describing different ways of loving trace sociopolitical\nmaps of Paris New York Buenos Aires and Madrid over the course of the\ntwentieth century The result is a metalingual borderdefying\nconstellation of fractures in life and nature  proof that nothing\nhappens in only one place that every human event reverberates to the\nends of the earth With unwavering empathy and bittersweet humor and facing some of\nthe most urgent environmental concerns of our time Andr\u00e9s Neumans Fracture is a powerful novel about the resilience of humankind and the beauty that can emerge from broken things Review Andr\u00e9s Neuman is a born storyteller Fracture is a deeply generous wise and resonant novel that glides effortlessly between the intimate and the global the tragic and the comic all underpinned by Neumans electric ludic intelligence If you are about to turn the first page you are very lucky  a reader on the threshold of a book that in the most wonderful of ways will enrich and enlarge your life Owen Sheers poet and playwright Review Traversing languages and cultures decades and generations Fracture unites its many fragments to form a powerful and redemptive vision of a single and unbroken human life A searching humane and vital novel Eleanor Catton author of The Luminaries Review One of the things I love about Andr\u00e9s Neumans work is how he restores writing as the most powerful source of knowledge Fracture  this dazzling and devastating novel is a terrific demonstration of that Alejandro Zambra author of Ways of Going Home Review It is impossible to classify Andr\u00e9s Neuman each of his books is a new language adventure guided by the intelligence and the pleasure of words He never ceases to surprise us and is doubtlessly one of the most daring writers in Latin American literature willing to change challenge and explore always with a unique elegance Mariana Enriquez author of Things We Lost in the Fire Review This feels like a massive step forward for Neuman in terms of scope and selfassurance which is saying a lot after Traveler of the Century  Talking to Ourselves  and The Things We Dont Do The way Neuman writes about failed relationships about beauty at different ages about sex and longing and mystery is so heartfelt and human Chad Post Three Percent Blog Review The fragmented and\ndestructive power wielded by memory and trauma in developing ones\noutlook on life coupled with a twopronged narrative technique for\ncharacter development makes Neumans  Fracture  a winner Library Journal Starred Review Review StirringNeuman slowly\nbuilds meaning in the books recursive structure and languageThis weighty meditation on human interconnection is well worth a look Publishers Weekly Review Neuman is a literary alchemist Fracture is a moving meditation on the reverberating waves that shape us and the inescapable impermanence of life Kirkus Reviews Review Neuman is one of the rare writers who can distill the most complex human emotions with apparent effortlessness Bola\u00f1os prophecy seems to have come true Andr\u00e9s Neuman has transcended the boundaries of geography time and language to become one of the most significant writers of the early twentyfirst century Alex McElroy Music and Literature Review  Fracture is adventurous bighearted and seductive and it has an appetite for life that is to me the trademark of great fiction Neuman is as generous here as ever Juan Gabriel V\u00e1squez author of The Sound of Things Falling About the Author Andr\u00e9s Neuman was born in 1977 in Buenos Aires Argentina and grew up in Spain He was selected as one of Granta s Best of Young SpanishLanguage Novelists and was included in the Bogot\u00e139 list Traveler of the Century was the winner of the Alfaguara Prize and the National Critics Prize Spains two most prestigious literary awards as well as a special commendation from the jury of the Independent Foreign Fiction Prize Neuman has taught Latin American literature at the University of Granada Nick Caistor is a British translator from Spanish French and Portuguese He lived in Argentina for a number of years and was the BBC Latin America analyst He has translated more than 70 works of fiction including authors such as Isabel Allende Roberto Arlt Mario Benedetti Julio Cortazar Maria Duenyas Fogwill Juan Marse Eduardo Mendoza Juan Carlos Onetti and Jose Saramago Lorenza Garcia was born and brought up in England She spent her early twenties living and working in Iceland and Spain In 1998 she graduated from Goldsmiths College with a First Class Honours degree in Spanish and Latin American Studies She moved to France in 2001 where she lived for seven years Since 2006 she has translated and cotranslated over thirty novels and works of nonfiction from the French the Spanish and the Icelandic What Our Readers Are Saying Be the first to share your thoughts on this title Product Details ISBN 9780374158231 Binding Hardcover Publication date 05052020 Publisher Farrar Straus and Giroux Language English Pages 368 Height 920IN Width 620IN Thickness 130IN LCCN 2019056426 Author Andr\u00e9s Neuman Translator Lorenza Garcia Translator Nick Caistor 1250 List Price 2800 Used Hardcover Ships in 1 to 3 days Qty Store 1 Burnside 1 LOCOK 1 LOCOK LOCCancel 1 LOCOK LOCCancel 1 LOCOK 1 LOCOK LOCCancel 1 LOCOK LOCCancel 1 LOCOK 1 LOCOK LOCCancel 1 LOCOK LOCCancel 1 LOCOK 1 LOCOK LOCCancel 1 LOCOK LOCCancel Help Guarantee My Account Careers About Us Security Wish List Partners Contact Us Shipping Transparency ACT MRF Sitemap  2022 POWELLSCOM Terms 1 LOCOK 1 LOCOK LOCCancel 1 LOCOK LOCCancel 1 LOCOK 1 LOCOK LOCCancel 1 LOCOK LOCCancel 1 LOCOK 1 LOCOK LOCCancel 1 LOCOK LOCCancel 1 LOCOK 1 LOCOK LOCCancel 1 LOCOK LOCCancel"}