{"Title": " Thus Spoke Zarathustra The Philosophy Classic ", "Author": "Friedrich Nietzsche, Tom Butler Bowdon, Christopher Janaway", "Cover Page": "https://powells-covers-2.s3.amazonaws.com/9780857089304.jpg", "ISBN10": "0857089307  \n", "ISBN13": "9780857089304", "Page URL": "https://powells.com/book/thus-spoke-zarathustra-the-philosophy-classic-9780857089304", "raw_text": "Thus Spoke Zarathustra The Philosophy Classic Friedrich Nietzsche Tom Butler Bowdon Christopher Janaway Hardcover 9780857089304 Powells Books Cart   my account  wish list  help  8008787323 Hello\n Login MENU Browse New Arrivals Bestsellers Featured Preorders Award Winners Audio Books See All Subjects Used Staff Picks Staff Picks Picks of the Month Bookseller Displays 50 Books for 50 Years 25 Best 21st Century SciFi  Fantasy 25 PNW Books to Read Before You Die 25 Books From the 21st Century 25 Memoirs to Read Before You Die 25 Global Books to Read Before You Die 25 Women to Read Before You Die 25 Books to Read Before You Die Gifts Gift Cards  eGift Cards Powells Souvenirs Journals and Notebooks socks Games Sell Books Blog Events Find A Store Dont Miss BIG SALE 20 off sitewide Picks of the Season What Im Giving Great Gifts Under 25 Best Books of 2022 Powells Author Events Oregon Battle of the Books Audio Books Visit Our Stores Powells Books 14 Gift Ideas From 14 of Our Favorite Authors 0 comment Every year Powells reaches out to some of our favorite authors for some muchneeded giftgiving inspiration Below are 14 writerapproved recommendations to help you find the perfect book for even your mostdifficulttobuyfor loved one Read More  Powells Staff Best Books of 2022 Fiction 1 comment Kelsey Ford 6 Haunting Native American Horror Books 1 comment 1 LOCOK 1 LOCOK LOCCancel 1 LOCOK LOCCancel Thus Spoke Zarathustra The Philosophy Classic by Friedrich Nietzsche Tom Butler Bowdon Christopher Janaway Comment on this title Synopses  Reviews ISBN13 9780857089304 ISBN10 0857089307 All Product Details View Larger Image View Larger Images 1399 New Hardcover Ships in 1 to 3 days Qty Store 3 Burnside Synopses  Reviews Synopsis Thus Spoke Zarathustra is a treatise by Friedrich Nietzsche written in four parts and published in German between 1883 and 1885 The work is among the first of Nietzsches mature philosophy and is considered the masterpiece of his career It received little attention during his lifetime but its influence since his death has been considerable both in the arts and in philosophy Written in the form of prose narrative Thus Spoke Zarathustra presents Neitzsches mature philosopy through the protagonist Zarathustra who after years of meditation has come down from a mountain to offer his wisdom to the world It is this work in which Nietzsche made his famous and much misconstrued statement that God is dead and in which he presented some of the most influential and wellknown ideas of his philosophy including those of the bermensch superman and the will to power Part of the bestselling Capstone Classics series This highquality hardcover volume is a musthave for readers interested in the philosophy of Nietzsche Synopsis A startling and thoughtprovoking discussion of one of the most powerful philosophers in the Western canon In Thus Spoke Zarathustra A Philosophy Classic Capstone Classic series editor Tom ButlerBowdon delivers an incisive and relevant exploration of Friedrich Nietzsches classic masterpiece of philosophy and literature The work is from the perspective of Zarathustra who after years of meditation has come down from a mountain to provide his wisdom to an unsuspecting world He offers enduring observations on God the bermensch  and the will to power Readers will also discover An introduction from leading philosopher Dirk R Johnson An accessible and topical statement of Nietzsches philosophy expressed in compelling prose narrative Clear explanations of one of the most misunderstood and widely quoted philosophers from the 19th century Perfect for students and scholars of philosophy literature and history Thus Spoke Zarathustra A Philosophy Classic belongs in the libraries of anyone interested in the philosophy of Nietzsche or in powerful explorations of God life power and humanity Synopsis A startling and thoughtprovoking work from one of the most powerful philosophers in the Western canon Thus Spoke Zarathustra A Philosophy Classic is Friedrich Nietzsches classic masterpiece of philosophy and literature Nietzsche writes from the perspective of Zarathustra who after years of meditation has come down from a mountain to provide his wisdom to an unsuspecting world He offers enduring observations on God the bermensch the will to power and the nature of human beings This deluxe hardback Capstone edition includes an insightful introduction from leading Nietzsche scholar Dirk R Johnson Perfect for students and scholars of philosophy literature and history Thus Spoke Zarathustra A Philosophy Classic belongs in the libraries of anyone interested in the philosophy of Nietzsche and in his powerful explorations of God life power and humanity What Our Readers Are Saying Be the first to share your thoughts on this title Product Details ISBN 9780857089304 Binding Hardcover Publication date 07052022 Publisher Capstone Publishing Group Pages 560 Height 190IN Width 510IN Intro Christopher Janaway Author Christopher Janaway Author Friedrich Nietzsche Intro Dirk R Johnson Author Friedrich Wilhelm Nietzsche Author Tom Butler Bowdon Ed Tom ButlerBowdon 1399 New Hardcover Ships in 1 to 3 days Qty Store 3 Burnside Receive an email when this ISBN is available used More copies of this ISBN New Hardcover 1599 1 LOCOK 1 LOCOK LOCCancel 1 LOCOK LOCCancel 1 LOCOK 1 LOCOK LOCCancel 1 LOCOK LOCCancel 1 LOCOK 1 LOCOK LOCCancel 1 LOCOK LOCCancel 1 LOCOK 1 LOCOK LOCCancel 1 LOCOK LOCCancel Help Guarantee My Account Careers About Us Security Wish List Partners Contact Us Shipping Transparency ACT MRF Sitemap  2022 POWELLSCOM Terms 1 LOCOK 1 LOCOK LOCCancel 1 LOCOK LOCCancel 1 LOCOK 1 LOCOK LOCCancel 1 LOCOK LOCCancel 1 LOCOK 1 LOCOK LOCCancel 1 LOCOK LOCCancel 1 LOCOK 1 LOCOK LOCCancel 1 LOCOK LOCCancel"}