{"Title": " The Vegan Chinese Kitchen: Recipes and Modern Stories from a Thousand Year Old Tradition: A Cookbook ", "Author": "Hannah Che", "Cover Page": "https://powells-covers-2.s3.amazonaws.com/9780593139707.jpg", "ISBN10": "0593139704  \n", "ISBN13": "9780593139707", "Page URL": "https://powells.com/book/the-vegan-chinese-kitchen-9780593139707", "raw_text": "The Vegan Chinese Kitchen Recipes and Modern Stories from a ThousandYearOld Tradition A Cookbook Hannah Che Hardcover 9780593139707 Powells Books Cart   my account  wish list  help  8008787323 Hello\n Login MENU Browse New Arrivals Bestsellers Featured Preorders Award Winners Audio Books See All Subjects Used Staff Picks Staff Picks Picks of the Month Bookseller Displays 50 Books for 50 Years 25 Best 21st Century SciFi  Fantasy 25 PNW Books to Read Before You Die 25 Books From the 21st Century 25 Memoirs to Read Before You Die 25 Global Books to Read Before You Die 25 Women to Read Before You Die 25 Books to Read Before You Die Gifts Gift Cards  eGift Cards Powells Souvenirs Journals and Notebooks socks Games Sell Books Blog Events Find A Store Dont Miss BIG SALE 20 off sitewide Picks of the Season What Im Giving Great Gifts Under 25 Best Books of 2022 Powells Author Events Oregon Battle of the Books Audio Books Visit Our Stores Powells Books 14 Gift Ideas From 14 of Our Favorite Authors 0 comment Every year Powells reaches out to some of our favorite authors for some muchneeded giftgiving inspiration Below are 14 writerapproved recommendations to help you find the perfect book for even your mostdifficulttobuyfor loved one Read More  Powells Staff Best Books of 2022 Fiction 1 comment Kelsey Ford 6 Haunting Native American Horror Books 1 comment 1 LOCOK 1 LOCOK LOCCancel 1 LOCOK LOCCancel The Vegan Chinese Kitchen Recipes and Modern Stories from a Thousand Year Old Tradition A Cookbook by Hannah Che Comment on this title Synopses  Reviews ISBN13 9780593139707 ISBN10 0593139704 All Product Details View Larger Image View Larger Images 3500 New Hardcover Ships in 1 to 3 days Qty Store 23 Burnside 11 Cedar Hills 14 Hawthorne 12 Local Warehouse From Powellscom Picks of the Season Discover new releases and undertheradar gems for adults and kids Synopses  Reviews Publisher Comments 100 fresh plantbased umamipacked recipes that show the range of traditional and modern Chinese vegan cuisine from the creator of The PlantBased Wok When Hannah Che decided to become a vegan she worried that it would separate her from the traditions and food that her Chinese family celebrated But that was before she learned about zhai cai  the plantbased Chinese cuisine that emphasizes umamirich ingredients and can be traced back over centuries to Buddhist temple kitchens In The Vegan Chinese Kitchen  through gorgeous photography stories and recipes Hannah Che shows us the magic of this highly developed and creative tradition in which nearly every dish in the Chinese repertoire can be replicated in a meatless way such as Blistered DryFried String Beans or Sweet and Sour Tofu Youll also find recipes that are naturally plantbased and as irresistible as they are nourishing such as flaky scallion pancakes corn stirfried with peppers and pine nuts or pea shoots braised in a velvety mushroom broth made with sesameoil roux This book will delight vegans vegetarians and omnivores alike inviting you to explore a whole world of flavors and ingredients Review Rich visuals history stories and recipes make this the goto cookbook for vegan Chinese cooking and will likely become a favorite for all levels of cooks and vegetarians Library Journal Starred Review Review An invigorating collection of recipes that put a plantbased spin on the dishes of her heritage The Chinese word for vegetarian su  connotes foods that are simple quiet and plainly unadorned exemplified here by delectable dishes Publishers Weekly Starred Review About the Author Hannah Che is a cook writer and photographer based in Portland Oregon Born and raised in Detroit Michigan she lived in China for several years with her family and most recently spent a year traveling throughout China and Taiwan training as a chef at the Guangzhou Vegetarian Culinary School She is the creator of the blog The PlantBased Wok  What Our Readers Are Saying Be the first to share your thoughts on this title Product Details ISBN 9780593139707 Binding Hardcover Publication date 09132022 Publisher PENGUIN RANDOM HOUSE Pages 320 Height 110IN Width 800IN Author Hannah Che 3500 New Hardcover Ships in 1 to 3 days Qty Store 23 Burnside 11 Cedar Hills 14 Hawthorne 12 Local Warehouse Receive an email when this ISBN is available used 1 LOCOK 1 LOCOK LOCCancel 1 LOCOK LOCCancel 1 LOCOK 1 LOCOK LOCCancel 1 LOCOK LOCCancel 1 LOCOK 1 LOCOK LOCCancel 1 LOCOK LOCCancel 1 LOCOK 1 LOCOK LOCCancel 1 LOCOK LOCCancel Help Guarantee My Account Careers About Us Security Wish List Partners Contact Us Shipping Transparency ACT MRF Sitemap  2022 POWELLSCOM Terms 1 LOCOK 1 LOCOK LOCCancel 1 LOCOK LOCCancel 1 LOCOK 1 LOCOK LOCCancel 1 LOCOK LOCCancel 1 LOCOK 1 LOCOK LOCCancel 1 LOCOK LOCCancel 1 LOCOK 1 LOCOK LOCCancel 1 LOCOK LOCCancel"}