{"Title": " Well-Read Black Girl: Finding Our Stories, Discovering Ourselves ", "Author": "Glory Edim", "Cover Page": "https://powells-covers-2.s3.amazonaws.com/9780525619772.jpg", "ISBN10": "0525619771  \n", "ISBN13": "9780525619772", "Page URL": "https://www.powells.com/book/wellread-black-girl-9780525619772/1-9", "raw_text": "WellRead Black Girl Finding Our Stories Discovering Ourselves Glory Edim Hardcover 9780525619772 Powells Books Cart   my account  wish list  help  8008787323 Hello\n Login MENU Browse New Arrivals Bestsellers Featured Preorders Award Winners Audio Books See All Subjects Used Staff Picks Staff Picks Picks of the Month Bookseller Displays 50 Books for 50 Years 25 Best 21st Century SciFi  Fantasy 25 PNW Books to Read Before You Die 25 Books From the 21st Century 25 Memoirs to Read Before You Die 25 Global Books to Read Before You Die 25 Women to Read Before You Die 25 Books to Read Before You Die Gifts Gift Cards  eGift Cards Powells Souvenirs Journals and Notebooks socks Games Sell Books Blog Events Find A Store Dont Miss BIG SALE 20 off sitewide Picks of the Season What Im Giving Great Gifts Under 25 Best Books of 2022 Powells Author Events Oregon Battle of the Books Audio Books Visit Our Stores Powells Books 14 Gift Ideas From 14 of Our Favorite Authors 0 comment Every year Powells reaches out to some of our favorite authors for some muchneeded giftgiving inspiration Below are 14 writerapproved recommendations to help you find the perfect book for even your mostdifficulttobuyfor loved one Read More  Powells Staff Best Books of 2022 Fiction 1 comment Kelsey Ford 6 Haunting Native American Horror Books 1 comment 1 LOCOK 1 LOCOK LOCCancel 1 LOCOK LOCCancel WellRead Black Girl Finding Our Stories Discovering Ourselves by Glory Edim Comment on this title Synopses  Reviews ISBN13 9780525619772 ISBN10 0525619771 Condition Standard All Product Details View Larger Image View Larger Images 1395 List Price 2000 Used Hardcover Ships in 1 to 3 days Qty Store 1 Burnside 3 Hawthorne 1 Local Warehouse From Powellscom Black History Month Staff recommendations guest essays and curated reading lists Synopses  Reviews Publisher Comments An inspiring collection of essays by black women writers curated by the founder of the popular book club WellRead Black Girl on the importance of recognizing ourselves in literature Yes WellRead Black Girl is as good as it soundsGlory Edim gathers an allstar cast of contributorsamong them Lynn Nottage Jesmyn Ward and Gabourey Sidibe O The Oprah Magazine 10 Books to be Thankful for This November Remember that moment when you first encountered a character who seemed to be written just for you That feeling of belonging remains with readers the rest of their livesbut not everyone regularly sees themselves in the pages of a book In this timely anthology Glory Edim brings together original essays by some of our best black women writers to shine a light on how important it is that we allregardless of gender race religion or abilityhave the opportunity to find ourselves in literature Contributors include Jesmyn Ward  Sing Unburied Sing  Lynn Nottage  Sweat  Jacqueline Woodson  Another Brooklyn  Gabourey Sidibe  This Is Just My Face  Morgan Jerkins  This Will Be My Undoing  Tayari Jones  An American Marriage  Rebecca Walker  Black White and Jewish  and Barbara Smith  Home Girls A Black Feminist Anthology  Whether its learning about the complexities of femalehood from Zora Neale Hurston and Toni Morrison finding a new type of love in The Color Purple  or using mythology to craft an alternative black future the subjects of each essay remind us why we turn to books in times of both struggle and relaxation As she has done with her book clubturnedonline community WellRead Black Girl in this anthology Glory Edim has created a space in which black womens writing and knowledge and life experiences are lifted up to be shared with all readers who value the power of a story to help us understand the world and ourselves Review Glory Edim has curated a brilliant collection of essential American reading for the twentyfirstcentury reader This book is smart powerful and complete Min Jin Lee author of the National Book Award finalist Pachinko and Free Food for Millionaires Review A wonderful collection of essays Essence Review Each essay can be read as a dispatch from the vast and wonderfully complex location that is black girlhood and womanhood    They present literary encounters that may at times seem private and ordinarybut are no less monumental in their impact The Washington Post About the Author Glory Edim is the founder of WellRead Black Girl a Brooklynbased book club and digital platform that celebrates the uniqueness of Black literature and sisterhood In fall 2017 she organized the firstever WellRead Black Girl Festival She has worked as a creative strategist for over ten years at startups and cultural institutions Most recently she was the Publishing Outreach Specialist at Kickstarter She serves on the board of New York Citys Housing Works Bookstore What Our Readers Are Saying Be the first to share your thoughts on this title Product Details ISBN 9780525619772 Binding Hardcover Publication date 10302018 Publisher BALLANTINE BOOKS Pages 272 Height 90IN Width 560IN Illustration Yes Author Glory Edim 1395 List Price 2000 Used Hardcover Ships in 1 to 3 days Qty Store 1 Burnside 3 Hawthorne 1 Local Warehouse More copies of this ISBN New Hardcover 2000 Used Hardcover 898 1 LOCOK 1 LOCOK LOCCancel 1 LOCOK LOCCancel 1 LOCOK 1 LOCOK LOCCancel 1 LOCOK LOCCancel 1 LOCOK 1 LOCOK LOCCancel 1 LOCOK LOCCancel 1 LOCOK 1 LOCOK LOCCancel 1 LOCOK LOCCancel Help Guarantee My Account Careers About Us Security Wish List Partners Contact Us Shipping Transparency ACT MRF Sitemap  2022 POWELLSCOM Terms 1 LOCOK 1 LOCOK LOCCancel 1 LOCOK LOCCancel 1 LOCOK 1 LOCOK LOCCancel 1 LOCOK LOCCancel 1 LOCOK 1 LOCOK LOCCancel 1 LOCOK LOCCancel 1 LOCOK 1 LOCOK LOCCancel 1 LOCOK LOCCancel"}