{"Title": " Dance Me a Story: Twelve Tales from the Classic Ballets ", "Author": "Jane Rosenberg", "Cover Page": "https://powells-covers-2.s3.amazonaws.com/9780500277393.jpg", "ISBN10": "0500277397  \n", "ISBN13": "9780500277393", "Page URL": "https://powells.com/book/dance-me-a-story-9780500277393", "raw_text": "Dance Me a Story  Jane Rosenberg Trade Paperback 9780500277393 Powells Books Cart   my account  wish list  help  8008787323 Hello\n Login MENU Browse New Arrivals Bestsellers Featured Preorders Award Winners Audio Books See All Subjects Used Staff Picks Staff Picks Picks of the Month Bookseller Displays 50 Books for 50 Years 25 Best 21st Century SciFi  Fantasy 25 PNW Books to Read Before You Die 25 Books From the 21st Century 25 Memoirs to Read Before You Die 25 Global Books to Read Before You Die 25 Women to Read Before You Die 25 Books to Read Before You Die Gifts Gift Cards  eGift Cards Powells Souvenirs Journals and Notebooks socks Games Sell Books Blog Events Find A Store Dont Miss BIG SALE 20 off sitewide Picks of the Season What Im Giving Great Gifts Under 25 Best Books of 2022 Powells Author Events Oregon Battle of the Books Audio Books Visit Our Stores Powells Books 14 Gift Ideas From 14 of Our Favorite Authors 0 comment Every year Powells reaches out to some of our favorite authors for some muchneeded giftgiving inspiration Below are 14 writerapproved recommendations to help you find the perfect book for even your mostdifficulttobuyfor loved one Read More  Powells Staff Best Books of 2022 Fiction 1 comment Kelsey Ford 6 Haunting Native American Horror Books 1 comment 1 LOCOK 1 LOCOK LOCCancel 1 LOCOK LOCCancel Dance Me a Story Twelve Tales from the Classic Ballets by Jane Rosenberg Comment on this title Synopses  Reviews ISBN13 9780500277393 ISBN10 0500277397 Condition Standard All Product Details View Larger Image View Larger Images 750 List Price 1995 Used Trade Paperback Ships in 1 to 3 days Qty Store 1 Burnside 1 Local Warehouse Synopses  Reviews Publisher Comments Jane Rosenbergs delightful retellings for children of the greatest balletswhether the tales are read as introductions to a ballet or to relive a production already seen art and text combine to give a clear understanding of plot scene and character Young children in particular will enjoy reading the storiesor having them readboth as lovely fairy tales and to help them share in the magic of a real dramatic performance Here are the romantic arabesques of Giselle and the classical attitudes of The Sleeping Beauty  Sets costumes and lighting are recreated to give the true flavor of authentic productions and to approximate as fully as possible the experience of attending the ballet oneself Synopsis Here are the romantic arabesques of Giselle and the classical attitudes of The Sleeping Beauty  Sets costumes and lighting are recreated to give the true flavor of authentic productions and to approximate as fully as possible the experience of attending the ballet oneself Synopsis A beautiful guide    The richly detailed watercolor illustrations    evoke the mood and atmosphere of each ballet Prima Ballerina About the Author Jane Rosenberg is an author and illustrator and lives in Los Angeles Jane Rosenberg is an author and illustrator and lives in Los Angeles What Our Readers Are Saying Be the first to share your thoughts on this title Product Details ISBN 9780500277393 Binding Trade Paperback Publication date 04041995 Publisher Thames  Hudson Language English Pages 128 Height 41IN Width 944IN Thickness 75 Age Range 6 to 8 Grade Range 1 to 3 Number of Units 1 Illustration Yes Copyright Year 1995 UPC Code 2800500277395 Author Merrill Ashley Author Jane Rosenberg Author Merrill Ashley Author Jane Rosenberg Subject Dancing Subject Performing arts Subject Children sGeneral Subject Dance 750 List Price 1995 Used Trade Paperback Ships in 1 to 3 days Qty Store 1 Burnside 1 Local Warehouse 1 LOCOK 1 LOCOK LOCCancel 1 LOCOK LOCCancel 1 LOCOK 1 LOCOK LOCCancel 1 LOCOK LOCCancel 1 LOCOK 1 LOCOK LOCCancel 1 LOCOK LOCCancel 1 LOCOK 1 LOCOK LOCCancel 1 LOCOK LOCCancel Help Guarantee My Account Careers About Us Security Wish List Partners Contact Us Shipping Transparency ACT MRF Sitemap  2022 POWELLSCOM Terms 1 LOCOK 1 LOCOK LOCCancel 1 LOCOK LOCCancel 1 LOCOK 1 LOCOK LOCCancel 1 LOCOK LOCCancel 1 LOCOK 1 LOCOK LOCCancel 1 LOCOK LOCCancel 1 LOCOK 1 LOCOK LOCCancel 1 LOCOK LOCCancel"}