{"Title": " Empire of Pain: The Secret History of the Sackler Dynasty ", "Author": "Patrick Radden Keefe", "Cover Page": "https://powells-covers-2.s3.amazonaws.com/9780385545686.jpg", "ISBN10": "0385545681  \n", "ISBN13": "9780385545686", "Page URL": "https://powells.com/book/empire-of-pain-9780385545686", "raw_text": "Empire of Pain The Secret History of the Sackler Dynasty Patrick Radden Keefe Hardcover 9780385545686 Powells Books Cart   my account  wish list  help  8008787323 Hello\n Login MENU Browse New Arrivals Bestsellers Featured Preorders Award Winners Audio Books See All Subjects Used Staff Picks Staff Picks Picks of the Month Bookseller Displays 50 Books for 50 Years 25 Best 21st Century SciFi  Fantasy 25 PNW Books to Read Before You Die 25 Books From the 21st Century 25 Memoirs to Read Before You Die 25 Global Books to Read Before You Die 25 Women to Read Before You Die 25 Books to Read Before You Die Gifts Gift Cards  eGift Cards Powells Souvenirs Journals and Notebooks socks Games Sell Books Blog Events Find A Store Dont Miss BIG SALE 20 off sitewide Picks of the Season What Im Giving Great Gifts Under 25 Best Books of 2022 Powells Author Events Oregon Battle of the Books Audio Books Visit Our Stores Powells Books 14 Gift Ideas From 14 of Our Favorite Authors 0 comment Every year Powells reaches out to some of our favorite authors for some muchneeded giftgiving inspiration Below are 14 writerapproved recommendations to help you find the perfect book for even your mostdifficulttobuyfor loved one Read More  Powells Staff Best Books of 2022 Fiction 1 comment Kelsey Ford 6 Haunting Native American Horror Books 1 comment 1 LOCOK 1 LOCOK LOCCancel 1 LOCOK LOCCancel Empire of Pain The Secret History of the Sackler Dynasty by Patrick Radden Keefe Comment on this title Synopses  Reviews View Video ISBN13 9780385545686 ISBN10 0385545681 Condition Standard DustJacket Standard All Product Details View Larger Image View Larger Images 2300 List Price 3250 Used Hardcover Ships in 1 to 3 days Qty Store 1 Burnside Staff Pick Patrick Radden Keefe reports the story of the family that has profited enormously from the nations opiate epidemic Most coverage of the epidemic focuses on the desperation and misery of the countrys worst off Empire of Pain instead turns its lens on the culpability of extreme wealth and power Recommended By Keith M Powellscom Synopses  Reviews Publisher Comments A grand devastating portrait of three generations of the Sackler family famed for their philanthropy whose fortune was built by Valium and whose reputation was destroyed by OxyContin by the prizewinning bestselling author of Say Nothing The Sackler name adorns the walls of many storied institutions  Harvard the Metropolitan Museum of Art Oxford the Louvre They are one of the richest families in the world known for their lavish donations to the arts and the sciences The source of the family fortune was vague however until it emerged that the Sacklers were responsible for making and marketing a blockbuster painkiller that was the catalyst for the opioid crisis Empire of Pain begins with the story of three doctor brothers Raymond Mortimer and the incalculably energetic Arthur who weathered the poverty of the Great Depression and appalling antiSemitism Working at a barbaric mental institution Arthur saw a better way and conducted groundbreaking research into drug treatments He also had a genius for marketing especially for pharmaceuticals and bought a small ad firm Arthur devised the marketing for Valium and built the first great Sackler fortune He purchased a drug manufacturer Purdue Frederick which would be run by Raymond and Mortimer The brothers began collecting art and wives and grand residences in exotic locales Their children and grandchildren grew up in luxury Forty years later Raymonds son Richard ran the familyowned Purdue The template Arthur Sackler created to sell Valium  coopting doctors influencing the FDA downplaying the drugs addictiveness  was employed to launch a far more potent product OxyContin The drug went on to generate some thirtyfive billion dollars in revenue and to launch a public health crisis in which hundreds of thousands would die This is the saga of three generations of a single family and the mark they would leave on the world a tale that moves from the bustling streets of early twentiethcentury Brooklyn to the seaside palaces of Greenwich Connecticut and Cap dAntibes to the corridors of power in Washington DC Empire of Pain chronicles the multiple investigations of the Sacklers and their company and the scorchedearth legal tactics that the family has used to evade accountability The history of the Sackler dynasty is rife with drama  baroque personal lives bitter disputes over estates fistfights in boardrooms glittering art collections Machiavellian courtroom maneuvers and the calculated use of money to burnish reputations and crush the less powerful Empire of Pain is a masterpiece of narrative reporting and writing exhaustively documented and ferociously compelling It is a portrait of the excesses of Americas second Gilded Age a study of impunity among the super elite and a relentless investigation of the naked greed and indifference to human suffering that built one of the worlds great fortunes Video Watch the Powells virtual event with Patrick Radden Keefe and Lydia Polgreen About the Author Patrick Radden Keefe is a staff writer at The New Yorker and the author most recently of the New York Times bestseller Say Nothing A True Story of Murder and Memory in Northern Ireland  which received the National Book Critics Circle Award for Nonfiction was selected as one of the ten best books of 2019 by The New York Times Book Review  The Washington Post  the Chicago Tribune and The Wall Street Journal  and was named one of the 10 Best Nonfiction Books of the Decade by Entertainment Weekly  His previous books are The Snakehead and Chatter  His work has been recognized with a Guggenheim Fellowship the National Magazine Award for Feature Writing and the Orwell Prize for Political Writing He is also the creator and host of the eightpart podcast Wind of Change  What Our Readers Are Saying Be the first to share your thoughts on this title Product Details ISBN 9780385545686 Binding Hardcover Publication date 04132021 Publisher BANTAM DOUBLEDAY DELL Pages 560 Author Patrick Radden Keefe 2300 List Price 3250 Used Hardcover Ships in 1 to 3 days Qty Store 1 Burnside More copies of this ISBN New Hardcover 3250 1 LOCOK 1 LOCOK LOCCancel 1 LOCOK LOCCancel 1 LOCOK 1 LOCOK LOCCancel 1 LOCOK LOCCancel 1 LOCOK 1 LOCOK LOCCancel 1 LOCOK LOCCancel 1 LOCOK 1 LOCOK LOCCancel 1 LOCOK LOCCancel Help Guarantee My Account Careers About Us Security Wish List Partners Contact Us Shipping Transparency ACT MRF Sitemap  2022 POWELLSCOM Terms 1 LOCOK 1 LOCOK LOCCancel 1 LOCOK LOCCancel 1 LOCOK 1 LOCOK LOCCancel 1 LOCOK LOCCancel 1 LOCOK 1 LOCOK LOCCancel 1 LOCOK LOCCancel 1 LOCOK 1 LOCOK LOCCancel 1 LOCOK LOCCancel"}