{"Title": " American Sign Language Puzzle Book The Fun Way to Learn to Sign ", "Author": "Justin Segal", "Cover Page": "https://covers.powells.com/9780071413541.jpg", "ISBN10": "0071413545  \n", "ISBN13": "9780071413541", "Page URL": "https://powells.com/book/american-sign-language-puzzle-book-the-fun-way-to-learn-to-sign-9780071413541", "raw_text": "American Sign Language Puzzle Book The Fun Way to Learn to Sign Justin Segal Trade Paperback 9780071413541 Powells Books Cart   my account  wish list  help  8008787323 Hello\n Login MENU Browse New Arrivals Bestsellers Featured Preorders Award Winners Audio Books See All Subjects Used Staff Picks Staff Picks Picks of the Month Bookseller Displays 50 Books for 50 Years 25 Best 21st Century SciFi  Fantasy 25 PNW Books to Read Before You Die 25 Books From the 21st Century 25 Memoirs to Read Before You Die 25 Global Books to Read Before You Die 25 Women to Read Before You Die 25 Books to Read Before You Die Gifts Gift Cards  eGift Cards Powells Souvenirs Journals and Notebooks socks Games Sell Books Blog Events Find A Store Dont Miss BIG SALE 20 off sitewide Picks of the Season What Im Giving Great Gifts Under 25 Best Books of 2022 Powells Author Events Oregon Battle of the Books Audio Books Visit Our Stores Powells Books 14 Gift Ideas From 14 of Our Favorite Authors 0 comment Every year Powells reaches out to some of our favorite authors for some muchneeded giftgiving inspiration Below are 14 writerapproved recommendations to help you find the perfect book for even your mostdifficulttobuyfor loved one Read More  Powells Staff Best Books of 2022 Fiction 1 comment Kelsey Ford 6 Haunting Native American Horror Books 1 comment 1 LOCOK 1 LOCOK LOCCancel 1 LOCOK LOCCancel American Sign Language Puzzle Book The Fun Way to Learn to Sign by Justin Segal Comment on this title Synopses  Reviews ISBN13 9780071413541 ISBN10 0071413545 All Product Details View Larger Image View Larger Images 1800 New Trade Paperback Available at a Remote Warehouse Ships separately from other items Additional shipping charges may apply Not available for In Store Pickup More Info Qty Store 20 Remote Warehouse Synopses  Reviews Publisher Comments The fun way to learn to sign Whether youre learning American Sign Language for the first time or just brushing up on your skills enjoy a break from serious study with this lively collection of puzzles and games Based on the bestselling American Sign Language Phrase Book  this engaging selection of crosswords scrambles pyramids and more offers fun options for testing your knowledge and building your vocabulary Follow the clear illustrations to practice recognizing signs and communicating on topics ranging from health and clothing to time and money Puzzles of varying degrees of difficulty allow you to ease into the action with a simple fillintheblank or dive headlong into a challenging word search Special features of The American Sign Language Puzzle Book include A variety of puzzlesword searches matching games crosswords and more Detailed drawings of exact signing movements including placement direction and repetition A stepbystep introduction to reading the illustrations and duplicating the motions Puzzles that test the ability to construct phrases with correct sign order A complete answer key for checking selftest results Whether you are an ASL hobbyist or a devotee whether you sign regularly or have limited opportunity to do so The American Sign Language Puzzle Book provides a fun and functional way to let practice make perfect Justin Segal is an author and designer of puzzle books and a student of ASL Lou Fant was a leading expert in the field of sign language and author of the acclaimed The American Sign Phrase Book  The son of deaf parents he pursued a successful career as teacher interpreter sign language coach and actor Synopsis An essential accompaniment to the bestselling The American Sign Language Phrase Book  The American Sign Language Puzzle Book is an entertaining way for anyone learning to sign to test and build his or her knowledge Featuring topics such as Everyday Expressions Health Clothing Numbers Time and Money The American Sign Language Puzzle Book incorporates an engaging variety of puzzle types including scramble puzzles word searches matching puzzles and crosswords which are all complemented by exceptionally clear and helpful illustrations About the Author Justin Segal is an author and designer of puzzle books and a student of ASL Lou Fant was a leading expert in the field of sign language and author of the acclaimed The American Sign Phrase Book  The son of deaf parents he pursued a successful career as teacher interpreter sign language coach and actor What Our Readers Are Saying Be the first to share your thoughts on this title Product Details ISBN 9780071413541 Binding Trade Paperback Publication date 04242003 Publisher MCGRAW HILL COMPANIES Pages 160 Height 35IN Width 824IN Thickness 50 Number of Units 1 Copyright Year 2003 Series Volume 010 UPC Code 2800071413543 Author Lou Fant Illustrator Betty C Miller Author Justin Segal Subject American Sign Language  Study and teaching Subject American sign language Subject Study and teaching Subject Foreign LanguagesAmerican Sign Language 1800 New Trade Paperback Available at a Remote Warehouse Ships separately from other items Additional shipping charges may apply Not available for In Store Pickup More Info Qty Store 20 Remote Warehouse Receive an email when this ISBN is available used 1 LOCOK 1 LOCOK LOCCancel 1 LOCOK LOCCancel 1 LOCOK 1 LOCOK LOCCancel 1 LOCOK LOCCancel 1 LOCOK 1 LOCOK LOCCancel 1 LOCOK LOCCancel 1 LOCOK 1 LOCOK LOCCancel 1 LOCOK LOCCancel Help Guarantee My Account Careers About Us Security Wish List Partners Contact Us Shipping Transparency ACT MRF Sitemap  2022 POWELLSCOM Terms 1 LOCOK 1 LOCOK LOCCancel 1 LOCOK LOCCancel 1 LOCOK 1 LOCOK LOCCancel 1 LOCOK LOCCancel 1 LOCOK 1 LOCOK LOCCancel 1 LOCOK LOCCancel 1 LOCOK 1 LOCOK LOCCancel 1 LOCOK LOCCancel"}