{"Title": " Architecture of Happiness ", "Author": "Alain De Botton", "Cover Page": "https://covers.powells.com/9780307277244.jpg", "ISBN10": "0307277240  \n", "ISBN13": "9780307277244", "Page URL": "https://www.powells.com/book/architecture-of-happiness-9780307277244/1-0", "raw_text": "Architecture of Happiness Alain De Botton Trade Paperback 9780307277244 Powells Books Cart   my account  wish list  help  8008787323 Hello\n Login MENU Browse New Arrivals Bestsellers Featured Preorders Award Winners Audio Books See All Subjects Used Staff Picks Staff Picks Picks of the Month Bookseller Displays 50 Books for 50 Years 25 Best 21st Century SciFi  Fantasy 25 PNW Books to Read Before You Die 25 Books From the 21st Century 25 Memoirs to Read Before You Die 25 Global Books to Read Before You Die 25 Women to Read Before You Die 25 Books to Read Before You Die Gifts Gift Cards  eGift Cards Powells Souvenirs Journals and Notebooks socks Games Sell Books Blog Events Find A Store Dont Miss BIG SALE 20 off sitewide Picks of the Season What Im Giving Great Gifts Under 25 Best Books of 2022 Powells Author Events Oregon Battle of the Books Audio Books Visit Our Stores Powells Books 14 Gift Ideas From 14 of Our Favorite Authors 0 comment Every year Powells reaches out to some of our favorite authors for some muchneeded giftgiving inspiration Below are 14 writerapproved recommendations to help you find the perfect book for even your mostdifficulttobuyfor loved one Read More  Powells Staff Best Books of 2022 Fiction 1 comment Kelsey Ford 6 Haunting Native American Horror Books 1 comment 1 LOCOK 1 LOCOK LOCCancel 1 LOCOK LOCCancel Architecture of Happiness by Alain De Botton Comment on this title Synopses  Reviews ISBN13 9780307277244 ISBN10 0307277240 All Product Details View Larger Image View Larger Images 2000 New Trade Paperback Ships in 1 to 3 days Qty Store 11 Burnside 3 Hawthorne Synopses  Reviews Publisher Comments I The Significance of Architecture 1 A terraced house on a treelined street Earlier today the house rang with the sound of childrens cries and adult voices but since the last occupant took off with her satchel a few hours ago it has been left to sample the morning by itself The sun has risen over the gables of the buildings opposite and now washes through the ground floor windows painting the interior walls a buttery yellow and warming the grainyred brick fa\u00e7ade Within shafts of sunlight platelets of dust move as if in obedience to the rhythms of a silent waltz From the hallway the low murmur of accelerating traffic can be detected a few blocks away Occasionally the letterbox opens with a rasp to admit a plaintive leaflet The house gives signs of enjoying the emptiness It is rearranging itself after the night clearing its pipes and cracking its joints This dignified and seasoned creature with its coppery veins and wooden feet nestled in a bed of clay has endured much balls bounced against its garden flanks doors slammed in rage headstands attempted along its corridors the weight and sighs of electrical equipment and the probings of inexperienced plumbers into its innards A family of four shelters in it joined by a colony of ants around the foundations and in spring time by broods of robins in the chimney stack It also lends a shoulder to a frail or just indolent sweetpea which leans against the garden wall indulging the peripatetic courtship of a circle of bees The house has grown into a knowledgeable witness It has been party to early seductions it has watched homework being written it has observed swaddled babies freshly arrived from hospital it has been surprised in the middle of the night by whispered conferences in the kitchen It has experienced winter evenings when its windows were as cold as bags of frozen peas and midsummer dusks when its brick walls held the warmth of newly baked bread It has provided not only physical but also psychological sanctuary It has been a guardian of identity Over the years its owners have returned from periods away and on looking around them remembered who they were The flagstones on the ground floor speak of serenity and aged grace while the regularity of the kitchen cabinets offers a model of unintimidating order and discipline The dining table with its waxy tablecloth printed with large buttercups suggests a burst of playfulness which is thrown into relief by a sterner concrete wall nearby Along the stairs small stilllives of eggs and lemons draw attention to the intricacy and beauty of everyday things On a ledge beneath a window a glass jar of cornflowers helps to resist the pull towards dejection On the upper floor a narrow empty room allows space for restorative thoughts to hatch its skylight giving out onto impatient clouds migrating rapidly over cranes and chimney pots Although this house may lack solutions to a great many of its occupants ills its rooms nevertheless give evidence of a happiness to which architecture has made its distinctive contribution 2 Yet a concern for architecture has never been free from a degree of suspicion Doubts have been raised about the subjects seriousness its moral worth and its cost A thoughtprovoking number of the worlds most intelligent people have disdained any interest in decoration and design equating contentment with discarnate and invisible matters instead The Ancient Greek Stoic philosopher Epictetus is said to have demanded of a heartbroken friend whose house had burnt to the ground If you really understand what governs the universe how can you yearn for bits of stone and pretty rock It is unclear how much longer the friendship lasted Legend recounts that after hearing the voice of God the Christian hermit Alexandra sold her house shut herself in a tomb and never looked at the outside world again while her fellow hermit Paul of Scete slept on a blanket on the floor of a windowless mud hut and recited 300 prayers every day suffering only when he heard of another holy man who had managed 700 and slept in a coffin Such austerity has been a historical constant In the spring of 1137 the Cistercian monk St Bernard of Clairvaux travelled all the way around Lake Geneva without noticing it was even there Likewise after four years in his monastery St Bernard could not report whether the dining area had a vaulted ceiling it does or how many windows there were in the sanctuary of his church three On a visit to the Charterhouse of Dauphin\u00e9 St Bernard astonished his hosts by arriving on a magnificent white horse diametrically opposed to the ascetic values he professed but he explained that he had borrowed the animal from a wealthy uncle and had simply failed to register its appearance on a fourday journey across France 3 Nevertheless such determined efforts to scorn visual experience have always been matched by equally persistent attempts to mould the material world to graceful ends People have strained their backs carving flowers into their roof beams and their eyesight embroidering animals onto their tablecloths They have given up weekends to hide unsightly cables behind ledges They have thought carefully about appropriate kitchen worksurfaces They have imagined living in unattainably expensive houses pictured in magazines and then felt sad as one does on passing an attractive stranger in a crowded street We seem divided between an urge to override our senses and numb ourselves to our settings and a contradictory impulse to acknowledge the extent to which our identities are indelibly connected to and will shift along with our locations An ugly room can coagulate any loose suspicions as to the incompleteness of life while a sunlit one set with honeycoloured limestone tiles can lend support to whatever is most hopeful within us Belief in the significance of architecture is premised on the notion that we are for better or for worse different people in different places  and on the conviction that it is architectures task to render vivid to us who we might ideally be 4 We are sometimes eager to celebrate the influence of our surroundings In the living room of a house in the Czech Republic we see an example of how walls chairs and floors can combine to create an atmosphere in which the best sides of us are offered the opportunity to flourish We accept with gratitude the power that a single room can possess But sensitivity to architecture also has its more problematic aspects If one room can alter how we feel if our happiness can hang on the colour of the walls or the shape of a door what will happen to us in most of the places we are forced to look at and inhabit What will we experience in a house with prisonlike windows stained carpet tiles and plastic curtains It is to prevent the possibility of permanent anguish that we can be led to shut our eyes to most of what is around us for we are never far from damp stains and cracked ceilings shattered cities and rusting dockyards We cant remain sensitive indefinitely to environments which we dont have the means to alter for the good  and end up as conscious as we can afford to be Echoing the attitude of Stoic philosophers or St Bernard around Lake Geneva we may find ourselves arguing that ultimately it doesnt much matter what buildings look like what is on the ceiling or how the wall is treated  professions of detachment that stem not so much from an insensitivity to beauty as from a desire to deflect the sadness we would face if we left ourselves open to all of beautys many absences 5 There is no shortage of reasons to be suspicious of the ambition to create great architecture Buildings rarely make palpable the efforts that their construction demands They are coyly silent about the bankruptcies the delays the fear and the dust that they impose A nonchalant appearance is a frequent feature of their charm It is only when we try our own hand at construction that we are initiated into the torments associated with persuading materials and other humans to cooperate with our designs with ensuring that two pieces of glass will be joined in a neat line that a lamp will hang symmetrically over the stairs that a boiler will light up when it should or that concrete pillars will marry a roof without complaint Even when we have attained our goals our buildings have a grievous tendency to fall apart again with precipitate speed It can be hard to walk into a freshly decorated house without feeling preemptively sad at the decay impatiently waiting to begin how soon the walls will crack the white cupboards will yellow and the carpets stain The ruins of the Ancient World offer a mocking lesson for anyone waiting for builders to finish their work How proud the householders of Pompeii must have been In his essay On Transience 1916 Sigmund Freud recalled a walk he took in the Dolomite Mountains with the poet Rainer Maria Rilke It was an exquisite summers day the flowers were in bloom and brightly coloured butterflies danced above the meadows The psychoanalyst was glad to be outdoors it had been raining all week but his companion walked with his head bowed his eyes fixed on the ground and remained taciturn throughout the excursion It wasnt that Rilke was oblivious to the beauty around him he simply could not overlook how impermanent everything was In Freuds words he was unable to forget that all this beauty was fated to extinction that it would vanish when winter came like all human beauty and all the beauty that men have created or may create Freud was unsympathetic for him the capacity to love anything attractive however fragile it might be was a hallmark of psychological health But Rilkes stance though inconvenient helpfully emphasises how it can be those most in thrall to beauty who will be especially aware of and saddened by its ephemeral character Such melancholic enthusiasts will see the moth hole beneath the curtain swatch and the ruin beneath the plan They may at the last moment cancel an appointment with an estate agent having realised that the house under offer as well as the city and even civilisation itself will soon enough be reduced to fragments of shattered brick over which cockroaches will triumphantly crawl They may prefer to rent a room or live in a barrel out of a reluctance to contemplate the slow disintegration of the objects of their love At its apex a passion for architecture may turn us into aesthetes eccentric figures who must watch over their houses with the vigilance of museum guards patrolling their rooms in search of stains a damp cloth or sponge in hand Aesthetes will have no choice but to forgo the company of small children and during dinner with friends will have to ignore the conversation in order to focus on whether someone might lean back and inadvertently leave a headshaped imprint on the wall It would be pleasant to refuse in a muscular spirit to lend stray blemishes genuine significance However aesthetes force us to consider whether happiness may not sometimes turn on the presence or absence of a fingerprint whether in certain situations beauty and ugliness may not lie only a few millimetres apart whether a single mark might not wreck a wall or an errant brush stroke undo a landscape painting We should thank these sensitive spirits for pointing us with theatrical honesty towards the possibility of a genuine antithesis between competing values for example an attachment to beautiful architecture and the pursuit of an exuberant and affectionate family life How wise were the ancient philosophers in suggesting that we exclude from our vision of contentment anything that might one day be covered by lava or blow down in a hurricane succumb to a chocolate smear or absorb a wine stain 6 Architecture is perplexing too in how inconsistent is its capacity to generate the happiness on which its claim to our attention is founded While an attractive building may on occasion flatter an ascending mood there will be times when the most congenial of locations will be unable to dislodge our sadness or misanthropy We can feel anxious and envious even though the floor were standing on has been imported from a remote quarry and finely sculpted window frames have been painted a soothing grey Our inner metronome can be unimpressed by the efforts of workmen to create a fountain or nurture a symmetrical line of oak trees We can fall into a petty argument which ends in threats of divorce in a building by Geoffrey Bawa or Louis Kahn Houses can invite us to join them in a mood which we find ourselves incapable of summoning The noblest architecture can sometimes do less for us than a siesta or an aspirin Those who have made architectural beauty their lifes work know only too well how futile their efforts can prove After an exhaustive study of the buildings of Venice in a moment of depressive lucidity John Ruskin acknowledged that few Venetians in fact seemed elevated by their city perhaps the most beautiful urban tapestry in the world Alongside St Marks Church described by Ruskin in The Stones of Venice as a Book of Common Prayer a vast illuminated missal bound with alabaster instead of parchment studded with porphyry pillars instead of jewels and written within and without in letters of enamel and gold they sat in caf\u00e9s read the papers sunbathed bickered and stole from one another as high on the churchs roof unobserved the images of Christ and His angels looked down upon them Endowed with a power that is as unreliable as it often is inexpressible architecture will always compete poorly with utilitarian demands for humanitys resources How hard it is to make a case for the cost of tearing down and rebuilding a mean but serviceable street How awkward to have to defend in the face of more tangible needs the benefits of realigning a crooked lamppost or replacing an illmatched window frame Beautiful architecture has none of the unambiguous advantages of a vaccine or a bowl of rice Its construction will hence never be raised to a dominant political priority for even if the whole of the manmade world could through relentless effort and sacrifice be modelled to rival St Marks Square even if we could spend the rest of our lives in the Villa Rotonda or the Glass House we would still often be in a bad mood 7 Not only do beautiful houses falter as guarantors of happiness they can also be accused of failing to improve the characters of those who live in them It seems reasonable to suppose that people will possess some of the qualities of the buildings they are drawn to to expect that if they are alive to the charm of an ancient farmhouse with walls made of irregular chiselled stones set in light mortar From the Hardcover edition Review Todd May is something of a legend known for his lively conversational style of discourse and this bookon no less than the meaning of lifeshowcases all of his best features It is engaging and clear with vivid examples from literature and Mays own life It addresses a topic of very broad interest yet it does so in a philosophically sophisticated way Despite Pierre Hadots claim that all ancient philosophy was about the meaning of life there is surprisingly little engagement of the question by contemporary philosophers Mays book fills this void marvelously Review In A Significant Life  May has produced a tour de force It is a thoughtful subtle beautifully written discussion of what it takes to live a meaningful life A careful study of this book will tell you what it takes to make life worth living It is refreshing to encounter someone worrying about such a big question in the smallminded times we live in and an absolute joy to discover that he may actually have provided an answer Review In this eloquent and inspiring book May argues that meaning in life is not given to us by God or the universe nor is it as the existentialists claimed something we invent for ourselves It is found instead in living in accordance with what he calls narrative values which inform and structure our lives as wholes Mays arguments are often illustrated with examples drawn from literature and his writing is frequently lyrical though always accessible The book does not claim to reveal the meaning of life May is a seeker rather than a proselytizer Indeed it is in part because he is not content with simplistic certainties that he is able to offer such wise guidance in our efforts to understand how and why our lives matter Review This is an engaging beautifully written book that grabs the reader from the first pagesomething one cannot often say about a philosophy book More important May has given us a wise humane reflection on one of the central questions of philosophywhat makes for a meaningful life While accessible to a broad audience A Significant Life also makes a significant contribution to the scholarly literature\u00a0I highly recommend it Review Mays book is a thoughtful widely accessible and comprehensive account of meaning in life    As someone well acquainted with work on lifes meaning composed by professional philosophers I have profited from reading Mays book especially his discussion of what can confer substantial meaning on a persons life I especially recommend his work in virtue of it being a good read avoiding technicalities and reflecting on everyday examples with insight It would be ideal to assign for an upperlevel undergraduate course or to share as a gift with reflective friends and family outside the academy Synopsis Bestselling author Alain de Botton considers how our private homes and public edifices influence how we feel and how we could build dwellings in which we would stand a better chance of happiness In this witty erudite look at how we shape and are shaped by our surroundings Alain de Botton applies Stendhals motto that Beauty is the promise of happiness to the spaces we inhabit daily Why should we pay attention to what architecture has to say to us de Botton asks provocatively With his trademark lucidity and humour de Botton traces how human needs and desires have been served by styles of architecture from stately Classical to minimalist Modern arguing that the stylistic choices of a society can represent both its cherished ideals and the qualities it desperately lacks On an individual level de Botton has deep sympathy for our need to see our selves reflected in our surroundings he demonstrates with great wisdom how buildings  just like friends  can serve as guardians of our identity Worrying about the shape of our sofa or the colour of our walls might seem selfindulgent but de Botton considers the hopes and fears we have for our homes at a new level of depth and insight When shopping for furniture or remodelling the kitchen we dont just consider functionality but also the major questions of aesthetics and the philosophy of art What is beauty Can beautiful surroundings make us good Can beauty bring happiness The buildings we find beautiful de Botton concludes are those that represent our ideas of a meaningful life The Architecture of Happiness marks a return to what Alain does best taking on a subject whose allure is at once tantalizing and a little forbidding and offering to readers a completely beguiling and original exploration of the subject As he did with Proust philosophy and travel now he does with architecture Synopsis The Achitecture of Happiness is a dazzling and generously illustrated journey through the philosophy and psychology of architecture and the indelible connection between our identities and our locationsOne of the great but often unmentioned causes of both happiness and misery is the quality of our environment the kinds of walls chairs buildings and streets that surround us And yet a concern for architecture is too often described as frivolous even selfindulgent Alain de Botton starts from the idea that where we are heavily influences who we can be and argues that it is architectures task to stand as an eloquent reminder of our full potential Synopsis Bestselling author de Botton considers how individuals private homes and public edifices influence how they feel and how dwellings could be built in such a way as to promote a sense of happiness Synopsis Philosopher Todd Mays latest book helps readers to find meaning in their lives especially those readers who like Camus do not look to God\u00a0 As Camus says of daily life But then one day the why arises and everything begins in that weariness tinged with amazement To move beyond that weariness tinged with amazement we must look May argues toward a realm of values that inheres in our practices but that we rarely reflect on systematically narrative values\u00a0 Narrative values offer thematic meaning and a sense of worth to the trajectory of our lives The book proceeds in five stages\u00a0 In the first chapter May raises the question of meaningfulness and then rejects the answers he thinks are too easyGod and the universe\u00a0 The second chapter considers and rejects the possibility that happiness is good enough\u00a0 For a life to be meaningful in the sense many of us seek it cannot only feel good to us\u00a0 it must also meet certain more objective criteria of meaningfulness\u00a0 In the third chapter the heart of the book May proposes narrative values as offering those criteria or standards of meaning values such as steadfastness adventurousness or gracefulness\u00a0 In chapter four May contrasts narrative values with both moral values and aesthetic ones and in chapter five May defends the idea that we can have standards or criteria of meaning that are objectivenot simply a matter of personal opinioneven in the absence of God or some foundation upon which to rest our beliefs\u00a0 May reflects on what it is to have a meaningful life and how much or how little comfort we can take from the meaning our lives might express\u00a0 Narrative values do not offer us an assurance that our lives have a cosmic significance and they do not redeem all humankind\u00a0 Instead they give us a framework for reflecting on ourselves that allow us to make sense of and give value to the particular bent of the arc of our lives Synopsis What makes for a good life or a beautiful one or perhaps most important a meaningful one Throughout history most of us have looked to our faith our relationships or our deeds for the answer But in A Significant Life  philosopher Todd May offers an exhilarating new way of thinking about these questions one deeply attuned to life as it actually is a work in progress a journeyand often a narrative Offering moving accounts of his own life and memories alongside rich engagements with philosophers from Aristotle to Heidegger he shows us where to find the significance of our lives in the way we live them May starts by looking at the fundamental fact that life unfolds over time and as it does so it begins to develop certain qualities certain themes Our lives can be marked by intensity curiosity perseverance or many other qualities that become guiding narrative values These values lend meanings to our lives that are distinct frombut also interact withthe universal values we are taught to cultivate such as goodness or happiness Offering a fascinating examination of a broad range of figuresfrom music icon Jimi Hendrix to civil rights leader Fannie Lou Hamer from cyclist Lance Armstrong to The Portrait of a Lady s Ralph Touchett to Claus von Stauffenberg a German officer who tried to assassinate HitlerMay shows that narrative values offer a rich variety of criteria by which to assess a life specific to each of us and yet widely available They offer us a way of reading ourselves who we are and who we might like to be Clearly and eloquently written A Significant Life is a recognition and a comfort a celebration of the deeply human narrative impulse by which we makeeven if we dont realize itmeaning for ourselves It offers a refreshing way to think of an ageold question of quite simply what makes a life worth living About the Author Alain de Botton has published four nonfiction books Status Anxiety  The Art of Travel  How Proust Can Change Your Life  and The Consolations of Philosophy  In February 2003 de Botton was made a Chevalier dans lOrdre des Arts et des Lettres one of Frances highest artistic honours In November of the same year he was awarded the Prix Europ\u00e9en de lEssai Charles Veillon In 2004 Status Anxiety was awarded the prize for the Economics Book of the Year by the Financial Times Germany Cambridgeeducated de Botton now lives in London From the Hardcover edition Table of Contents Contents Introduction Chapter One A Meaningful Life Chapter Two Is Happiness Enough Chapter Three Narrative Values Chapter Four Meaningful Lives Good Lives Beautiful Lives Chapter Five Justifying Ourselves to Ourselves Conclusion Not Everything But Something Suggestions for Further Reading Acknowledgments Endnotes Index Exclusive Essay Read an exclusive essay by Alain de Botton What Our Readers Are Saying Be the first to share your thoughts on this title Product Details ISBN 9780307277244 Binding Trade Paperback Publication date 04082008 Publisher GOLDEN BOOKS Series info Vintage International Pages 288 Height 60IN Width 606IN Thickness 75 Series Vintage Number of Units 1 Illustration Yes Copyright Year 2008 Author Todd May Author Alain de Botton Author Alain Debotton Subject Criticism Subject Architecture  Aesthetics Subject General Philosophy Subject Architecture and society Subject Architecture Subject ARCHITECTURE  Reference 2000 New Trade Paperback Ships in 1 to 3 days Qty Store 11 Burnside 3 Hawthorne More copies of this ISBN Used Trade Paperback 1395 This title in other editions Used Hardcover Starting from 1595 1 LOCOK 1 LOCOK LOCCancel 1 LOCOK LOCCancel 1 LOCOK 1 LOCOK LOCCancel 1 LOCOK LOCCancel 1 LOCOK 1 LOCOK LOCCancel 1 LOCOK LOCCancel 1 LOCOK 1 LOCOK LOCCancel 1 LOCOK LOCCancel Help Guarantee My Account Careers About Us Security Wish List Partners Contact Us Shipping Transparency ACT MRF Sitemap  2022 POWELLSCOM Terms 1 LOCOK 1 LOCOK LOCCancel 1 LOCOK LOCCancel 1 LOCOK 1 LOCOK LOCCancel 1 LOCOK LOCCancel 1 LOCOK 1 LOCOK LOCCancel 1 LOCOK LOCCancel 1 LOCOK 1 LOCOK LOCCancel 1 LOCOK LOCCancel"}