{"Title": " Babylonian Horoscopes ", "Author": "Francesca Rochberg", "Cover Page": "https://covers.powells.com/9780871698810.jpg", "ISBN10": "0871698811  \n", "ISBN13": "9780871698810", "Page URL": "https://powells.com/book/babylonian-horoscopes-9780871698810", "raw_text": "Babylonian Horoscopes  Francesca Rochberg Trade Paperback 9780871698810 Powells Books Cart   my account  wish list  help  8008787323 Hello\n Login MENU Browse New Arrivals Bestsellers Featured Preorders Award Winners Audio Books See All Subjects Used Staff Picks Staff Picks Picks of the Month Bookseller Displays 50 Books for 50 Years 25 Best 21st Century SciFi  Fantasy 25 PNW Books to Read Before You Die 25 Books From the 21st Century 25 Memoirs to Read Before You Die 25 Global Books to Read Before You Die 25 Women to Read Before You Die 25 Books to Read Before You Die Gifts Gift Cards  eGift Cards Powells Souvenirs Journals and Notebooks socks Games Sell Books Blog Events Find A Store Dont Miss BIG SALE 20 off sitewide Picks of the Season What Im Giving Great Gifts Under 25 Best Books of 2022 Powells Author Events Oregon Battle of the Books Audio Books Visit Our Stores Powells Books 14 Gift Ideas From 14 of Our Favorite Authors 0 comment Every year Powells reaches out to some of our favorite authors for some muchneeded giftgiving inspiration Below are 14 writerapproved recommendations to help you find the perfect book for even your mostdifficulttobuyfor loved one Read More  Powells Staff Best Books of 2022 Fiction 1 comment Kelsey Ford 6 Haunting Native American Horror Books 1 comment 1 LOCOK 1 LOCOK LOCCancel 1 LOCOK LOCCancel Babylonian Horoscopes by Francesca Rochberg Comment on this title Synopses  Reviews ISBN13 9780871698810 ISBN10 0871698811 All Product Details View Larger Image View Larger Images 3333 New Trade Paperback Available at a Remote Warehouse Ships separately from other items Additional shipping charges may apply Not available for In Store Pickup More Info Qty Store 20 Remote Warehouse Synopses  Reviews Synopsis Interpretations of heavenly phenomena as signs of the future was a Mesopotamian tradition of great antiquity The practice of Babylonian celestial divination spanning a period from ca 1800 BC to Hellenistic times is known in the form of celestial omens portending the life of the king and the stability of the state Emerging for the first time in the fifth century BC horoscopes reflect the application of the ideal and practice of celestial divination to the life of the individual This is the first complete edition of the extant cuneiform horoscopeswith transcription and philological and astronomical commentary It is the first study to offer a systematic description of the documents as a definable class of Babylonian astronomicalastrological texts What Our Readers Are Saying Be the first to share your thoughts on this title Product Details ISBN 9780871698810 Binding Trade Paperback Publication date 02281998 Publisher American Philosophical Society Series info Transactions of the American Philosophical Society Language English Pages 180 Height 41IN Width 600IN Thickness 41 in LCCN 97044943 Series Transactions of the American Philosophical Society Series Number 88 Number of Units 1 Series Volume 88 UPC Code 2800871698812 Author Francesca Rochberg Subject Astrology AssyroBabylonian Subject Foreign LanguagesArabic Subject Akkadian language  Texts Subject Akkadian language 3333 New Trade Paperback Available at a Remote Warehouse Ships separately from other items Additional shipping charges may apply Not available for In Store Pickup More Info Qty Store 20 Remote Warehouse Receive an email when this ISBN is available used 1 LOCOK 1 LOCOK LOCCancel 1 LOCOK LOCCancel 1 LOCOK 1 LOCOK LOCCancel 1 LOCOK LOCCancel 1 LOCOK 1 LOCOK LOCCancel 1 LOCOK LOCCancel 1 LOCOK 1 LOCOK LOCCancel 1 LOCOK LOCCancel Help Guarantee My Account Careers About Us Security Wish List Partners Contact Us Shipping Transparency ACT MRF Sitemap  2022 POWELLSCOM Terms 1 LOCOK 1 LOCOK LOCCancel 1 LOCOK LOCCancel 1 LOCOK 1 LOCOK LOCCancel 1 LOCOK LOCCancel 1 LOCOK 1 LOCOK LOCCancel 1 LOCOK LOCCancel 1 LOCOK 1 LOCOK LOCCancel 1 LOCOK LOCCancel"}