{"Title": " The Genius of Birds ", "Author": "Jennifer Ackerman", "Cover Page": "https://powells-covers-2.s3.amazonaws.com/9780399563126.jpg", "ISBN10": "0399563121  \n", "ISBN13": "9780399563126", "Page URL": "https://powells.com/book/the-genius-of-birds-9780399563126", "raw_text": "Genius of Birds Jennifer Ackerman Trade Paperback 9780399563126 Powells Books Cart   my account  wish list  help  8008787323 Hello\n Login MENU Browse New Arrivals Bestsellers Featured Preorders Award Winners Audio Books See All Subjects Used Staff Picks Staff Picks Picks of the Month Bookseller Displays 50 Books for 50 Years 25 Best 21st Century SciFi  Fantasy 25 PNW Books to Read Before You Die 25 Books From the 21st Century 25 Memoirs to Read Before You Die 25 Global Books to Read Before You Die 25 Women to Read Before You Die 25 Books to Read Before You Die Gifts Gift Cards  eGift Cards Powells Souvenirs Journals and Notebooks socks Games Sell Books Blog Events Find A Store Dont Miss BIG SALE 20 off sitewide Picks of the Season What Im Giving Great Gifts Under 25 Best Books of 2022 Powells Author Events Oregon Battle of the Books Audio Books Visit Our Stores Powells Books 14 Gift Ideas From 14 of Our Favorite Authors 0 comment Every year Powells reaches out to some of our favorite authors for some muchneeded giftgiving inspiration Below are 14 writerapproved recommendations to help you find the perfect book for even your mostdifficulttobuyfor loved one Read More  Powells Staff Best Books of 2022 Fiction 1 comment Kelsey Ford 6 Haunting Native American Horror Books 1 comment 1 LOCOK 1 LOCOK LOCCancel 1 LOCOK LOCCancel The Genius of Birds by Jennifer Ackerman Comment on this title Synopses  Reviews ISBN13 9780399563126 ISBN10 0399563121 Condition Standard All Product Details View Larger Image View Larger Images 1195 List Price 1800 Used Trade Paperback Ships in 1 to 3 days Qty Store 1 Hawthorne Synopses  Reviews Publisher Comments Birds are astonishingly intelligent creatures According to revolutionary new research some birds rival primates and even humans in their remarkable forms of intelligence In The Genius of Birds  acclaimed author Jennifer Ackerman explores the newly discovered brilliance of birds As she travels around the world to the most cuttingedge frontiers of research  the distant laboratories of Barbados and New Caledonia the great tit communities of the United Kingdom and the bowerbird habitats of Australia the ravaged midAtlantic coast after Hurricane Sandy and the warming mountains of central Virginia and the western states  Ackerman not only tells the story of the recently uncovered genius of birds but also delves deeply into the latest findings about the bird brain itself that are shifting our view of what it means to be intelligent Consider as Ackerman does the Clarks nutcracker a bird that can hide as many as 30000 seeds over dozens of square miles and remember several months later where it put them or the mockingbirds and thrashers species that can store 200 to 2000 different songs in a brain a thousand times smaller than ours But beyond highlighting how birds use their unique genius in technical ways Ackerman points out the impressive social smarts of birds They deceive and manipulate They eavesdrop They give gifts They kiss to console one another They blackmail their parents They alert one another to danger They summon witnesses to the death of a peer They may even grieve This elegant scientific investigation and travelogue weaves personal anecdotes with fascinating science Ackerman delivers an extraordinary story that will both give readers a new appreciation for the exceptional talents of birds and let them discover what birds can reveal about our changing world Richly informative and beautifully written The Genius of Birds celebrates the triumphs of these surprising and fiercely intelligent creatures Review Richly researched The Genius of Birds provides engrossing evidence that will have readers looking at birds in a completely new way The Daily Progress Review Delightful revolutionary and illuminated by the clean curious gaze of an intelligent seeker The Genius of Birds is fueled by awe and always its close cousin deep respect for the condition of life Its a book that demands a moral consideration of the world Rick Bass author of The Ninemile Wolves and For A Little While New and Selected Stories Review Ackerman writes with a light but assured touch her prose rich in fact but economical in delivering it Fans of birds in all their diversity will want to read this one Kirkus Reviews Review Lovely celebratory For all the belittling of bird brains Ackerman shows them to be uniquely impressive machines New York Times Book Review Review A gloriously provocative and highly entertaining book Jennifer Ackerman provides a masterly survey of research in the last two decades that has produced a revolution in our understanding of bird cognition The Genius of Birds is important not only for what it says about birds but also about the human ingenuity entailed in unraveling the mysteries of the avian brain It is at once a book of knowledge but also a work of wonder and an affirmation of the astonishing complexity of our world Wall Street Journal About the Author Jennifer Ackerman has been writing about science nature and human biology for almost three decades Her most recent books include Sex Sleep Eat Drink Dream A Day in the Life of Your Body  AhChoo The Uncommon Life of Your Common Cold  Chance in the House of Fate A Natural History of Heredity  and Notes from the Shore  A contributor to Scientific American  National Geographic  The New York Times  and many other publications Ackerman is the recipient of a National Endowment for the Arts Literature Fellowship in Nonfiction a Bunting Fellowship and a grant from the Alfred P Sloan Foundation 45 2 What Our Readers Are Saying Share your thoughts on this title Average customer rating 45 2 comments  Beecurious  August 31 2020 view all comments by Beecurious This is one I couldnt put down except to look up every fascinating bird in it It will be in my permanent library to read again I highly recommend it to even casual bird watchers Was this comment helpful  Yes  No report this\ncomment  clloop  October 19 2017 view all comments by clloop A very interesting read Filled with interesting facts and theories I appreciate the way the book was broken up into catefgoriestechnical vocal spacial adabtability etc I would suggest this to anyone with an interest in nature or the unique lives of animals Was this comment helpful  Yes  No 11 of 11 readers found this comment helpful report this\ncomment Product Details ISBN 9780399563126 Binding Trade Paperback Publication date 04112017 Publisher PENGUIN RANDOM HOUSE Pages 352 Height 90IN Width 540IN Author Jennifer Ackerman Media Run Time B 1195 List Price 1800 Used Trade Paperback Ships in 1 to 3 days Qty Store 1 Hawthorne More copies of this ISBN New Trade Paperback 1800 Used Trade Paperback Starting from 850 1 LOCOK 1 LOCOK LOCCancel 1 LOCOK LOCCancel 1 LOCOK 1 LOCOK LOCCancel 1 LOCOK LOCCancel 1 LOCOK 1 LOCOK LOCCancel 1 LOCOK LOCCancel 1 LOCOK 1 LOCOK LOCCancel 1 LOCOK LOCCancel Help Guarantee My Account Careers About Us Security Wish List Partners Contact Us Shipping Transparency ACT MRF Sitemap  2022 POWELLSCOM Terms 1 LOCOK 1 LOCOK LOCCancel 1 LOCOK LOCCancel 1 LOCOK 1 LOCOK LOCCancel 1 LOCOK LOCCancel 1 LOCOK 1 LOCOK LOCCancel 1 LOCOK LOCCancel 1 LOCOK 1 LOCOK LOCCancel 1 LOCOK LOCCancel"}