{"Title": " Tony N Tinas Wedding ", "Author": "Artificial Intellige", "Cover Page": "https://powells-covers-2.s3.amazonaws.com/9780573694721.jpg", "ISBN10": "0573694729  \n", "ISBN13": "9780573694721", "Page URL": "https://powells.com/book/tony-n-tinas-wedding-9780573694721", "raw_text": "Tony N Tinas Wedding Artificial Intellige Pamphlet 9780573694721 Powells Books Cart   my account  wish list  help  8008787323 Hello\n Login MENU Browse New Arrivals Bestsellers Featured Preorders Award Winners Audio Books See All Subjects Used Staff Picks Staff Picks Picks of the Month Bookseller Displays 50 Books for 50 Years 25 Best 21st Century SciFi  Fantasy 25 PNW Books to Read Before You Die 25 Books From the 21st Century 25 Memoirs to Read Before You Die 25 Global Books to Read Before You Die 25 Women to Read Before You Die 25 Books to Read Before You Die Gifts Gift Cards  eGift Cards Powells Souvenirs Journals and Notebooks socks Games Sell Books Blog Events Find A Store Dont Miss BIG SALE 20 off sitewide Picks of the Season What Im Giving Great Gifts Under 25 Best Books of 2022 Powells Author Events Oregon Battle of the Books Audio Books Visit Our Stores Powells Books 14 Gift Ideas From 14 of Our Favorite Authors 0 comment Every year Powells reaches out to some of our favorite authors for some muchneeded giftgiving inspiration Below are 14 writerapproved recommendations to help you find the perfect book for even your mostdifficulttobuyfor loved one Read More  Powells Staff Best Books of 2022 Fiction 1 comment Kelsey Ford 6 Haunting Native American Horror Books 1 comment 1 LOCOK 1 LOCOK LOCCancel 1 LOCOK LOCCancel Tony N Tinas Wedding by Artificial Intellige Comment on this title Synopses  Reviews ISBN13 9780573694721 ISBN10 0573694729 All Product Details View Larger Image View Larger Images 1095 New Pamphlet Available at a Remote Warehouse Ships separately from other items Additional shipping charges may apply Not available for In Store Pickup More Info Qty Store 20 Remote Warehouse Synopses  Reviews Synopsis One of the longest running shows in Off Broadway history this delightful evening gives new meaning to the phrase And now for something completely different  Audience members are the guests at the nuptial celebration of Tony Nunzio and Valentina Vitale in all its tacky and hilarious glory Following the church service is a reception where the audience joins the wedding party and their bickering families for a pasta dinner champagne toasts wedding cake and dancing to a five piece band What Our Readers Are Saying Be the first to share your thoughts on this title Product Details ISBN 9780573694721 Binding Pamphlet Publication date 05242017 Publisher SAMUEL FRENCH INC Pages 150 Height 32IN Width 500IN Series Volume 9301 UPC Code 2800573694723 Author Artificial Intellige  Artificial Intelligence Author Nancy Cassaro Subject Weddings  Drama 1095 New Pamphlet Available at a Remote Warehouse Ships separately from other items Additional shipping charges may apply Not available for In Store Pickup More Info Qty Store 20 Remote Warehouse Receive an email when this ISBN is available used 1 LOCOK 1 LOCOK LOCCancel 1 LOCOK LOCCancel 1 LOCOK 1 LOCOK LOCCancel 1 LOCOK LOCCancel 1 LOCOK 1 LOCOK LOCCancel 1 LOCOK LOCCancel 1 LOCOK 1 LOCOK LOCCancel 1 LOCOK LOCCancel Help Guarantee My Account Careers About Us Security Wish List Partners Contact Us Shipping Transparency ACT MRF Sitemap  2022 POWELLSCOM Terms 1 LOCOK 1 LOCOK LOCCancel 1 LOCOK LOCCancel 1 LOCOK 1 LOCOK LOCCancel 1 LOCOK LOCCancel 1 LOCOK 1 LOCOK LOCCancel 1 LOCOK LOCCancel 1 LOCOK 1 LOCOK LOCCancel 1 LOCOK LOCCancel"}