{"Title": " Yes! No!: A First Conversation About Consent ", "Author": "Megan Madison", "Cover Page": "https://powells-covers-2.s3.amazonaws.com/9780593383322.jpg", "ISBN10": "059338332X  \n", "ISBN13": "9780593383322", "Page URL": "https://powells.com/book/yes-no-9780593383322", "raw_text": "Yes No A First Conversation about Consent Megan Madison and Jessica Ralli Other 9780593383322 Powells Books Cart   my account  wish list  help  8008787323 Hello\n Login MENU Browse New Arrivals Bestsellers Featured Preorders Award Winners Audio Books See All Subjects Used Staff Picks Staff Picks Picks of the Month Bookseller Displays 50 Books for 50 Years 25 Best 21st Century SciFi  Fantasy 25 PNW Books to Read Before You Die 25 Books From the 21st Century 25 Memoirs to Read Before You Die 25 Global Books to Read Before You Die 25 Women to Read Before You Die 25 Books to Read Before You Die Gifts Gift Cards  eGift Cards Powells Souvenirs Journals and Notebooks socks Games Sell Books Blog Events Find A Store Dont Miss BIG SALE 20 off sitewide Picks of the Season What Im Giving Great Gifts Under 25 Best Books of 2022 Powells Author Events Oregon Battle of the Books Audio Books Visit Our Stores Powells Books 14 Gift Ideas From 14 of Our Favorite Authors 0 comment Every year Powells reaches out to some of our favorite authors for some muchneeded giftgiving inspiration Below are 14 writerapproved recommendations to help you find the perfect book for even your mostdifficulttobuyfor loved one Read More  Powells Staff Best Books of 2022 Fiction 1 comment Kelsey Ford 6 Haunting Native American Horror Books 1 comment 1 LOCOK 1 LOCOK LOCCancel 1 LOCOK LOCCancel Yes No A First Conversation About Consent by Megan Madison and Jessica Ralli and Isabel Roxas Comment on this title Synopses  Reviews ISBN13 9780593383322 ISBN10 059338332X All Product Details View Larger Image View Larger Images 899 New Board Book Available at a Remote Warehouse Ships separately from other items Additional shipping charges may apply Not available for In Store Pickup More Info Qty Store 2 Remote Warehouse From Powellscom Best Books of 2022 Discover the books that made our 2022 list Staff Pick It is super important to me that my children understand consent I want to keep them safe and help them keep others safe This book does a wonderful job of using age appropriate language and examples to show how to say yes and no I really appreciated the part where they highlight that sometimes a yes can later turn into no And I am so happy they used the proper names for body parts Recommended By Rose H Powellscom Synopses  Reviews Publisher Comments Developed by experts in the fields of early childhood development and activism against injustice this topicdriven book offers clear concrete language and imagery to introduce the concept of consent This book serves to normalize and celebrate the experience of asking for and being asked for permission to do something involving ones body It centers on respect for bodily autonomy and reviews the many ways that one can say or indicate No While young children are avid observers and questioners of their world adults often shut down or postpone conversations on complicated topics because its hard to know where to begin Research shows that talking about issues like race gender and our bodies from the age of two not only helps children understand what they see but also increases selfawareness selfesteem and allows them to recognize and confront things that are unfair like discrimination and prejudice Illustrative art accompanies the simple and interactive text and the backmatter offers additional resources and ideas for extending this discussion Review Affirmative consent bodily autonomy and correct vocabulary for body parts and more including when adults make choices to keep kids safe regardless of whether those kids agree are all addressed in the frank easytounderstand text Booklist About the Author Jessica Ralli is the Coordinator of Early Literacy Programs at Brooklyn Public Library where she develops and manages programming for BPLs awardwinning First Five Years initiative She received her MA in Early Childhood Special Education from Teachers College Columbia University and previously taught in schools childcare centers and museums She has written about early literacy and library services for young children in School Library Journal where she coauthors the First Steps column with Rachel G Payne and has presented on playbased learning at the American Library Association Conference Young Child Expo and the Bank Street Center for Childrens Literature Megan Pamela Ruth Madison is a lifelong student of radical Black feminism and an early childhood educator She holds an MS in early childhood education from Dominican University and a BA in studies in religion from the University of Michigan She is currently pursuing her PhD at Brandeis Universitys Heller School for Social Policy When shes not working on finishing up her dissertation she works as a trainer for the Center for Racial Justice in Education the Human Root and the New York Early Childhood Professional Development Institute facilitating workshops for teachers on race gender and sexuality Isabel Roxas is an authorillustrator micropublisher ceramicist and avid reader She was born in Manila Philippines and was raised on luscious mangoes old wives tales and monsoon moons She now works in the backroom of an art gallery in Manhattan where she writes and illustrates stories designs books and creates small objects in clay and resin Her illustrator credits include picture books Hello Universe by Erin Entrada Kelly 2018 Newbery medal winner Let Me Finish by Minh L\u00ea named an NPR Best Book of 2016 and Day at the Market by May TobiasPapa 2010 winner of the Philippine National Book Award Isabel is the founder of Little Big Time Press where she publishes artist books and zines for children She is also a frequent contributor to Babybug and Ladybug Magazine  Her work has been recognized by American Illustration HOW Magazine  and 3x3 Magazine of Contemporary Illustration  Her debut comic book for young readers The Adventures of Team Pom SQUID HAPPENS  will publish in June 2021 Follow her on Twitter studioroxas and Instagram studioroxas What Our Readers Are Saying Be the first to share your thoughts on this title Product Details ISBN 9780593383322 Binding Board Book Publication date 02012022 Publisher PENGUIN RANDOM HOUSE Pages 36 Height 90IN Width 670IN Age Range 2 to 5 Grade Range P to K Illustration Yes Illustrator Isabel Roxas Author Jessica Ralli Author Megan Madison 899 New Board Book Available at a Remote Warehouse Ships separately from other items Additional shipping charges may apply Not available for In Store Pickup More Info Qty Store 2 Remote Warehouse Receive an email when this ISBN is available used 1 LOCOK 1 LOCOK LOCCancel 1 LOCOK LOCCancel 1 LOCOK 1 LOCOK LOCCancel 1 LOCOK LOCCancel 1 LOCOK 1 LOCOK LOCCancel 1 LOCOK LOCCancel 1 LOCOK 1 LOCOK LOCCancel 1 LOCOK LOCCancel Help Guarantee My Account Careers About Us Security Wish List Partners Contact Us Shipping Transparency ACT MRF Sitemap  2022 POWELLSCOM Terms 1 LOCOK 1 LOCOK LOCCancel 1 LOCOK LOCCancel 1 LOCOK 1 LOCOK LOCCancel 1 LOCOK LOCCancel 1 LOCOK 1 LOCOK LOCCancel 1 LOCOK LOCCancel 1 LOCOK 1 LOCOK LOCCancel 1 LOCOK LOCCancel"}