{"Title": " Paint by Sticker Kids Unicorns & Magic ", "Author": "Workman Publishing", "Cover Page": "https://powells-covers-2.s3.amazonaws.com/9780761193647.jpg", "ISBN10": "0761193642  \n", "ISBN13": "9780761193647", "Page URL": "https://powells.com/book/-9780761193647", "raw_text": "Paint by Sticker Kids Unicorns  Magic Workman Publishing Trade Paperback 9780761193647 Powells Books Cart   my account  wish list  help  8008787323 Hello\n Login MENU Browse New Arrivals Bestsellers Featured Preorders Award Winners Audio Books See All Subjects Used Staff Picks Staff Picks Picks of the Month Bookseller Displays 50 Books for 50 Years 25 Best 21st Century SciFi  Fantasy 25 PNW Books to Read Before You Die 25 Books From the 21st Century 25 Memoirs to Read Before You Die 25 Global Books to Read Before You Die 25 Women to Read Before You Die 25 Books to Read Before You Die Gifts Gift Cards  eGift Cards Powells Souvenirs Journals and Notebooks socks Games Sell Books Blog Events Find A Store Dont Miss BIG SALE 20 off sitewide Picks of the Season What Im Giving Great Gifts Under 25 Best Books of 2022 Powells Author Events Oregon Battle of the Books Audio Books Visit Our Stores Powells Books 14 Gift Ideas From 14 of Our Favorite Authors 0 comment Every year Powells reaches out to some of our favorite authors for some muchneeded giftgiving inspiration Below are 14 writerapproved recommendations to help you find the perfect book for even your mostdifficulttobuyfor loved one Read More  Powells Staff Best Books of 2022 Fiction 1 comment Kelsey Ford 6 Haunting Native American Horror Books 1 comment 1 LOCOK 1 LOCOK LOCCancel 1 LOCOK LOCCancel Paint by Sticker Kids Unicorns  Magic by Workman Publishing Comment on this title Synopses  Reviews ISBN13 9780761193647 ISBN10 0761193642 Condition Standard All Product Details View Larger Image View Larger Images 695 List Price 995 Used Trade Paperback Ships in 1 to 3 days Qty Store 1 Burnside Synopses  Reviews Synopsis Young readers will love creating 10 bright and playful lowpoly pieces of art featuring their favorite magical creatures one sticker at a time The boredombusting fun of coloring meets the joy of paint by number and the interactive pleasure of a sticker book Synopsis Paint a magical world with stickers Step 1 Find the sticker Step 2 Peel the sticker Step 3 Place the sticker And watch your enchanting paintings come to life Includes everything you need to create ten sticker painting on sturdy card stock Plus all the pages are perforatedmaking it easy to tear out each finished work to frame and share Synopsis Paint a magical world with stickers including glitter stickers Paint by Sticker Kids Unicorns  Magic includes everything kids need to create ten vibrant images including unicorns a dragon a princess and more Step 1 Find the sticker Step 2 Peel the sticker Step 3 Place the sticker Add the next and the next and watch your enchanting paintings come to life All the pages are perforated making it easy to tear out each finished work to frame and share What Our Readers Are Saying Be the first to share your thoughts on this title Product Details ISBN 9780761193647 Binding Trade Paperback Publication date 04302019 Publisher WORKMAN PUBLISHING CO INC Series info Paint by Sticker Pages 34 Height 20IN Width 890IN Age Range 5 to 9 Grade Range K to 4 Illustration Yes Author Workman Publishing Author Workman Publishing 695 List Price 995 Used Trade Paperback Ships in 1 to 3 days Qty Store 1 Burnside More copies of this ISBN New Trade Paperback 995 1 LOCOK 1 LOCOK LOCCancel 1 LOCOK LOCCancel 1 LOCOK 1 LOCOK LOCCancel 1 LOCOK LOCCancel 1 LOCOK 1 LOCOK LOCCancel 1 LOCOK LOCCancel 1 LOCOK 1 LOCOK LOCCancel 1 LOCOK LOCCancel Help Guarantee My Account Careers About Us Security Wish List Partners Contact Us Shipping Transparency ACT MRF Sitemap  2022 POWELLSCOM Terms 1 LOCOK 1 LOCOK LOCCancel 1 LOCOK LOCCancel 1 LOCOK 1 LOCOK LOCCancel 1 LOCOK LOCCancel 1 LOCOK 1 LOCOK LOCCancel 1 LOCOK LOCCancel 1 LOCOK 1 LOCOK LOCCancel 1 LOCOK LOCCancel"}