{"Title": " The Duke and I (Bridgertons #1) ", "Author": "Julia Quinn", "Cover Page": "https://powells-covers-2.s3.amazonaws.com/9780062353597.jpg", "ISBN10": "0062353594  \n", "ISBN13": "9780062353597", "Page URL": "https://powells.com/book/-9780062353597", "raw_text": "Duke  I Julia Quinn Mass Market 9780062353597 Powells Books Cart   my account  wish list  help  8008787323 Hello\n Login MENU Browse New Arrivals Bestsellers Featured Preorders Award Winners Audio Books See All Subjects Used Staff Picks Staff Picks Picks of the Month Bookseller Displays 50 Books for 50 Years 25 Best 21st Century SciFi  Fantasy 25 PNW Books to Read Before You Die 25 Books From the 21st Century 25 Memoirs to Read Before You Die 25 Global Books to Read Before You Die 25 Women to Read Before You Die 25 Books to Read Before You Die Gifts Gift Cards  eGift Cards Powells Souvenirs Journals and Notebooks socks Games Sell Books Blog Events Find A Store Dont Miss BIG SALE 20 off sitewide Picks of the Season What Im Giving Great Gifts Under 25 Best Books of 2022 Powells Author Events Oregon Battle of the Books Audio Books Visit Our Stores Powells Books 14 Gift Ideas From 14 of Our Favorite Authors 0 comment Every year Powells reaches out to some of our favorite authors for some muchneeded giftgiving inspiration Below are 14 writerapproved recommendations to help you find the perfect book for even your mostdifficulttobuyfor loved one Read More  Powells Staff Best Books of 2022 Fiction 1 comment Kelsey Ford 6 Haunting Native American Horror Books 1 comment 1 LOCOK 1 LOCOK LOCCancel 1 LOCOK LOCCancel The Duke and I Bridgertons 1 by Julia Quinn Comment on this title Synopses  Reviews ISBN13 9780062353597 ISBN10 0062353594 Condition Standard All Product Details View Larger Image View Larger Images 650 List Price 999 Used Mass Market Ships in 1 to 3 days Qty Store 1 Hawthorne Staff Pick Julia Quinns Bridgerton series is one of my alltime favorites The first book The Duke and I  introduces a family saga so heartwarming funny romantic and sexy that I find myself coming back again and again Dont sleep on these books  especially because Shonda Rhimes is adapting the series for Netflix Looking for queer historical romance as good as Julia Quinn Try Cat Sebastian Recommended By Joanna S Powellscom Synopses  Reviews Publisher Comments From 1 New York Times bestselling author Julia Quinn comes the first novel in her beloved Regencyset series featuring the charming powerful Bridgerton family  soon to be a Netflix series In the ballrooms and drawing rooms of Regency London rules abound From their earliest days children of aristocrats learn how to address an earl and curtsey before a prince  while other dictates of the ton are unspoken yet universally understood A proper duke should be imperious and aloof A young marriageable lady should be amiablebut not too amiable Daphne Bridgerton has always failed at the latter The fourth of eight siblings in her closeknit family she has formed friendships with the most eligible young men in London Everyone likes Daphne for her kindness and wit But no one truly desires her She is simply too deuced honest for that too unwilling to play the romantic games that captivate gentlemen Amiability is not a characteristic shared by Simon Basset Duke of Hastings Recently returned to England from abroad he intends to shun both marriage and society  just as his callous father shunned Simon throughout his painful childhood Yet an encounter with his best friends sister offers another option If Daphne agrees to a fake courtship Simon can deter the mamas who parade their daughters before him Daphne meanwhile will see her prospects and her reputation soar The plan works like a charm  at first But amid the glittering gossipy cutthroat world of Londons elite there is only one certainty Love ignores every rule About the Author Julia Quinn started writing her first book one month after finishing college and has been tapping away at her keyboard ever since The 1 New York Times bestselling author of more than two dozen novels for Avon Books she is a graduate of Harvard and Radcliffe Colleges and is one of only sixteen authors ever to be inducted in the Romance Writers of America Hall of Fame She lives in the Pacific Northwest with her family Please visit her on the web at wwwjuliaquinncom What Our Readers Are Saying Be the first to share your thoughts on this title Product Details ISBN 9780062353597 Binding Mass Market Publication date 12302019 Publisher AVON BOOKS Series info Bridgertons Pages 432 Height 130IN Width 420IN Thickness 100 Series Number 1 Series Volume 1 Author Julia Quinn 650 List Price 999 Used Mass Market Ships in 1 to 3 days Qty Store 1 Hawthorne More copies of this ISBN New Mass Market Starting from 899 Used Mass Market 695 1 LOCOK 1 LOCOK LOCCancel 1 LOCOK LOCCancel 1 LOCOK 1 LOCOK LOCCancel 1 LOCOK LOCCancel 1 LOCOK 1 LOCOK LOCCancel 1 LOCOK LOCCancel 1 LOCOK 1 LOCOK LOCCancel 1 LOCOK LOCCancel Help Guarantee My Account Careers About Us Security Wish List Partners Contact Us Shipping Transparency ACT MRF Sitemap  2022 POWELLSCOM Terms 1 LOCOK 1 LOCOK LOCCancel 1 LOCOK LOCCancel 1 LOCOK 1 LOCOK LOCCancel 1 LOCOK LOCCancel 1 LOCOK 1 LOCOK LOCCancel 1 LOCOK LOCCancel 1 LOCOK 1 LOCOK LOCCancel 1 LOCOK LOCCancel"}