{"Title": " Delilah Green Doesnt Care ", "Author": "Ashley Herring Blake", "Cover Page": "https://powells-covers-2.s3.amazonaws.com/9780593336403.jpg", "ISBN10": "0593336402  \n", "ISBN13": "9780593336403", "Page URL": "https://powells.com/book/delilah-green-doesnt-care-9780593336403", "raw_text": "Delilah Green Doesnt Care Ashley Herring Blake Trade Paperback 9780593336403 Powells Books Cart   my account  wish list  help  8008787323 Hello\n Login MENU Browse New Arrivals Bestsellers Featured Preorders Award Winners Audio Books See All Subjects Used Staff Picks Staff Picks Picks of the Month Bookseller Displays 50 Books for 50 Years 25 Best 21st Century SciFi  Fantasy 25 PNW Books to Read Before You Die 25 Books From the 21st Century 25 Memoirs to Read Before You Die 25 Global Books to Read Before You Die 25 Women to Read Before You Die 25 Books to Read Before You Die Gifts Gift Cards  eGift Cards Powells Souvenirs Journals and Notebooks socks Games Sell Books Blog Events Find A Store Dont Miss BIG SALE 20 off sitewide Picks of the Season What Im Giving Great Gifts Under 25 Best Books of 2022 Powells Author Events Oregon Battle of the Books Audio Books Visit Our Stores Powells Books 14 Gift Ideas From 14 of Our Favorite Authors 0 comment Every year Powells reaches out to some of our favorite authors for some muchneeded giftgiving inspiration Below are 14 writerapproved recommendations to help you find the perfect book for even your mostdifficulttobuyfor loved one Read More  Powells Staff Best Books of 2022 Fiction 1 comment Kelsey Ford 6 Haunting Native American Horror Books 1 comment 1 LOCOK 1 LOCOK LOCCancel 1 LOCOK LOCCancel Delilah Green Doesnt Care by Ashley Herring Blake Comment on this title Synopses  Reviews ISBN13 9780593336403 ISBN10 0593336402 All Product Details View Larger Image View Larger Images 1600 New Trade Paperback Ships in 1 to 3 days Qty Store 36 Burnside 3 Cedar Hills 5 Hawthorne 20 Local Warehouse Staff Pick I didnt expect to love Delilah Green Doesnt Care as much as I did but whew much like Delilah and Claire eventually discover love finds you at unexpected times This may sound clich\u00e9 but while reading this romance novel I laughed I cried and frankly I grew as a person and as a reader With Delilah Green Doesnt Care  Ashley Herring Blake asks the reader How much of our core memories are actually true Do we always remember things correctly and if we dont are we okay with looking inward at ourselves and our loved ones Funny refreshing steamy and full of heart I am glad to say that I cared about Delilah Green very much Recommended By Katherine M Powellscom Synopses  Reviews Publisher Comments A clever and steamy queer romantic comedy about taking chances and accepting love  with all its complications  by debut author Ashley Herring Blake Delilah Green swore she would never go back to Bright Falls  nothing is there for her but memories of a lonely childhood where she was little more than a burden to her cold and distant stepfamily Her life is in New York with her photography career finally gaining steam and her bed never empty Sure its a different woman every night but thats just fine with her When Delilahs estranged stepsister Astrid pressures her into photographing her wedding with a guilt trip and a fivefigure check Delilah finds herself back in the godforsaken town that she used to call home She plans to breeze in and out but then she sees Claire Sutherland one of Astrids stuckup besties and decides that maybe theres some fun and a little retribution to be had in Bright Falls after all Having raised her elevenyearold daughter mostly on her own while dealing with her unreliable ex and running a bookstore Claire Sutherland depends upon a life without surprises And Delilah Green is an unwelcome surprise at first Though theyve known each other for years they dont really know each other  so Claire is unsettled when Delilah figures out exactly what buttons to push When theyre forced together during a gauntlet of wedding preparations  including a plot to save Astrid from her horrible fianc\u00e9  Claire isnt sure she has the strength to resist Delilahs charms Even worse shes starting to think she doesnt want to Review Blakes smart and sexy first foray into adult after years of publishing gorgeous Sapphic middle grade and young adult  Buzzfeed Review A fun hometown romance planned as the start of a series of Bright Fallsset queer romances  Library Journal Starred Review Review Blake captures all the complications of family friendship and romance with humor and heart  Kirkus Reviews About the Author Ashley Herring Blake is the author of the young adult novels Suffer Love How to Make a Wish  and Girl Made of Stars Houghton Mifflin Harcourt and the middle grade novels Ivy Aberdeens Letter to the World The Mighty Heart of Sunny St James  and Hazel Bly and the Deep Blue Sea Little Brown You can find her on Twitter and Instagram at ashleyhblake and on the web at ashleyherringblakecom She lives in Georgia What Our Readers Are Saying Be the first to share your thoughts on this title Product Details ISBN 9780593336403 Binding Trade Paperback Publication date 02222022 Publisher BERKLEY PUBLISHING GROUP Pages 400 Height 120IN Width 560IN Author Ashley Herring Blake 1600 New Trade Paperback Ships in 1 to 3 days Qty Store 36 Burnside 3 Cedar Hills 5 Hawthorne 20 Local Warehouse Receive an email when this ISBN is available used 1 LOCOK 1 LOCOK LOCCancel 1 LOCOK LOCCancel 1 LOCOK 1 LOCOK LOCCancel 1 LOCOK LOCCancel 1 LOCOK 1 LOCOK LOCCancel 1 LOCOK LOCCancel 1 LOCOK 1 LOCOK LOCCancel 1 LOCOK LOCCancel Help Guarantee My Account Careers About Us Security Wish List Partners Contact Us Shipping Transparency ACT MRF Sitemap  2022 POWELLSCOM Terms 1 LOCOK 1 LOCOK LOCCancel 1 LOCOK LOCCancel 1 LOCOK 1 LOCOK LOCCancel 1 LOCOK LOCCancel 1 LOCOK 1 LOCOK LOCCancel 1 LOCOK LOCCancel 1 LOCOK 1 LOCOK LOCCancel 1 LOCOK LOCCancel"}