{"Title": " History of Northwest Portland From the River to the Hills ", "Author": "Jane Comerford", "Cover Page": "https://covers.powells.com/9780976838746.jpg", "ISBN10": "0976838745  \n", "ISBN13": "9780976838746", "Page URL": "https://powells.com/book/history-of-northwest-portland-from-the-river-to-the-hills-9780976838746", "raw_text": "History of Northwest Portland From the River to the Hills Jane Comerford Trade Paperback 9780976838746 Powells Books Cart   my account  wish list  help  8008787323 Hello\n Login MENU Browse New Arrivals Bestsellers Featured Preorders Award Winners Audio Books See All Subjects Used Staff Picks Staff Picks Picks of the Month Bookseller Displays 50 Books for 50 Years 25 Best 21st Century SciFi  Fantasy 25 PNW Books to Read Before You Die 25 Books From the 21st Century 25 Memoirs to Read Before You Die 25 Global Books to Read Before You Die 25 Women to Read Before You Die 25 Books to Read Before You Die Gifts Gift Cards  eGift Cards Powells Souvenirs Journals and Notebooks socks Games Sell Books Blog Events Find A Store Dont Miss BIG SALE 20 off sitewide Picks of the Season What Im Giving Great Gifts Under 25 Best Books of 2022 Powells Author Events Oregon Battle of the Books Audio Books Visit Our Stores Powells Books 14 Gift Ideas From 14 of Our Favorite Authors 0 comment Every year Powells reaches out to some of our favorite authors for some muchneeded giftgiving inspiration Below are 14 writerapproved recommendations to help you find the perfect book for even your mostdifficulttobuyfor loved one Read More  Powells Staff Best Books of 2022 Fiction 1 comment Kelsey Ford 6 Haunting Native American Horror Books 1 comment 1 LOCOK 1 LOCOK LOCCancel 1 LOCOK LOCCancel History of Northwest Portland From the River to the Hills by Jane Comerford Comment on this title Synopses  Reviews ISBN13 9780976838746 ISBN10 0976838745 All Product Details View Larger Image View Larger Images 2995 New Trade Paperback Ships in 1 to 3 days Qty Store 1 Burnside 2 Cedar Hills 3 Hawthorne Synopses  Reviews Publisher Comments A History of Northwest Portland From the River To the Hills  lets you experience the beginning of Northwest Portland Featuring many previously unpublished photographs showing the early days when the muddy streets were filled with horsedrawn wagons the harbor wharves welcomed sailing ships carrying goods and immigrants and the waterfront teemed with lumber mills manufacturing plants businesses saloons hotels and boarding houses Meet the early homesteaders and entrepreneurs and watch while the horsedrawn trolleys open up the hillsides for communities with a view A History of Northwest Portland reveals how this riverfront land rich in trees creeks and lakes was transformed into the thriving and vibrant district of unique neighborhoods we know today Learn about the origins of these neighborhoods Nob Hill Slabtown Old Town the Alphabet District the Industrial District and the Pearl and how they they received their names Read about the Lewis and Clark Worlds Fair the Vaughn Street Ballpark the shanghaiing of sailors and the rich mixture of pocket immigrant communities of Germans Jews Greek Irish Scandanavian Chinese Croatian Japanese and African American communities Learn how a hillside was moved to turn a lake into an industrial district and how landslides saved a park from development Travel back to the days when streets were named with letters and the term North End referred to Northwest Portland About the Author Jane Comerford a native of Portland moved to Northwest in the early 1970s though her familys roots in NW date back to the 1880s She is a retired community college administrator Her previous book At the Foot of the Mountain An Early History  on the beginnings of the coastal towns of Manzanita and Neahkahnie is carried in libraries historical societies and bookstores and graces the coffee tables of most homes in those communities Giuseppe Lipari is a transplanted New Yorker who attended Parsons School of Design and now lives in Portland Prior to designing A History of Northwest Portland  he also designed At the Foot of the Mountain An Early History  0 1 What Our Readers Are Saying Share your thoughts on this title Average customer rating 0 1 comments  Bongodad  June 06 2012 view all comments by Bongodad 157 p  ill maps  26 cm\nContents\nClaiming the land\nGuilds Lake\nOld Town\nThe Pearl\nSlabtown\nNob Hill\nNW 23rd and Burnside\nForest Park\nA sign of the times\nHistory preserved Was this comment helpful  Yes  No report this\ncomment Product Details ISBN 9780976838746 Binding Trade Paperback Publisher DRAGONFLY PRESS PORTLAND Copyright Year 2011 UPC Code 9780976838746 Author Jane Comerford 2995 New Trade Paperback Ships in 1 to 3 days Qty Store 1 Burnside 2 Cedar Hills 3 Hawthorne Receive an email when this ISBN is available used 1 LOCOK 1 LOCOK LOCCancel 1 LOCOK LOCCancel 1 LOCOK 1 LOCOK LOCCancel 1 LOCOK LOCCancel 1 LOCOK 1 LOCOK LOCCancel 1 LOCOK LOCCancel 1 LOCOK 1 LOCOK LOCCancel 1 LOCOK LOCCancel Help Guarantee My Account Careers About Us Security Wish List Partners Contact Us Shipping Transparency ACT MRF Sitemap  2022 POWELLSCOM Terms 1 LOCOK 1 LOCOK LOCCancel 1 LOCOK LOCCancel 1 LOCOK 1 LOCOK LOCCancel 1 LOCOK LOCCancel 1 LOCOK 1 LOCOK LOCCancel 1 LOCOK LOCCancel 1 LOCOK 1 LOCOK LOCCancel 1 LOCOK LOCCancel"}