{"Title": " Woman Who Would Be King Hatshepsuts Rise to Power in Ancient Egypt ", "Author": "Kara Cooney", "Cover Page": "https://powells-covers-2.s3.amazonaws.com/9780307956774.jpg", "ISBN10": "0307956776  \n", "ISBN13": "9780307956774", "Page URL": "https://powells.com/book/woman-who-would-be-king-hatshepsuts-rise-to-power-in-ancient-egypt-9780307956774", "raw_text": "Woman Who Would Be King Hatshepsuts Rise to Power in Ancient Egypt Kara Cooney Trade Paperback 9780307956774 Powells Books Cart   my account  wish list  help  8008787323 Hello\n Login MENU Browse New Arrivals Bestsellers Featured Preorders Award Winners Audio Books See All Subjects Used Staff Picks Staff Picks Picks of the Month Bookseller Displays 50 Books for 50 Years 25 Best 21st Century SciFi  Fantasy 25 PNW Books to Read Before You Die 25 Books From the 21st Century 25 Memoirs to Read Before You Die 25 Global Books to Read Before You Die 25 Women to Read Before You Die 25 Books to Read Before You Die Gifts Gift Cards  eGift Cards Powells Souvenirs Journals and Notebooks socks Games Sell Books Blog Events Find A Store Dont Miss BIG SALE 20 off sitewide Picks of the Season What Im Giving Great Gifts Under 25 Best Books of 2022 Powells Author Events Oregon Battle of the Books Audio Books Visit Our Stores Powells Books 14 Gift Ideas From 14 of Our Favorite Authors 0 comment Every year Powells reaches out to some of our favorite authors for some muchneeded giftgiving inspiration Below are 14 writerapproved recommendations to help you find the perfect book for even your mostdifficulttobuyfor loved one Read More  Powells Staff Best Books of 2022 Fiction 1 comment Kelsey Ford 6 Haunting Native American Horror Books 1 comment 1 LOCOK 1 LOCOK LOCCancel 1 LOCOK LOCCancel Woman Who Would Be King Hatshepsuts Rise to Power in Ancient Egypt by Kara Cooney Comment on this title Synopses  Reviews ISBN13 9780307956774 ISBN10 0307956776 All Product Details View Larger Image View Larger Images 1800 New Trade Paperback Ships in 1 to 3 days Qty Store 2 Burnside Synopses  Reviews Synopsis An engrossing biography of the longestreigning female pharaoh in Ancient Egypt and the story of her audacious rise to power Hatshepsutthe daughter of a general who usurped Egypts throne and a mother with ties to the previous dynastywas born into a privileged position in the royal household and she was expected to bear the sons who would legitimize the reign of her fathers family Her failure to produce a male heir was ultimately the twist of fate that paved the way for her improbable rule as a crossdressing king At just over twenty Hatshepsut ascended to the rank of pharaoh in an elaborate coronation ceremony that set the tone for her spectacular reign as coregent with Thutmose III the infant king whose mother Hatshepsut outmaneuvered for a seat on the throne Hatshepsut was a master strategist cloaking her political power plays in the veil of piety and sexual reinvention Just as women today face obstacles from a society that equates authority with masculinity Hatshepsut shrewdly operated the levers of power to emerge as Egypts second female pharaoh Hatshepsut successfully negotiated a path from the royal nursery to the very pinnacle of authority and her reign saw one of Ancient Egypts most prolific building periods Scholars have long speculated as to why her monuments were destroyed within a few decades of her death all but erasing evidence of her unprecedented rule Constructing a rich narrative history using the artifacts that remain noted Egyptologist Kara Cooney offers a remarkable interpretation of how Hatshepsut rapidly but methodically consolidated powerand why she fell from public favor just as quickly The Woman Who Would Be King traces the unconventional life of an almostforgotten pharaoh and explores our complicated reactions to women in power From the Hardcover edition What Our Readers Are Saying Be the first to share your thoughts on this title Product Details ISBN 9780307956774 Binding Trade Paperback Publication date 10132015 Publisher BANTAM DOUBLEDAY DELL Pages 320 Height 80IN Width 510IN Thickness 100 Author Kara Cooney Author Kara Cooney Subject World HistoryAncient Near East 1800 New Trade Paperback Ships in 1 to 3 days Qty Store 2 Burnside Receive an email when this ISBN is available used 1 LOCOK 1 LOCOK LOCCancel 1 LOCOK LOCCancel 1 LOCOK 1 LOCOK LOCCancel 1 LOCOK LOCCancel 1 LOCOK 1 LOCOK LOCCancel 1 LOCOK LOCCancel 1 LOCOK 1 LOCOK LOCCancel 1 LOCOK LOCCancel Help Guarantee My Account Careers About Us Security Wish List Partners Contact Us Shipping Transparency ACT MRF Sitemap  2022 POWELLSCOM Terms 1 LOCOK 1 LOCOK LOCCancel 1 LOCOK LOCCancel 1 LOCOK 1 LOCOK LOCCancel 1 LOCOK LOCCancel 1 LOCOK 1 LOCOK LOCCancel 1 LOCOK LOCCancel 1 LOCOK 1 LOCOK LOCCancel 1 LOCOK LOCCancel"}