{"Title": " Bomber Mafia A Dream a Temptation & the Longest Night of the Second World War ", "Author": "Malcolm Gladwell", "Cover Page": "https://powells-covers-2.s3.amazonaws.com/9780316296816.jpg", "ISBN10": "0316296813  \n", "ISBN13": "9780316296816", "Page URL": "https://powells.com/book/bomber-mafia-a-dream-a-temptation-the-longest-night-of-the-second-world-war-9780316296816", "raw_text": "The Bomber Mafia A Dream a Temptation and the Longest Night of the Second World War Malcolm Gladwell Trade Paperback 9780316296816 Powells Books Cart   my account  wish list  help  8008787323 Hello\n Login MENU Browse New Arrivals Bestsellers Featured Preorders Award Winners Audio Books See All Subjects Used Staff Picks Staff Picks Picks of the Month Bookseller Displays 50 Books for 50 Years 25 Best 21st Century SciFi  Fantasy 25 PNW Books to Read Before You Die 25 Books From the 21st Century 25 Memoirs to Read Before You Die 25 Global Books to Read Before You Die 25 Women to Read Before You Die 25 Books to Read Before You Die Gifts Gift Cards  eGift Cards Powells Souvenirs Journals and Notebooks socks Games Sell Books Blog Events Find A Store Dont Miss BIG SALE 20 off sitewide Picks of the Season What Im Giving Great Gifts Under 25 Best Books of 2022 Powells Author Events Oregon Battle of the Books Audio Books Visit Our Stores Powells Books 14 Gift Ideas From 14 of Our Favorite Authors 0 comment Every year Powells reaches out to some of our favorite authors for some muchneeded giftgiving inspiration Below are 14 writerapproved recommendations to help you find the perfect book for even your mostdifficulttobuyfor loved one Read More  Powells Staff Best Books of 2022 Fiction 1 comment Kelsey Ford 6 Haunting Native American Horror Books 1 comment 1 LOCOK 1 LOCOK LOCCancel 1 LOCOK LOCCancel Bomber Mafia A Dream a Temptation  the Longest Night of the Second World War by Malcolm Gladwell Comment on this title Synopses  Reviews ISBN13 9780316296816 ISBN10 0316296813 All Product Details View Larger Image View Larger Images 1899 New Trade Paperback Ships in 1 to 3 days Qty Store 3 Burnside 6 Cedar Hills 2 Hawthorne 20 Local Warehouse Synopses  Reviews Synopsis A truly compelling  Good Morning America  New York Times bestseller that explores how technology and best intentions collide in the heat of warfrom the creator and host of the podcast Revisionist History In The Bomber Mafia  Malcolm Gladwell weaves together the stories of a Dutch genius and his homemade computer a band of brothers in central Alabama a British psychopath and pyromaniacal chemists at Harvard to examine one of the greatest moral challenges in modern American history Most military thinkers in the years leading up to World War II saw the airplane as an afterthought But a small band of idealistic strategists the Bomber Mafia asked What if precision bombing could cripple the enemy and make war far less lethal In contrast the bombing of Tokyo on the deadliest night of the war was the brainchild of General Curtis LeMay whose brutal pragmatism and scorchedearth tactics in Japan cost thousands of civilian lives but may have spared even more by averting a planned US invasion In The Bomber Mafia Gladwell asks Was it worth it Things might have gone differently had LeMays predecessor General Haywood Hansell remained in charge Hansell believed in precision bombing but when he and Curtis LeMay squared off for a leadership handover in the jungles of Guam LeMay emerged victorious leading to the darkest night of World War II The Bomber Mafia is a riveting tale of persistence innovation and the incalculable wages of war What Our Readers Are Saying Be the first to share your thoughts on this title Product Details ISBN 9780316296816 Binding Trade Paperback Publication date 06072022 Publisher HACHETTE BOOK GROUP Pages 256 Height 79IN Width 543IN Illustration Yes Author Malcolm Gladwell 1899 New Trade Paperback Ships in 1 to 3 days Qty Store 3 Burnside 6 Cedar Hills 2 Hawthorne 20 Local Warehouse Receive an email when this ISBN is available used 1 LOCOK 1 LOCOK LOCCancel 1 LOCOK LOCCancel 1 LOCOK 1 LOCOK LOCCancel 1 LOCOK LOCCancel 1 LOCOK 1 LOCOK LOCCancel 1 LOCOK LOCCancel 1 LOCOK 1 LOCOK LOCCancel 1 LOCOK LOCCancel Help Guarantee My Account Careers About Us Security Wish List Partners Contact Us Shipping Transparency ACT MRF Sitemap  2022 POWELLSCOM Terms 1 LOCOK 1 LOCOK LOCCancel 1 LOCOK LOCCancel 1 LOCOK 1 LOCOK LOCCancel 1 LOCOK LOCCancel 1 LOCOK 1 LOCOK LOCCancel 1 LOCOK LOCCancel 1 LOCOK 1 LOCOK LOCCancel 1 LOCOK LOCCancel"}