{"Title": " Age Of Shakespeare Volume 2 ", "Author": "Boris Ford", "Cover Page": "/Portals/0/Images/NoImageAvailable.gif", "ISBN10": "0140222650  \n", "ISBN13": "9780140222654", "Page URL": "https://powells.com/book/age-of-shakespeare-volume-2-9780140222654", "raw_text": "Age Of Shakespeare Volume 2 Boris Ford Mass Market 9780140222654 Powells Books Cart   my account  wish list  help  8008787323 Hello\n Login MENU Browse New Arrivals Bestsellers Featured Preorders Award Winners Audio Books See All Subjects Used Staff Picks Staff Picks Picks of the Month Bookseller Displays 50 Books for 50 Years 25 Best 21st Century SciFi  Fantasy 25 PNW Books to Read Before You Die 25 Books From the 21st Century 25 Memoirs to Read Before You Die 25 Global Books to Read Before You Die 25 Women to Read Before You Die 25 Books to Read Before You Die Gifts Gift Cards  eGift Cards Powells Souvenirs Journals and Notebooks socks Games Sell Books Blog Events Find A Store Dont Miss BIG SALE 20 off sitewide Picks of the Season What Im Giving Great Gifts Under 25 Best Books of 2022 Powells Author Events Oregon Battle of the Books Audio Books Visit Our Stores Powells Books 14 Gift Ideas From 14 of Our Favorite Authors 0 comment Every year Powells reaches out to some of our favorite authors for some muchneeded giftgiving inspiration Below are 14 writerapproved recommendations to help you find the perfect book for even your mostdifficulttobuyfor loved one Read More  Powells Staff Best Books of 2022 Fiction 1 comment Kelsey Ford 6 Haunting Native American Horror Books 1 comment 1 LOCOK 1 LOCOK LOCCancel 1 LOCOK LOCCancel Age Of Shakespeare Volume 2 by Boris Ford Comment on this title ISBN13 9780140222654 ISBN10 0140222650 Condition Standard All Product Details View Larger Image View Larger Images 250 List Price 795 Used Mass Market Ships in 1 to 3 days Qty Store 1 Burnside 1 Cedar Hills Description Includes bibliographical references and indexes Table of Contents v 1 pt 1 Medieval literature  Chaucer and the alliterative tradition pt 2 Medieval literature  the European inheritance  v 2 The age of Shakespeare  v 3 From Donne to Marvell  v 4 From Dryden to Johnson  v 5 From Blake to Byron  v 6 From Dickens to Hardy  v 7 From James to Eliot  v 8 The present  v 9 American literature What Our Readers Are Saying Be the first to share your thoughts on this title Product Details ISBN 9780140222654 Binding Mass Market Publisher PENGUIN PUTNAM TRADE Series info The New Pelican guide to English literature  Pages 608 Height 5 in Width 7 in Thickness 1 in Grade Range Generaltrade Number of Units 2 Series Volume v 2 UPC Code 2800140222656 Author Boris Ford Subject English literature  History and criticism Subject English literature Subject English literature  Early modern 15001700  History and criticism 250 List Price 795 Used Mass Market Ships in 1 to 3 days Qty Store 1 Burnside 1 Cedar Hills 1 LOCOK 1 LOCOK LOCCancel 1 LOCOK LOCCancel 1 LOCOK 1 LOCOK LOCCancel 1 LOCOK LOCCancel 1 LOCOK 1 LOCOK LOCCancel 1 LOCOK LOCCancel 1 LOCOK 1 LOCOK LOCCancel 1 LOCOK LOCCancel Help Guarantee My Account Careers About Us Security Wish List Partners Contact Us Shipping Transparency ACT MRF Sitemap  2022 POWELLSCOM Terms 1 LOCOK 1 LOCOK LOCCancel 1 LOCOK LOCCancel 1 LOCOK 1 LOCOK LOCCancel 1 LOCOK LOCCancel 1 LOCOK 1 LOCOK LOCCancel 1 LOCOK LOCCancel 1 LOCOK 1 LOCOK LOCCancel 1 LOCOK LOCCancel"}