{"Title": " Bonded by Blood Robert Pattinson & Taylor Lautner ", "Author": "Garrett Baldwin", "Cover Page": "https://covers.powells.com/9780859654616.jpg", "ISBN10": "0859654613  \n", "ISBN13": "9780859654616", "Page URL": "https://powells.com/book/bonded-by-blood-robert-pattinson-taylor-lautner-9780859654616", "raw_text": "Bonded by Blood Robert Pattinson  Taylor Lautner Garrett Baldwin Trade Paperback 9780859654616 Powells Books Cart   my account  wish list  help  8008787323 Hello\n Login MENU Browse New Arrivals Bestsellers Featured Preorders Award Winners Audio Books See All Subjects Used Staff Picks Staff Picks Picks of the Month Bookseller Displays 50 Books for 50 Years 25 Best 21st Century SciFi  Fantasy 25 PNW Books to Read Before You Die 25 Books From the 21st Century 25 Memoirs to Read Before You Die 25 Global Books to Read Before You Die 25 Women to Read Before You Die 25 Books to Read Before You Die Gifts Gift Cards  eGift Cards Powells Souvenirs Journals and Notebooks socks Games Sell Books Blog Events Find A Store Dont Miss BIG SALE 20 off sitewide Picks of the Season What Im Giving Great Gifts Under 25 Best Books of 2022 Powells Author Events Oregon Battle of the Books Audio Books Visit Our Stores Powells Books 14 Gift Ideas From 14 of Our Favorite Authors 0 comment Every year Powells reaches out to some of our favorite authors for some muchneeded giftgiving inspiration Below are 14 writerapproved recommendations to help you find the perfect book for even your mostdifficulttobuyfor loved one Read More  Powells Staff Best Books of 2022 Fiction 1 comment Kelsey Ford 6 Haunting Native American Horror Books 1 comment 1 LOCOK 1 LOCOK LOCCancel 1 LOCOK LOCCancel Bonded by Blood Robert Pattinson  Taylor Lautner by Garrett Baldwin Comment on this title Synopses  Reviews ISBN13 9780859654616 ISBN10 0859654613 Condition Standard All Product Details View Larger Image View Larger Images 895 List Price 1295 Used Trade Paperback Ships in 1 to 3 days Qty Store 2 Local Warehouse Synopses  Reviews Synopsis Split into two meticulously researched biographies of Robert Pattinson and Taylor Lautner  the smoldering young stars who brought Stephenie Meyers lovelorn rivals to life on screen  Bonded by Blood provides all the facts on whichever of the Twilight Sagas leading men may have stolen your heart Starting from the very beginning both heartthrobs paths to megastardom are examined in detail providing an indepth look at Pattinsons and Lautners personal lives onset experiences secret loves and hopes for the future The book delivers revealing truths about their working relationship as well as amazing facts about the highs and lows of fame Packed with uptodate news and the hottest gossip from the Eclipse set Bonded by Blood takes readers closer than ever before to these nightstalking best men What Our Readers Are Saying Be the first to share your thoughts on this title Product Details ISBN 9780859654616 Binding Trade Paperback Publication date 06082010 Publisher IPS TWO RIVERS PGW CONSORTIUM Pages 224 Height 72IN Width 560IN Age Range 9 and up Grade Range 4 and up Number of Units 1 Illustration Yes UPC Code 4294967295 Author Garrett Baldwin Author Jamie Bauer Subject Children s All Ages  Biography  Autobiography Subject BiographyEntertainment and Performing Arts 895 List Price 1295 Used Trade Paperback Ships in 1 to 3 days Qty Store 2 Local Warehouse 1 LOCOK 1 LOCOK LOCCancel 1 LOCOK LOCCancel 1 LOCOK 1 LOCOK LOCCancel 1 LOCOK LOCCancel 1 LOCOK 1 LOCOK LOCCancel 1 LOCOK LOCCancel 1 LOCOK 1 LOCOK LOCCancel 1 LOCOK LOCCancel Help Guarantee My Account Careers About Us Security Wish List Partners Contact Us Shipping Transparency ACT MRF Sitemap  2022 POWELLSCOM Terms 1 LOCOK 1 LOCOK LOCCancel 1 LOCOK LOCCancel 1 LOCOK 1 LOCOK LOCCancel 1 LOCOK LOCCancel 1 LOCOK 1 LOCOK LOCCancel 1 LOCOK LOCCancel 1 LOCOK 1 LOCOK LOCCancel 1 LOCOK LOCCancel"}