{"Title": " Cien anos de soledad Illustrated Fiftieth Anniversary edition of One Hundred Years of Solitude ", "Author": "Gabriel Garcia Marquez", "Cover Page": "https://powells-covers-2.s3.amazonaws.com/9780525562443.jpg", "ISBN10": "0525562443  \n", "ISBN13": "9780525562443", "Page URL": "https://powells.com/book/cien-anos-de-soledad-illustrated-fiftieth-anniversary-edition-of-one-hundred-years-of-solitude-9780525562443", "raw_text": "Cien anos de soledad Illustrated Fiftieth Anniversary edition of One Hundred Years of Solitude Gabriel Garcia Marquez Trade Paperback 9780525562443 Powells Books Cart   my account  wish list  help  8008787323 Hello\n Login MENU Browse New Arrivals Bestsellers Featured Preorders Award Winners Audio Books See All Subjects Used Staff Picks Staff Picks Picks of the Month Bookseller Displays 50 Books for 50 Years 25 Best 21st Century SciFi  Fantasy 25 PNW Books to Read Before You Die 25 Books From the 21st Century 25 Memoirs to Read Before You Die 25 Global Books to Read Before You Die 25 Women to Read Before You Die 25 Books to Read Before You Die Gifts Gift Cards  eGift Cards Powells Souvenirs Journals and Notebooks socks Games Sell Books Blog Events Find A Store Dont Miss BIG SALE 20 off sitewide Picks of the Season What Im Giving Great Gifts Under 25 Best Books of 2022 Powells Author Events Oregon Battle of the Books Audio Books Visit Our Stores Powells Books 14 Gift Ideas From 14 of Our Favorite Authors 0 comment Every year Powells reaches out to some of our favorite authors for some muchneeded giftgiving inspiration Below are 14 writerapproved recommendations to help you find the perfect book for even your mostdifficulttobuyfor loved one Read More  Powells Staff Best Books of 2022 Fiction 1 comment Kelsey Ford 6 Haunting Native American Horror Books 1 comment 1 LOCOK 1 LOCOK LOCCancel 1 LOCOK LOCCancel Cien anos de soledad Illustrated Fiftieth Anniversary edition of One Hundred Years of Solitude by Gabriel Garcia Marquez Comment on this title Synopses  Reviews ISBN13 9780525562443 ISBN10 0525562443 All Product Details View Larger Image View Larger Images 2500 List Price 2800 New Trade Paperback Ships in 1 to 3 days Qty Store 2 Cedar Hills Synopses  Reviews Synopsis En ocasi n del 50 aniversario de la publicaci n de Cien a os de soledad  llega una edici n con ilustraciones in ditas de la artista chilena Luisa Rivera y con una tipograf a creada por el hijo del autor Gonzalo Garc a Barcha Una edici n conmemorativa de una novela clave en la historia de la literatura una obra que todos deber amos tener en nuestras estanter as Muchos a os despu s frente al pelot n de fusilamiento el coronel Aureliano Buend a hab a de recordar aquella tarde remota en que su padre lo llev a conocer el hielo Con estas palabras empieza una novela ya legendaria en los anales de la literatura universal una de las aventuras literarias m s fascinantes del siglo xx Millones de ejemplares de Cien a os de soledad le dos en todas las lenguas y el Premio Nobel de Literatura coronando una obra que se hab a abierto paso a boca a boca como gusta decir el escritor son la m s palpable demostraci n de que la aventura fabulosa de la familia Buend aIguar n con sus milagros fantas as obsesiones tragedias incestos adulterios rebeld as descubrimientos y condenas representaba al mismo tiempo el mito y la historia la tragedia y el amor del mundo entero What Our Readers Are Saying Be the first to share your thoughts on this title Product Details ISBN 9780525562443 Binding Trade Paperback Publication date 10242017 Publisher Vintage Pages 400 Height 110IN Width 675IN Illustration Yes Author Gabriel Garcia Marquez Author Gabriel Garca Mrquez 2500 List Price 2800 New Trade Paperback Ships in 1 to 3 days Qty Store 2 Cedar Hills Receive an email when this ISBN is available used More copies of this ISBN New Trade Paperback 2800 1 LOCOK 1 LOCOK LOCCancel 1 LOCOK LOCCancel 1 LOCOK 1 LOCOK LOCCancel 1 LOCOK LOCCancel 1 LOCOK 1 LOCOK LOCCancel 1 LOCOK LOCCancel 1 LOCOK 1 LOCOK LOCCancel 1 LOCOK LOCCancel Help Guarantee My Account Careers About Us Security Wish List Partners Contact Us Shipping Transparency ACT MRF Sitemap  2022 POWELLSCOM Terms 1 LOCOK 1 LOCOK LOCCancel 1 LOCOK LOCCancel 1 LOCOK 1 LOCOK LOCCancel 1 LOCOK LOCCancel 1 LOCOK 1 LOCOK LOCCancel 1 LOCOK LOCCancel 1 LOCOK 1 LOCOK LOCCancel 1 LOCOK LOCCancel"}