{"Title": " Diary of a Wimpy Kid: Mad Libs ", "Author": "Price Stern Sloan", "Cover Page": "https://covers.powells.com/9780843183535.jpg", "ISBN10": "0843183535  \n", "ISBN13": "9780843183535", "Page URL": "https://powells.com/book/-9780843183535", "raw_text": "Diary of a Wimpy Kid Mad Libs Price Stern Sloan Trade Paperback 9780843183535 Powells Books Cart   my account  wish list  help  8008787323 Hello\n Login MENU Browse New Arrivals Bestsellers Featured Preorders Award Winners Audio Books See All Subjects Used Staff Picks Staff Picks Picks of the Month Bookseller Displays 50 Books for 50 Years 25 Best 21st Century SciFi  Fantasy 25 PNW Books to Read Before You Die 25 Books From the 21st Century 25 Memoirs to Read Before You Die 25 Global Books to Read Before You Die 25 Women to Read Before You Die 25 Books to Read Before You Die Gifts Gift Cards  eGift Cards Powells Souvenirs Journals and Notebooks socks Games Sell Books Blog Events Find A Store Dont Miss BIG SALE 20 off sitewide Picks of the Season What Im Giving Great Gifts Under 25 Best Books of 2022 Powells Author Events Oregon Battle of the Books Audio Books Visit Our Stores Powells Books 14 Gift Ideas From 14 of Our Favorite Authors 0 comment Every year Powells reaches out to some of our favorite authors for some muchneeded giftgiving inspiration Below are 14 writerapproved recommendations to help you find the perfect book for even your mostdifficulttobuyfor loved one Read More  Powells Staff Best Books of 2022 Fiction 1 comment Kelsey Ford 6 Haunting Native American Horror Books 1 comment 1 LOCOK 1 LOCOK LOCCancel 1 LOCOK LOCCancel Diary of a Wimpy Kid Mad Libs by Price Stern Sloan Comment on this title Synopses  Reviews ISBN13 9780843183535 ISBN10 0843183535 All Product Details View Larger Image View Larger Images 499 New Trade Paperback Ships in 1 to 3 days Qty Store 1 Burnside 20 Local Warehouse Synopses  Reviews Publisher Comments Fans of the Diary of a Wimpy Kid book series will go crazy for our brand new Mad Libs featuring 21 fillintheblank stories starring Greg Rowley Manny and the rest of the gang Synopsis Mad Libs is the worlds greatest word game and a great gift for anyone who likes to laugh Write in the missing words on each page to create your own hilariously funny stories about the famous Diary of a Wimpy Kid series by Jeff Kinney Our Diary of a Wimpy Kid Mad Libs will keep you from getting the TYPE OF FOOD touch With 21 fillintheblank stories about Greg Heffley Rowley Jefferson and all their friends this book is sure to add laughter to any middle school playground Play alone in a group or in the school cafeteria Mad Libs are a fun family activity recommended for ages 8 to NUMBER About the Author Roger Price and Leonard Stern invented Mad Libs more than 50 years ago They were also the cofounders of Price Stern Sloan What Our Readers Are Saying Be the first to share your thoughts on this title Product Details ISBN 9780843183535 Binding Trade Paperback Publication date 09082015 Publisher Mad Libs Pages 48 Height 20IN Width 830IN Thickness 25 Age Range 8 to 12 Grade Range 3 to 7 Author Price Stern Sloan Author Patrick Kinney Author Patrick Kinney Author Mad Libs Subject Child Care and ParentingGeneral Subject Children sGames 499 New Trade Paperback Ships in 1 to 3 days Qty Store 1 Burnside 20 Local Warehouse Receive an email when this ISBN is available used 1 LOCOK 1 LOCOK LOCCancel 1 LOCOK LOCCancel 1 LOCOK 1 LOCOK LOCCancel 1 LOCOK LOCCancel 1 LOCOK 1 LOCOK LOCCancel 1 LOCOK LOCCancel 1 LOCOK 1 LOCOK LOCCancel 1 LOCOK LOCCancel Help Guarantee My Account Careers About Us Security Wish List Partners Contact Us Shipping Transparency ACT MRF Sitemap  2022 POWELLSCOM Terms 1 LOCOK 1 LOCOK LOCCancel 1 LOCOK LOCCancel 1 LOCOK 1 LOCOK LOCCancel 1 LOCOK LOCCancel 1 LOCOK 1 LOCOK LOCCancel 1 LOCOK LOCCancel 1 LOCOK 1 LOCOK LOCCancel 1 LOCOK LOCCancel"}