{"Title": " The Light We Carry: Overcoming in Uncertain Times ", "Author": "Michelle Obama", "Cover Page": "https://covers.powells.com/9780593237465.jpg", "ISBN10": "0593237463  \n", "ISBN13": "9780593237465", "Page URL": "https://powells.com/book/the-light-we-carry-9780593237465", "raw_text": "The Light We Carry Michelle Obama Hardcover 9780593237465 Powells Books Cart   my account  wish list  help  8008787323 Hello\n Login MENU Browse New Arrivals Bestsellers Featured Preorders Award Winners Audio Books See All Subjects Used Staff Picks Staff Picks Picks of the Month Bookseller Displays 50 Books for 50 Years 25 Best 21st Century SciFi  Fantasy 25 PNW Books to Read Before You Die 25 Books From the 21st Century 25 Memoirs to Read Before You Die 25 Global Books to Read Before You Die 25 Women to Read Before You Die 25 Books to Read Before You Die Gifts Gift Cards  eGift Cards Powells Souvenirs Journals and Notebooks socks Games Sell Books Blog Events Find A Store Dont Miss BIG SALE 20 off sitewide Picks of the Season What Im Giving Great Gifts Under 25 Best Books of 2022 Powells Author Events Oregon Battle of the Books Audio Books Visit Our Stores Powells Books 14 Gift Ideas From 14 of Our Favorite Authors 0 comment Every year Powells reaches out to some of our favorite authors for some muchneeded giftgiving inspiration Below are 14 writerapproved recommendations to help you find the perfect book for even your mostdifficulttobuyfor loved one Read More  Powells Staff Best Books of 2022 Fiction 1 comment Kelsey Ford 6 Haunting Native American Horror Books 1 comment 1 LOCOK 1 LOCOK LOCCancel 1 LOCOK LOCCancel The Light We Carry Overcoming in Uncertain Times by Michelle Obama Comment on this title Synopses  Reviews ISBN13 9780593237465 ISBN10 0593237463 All Product Details View Larger Image View Larger Images 3250 New Hardcover Ships in 1 to 3 days Qty Store 52 Burnside 55 Cedar Hills 25 Hawthorne 20 Local Warehouse From Powellscom Picks of the Season Discover new releases and undertheradar gems for adults and kids Staff Pick Michelle Obamas Becoming put me in a good mood for weeks after I read it I trust that her new book will do the same I could really use it Recommended By Matt K  Powellscom Synopses  Reviews Publisher Comments In an inspiring followup to her critically acclaimed 1 bestselling memoir Becoming former First Lady Michelle Obama shares practical wisdom and powerful strategies for staying hopeful and balanced in todays highly uncertain world There may be no tidy solutions or pithy answers to lifes big challenges but Michelle Obama believes that we can all locate and lean on a set of tools to help us better navigate change and remain steady within flux In The Light We Carry she opens a frank and honest dialogue with readers considering the questions many of us wrestle with How do we build enduring and honest relationships How can we discover strength and community inside our differences What tools do we use to address feelings of selfdoubt or helplessness What do we do when it all starts to feel like too much Michelle Obama offers readers a series of fresh stories and insightful reflections on change challenge and power including her belief that when we light up for others we can illuminate the richness and potential of the world around us discovering deeper truths and new pathways for progress Drawing from her experiences as a mother daughter spouse friend and First Lady she shares the habits and principles she has developed to successfully adapt to change and overcome various obstaclesthe earned wisdom that helps her continue to become She details her most valuable practices like starting kind going high and assembling a kitchen table of trusted friends and mentors With trademark humor candor and compassion she also explores issues connected to race gender and visibility encouraging readers to work through fear find strength in community and live with boldness When we are able to recognize our own light we become empowered to use it writes Michelle Obama A rewarding blend of powerful stories and profound advice that will ignite conversation The Light We Carry inspires readers to examine their own lives identify their sources of gladness and connect meaningfully in a turbulent world About the Author Michelle Obama served as First Lady of the United States from 2009 to 2017 A graduate of Princeton University and Harvard Law School Mrs Obama started her career as an attorney at the Chicago law firm Sidley  Austin where she met her future husband Barack Obama She later worked in the Chicago mayors office at the University of Chicago and at the University of Chicago Medical Center Mrs Obama also founded the Chicago chapter of Public Allies an organization that prepares young people for careers in public service She is the author of the 1 global bestseller Becoming and the 1 national bestseller American Grow n The Obamas currently live in Washington DC and have two daughters Malia and Sasha What Our Readers Are Saying Be the first to share your thoughts on this title Product Details ISBN 9780593237465 Binding Hardcover Publication date 11152022 Publisher Crown Publishing Group NY Pages 336 Author Michelle Obama 3250 New Hardcover Ships in 1 to 3 days Qty Store 52 Burnside 55 Cedar Hills 25 Hawthorne 20 Local Warehouse Receive an email when this ISBN is available used 1 LOCOK 1 LOCOK LOCCancel 1 LOCOK LOCCancel 1 LOCOK 1 LOCOK LOCCancel 1 LOCOK LOCCancel 1 LOCOK 1 LOCOK LOCCancel 1 LOCOK LOCCancel 1 LOCOK 1 LOCOK LOCCancel 1 LOCOK LOCCancel Help Guarantee My Account Careers About Us Security Wish List Partners Contact Us Shipping Transparency ACT MRF Sitemap  2022 POWELLSCOM Terms 1 LOCOK 1 LOCOK LOCCancel 1 LOCOK LOCCancel 1 LOCOK 1 LOCOK LOCCancel 1 LOCOK LOCCancel 1 LOCOK 1 LOCOK LOCCancel 1 LOCOK LOCCancel 1 LOCOK 1 LOCOK LOCCancel 1 LOCOK LOCCancel"}