{"Title": " Dreams From a Summer House ", "Author": "Alan Ayckbourn", "Cover Page": "https://powells-covers-2.s3.amazonaws.com/9780573081040.jpg", "ISBN10": "0573081042  \n", "ISBN13": "9780573081040", "Page URL": "https://powells.com/book/dreams-from-a-summer-house-9780573081040", "raw_text": "Dreams from a Summer House Ayckbourn Alan Trade Paperback 9780573081040 Powells Books Cart   my account  wish list  help  8008787323 Hello\n Login MENU Browse New Arrivals Bestsellers Featured Preorders Award Winners Audio Books See All Subjects Used Staff Picks Staff Picks Picks of the Month Bookseller Displays 50 Books for 50 Years 25 Best 21st Century SciFi  Fantasy 25 PNW Books to Read Before You Die 25 Books From the 21st Century 25 Memoirs to Read Before You Die 25 Global Books to Read Before You Die 25 Women to Read Before You Die 25 Books to Read Before You Die Gifts Gift Cards  eGift Cards Powells Souvenirs Journals and Notebooks socks Games Sell Books Blog Events Find A Store Dont Miss BIG SALE 20 off sitewide Picks of the Season What Im Giving Great Gifts Under 25 Best Books of 2022 Powells Author Events Oregon Battle of the Books Audio Books Visit Our Stores Powells Books 14 Gift Ideas From 14 of Our Favorite Authors 0 comment Every year Powells reaches out to some of our favorite authors for some muchneeded giftgiving inspiration Below are 14 writerapproved recommendations to help you find the perfect book for even your mostdifficulttobuyfor loved one Read More  Powells Staff Best Books of 2022 Fiction 1 comment Kelsey Ford 6 Haunting Native American Horror Books 1 comment 1 LOCOK 1 LOCOK LOCCancel 1 LOCOK LOCCancel Dreams From a Summer House by Alan Ayckbourn Comment on this title Synopses  Reviews ISBN13 9780573081040 ISBN10 0573081042 All Product Details View Larger Image View Larger Images 1727 New Trade Paperback Available at a Remote Warehouse Ships separately from other items Additional shipping charges may apply Not available for In Store Pickup More Info Qty Store 20 Remote Warehouse Synopses  Reviews Publisher Comments Comedy with music Alan Ayckbourn Music by John Pattison Characters 5 males 3 females Scenery Exterior The reigning king of English comedy strikes off in a new direction with this gleeful fantasy A couple is preparing for an al fresco party while their hapless ex son in law is holed up in their summer house drinking off his divorce while he completes illustrations for a new edition of Beauty and the Beast When he conjures Belle to life and she appears in the garden unable to understand English unless it is sung her fantastical presence wreaks havoc with the all too real lives around her The story develops into a cliff hanger when the Beast also appears and carries off the strident ex wife This outrageously comic battle of the sexes delightfully illustrates the disparity between romantic ideals and earthly reality proving once again that true love is impossible but necessary It is almost impossible not to be seduced by this fanciful flight of the imagination Daily Telegraph A masterpiece in plot design with some marvelous characters Stage  TV Today Synopsis The reigning king of English comedy strikes off in a new direction with this gleeful fantasy A couple is preparing for an al fresco party while their hapless ex son in law is holed up in their summer house drinking off his divorce while he completes illustrations for a new edition of Beauty and the Beast When he conjures Belle to life and she appears in the garden unable to understand English unless it is sung her fantastical presence wreaks havoc with the all too real lives around her3 women 5 men What Our Readers Are Saying Be the first to share your thoughts on this title Product Details ISBN 9780573081040 Binding Trade Paperback Publication date 05042011 Publisher Samuel French Ltd Language English Pages 94 Height 19IN Width 550IN Illustration Yes UPC Code 9780573081040 Author Alan Ayckbourn Oth John Pattison Subject Musicals  Librettos Subject DRAMA  General Subject DramaWomen and Ethnic 1727 New Trade Paperback Available at a Remote Warehouse Ships separately from other items Additional shipping charges may apply Not available for In Store Pickup More Info Qty Store 20 Remote Warehouse Receive an email when this ISBN is available used 1 LOCOK 1 LOCOK LOCCancel 1 LOCOK LOCCancel 1 LOCOK 1 LOCOK LOCCancel 1 LOCOK LOCCancel 1 LOCOK 1 LOCOK LOCCancel 1 LOCOK LOCCancel 1 LOCOK 1 LOCOK LOCCancel 1 LOCOK LOCCancel Help Guarantee My Account Careers About Us Security Wish List Partners Contact Us Shipping Transparency ACT MRF Sitemap  2022 POWELLSCOM Terms 1 LOCOK 1 LOCOK LOCCancel 1 LOCOK LOCCancel 1 LOCOK 1 LOCOK LOCCancel 1 LOCOK LOCCancel 1 LOCOK 1 LOCOK LOCCancel 1 LOCOK LOCCancel 1 LOCOK 1 LOCOK LOCCancel 1 LOCOK LOCCancel"}