{"Title": " Daily Laws 366 Meditations on Power Seduction Mastery Strategy & Human Nature ", "Author": "Robert Greene", "Cover Page": "https://powells-covers-2.s3.amazonaws.com/9780593299210.jpg", "ISBN10": "0593299213  \n", "ISBN13": "9780593299210", "Page URL": "https://powells.com/book/daily-laws-366-meditations-on-power-seduction-mastery-strategy-human-nature-9780593299210", "raw_text": "Daily Laws 366 Meditations on Power Seduction Mastery Strategy  Human Nature Robert Greene Hardcover 9780593299210 Powells Books Cart   my account  wish list  help  8008787323 Hello\n Login MENU Browse New Arrivals Bestsellers Featured Preorders Award Winners Audio Books See All Subjects Used Staff Picks Staff Picks Picks of the Month Bookseller Displays 50 Books for 50 Years 25 Best 21st Century SciFi  Fantasy 25 PNW Books to Read Before You Die 25 Books From the 21st Century 25 Memoirs to Read Before You Die 25 Global Books to Read Before You Die 25 Women to Read Before You Die 25 Books to Read Before You Die Gifts Gift Cards  eGift Cards Powells Souvenirs Journals and Notebooks socks Games Sell Books Blog Events Find A Store Dont Miss BIG SALE 20 off sitewide Picks of the Season What Im Giving Great Gifts Under 25 Best Books of 2022 Powells Author Events Oregon Battle of the Books Audio Books Visit Our Stores Powells Books 14 Gift Ideas From 14 of Our Favorite Authors 0 comment Every year Powells reaches out to some of our favorite authors for some muchneeded giftgiving inspiration Below are 14 writerapproved recommendations to help you find the perfect book for even your mostdifficulttobuyfor loved one Read More  Powells Staff Best Books of 2022 Fiction 1 comment Kelsey Ford 6 Haunting Native American Horror Books 1 comment 1 LOCOK 1 LOCOK LOCCancel 1 LOCOK LOCCancel Daily Laws 366 Meditations on Power Seduction Mastery Strategy  Human Nature by Robert Greene Comment on this title Synopses  Reviews ISBN13 9780593299210 ISBN10 0593299213 All Product Details View Larger Image View Larger Images 2800 New Hardcover Ships in 1 to 3 days Qty Store 1 Burnside 1 Hawthorne 20 Local Warehouse Synopses  Reviews Synopsis From the worlds foremost expert on power and strategy comes a daily devotional designed to help you seize your destiny Robert Greene the 1 New York Times bestselling author has been the consigliere to millions for more than two decades Now with entries that are drawn from his six books plus neverbeforepublished works The Daily Laws offers a page of refined and concise wisdom for each day of the year in an easytodigest lesson that will only take a few minutes to absorb Each day will feature a Daily Law as wella prescription that readers cannot afford to ignore in the battle of life Each month will center around a major theme power seduction persuasion strategy human nature toxic people selfcontrol mastery psychology leadership adversity or creativity Who doesnt want to be more powerful More in control The best at what they do The secret Read this book every day Daily study Leo Tolstoy wrote in 1884 is necessary for all people More than just an introduction for new fans this book will be a Rosetta stone for internalizing the many lessons that fill Greenes books and will reward a lifetime of reading and rereading What Our Readers Are Saying Be the first to share your thoughts on this title Product Details ISBN 9780593299210 Binding Hardcover Publication date 10122021 Publisher Viking Pages 464 Height 160IN Width 590IN Author Robert Greene 2800 New Hardcover Ships in 1 to 3 days Qty Store 1 Burnside 1 Hawthorne 20 Local Warehouse Receive an email when this ISBN is available used 1 LOCOK 1 LOCOK LOCCancel 1 LOCOK LOCCancel 1 LOCOK 1 LOCOK LOCCancel 1 LOCOK LOCCancel 1 LOCOK 1 LOCOK LOCCancel 1 LOCOK LOCCancel 1 LOCOK 1 LOCOK LOCCancel 1 LOCOK LOCCancel Help Guarantee My Account Careers About Us Security Wish List Partners Contact Us Shipping Transparency ACT MRF Sitemap  2022 POWELLSCOM Terms 1 LOCOK 1 LOCOK LOCCancel 1 LOCOK LOCCancel 1 LOCOK 1 LOCOK LOCCancel 1 LOCOK LOCCancel 1 LOCOK 1 LOCOK LOCCancel 1 LOCOK LOCCancel 1 LOCOK 1 LOCOK LOCCancel 1 LOCOK LOCCancel"}