{"Title": " Priestdaddy ", "Author": "Patricia Lockwood", "Cover Page": "https://powells-covers-2.s3.amazonaws.com/9780399573262.jpg", "ISBN10": "0399573267  \n", "ISBN13": "9780399573262", "Page URL": "https://powells.com/book/-9780399573262", "raw_text": "Priestdaddy A Memoir Patricia Lockwood Trade Paperback 9780399573262 Powells Books Cart   my account  wish list  help  8008787323 Hello\n Login MENU Browse New Arrivals Bestsellers Featured Preorders Award Winners Audio Books See All Subjects Used Staff Picks Staff Picks Picks of the Month Bookseller Displays 50 Books for 50 Years 25 Best 21st Century SciFi  Fantasy 25 PNW Books to Read Before You Die 25 Books From the 21st Century 25 Memoirs to Read Before You Die 25 Global Books to Read Before You Die 25 Women to Read Before You Die 25 Books to Read Before You Die Gifts Gift Cards  eGift Cards Powells Souvenirs Journals and Notebooks socks Games Sell Books Blog Events Find A Store Dont Miss BIG SALE 20 off sitewide Picks of the Season What Im Giving Great Gifts Under 25 Best Books of 2022 Powells Author Events Oregon Battle of the Books Audio Books Visit Our Stores Powells Books 14 Gift Ideas From 14 of Our Favorite Authors 0 comment Every year Powells reaches out to some of our favorite authors for some muchneeded giftgiving inspiration Below are 14 writerapproved recommendations to help you find the perfect book for even your mostdifficulttobuyfor loved one Read More  Powells Staff Best Books of 2022 Fiction 1 comment Kelsey Ford 6 Haunting Native American Horror Books 1 comment 1 LOCOK 1 LOCOK LOCCancel 1 LOCOK LOCCancel Priestdaddy by Patricia Lockwood Comment on this title Synopses  Reviews ISBN13 9780399573262 ISBN10 0399573267 Condition Like New All Product Details View Larger Image View Larger Images 998 List Price 1700 Used Trade Paperback Ships in 1 to 3 days Qty Store 1 Hawthorne From Powellscom Staff Top Fives 2018 Our favorite books of the year Staff Pick Lockwoods riotous retelling of growing up in a rectory with her Catholic priest father and her diseaseobsessed mother is a memoir like no other Her poetic talents elevate her prose to skyscraper levels of absurdity and warmth creating an immensely enjoyable and impactful read Recommended By Haley B Powellscom Synopses  Reviews Publisher Comments NEW YORK TIMES BOOK REVIEW 10 BEST BOOKS OF 2017 SELECTED AS A BEST BOOK OF THE YEAR The Washington Post  Elle  NPR  New York Magazine  Boston Globe  Nylon  Slate  The Cut  The New Yorker  Chicago Tribune Affectionate and very funnywonderfully grounded and authentic This book proves Lockwood to be a formidably gifted writer who can do pretty much anything she pleases  The New York Times Book Review From Patricia Lockwood  a writer acclaimed for her wildly original voice  a vivid heartbreakingly funny memoir about balancing identity with family and tradition Father Greg Lockwood is unlike any Catholic priest you have ever meta man who lounges in boxer shorts loves action movies and whose constant jamming on the guitar reverberates like a whole band dying in a plane crash in 1972 His daughter is an irreverent poet who long ago left the Churchs country When an unexpected crisis leads her and her husband to move back into her parents rectory their two worlds collide In Priestdaddy  Lockwood interweaves emblematic moments from her childhood and adolescence  from an illfated family hunting trip and an abortion clinic sitin where her father was arrested to her involvement in a cultlike Catholic youth group  with scenes that chronicle the eightmonth adventure she and her husband had in her parents household after a decade of living on their own Lockwood details her education of a seminarian who is also living at the rectory tries to explain Catholicism to her husband who is mystified by its bloodthirstiness and arcane laws and encounters a mysterious substance on a hotel bed with her mother Lockwood pivots from the raunchy to the sublime from the comic to the deeply serious exploring issues of belief belonging and personhood Priestdaddy is an entertaining unforgettable portrait of a deeply odd religious upbringing and how one balances a hardwon identity with the weight of family and tradition Review A sharply written and I cant overstate this relentlessly funny family historyLockwoods language swerves into sumptuous poetry several times per chapter Boston Globe Review A memoir about growing up different and Catholic but unlike any youve read before Poet and writer Patricia Lockwood brings her uniquely bracing yet humorous prose to the story of where it all began home Glamour Magazine Review With this ferocious bodacious memoir Lockwood finally mounts her own pulpit reclaiming a story that all along was hers alone to tell O The Oprah Magazine Review RemarkableLockwood proceeds with a near unflagging sense of ironic exuberance and verbal inventivenessthis superabundance of comic energy and literary vigor is a measure of Lockwoods seriousness Washington Post Review Gives confessional memoir a new layer of meaning From its hilariously irreverent first sentence this daughters story of her guitarjamming abortionprotesting Godfearing father will grab you by the clerical collar and wont let go Vanity Fair Review One of the years most singular memoirsLockwoods prose has the lyricism and perfect peculiarity of her poetry diffusing the sometimesdarkness of her own life in a brilliantly observed kaleidoscope of kook Elle Magazine The Best Books of 2017 Review  Priestdaddy roars from the gateits not just that Lockwood has fresh eyes and quick wits but that in her father shes lucked upon one of the great characters of this nonfiction decadeLockwoods prose is cute and dirty and innocent and experienced Betty Boop in a pas de deux with David SedarisI suspect it may mean a lot to many people especially the lapsed Catholics among us It is for sure like no book I have read Dwight Garner The New York Times Review Wildly entertainingLockwoods humor and poetic descriptions are both impressively prolific every sentence somehow funnier than the one you just read New York Magazines The Cut Review What I love about this book was the way it feels suffused with love  of literature nature and the English language for her familyone of the pleasures of this memoir is its particularly tender motherdaughter bondLockwoods voice is wonderfully grounded and authenticshe proves herself a formidably gifted writer who can do pretty much anything she pleases Gemma Sieff The New York Times Book Review About the Author Patricia Lockwood was born in Fort Wayne Indiana and raised in all the worst cities of the Midwest She is the author of two poetry collections Balloon Pop Outlaw Black and Motherland Fatherland Homelandsexuals  a New York Times Notable Book Her writing has appeared in the New York Times  The New Yorker  The New Republic  Slate  and The London Review of Books  She lives in Lawrence Kansas What Our Readers Are Saying Be the first to share your thoughts on this title Product Details ISBN 9780399573262 Binding Trade Paperback Publication date 05012018 Publisher RIVERHEAD BOOKSPENGUIN PUTNAM Pages 352 Height 100IN Width 540IN Author Patricia Lockwood 998 List Price 1700 Used Trade Paperback Ships in 1 to 3 days Qty Store 1 Hawthorne More copies of this ISBN New Trade Paperback 1700 Used Trade Paperback Starting from 850 1 LOCOK 1 LOCOK LOCCancel 1 LOCOK LOCCancel 1 LOCOK 1 LOCOK LOCCancel 1 LOCOK LOCCancel 1 LOCOK 1 LOCOK LOCCancel 1 LOCOK LOCCancel 1 LOCOK 1 LOCOK LOCCancel 1 LOCOK LOCCancel Help Guarantee My Account Careers About Us Security Wish List Partners Contact Us Shipping Transparency ACT MRF Sitemap  2022 POWELLSCOM Terms 1 LOCOK 1 LOCOK LOCCancel 1 LOCOK LOCCancel 1 LOCOK 1 LOCOK LOCCancel 1 LOCOK LOCCancel 1 LOCOK 1 LOCOK LOCCancel 1 LOCOK LOCCancel 1 LOCOK 1 LOCOK LOCCancel 1 LOCOK LOCCancel"}