{"Title": " Goodnight Racism ", "Author": "Ibram X. Kendi", "Cover Page": "https://powells-covers-2.s3.amazonaws.com/9780593110515.jpg", "ISBN10": "059311051X  \n", "ISBN13": "9780593110515", "Page URL": "https://powells.com/book/goodnight-racism-9780593110515", "raw_text": "Goodnight Racism Ibram X Kendi Cbabi Bayoc Hardcover 9780593110515 Powells Books Cart   my account  wish list  help  8008787323 Hello\n Login MENU Browse New Arrivals Bestsellers Featured Preorders Award Winners Audio Books See All Subjects Used Staff Picks Staff Picks Picks of the Month Bookseller Displays 50 Books for 50 Years 25 Best 21st Century SciFi  Fantasy 25 PNW Books to Read Before You Die 25 Books From the 21st Century 25 Memoirs to Read Before You Die 25 Global Books to Read Before You Die 25 Women to Read Before You Die 25 Books to Read Before You Die Gifts Gift Cards  eGift Cards Powells Souvenirs Journals and Notebooks socks Games Sell Books Blog Events Find A Store Dont Miss BIG SALE 20 off sitewide Picks of the Season What Im Giving Great Gifts Under 25 Best Books of 2022 Powells Author Events Oregon Battle of the Books Audio Books Visit Our Stores Powells Books 14 Gift Ideas From 14 of Our Favorite Authors 0 comment Every year Powells reaches out to some of our favorite authors for some muchneeded giftgiving inspiration Below are 14 writerapproved recommendations to help you find the perfect book for even your mostdifficulttobuyfor loved one Read More  Powells Staff Best Books of 2022 Fiction 1 comment Kelsey Ford 6 Haunting Native American Horror Books 1 comment 1 LOCOK 1 LOCOK LOCCancel 1 LOCOK LOCCancel Goodnight Racism by Ibram X Kendi and Cbabi Bayoc Comment on this title Synopses  Reviews ISBN13 9780593110515 ISBN10 059311051X All Product Details View Larger Image View Larger Images 1899 New Hardcover Ships in 1 to 3 days Qty Store 3 Burnside 3 Cedar Hills 3 Hawthorne 20 Local Warehouse From Powellscom Powells Picks of the Month Hot new releases and undertheradar gems for adults and kids Staff Pick With Kendis elegant prose and Bayocs warm joyful illustrations Goodnight Racism cleverly takes the moon from Margaret Wise Browns similarly titled classic and makes it so much more  letting it lull sleepers into dreams of a world of equality a world where all people are safe A joyful hopeful book Recommended By Gigi L Powellscom Synopses  Reviews Publisher Comments National Book Awardwinning and New York Times bestselling author Ibram X Kendi  How to Be an Antiracist Antiracist Baby  returns with a new picture book that serves as a modern bedtime classic As children all over the world get ready for bed the moon watches over them The moon knows that when we sleep we dream And when we dream we imagine what is possible and what the world can be With dynamic imaginative art and poetic prose Goodnight Racism delivers important messages about antiracism justice and equality in an easytoread format that empowers readers both big and small Goodnight Racism gives children the language to dream of a better world and is the perfect book to add to their social justice toolkit About the Author Ibram X Kendi is a New York Times bestselling author and the Founding Director of the Boston University Center for Antiracist Research A professor of history and frequent public speaker Kendi is a contributing writer at the Atlantic He is the author of Stamped from the Beginning The Definitive History of Racist Ideas in America  which won the National Book Award for Nonfiction The Black Campus Movement  which won the WEB Du Bois Book Prize How to Be an Antiracist  and Antiracist Baby  Cbabi pronounced Kuhbobbi Bayoc is an internationallyknown visual artist and illustrator residing in St Louis Missouri His subjects include family children music and a bunch of other cool stuff designed with line bold color and phunk Cbabi spends his time working on a variety of projects including portraits community murals school murals and childrens book illustrations Learn more at his website cbabibayoccom or follow him on Instagram cbabi What Our Readers Are Saying Be the first to share your thoughts on this title Product Details ISBN 9780593110515 Binding Hardcover Publication date 06142022 Publisher Kokila Language English Pages 32 Age Range 4 to 7 Grade Range P to 2 Illustrator Cbabi Bayoc Author Ibram X Kendi 1899 New Hardcover Ships in 1 to 3 days Qty Store 3 Burnside 3 Cedar Hills 3 Hawthorne 20 Local Warehouse Receive an email when this ISBN is available used 1 LOCOK 1 LOCOK LOCCancel 1 LOCOK LOCCancel 1 LOCOK 1 LOCOK LOCCancel 1 LOCOK LOCCancel 1 LOCOK 1 LOCOK LOCCancel 1 LOCOK LOCCancel 1 LOCOK 1 LOCOK LOCCancel 1 LOCOK LOCCancel Help Guarantee My Account Careers About Us Security Wish List Partners Contact Us Shipping Transparency ACT MRF Sitemap  2022 POWELLSCOM Terms 1 LOCOK 1 LOCOK LOCCancel 1 LOCOK LOCCancel 1 LOCOK 1 LOCOK LOCCancel 1 LOCOK LOCCancel 1 LOCOK 1 LOCOK LOCCancel 1 LOCOK LOCCancel 1 LOCOK 1 LOCOK LOCCancel 1 LOCOK LOCCancel"}