{"Title": " When the Light of the World Was Subdued, Our Songs Came Through: A Norton Anthology of Native Nations Poetry ", "Author": "Joy Harjo", "Cover Page": "https://powells-covers-2.s3.amazonaws.com/9780393356809.jpg", "ISBN10": "0393356809  \n", "ISBN13": "9780393356809", "Page URL": "https://powells.com/book/when-the-light-of-the-world-was-subdued-our-songs-came-through-9780393356809", "raw_text": "When the Light of the World Was Subdued Our Songs Came Through A Norton Anthology of Native Nations Poetry Joy Harjo Leanne Howe Jennifer Foerster Trade Paperback 9780393356809 Powells Books Cart   my account  wish list  help  8008787323 Hello\n Login MENU Browse New Arrivals Bestsellers Featured Preorders Award Winners Audio Books See All Subjects Used Staff Picks Staff Picks Picks of the Month Bookseller Displays 50 Books for 50 Years 25 Best 21st Century SciFi  Fantasy 25 PNW Books to Read Before You Die 25 Books From the 21st Century 25 Memoirs to Read Before You Die 25 Global Books to Read Before You Die 25 Women to Read Before You Die 25 Books to Read Before You Die Gifts Gift Cards  eGift Cards Powells Souvenirs Journals and Notebooks socks Games Sell Books Blog Events Find A Store Dont Miss BIG SALE 20 off sitewide Picks of the Season What Im Giving Great Gifts Under 25 Best Books of 2022 Powells Author Events Oregon Battle of the Books Audio Books Visit Our Stores Powells Books 14 Gift Ideas From 14 of Our Favorite Authors 0 comment Every year Powells reaches out to some of our favorite authors for some muchneeded giftgiving inspiration Below are 14 writerapproved recommendations to help you find the perfect book for even your mostdifficulttobuyfor loved one Read More  Powells Staff Best Books of 2022 Fiction 1 comment Kelsey Ford 6 Haunting Native American Horror Books 1 comment 1 LOCOK 1 LOCOK LOCCancel 1 LOCOK LOCCancel When the Light of the World Was Subdued Our Songs Came Through A Norton Anthology of Native Nations Poetry by Joy Harjo and Leanne Howe and Jennifer Foerster Comment on this title Synopses  Reviews ISBN13 9780393356809 ISBN10 0393356809 All Product Details View Larger Image View Larger Images 1995 New Trade Paperback Ships in 1 to 3 days Qty Store 6 Burnside 1 Hawthorne From Powellscom Powells Picks of the Month Hot new releases and undertheradar gems for adults and kids Staff Pick Spanning centuries and containing poems from more than 90 tribal nations this anthology is divided into five geographic regions each introduced with an essay United States Poet Laureate Joy Harjo has compiled a rich and varied tapestry for readers to enjoy for years to come Recommended By Mary Jo S Powellscom Synopses  Reviews Publisher Comments This landmark anthology celebrates the indigenous peoples of North America the first poets of this country whose literary traditions stretch back centuries Opening with a blessing from Pulitzer Prizewinner N Scott Momaday the book contains powerful introductions from contributing editors who represent the five geographically organized sections Each section begins with a poem from traditional oral literatures and closes with emerging poets ranging from Eleazar a seventeenthcentury Native student at Harvard to Jake Skeets a young Din poet born in 1991 and including renowned writers such as Luci Tapahanso Natalie Diaz Layli Long Soldier and Ray Young Bear When the Light of the World Was Subdued Our Songs Came Through offers the extraordinary sweep of Native literature without which no study of American poetry is complete Review This anthology is revelatory and stunning It shows the remarkable strength and diversity of Native poetry which vitalizes all of American poetry It is essential reading Arthur Sze National Book Awardwinning author of Sight Lines About the Author Joy Harjo is the author of eight poetry collections including the national bestseller An American Sunrise  and a memoir Crazy Brave  Named Poet Laureate in 2019 she lives in Tulsa Oklahoma LeAnne Howe is the author most recently of Savage Conversations  She teaches at the University of Georgia  Athens Jennifer Elise Foerster is the author of Bright Raft in the Afterweather  She lives in California Powells Books on PowellsBooksBlog Whether you opt for poetry horror fantasy environmental nonfiction or folklore the 14 new books below will expand and enrich your understanding of the diverse Native communities in the United States and introduce you to phenomenal writers whose work is art activism and wholly astonishing Read More  What Our Readers Are Saying Be the first to share your thoughts on this title Product Details ISBN 9780393356809 Binding Trade Paperback Publication date 08252020 Publisher W W NORTON  CO Pages 496 Author Joy Harjo Author Leanne Howe Author Jennifer Elise Foerster 1995 New Trade Paperback Ships in 1 to 3 days Qty Store 6 Burnside 1 Hawthorne Receive an email when this ISBN is available used 1 LOCOK 1 LOCOK LOCCancel 1 LOCOK LOCCancel 1 LOCOK 1 LOCOK LOCCancel 1 LOCOK LOCCancel 1 LOCOK 1 LOCOK LOCCancel 1 LOCOK LOCCancel 1 LOCOK 1 LOCOK LOCCancel 1 LOCOK LOCCancel Help Guarantee My Account Careers About Us Security Wish List Partners Contact Us Shipping Transparency ACT MRF Sitemap  2022 POWELLSCOM Terms 1 LOCOK 1 LOCOK LOCCancel 1 LOCOK LOCCancel 1 LOCOK 1 LOCOK LOCCancel 1 LOCOK LOCCancel 1 LOCOK 1 LOCOK LOCCancel 1 LOCOK LOCCancel 1 LOCOK 1 LOCOK LOCCancel 1 LOCOK LOCCancel"}