{"Title": " Tomorrow, and Tomorrow, and Tomorrow ", "Author": "Gabrielle Zevin", "Cover Page": "https://powells-covers-2.s3.amazonaws.com/9780593321201.jpg", "ISBN10": "0593321200  \n", "ISBN13": "9780593321201", "Page URL": "https://powells.com/book/tomorrow-and-tomorrow-and-tomorrow-9780593321201", "raw_text": "Tomorrow and Tomorrow and Tomorrow Gabrielle Zevin Hardcover 9780593321201 Powells Books Cart   my account  wish list  help  8008787323 Hello\n Login MENU Browse New Arrivals Bestsellers Featured Preorders Award Winners Audio Books See All Subjects Used Staff Picks Staff Picks Picks of the Month Bookseller Displays 50 Books for 50 Years 25 Best 21st Century SciFi  Fantasy 25 PNW Books to Read Before You Die 25 Books From the 21st Century 25 Memoirs to Read Before You Die 25 Global Books to Read Before You Die 25 Women to Read Before You Die 25 Books to Read Before You Die Gifts Gift Cards  eGift Cards Powells Souvenirs Journals and Notebooks socks Games Sell Books Blog Events Find A Store Dont Miss BIG SALE 20 off sitewide Picks of the Season What Im Giving Great Gifts Under 25 Best Books of 2022 Powells Author Events Oregon Battle of the Books Audio Books Visit Our Stores Powells Books 14 Gift Ideas From 14 of Our Favorite Authors 0 comment Every year Powells reaches out to some of our favorite authors for some muchneeded giftgiving inspiration Below are 14 writerapproved recommendations to help you find the perfect book for even your mostdifficulttobuyfor loved one Read More  Powells Staff Best Books of 2022 Fiction 1 comment Kelsey Ford 6 Haunting Native American Horror Books 1 comment 1 LOCOK 1 LOCOK LOCCancel 1 LOCOK LOCCancel Tomorrow and Tomorrow and Tomorrow by Gabrielle Zevin Comment on this title Synopses  Reviews Read an Original Essay ISBN13 9780593321201 ISBN10 0593321200 All Product Details View Larger Image View Larger Images 2800 New Hardcover Ships in 1 to 3 days Qty Store 29 Burnside 1 Cedar Hills 9 Hawthorne From Powellscom Best Books of 2022 Discover the books that made our 2022 list Powells Picks of the Month Hot new releases and undertheradar gems for adults and kids Staff Pick Video games and their infinite potential as transgressive powerful artistic endeavors told through the incisive and probing medium of literary fiction Its about time If youve ever loved an indie game sought meaningful connection or considered the vast possibilities of human creativity this ones for you Recommended By Sarah R Powellscom Synopses  Reviews Publisher Comments In this exhilarating novel by the bestselling author of The Storied Life of A J Fikry two friends  often in love but never lovers  come together as creative partners in the world of video game design where success brings them fame joy tragedy duplicity and ultimately a kind of immortality On a bittercold day in the December of his junior year at Harvard Sam Masur exits a subway car and sees amid the hordes of people waiting on the platform Sadie Green He calls her name For a moment she pretends she hasnt heard him but then she turns and a game begins a legendary collaboration that will launch them to stardom These friends intimates since childhood borrow money beg favors and before even graduating college they have created their first blockbuster Ichigo  Overnight the world is theirs Not even twentyfive years old Sam and Sadie are brilliant successful and rich but these qualities wont protect them from their own creative ambitions or the betrayals of their hearts Spanning thirty years from Cambridge Massachusetts to Venice Beach California and lands in between and far beyond Gabrielle Zevins Tomorrow and Tomorrow and Tomorrow is a dazzling and intricately imagined novel that examines the multifarious nature of identity disability failure the redemptive possibilities in play and above all our need to connect to be loved and to love Yes it is a love story but it is not one you have read before Review Utterly brilliant In this sweeping gorgeously written novel Gabrielle Zevin charts the beauty tenacity and fragility of human love and creativity Tomorrow and Tomorrow and Tomorrow is one of the best books Ive ever read John Green author of The Anthropocene Reviewed Review RivetingSure to enchant even those who have never played a video game in their lives with instant cult status for those who have Kirkus Starred Review Review Zevin layers the narrative with her characters wrenching emotional wounds as their relationships wax and waneEven more impressive are the visionary and transgressive gamesThis is a oneofakind achievement Publishers Weekly Starred Review About the Author Gabrielle Zevin is the New York Times and internationally bestselling author of several critically acclaimed novels including The Storied Life of AJ Fikry which won the Southern California Independent Booksellers Award and the Japan Booksellers Award among other honors and Young Jane Young which won the Southern Book Prize Her novels have been translated into thirtynine languages She has also written books for young readers including the awardwinning Elsewhere  She lives in Los Angeles Gabrielle Zevin on PowellsBooksBlog I love words English words and ones in foreign languages as well My great regret in life is that I did not learn German and maybe someday I will I study foreign languages not to achieve fluency but because I like thinking about the ways in which the language one speaks alters and defines ones experience Read More  What Our Readers Are Saying Be the first to share your thoughts on this title Product Details ISBN 9780593321201 Binding Hardcover Publication date 07052022 Publisher Knopf Publishing Group Language English Pages 416 LCCN 2021032441 Author Gabrielle Zevin 2800 New Hardcover Ships in 1 to 3 days Qty Store 29 Burnside 1 Cedar Hills 9 Hawthorne Receive an email when this ISBN is available used 1 LOCOK 1 LOCOK LOCCancel 1 LOCOK LOCCancel 1 LOCOK 1 LOCOK LOCCancel 1 LOCOK LOCCancel 1 LOCOK 1 LOCOK LOCCancel 1 LOCOK LOCCancel 1 LOCOK 1 LOCOK LOCCancel 1 LOCOK LOCCancel Help Guarantee My Account Careers About Us Security Wish List Partners Contact Us Shipping Transparency ACT MRF Sitemap  2022 POWELLSCOM Terms 1 LOCOK 1 LOCOK LOCCancel 1 LOCOK LOCCancel 1 LOCOK 1 LOCOK LOCCancel 1 LOCOK LOCCancel 1 LOCOK 1 LOCOK LOCCancel 1 LOCOK LOCCancel 1 LOCOK 1 LOCOK LOCCancel 1 LOCOK LOCCancel"}