{"Title": " Letters to a Young Novelist ", "Author": "Mario Vargas Llosa", "Cover Page": "https://powells-covers-2.s3.amazonaws.com/9780312421724.jpg", "ISBN10": "0312421729  \n", "ISBN13": "9780312421724", "Page URL": "https://www.powells.com/book/letters-to-a-young-novelist-9780312421724", "raw_text": "Letters to a Young Novelist  Mario Vargas Llosa and Natasha Wimmer and Natasha Wimmer Trade Paperback 9780312421724 Powells Books Cart   my account  wish list  help  8008787323 Hello\n Login MENU Browse New Arrivals Bestsellers Featured Preorders Award Winners Audio Books See All Subjects Used Staff Picks Staff Picks Picks of the Month Bookseller Displays 50 Books for 50 Years 25 Best 21st Century SciFi  Fantasy 25 PNW Books to Read Before You Die 25 Books From the 21st Century 25 Memoirs to Read Before You Die 25 Global Books to Read Before You Die 25 Women to Read Before You Die 25 Books to Read Before You Die Gifts Gift Cards  eGift Cards Powells Souvenirs Journals and Notebooks socks Games Sell Books Blog Events Find A Store Dont Miss BIG SALE 20 off sitewide Picks of the Season What Im Giving Great Gifts Under 25 Best Books of 2022 Powells Author Events Oregon Battle of the Books Audio Books Visit Our Stores Powells Books 14 Gift Ideas From 14 of Our Favorite Authors 0 comment Every year Powells reaches out to some of our favorite authors for some muchneeded giftgiving inspiration Below are 14 writerapproved recommendations to help you find the perfect book for even your mostdifficulttobuyfor loved one Read More  Powells Staff Best Books of 2022 Fiction 1 comment Kelsey Ford 6 Haunting Native American Horror Books 1 comment 1 LOCOK 1 LOCOK LOCCancel 1 LOCOK LOCCancel Letters to a Young Novelist by Mario Vargas Llosa Comment on this title Synopses  Reviews ISBN13 9780312421724 ISBN10 0312421729 Condition Standard All Product Details View Larger Image View Larger Images 795 List Price 1600 Used Trade Paperback Ships in 1 to 3 days Qty Store 1 Burnside Staff Pick This book may be useful to all artists creators thinkers musers wanderers etc Since Llosa is writing to a friend the tone is very conversational yet quite profound He says that the act of creation in general comes from a desire to see something new in the world and is itself revolutionary Who isnt curious about what a creative revolution could like Recommended By Dana S Powellscom Synopses  Reviews Publisher Comments A literary apprenticeship in eleven letters by the internationally acclaimed master of the novel In the tradition of Rilkes Letters to a Young Poet  Mario Vargas Llosa condenses a lifetime of writing reading and thought into an essential manual for aspiring writers revealing in the process his deepest beliefs about our common literary endeavor A writer in his view is a being seized by an insatiable appetite for creation a rebel and a dreamer But dreams when set down on paper require disciplined development and so Vargas Llosa undertakes to supply the tools of transformation Drawing on the stories and novels of writers from around the globe  Borges Bierce C\u00e9line Cort\u00e1zar Faulkner Kafka RobbeGrillet  he lays bare the inner workings of fiction examining time space style and structure all the while urging young novelists not to lose touch with the elemental urge to create Conversational eloquent and effortlessly erudite this little book is destined to be read and reread by young writers old writers wouldbe writers and all those with a stake in the world of letters Review A fascinating commentarydistills great works brilliantly revealing an architecture to their greatness  The Washington Post Book World Ought to be dubbed the worlds cheapest MFANot just a book for writers but one for readers tooAnd for those who want to do more than read it will instruct illuminate and most important inspire  St Petersburg Times This book will make you if not a novelist at least a subtler taster of novels  San Antonio Express Less a collection of dictums on the craft of the novel than a tribute to its formal complexities and potential through his admiring comments on works by the likes of Flaubert and Cervantes  The New York Times Book Review Synopsis WINNER OF THE NOBEL PRIZE IN LITERATURE Mario Vargas Llosa condenses a lifetime of writing reading and thought into an essential manual for aspiring writers Drawing on the stories and novels of writers from around the globeBorges Bierce C line Cort zar Faulkner Kafka RobbeGrillethe lays bare the inner workings of fiction all the while urging young novelists not to lose touch with the elemental urge to create Conversational eloquent and effortlessly erudite this little book is destined to be read and reread by young writers old writers wouldbe writers and all those with a stake in the world of letters Synopsis Mario Vargas Llosa condenses a lifetime of writing reading and thought into an essential manual for aspiring writers Drawing on the stories and novels of writers from around the globeBorges Bierce C\u00e9line Cort\u00e1zar Faulkner Kafka RobbeGrillethe lays bare the inner workings of fiction all the while urging young novelists not to lose touch with the elemental urge to create Conversational eloquent and effortlessly erudite this little book is destined to be read and reread by young writers old writers wouldbe writers and all those with a stake in the world of letters About the Author MARIO VARGAS LLOSA was awarded the Nobel Prize in Literature in 2010 for his cartography of structures of power and his trenchant images of the individuals resistance revolt and defeat Perus foremost writer he has been awarded the Cervantes Prize the Spanishspeaking worlds most distinguished literary honor and the Jerusalem Prize His many works include The Feast of the Goat  The Bad Girl  Aunt Julia and the Scriptwriter  The War of the End of the World  and The Storyteller  He lives in London What Our Readers Are Saying Be the first to share your thoughts on this title Product Details ISBN 9780312421724 Binding Trade Paperback Publication date 06012003 Publisher ST MARTINS PRESS Pages 146 Height 60IN Width 550IN Thickness 50 Number of Units 1 Copyright Year 2003 Series Volume 52 UPC Code 2800312421726 Translator Natasha Wimmer Author Mario Vargas Author Mario Vargas Llosa Author Mario Vargas Llosa and Natasha Wimmer Author Natasha Wimmer Author Natasha Wimmer Author Natasha TRN Wimmer Author Mario Vargas Llosa Subject Fiction Subject BiographyLiterary Subject Imaginary letters Subject Letters Subject Fiction  Authorship 795 List Price 1600 Used Trade Paperback Ships in 1 to 3 days Qty Store 1 Burnside More copies of this ISBN New Trade Paperback 1600 1 LOCOK 1 LOCOK LOCCancel 1 LOCOK LOCCancel 1 LOCOK 1 LOCOK LOCCancel 1 LOCOK LOCCancel 1 LOCOK 1 LOCOK LOCCancel 1 LOCOK LOCCancel 1 LOCOK 1 LOCOK LOCCancel 1 LOCOK LOCCancel Help Guarantee My Account Careers About Us Security Wish List Partners Contact Us Shipping Transparency ACT MRF Sitemap  2022 POWELLSCOM Terms 1 LOCOK 1 LOCOK LOCCancel 1 LOCOK LOCCancel 1 LOCOK 1 LOCOK LOCCancel 1 LOCOK LOCCancel 1 LOCOK 1 LOCOK LOCCancel 1 LOCOK LOCCancel 1 LOCOK 1 LOCOK LOCCancel 1 LOCOK LOCCancel"}