{"Title": " Without Fail: Jack Reacher 6 ", "Author": "Lee Child", "Cover Page": "https://powells-covers-2.s3.amazonaws.com/9780515144314.jpg", "ISBN10": "0515144312  \n", "ISBN13": "9780515144314", "Page URL": "https://powells.com/book/without-fail-9780515144314", "raw_text": "Without Fail Lee Child Mass Market 9780515144314 Powells Books Cart   my account  wish list  help  8008787323 Hello\n Login MENU Browse New Arrivals Bestsellers Featured Preorders Award Winners Audio Books See All Subjects Used Staff Picks Staff Picks Picks of the Month Bookseller Displays 50 Books for 50 Years 25 Best 21st Century SciFi  Fantasy 25 PNW Books to Read Before You Die 25 Books From the 21st Century 25 Memoirs to Read Before You Die 25 Global Books to Read Before You Die 25 Women to Read Before You Die 25 Books to Read Before You Die Gifts Gift Cards  eGift Cards Powells Souvenirs Journals and Notebooks socks Games Sell Books Blog Events Find A Store Dont Miss BIG SALE 20 off sitewide Picks of the Season What Im Giving Great Gifts Under 25 Best Books of 2022 Powells Author Events Oregon Battle of the Books Audio Books Visit Our Stores Powells Books 14 Gift Ideas From 14 of Our Favorite Authors 0 comment Every year Powells reaches out to some of our favorite authors for some muchneeded giftgiving inspiration Below are 14 writerapproved recommendations to help you find the perfect book for even your mostdifficulttobuyfor loved one Read More  Powells Staff Best Books of 2022 Fiction 1 comment Kelsey Ford 6 Haunting Native American Horror Books 1 comment 1 LOCOK 1 LOCOK LOCCancel 1 LOCOK LOCCancel Without Fail Jack Reacher 6 by Lee Child Comment on this title Synopses  Reviews ISBN13 9780515144314 ISBN10 0515144312 Condition Standard All Product Details View Larger Image View Larger Images 695 List Price 999 Used Mass Market Ships in 1 to 3 days Qty Store 2 Burnside 2 Cedar Hills 2 Hawthorne 5 Local Warehouse Synopses  Reviews Publisher Comments Skilled stealthy and unknown Jack Reacher is the perfect man to assassinate the Vice President of the United States Theoretically His job is to find holes in the VPs security systembefore a group of assassins does Review If Without Fail doesnt hook you on Lee Child I give up New York Times Review The best thriller writer of the moment Janet Maslin New York Times Synopsis Jack Reacher takes aim at the White House in the sixth novel in Lee Child s New York Times bestselling series Skilled cautious and anonymous Jack Reacher is perfect for the job to assassinate the vice president of the United States Theoretically of course A female Secret Service agent wants Reacher to find the holes in her system and fast because a covert group already has the vice president in their sights They ve planned well There s just one thing they didn t plan on Reacher  Synopsis Jack Reacher takes aim at the White House in the sixth novel in Lee Childs 1 New York Times bestselling series DONT MISS REACHER ON PRIME VIDEO Skilled cautious and anonymous Jack Reacher is perfect for the job to assassinate the vice president of the United States Theoretically of course A female Secret Service agent wants Reacher to find the holes in her system and fastbecause a covert group already has the vice president in their sights Theyve planned well Theres just one thing they didnt plan on Reacher Synopsis Skilled and unknown Jack Reacher is the perfect man to assassinate the vice president of the United States  in theory Hired by the VPs Secret Service security detail its Reachers job to find holes in the system before a group of assassins do Now repackaged with an electrifying new cover Reissue About the Author Lee Child is a 1 bestselling author worldwide His debut novel Killing Floor  won two awards for best first mystery and was nominated for two more Foreign rights in the Jack Reacher series have been sold in ninetyfive countries The movie franchise stars Tom Cruise as Jack Reacher Child a native of England is a former television director He lives in New York City where he is at work on his next Jack Reacher thriller 5 1 What Our Readers Are Saying Share your thoughts on this title Average customer rating 5 1 comments  Edward Hahn  May 14 2014 view all comments by Edward Hahn Couldnt put it down One of Childs best suspenseful thrilling surprising at points Reacher doing Reacher at his most effective\nReacher is asked by Secret Service Agent ME Froelich a woman leading the Vice Presidents protection detail to assassinate the VP Not really but rather to expose the holes in the protection Reacher enlists colleague Frances Neagley to help and of course in just a few days finds all kinds of weaknesses It is at that point the actual reason for the concern is revealed\nThe story unfolds from there and to say much more would spoil the plot for new readers Suffice to say that Reachers brother becomes part of the story as does his relationship with Froelich and Froelichs boss Stuyvesant\nIf youve never read a Reacher book this would be a good place to start 400 pages of excitement Was this comment helpful  Yes  No 1 of 3 readers found this comment helpful report this\ncomment Product Details ISBN 9780515144314 Binding Mass Market Publication date 03012008 Publisher Jove Books Pages 608 Height 117IN Width 419IN Series Jack Reacher Series Number 6 Age Range 18 and up Grade Range 13 and up Copyright Year 2008 UPC Code 2800515144316 Author Lee Child Subject Suspense fiction Subject Secret service Subject Assassination Subject General Fiction Subject Children s 12Up  Fiction  Espionage Subject Thrillers Subject Popular FictionContemporary Thrillers 695 List Price 999 Used Mass Market Ships in 1 to 3 days Qty Store 2 Burnside 2 Cedar Hills 2 Hawthorne 5 Local Warehouse More copies of this ISBN New Mass Market 999 Used Mass Market 495 This title in other editions Used Mass Market Starting from 450 1 LOCOK 1 LOCOK LOCCancel 1 LOCOK LOCCancel 1 LOCOK 1 LOCOK LOCCancel 1 LOCOK LOCCancel 1 LOCOK 1 LOCOK LOCCancel 1 LOCOK LOCCancel 1 LOCOK 1 LOCOK LOCCancel 1 LOCOK LOCCancel Help Guarantee My Account Careers About Us Security Wish List Partners Contact Us Shipping Transparency ACT MRF Sitemap  2022 POWELLSCOM Terms 1 LOCOK 1 LOCOK LOCCancel 1 LOCOK LOCCancel 1 LOCOK 1 LOCOK LOCCancel 1 LOCOK LOCCancel 1 LOCOK 1 LOCOK LOCCancel 1 LOCOK LOCCancel 1 LOCOK 1 LOCOK LOCCancel 1 LOCOK LOCCancel"}