{"Title": " Present Indicative ", "Author": "Coward, Noel", "Cover Page": "https://covers.powells.com/9780413774132.jpg", "ISBN10": "0413774139  \n", "ISBN13": "9780413774132", "Page URL": "https://powells.com/book/present-indicative-9780413774132", "raw_text": "Present Indicative  Noel Coward and Sheridan Morley Trade Paperback 9780413774132 Powells Books Cart   my account  wish list  help  8008787323 Hello\n\n Login MENU Browse New Arrivals Bestsellers Featured Preorders Award Winners Audio Books See All Subjects Used Staff Picks Staff Picks Picks of the Month Bookseller Displays 50 Books for 50 Years 25 Best 21st Century SciFi  Fantasy 25 PNW Books to Read Before You Die 25 Books From the 21st Century 25 Memoirs to Read Before You Die 25 Global Books to Read Before You Die 25 Women to Read Before You Die 25 Books to Read Before You Die Gifts Gift Cards  eGift Cards Powells Souvenirs Journals and Notebooks socks Games Sell Books Blog Events Find A Store Dont Miss BIG SALE 20 off sitewide Picks of the Season What Im Giving Great Gifts Under 25 Best Books of 2022 Powells Author Events Oregon Battle of the Books Audio Books Visit Our Stores Powells Books 14 Gift Ideas From 14 of Our Favorite Authors 0 comment Every year Powells reaches out to some of our favorite authors for some muchneeded giftgiving inspiration Below are 14 writerapproved recommendations to help you find the perfect book for even your mostdifficulttobuyfor loved one Read More  Powells Staff Best Books of 2022 Fiction 1 comment Kelsey Ford 6 Haunting Native American Horror Books 1 comment 1 LOCOK 1 LOCOK LOCCancel 1 LOCOK LOCCancel Present Indicative by Coward Noel Comment on this title Synopses  Reviews ISBN13 9780413774132 ISBN10 0413774139 All Product Details View Larger Image View Larger Images 3060 New Trade Paperback Available at a Remote Warehouse Ships separately from other items Additional shipping charges may apply Not available for In Store Pickup More Info Qty Store 20 Remote Warehouse Synopses  Reviews Publisher Comments I was photographed naked on a cushion very early in life an insane toothless smile slitting my face and pleats of fat overlapping me like an illfitting overcoat Later at the age of two I was photographed again This time in a lace dress leaning against a garden roller and laughing hysterically If these photographs can be found they will adorn this book Thus begins the life story of one of the most celebrated characters in British theatrical history in the first of Cowards autobiographies first published in 1937 Displaying an early dedication to the theatre Present Indicative hints at the success that would come to Coward as actor playwright novelist and performer Each line is punctuated with his trademark effervescent wit making this book a comic tour de force in its own right as well as a must read for anyone with an interest in the British stage Review He is simply a phenomenon and one that is unlikely to occur ever again in theatre historyTerence Rattigan Synopsis First published in 1937 Present Indicative is the first part of the autobiography of one of the most celebrated characters in British theatrical history and hints at the success that would come to Coward as actor playwright novelist and performer Each line is punctuated with his trademark effervescent wit making this book a comic tour de force in its own right as well as a must read for anyone with an interest in the world of theater Synopsis The definitive account in his own words of one of the most popular figures in British theatre About the Author No\u00ebl Coward was born in Teddington Middlesex on 16 December 1899 A professional stage actor from the age of twelve Coward later created a sensation as a playwright with titles such as Hay Fever The Vortex Private Lives Cavalcade Blithe Spirit and Design For Living In the forties he was involved in film with adaptations of Blithe Spirit and Brief Encounter before starting a new career as a cabaret performer in the fifties A celebrated wit and prodigious theatrical talent Coward wrote over a hundred works in various different genres He was knighted in 1970 and died three years later in Jamaica What Our Readers Are Saying Be the first to share your thoughts on this title Product Details ISBN 9780413774132 Binding Trade Paperback Publication date 02222008 Publisher Methuen Publishing Series info Biography and Autobiography Language English Pages 340 Height 82IN Width 510IN Thickness 100 Number of Units 1 Illustration Yes Copyright Year 2004 Series Volume eumll Coward Vol Author Noel Coward Author Sheridan Morley Subject BiographyEntertainment and Performing Arts 3060 New Trade Paperback Available at a Remote Warehouse Ships separately from other items Additional shipping charges may apply Not available for In Store Pickup More Info Qty Store 20 Remote Warehouse Receive an email when this ISBN is available used 1 LOCOK 1 LOCOK LOCCancel 1 LOCOK LOCCancel 1 LOCOK 1 LOCOK LOCCancel 1 LOCOK LOCCancel 1 LOCOK 1 LOCOK LOCCancel 1 LOCOK LOCCancel 1 LOCOK 1 LOCOK LOCCancel 1 LOCOK LOCCancel Help Guarantee My Account Careers About Us Security Wish List Partners Contact Us Shipping Transparency ACT MRF Sitemap  2022 POWELLSCOM Terms 1 LOCOK 1 LOCOK LOCCancel 1 LOCOK LOCCancel 1 LOCOK 1 LOCOK LOCCancel 1 LOCOK LOCCancel 1 LOCOK 1 LOCOK LOCCancel 1 LOCOK LOCCancel 1 LOCOK 1 LOCOK LOCCancel 1 LOCOK LOCCancel"}