{"Title": " Indestructibles Plip Plop Pond ", "Author": "Kaaren Pixton", "Cover Page": "https://powells-covers-2.s3.amazonaws.com/9780761158578.jpg", "ISBN10": "076115857X  \n", "ISBN13": "9780761158578", "Page URL": "https://powells.com/book/indestructibles-plip-plop-pond-9780761158578", "raw_text": "Indestructibles Plip Plop Pond Kaaren Pixton Trade Paperback 9780761158578 Powells Books Cart   my account  wish list  help  8008787323 Hello\n Login MENU Browse New Arrivals Bestsellers Featured Preorders Award Winners Audio Books See All Subjects Used Staff Picks Staff Picks Picks of the Month Bookseller Displays 50 Books for 50 Years 25 Best 21st Century SciFi  Fantasy 25 PNW Books to Read Before You Die 25 Books From the 21st Century 25 Memoirs to Read Before You Die 25 Global Books to Read Before You Die 25 Women to Read Before You Die 25 Books to Read Before You Die Gifts Gift Cards  eGift Cards Powells Souvenirs Journals and Notebooks socks Games Sell Books Blog Events Find A Store Dont Miss BIG SALE 20 off sitewide Picks of the Season What Im Giving Great Gifts Under 25 Best Books of 2022 Powells Author Events Oregon Battle of the Books Audio Books Visit Our Stores Powells Books 14 Gift Ideas From 14 of Our Favorite Authors 0 comment Every year Powells reaches out to some of our favorite authors for some muchneeded giftgiving inspiration Below are 14 writerapproved recommendations to help you find the perfect book for even your mostdifficulttobuyfor loved one Read More  Powells Staff Best Books of 2022 Fiction 1 comment Kelsey Ford 6 Haunting Native American Horror Books 1 comment 1 LOCOK 1 LOCOK LOCCancel 1 LOCOK LOCCancel Indestructibles Plip Plop Pond by Kaaren Pixton Comment on this title Synopses  Reviews ISBN13 9780761158578 ISBN10 076115857X All Product Details View Larger Image View Larger Images 595 New Trade Paperback Ships in 1 to 3 days Qty Store 1 Burnside 20 Local Warehouse Synopses  Reviews Publisher Comments Here is a book babies can really sink their gums into Built for the way babies read Indestructibles are printed on an amazing paperlike material that cant be ripped torn or punctured Indestructibles are 100 percent safe and nontoxic and if they get too funky just throw them in the washing machine or dishwasher Theyre made for baby to hold grab chew pull and bend and are designed to create an even more special bond between reader and baby Printed without words the parent gets to make up the story or just cuddle with baby while they explore together PlipPlop Pond is about a frog who visits his friends in the pond Kaaren Pixtons art is bright swirling with color and reminiscent of Eric Carle and it attains an almost 3D richness on the special paperlike stock of the book Synopsis Show baby all the animals that love to splash in a book thats indestructible Who plays in the mud Turtle Who glides across the water Swan Who sings on a tree branch Kingfisher Indestructibles is the trusted series for easing little ones into story time Beloved by babies and their parents Indestructibles are built for the way babies read ie with their hands and mouths and are Rip Proofmade of ultradurable tightwoven material Waterproofcan be chewed on drooled on and washed Emergent Literacy Toolbright pictures and few or no words encourage dialogic reading Portablelightweight books can go anywhere perfect for the diaper bag and for travel Safe for Babymeets ASTM safety standards About the Author Kaaren Pixton is a fine artist and childrens educator who has been making art with children for thirty years The idea of printing books on rip proof waterproof paperlike material was developed by Kaaren and her daughterinlaw Amy Pixton a mother of triplets who came up with idea after bits of traditional board books found their way into her babies mouths Originally from Ireland Kaaren lives in Portland Oregon and is the proud grandmother of eight Amy lives in Kansas City Kansas with her husband and their three children What Our Readers Are Saying Be the first to share your thoughts on this title Product Details ISBN 9780761158578 Binding Trade Paperback Publication date 08052010 Publisher WORKMAN PUBLISHING CO INC Series info Indestructibles Pages 12 Height 20IN Width 700IN Thickness 25 Age Range to 2 Grade Range P to P Number of Units 1 Illustration Yes Author Kaaren Pixton Illustrator Kaaren Pixton Subject PHOTOGRAPHY  General Subject JUVENILE FICTION  Animals  Frogs  Toads Subject JUVENILE FICTION  AnimalsGeneral Subject JUVENILE FICTION  Animals  Subject Frogs toads 595 New Trade Paperback Ships in 1 to 3 days Qty Store 1 Burnside 20 Local Warehouse Receive an email when this ISBN is available used 1 LOCOK 1 LOCOK LOCCancel 1 LOCOK LOCCancel 1 LOCOK 1 LOCOK LOCCancel 1 LOCOK LOCCancel 1 LOCOK 1 LOCOK LOCCancel 1 LOCOK LOCCancel 1 LOCOK 1 LOCOK LOCCancel 1 LOCOK LOCCancel Help Guarantee My Account Careers About Us Security Wish List Partners Contact Us Shipping Transparency ACT MRF Sitemap  2022 POWELLSCOM Terms 1 LOCOK 1 LOCOK LOCCancel 1 LOCOK LOCCancel 1 LOCOK 1 LOCOK LOCCancel 1 LOCOK LOCCancel 1 LOCOK 1 LOCOK LOCCancel 1 LOCOK LOCCancel 1 LOCOK 1 LOCOK LOCCancel 1 LOCOK LOCCancel"}