{"Title": " Oxford New Portuguese Dictionary Portuguese English English Portuguese ", "Author": "Oxford", "Cover Page": "https://powells-covers-2.s3.amazonaws.com/9780425222447.jpg", "ISBN10": "0425222446  \n", "ISBN13": "9780425222447", "Page URL": "https://powells.com/book/oxford-new-portuguese-dictionary-portuguese-english-english-portuguese-9780425222447", "raw_text": "Oxford New Portuguese Dictionary Portuguese English English Portuguese Oxford Mass Market 9780425222447 Powells Books Cart   my account  wish list  help  8008787323 Hello\n Login MENU Browse New Arrivals Bestsellers Featured Preorders Award Winners Audio Books See All Subjects Used Staff Picks Staff Picks Picks of the Month Bookseller Displays 50 Books for 50 Years 25 Best 21st Century SciFi  Fantasy 25 PNW Books to Read Before You Die 25 Books From the 21st Century 25 Memoirs to Read Before You Die 25 Global Books to Read Before You Die 25 Women to Read Before You Die 25 Books to Read Before You Die Gifts Gift Cards  eGift Cards Powells Souvenirs Journals and Notebooks socks Games Sell Books Blog Events Find A Store Dont Miss BIG SALE 20 off sitewide Picks of the Season What Im Giving Great Gifts Under 25 Best Books of 2022 Powells Author Events Oregon Battle of the Books Audio Books Visit Our Stores Powells Books 14 Gift Ideas From 14 of Our Favorite Authors 0 comment Every year Powells reaches out to some of our favorite authors for some muchneeded giftgiving inspiration Below are 14 writerapproved recommendations to help you find the perfect book for even your mostdifficulttobuyfor loved one Read More  Powells Staff Best Books of 2022 Fiction 1 comment Kelsey Ford 6 Haunting Native American Horror Books 1 comment 1 LOCOK 1 LOCOK LOCCancel 1 LOCOK LOCCancel Oxford New Portuguese Dictionary Portuguese English English Portuguese by Oxford Comment on this title Synopses  Reviews ISBN13 9780425222447 ISBN10 0425222446 All Product Details View Larger Image View Larger Images 899 New Mass Market Ships in 1 to 3 days Qty Store 1 Burnside 1 Local Warehouse Synopses  Reviews Publisher Comments 0205915906  9780205915903 Ponto de Encontro Portuguese as a World Language MyPortugueseLab with Pearson eText  Access Card and Oxford Portguese Dictionary 2e Package consists of 0205782760  9780205782765 Ponto de Encontro Portuguese as a World Language 0205978541  9780205978540 MyPortugueseLab with Pearson eText  Access Card  for Ponto de Encontro Portuguese as a World Language multisemester access 0425222446  9780425222447 OXFORD PORTUGUESE DICTIONARY Synopsis For students travelers and businesspeople this revised and updated reference includes PortuguesetoEnglish and EnglishtoPortuguese sections more than 40000 words and phrases pronunciations coverage of Brazilian and European Portuguese and more Original Synopsis The Essential Portuguese Dictionary from the Maker of the World s Most Trusted Reference Books For students travelers and businesspeople this provides a revised and uptodate resource that includes EnglishtoPortuguese and PortuguesetoEnglish sections More than 40000 words and phrases and 60000 translations Pronunciation of English and Portuguese entries throughout An updated word list Portuguese verb tables Coverage of Brazilian and European Portuguese A new ultraclear text layout and design to make navigation even easier Synopsis This package contains 0205782760 Ponto de Encontro Portuguese as a World Language 0205783465 Brazilian Student Activities Manual for Ponto de Encontro Portuguese as a World Language 425222446 OXFORD PORTUGUESE DICTIONARY What Our Readers Are Saying Be the first to share your thoughts on this title Product Details ISBN 9780425222447 Binding Mass Market Publication date 07012008 Publisher PENGUIN PUTNAM TRADE Language Portuguese Pages 464 Height 130IN Width 420IN Thickness 150 Age Range 18 and up Grade Range 13 and up Number of Units 1 Copyright Year 2008 UPC Code 2800425222449 Author Oxford Author Oxford University Press Subject Portuguese language  English Subject English language  Portuguese Subject English language Subject English 899 New Mass Market Ships in 1 to 3 days Qty Store 1 Burnside 1 Local Warehouse Receive an email when this ISBN is available used 1 LOCOK 1 LOCOK LOCCancel 1 LOCOK LOCCancel 1 LOCOK 1 LOCOK LOCCancel 1 LOCOK LOCCancel 1 LOCOK 1 LOCOK LOCCancel 1 LOCOK LOCCancel 1 LOCOK 1 LOCOK LOCCancel 1 LOCOK LOCCancel Help Guarantee My Account Careers About Us Security Wish List Partners Contact Us Shipping Transparency ACT MRF Sitemap  2022 POWELLSCOM Terms 1 LOCOK 1 LOCOK LOCCancel 1 LOCOK LOCCancel 1 LOCOK 1 LOCOK LOCCancel 1 LOCOK LOCCancel 1 LOCOK 1 LOCOK LOCCancel 1 LOCOK LOCCancel 1 LOCOK 1 LOCOK LOCCancel 1 LOCOK LOCCancel"}