{"Title": " The Son ", "Author": "Jo Nesbo", "Cover Page": "https://powells-covers-2.s3.amazonaws.com/9780593311967.jpg", "ISBN10": "0593311965  \n", "ISBN13": "9780593311967", "Page URL": "https://powells.com/book/the-son-9780593311967", "raw_text": "The Son Special Edition Jo Nesbo Trade Paperback 9780593311967 Powells Books Cart   my account  wish list  help  8008787323 Hello\n Login MENU Browse New Arrivals Bestsellers Featured Preorders Award Winners Audio Books See All Subjects Used Staff Picks Staff Picks Picks of the Month Bookseller Displays 50 Books for 50 Years 25 Best 21st Century SciFi  Fantasy 25 PNW Books to Read Before You Die 25 Books From the 21st Century 25 Memoirs to Read Before You Die 25 Global Books to Read Before You Die 25 Women to Read Before You Die 25 Books to Read Before You Die Gifts Gift Cards  eGift Cards Powells Souvenirs Journals and Notebooks socks Games Sell Books Blog Events Find A Store Dont Miss BIG SALE 20 off sitewide Picks of the Season What Im Giving Great Gifts Under 25 Best Books of 2022 Powells Author Events Oregon Battle of the Books Audio Books Visit Our Stores Powells Books 14 Gift Ideas From 14 of Our Favorite Authors 0 comment Every year Powells reaches out to some of our favorite authors for some muchneeded giftgiving inspiration Below are 14 writerapproved recommendations to help you find the perfect book for even your mostdifficulttobuyfor loved one Read More  Powells Staff Best Books of 2022 Fiction 1 comment Kelsey Ford 6 Haunting Native American Horror Books 1 comment 1 LOCOK 1 LOCOK LOCCancel 1 LOCOK LOCCancel The Son by Jo Nesbo Comment on this title Synopses  Reviews ISBN13 9780593311967 ISBN10 0593311965 All Product Details View Larger Image View Larger Images 1800 New Trade Paperback Ships in 1 to 3 days Qty Store 6 Burnside 2 Cedar Hills 1 Hawthorne 2 Local Warehouse Synopses  Reviews Publisher Comments From the author of the bestselling Harry Hole series comes an electrifying tale of vengeance set amid Oslos brutal hierarchy of corruption Featuring an introduction by James Ellroy Sonny Lofthus has been in prison for almost half his life serving time for crimes he didnt commit In exchange he gets an uninterrupted supply of heroin  and a stream of fellow prisoners seeking his Buddhalike absolution Years earlier Sonnys father a corrupt cop took his own life rather than face exposure When Sonny discovers a shocking truth about his fathers suicide he makes a brilliant escape and begins hunting down the people responsible But hes also being hunted  by enemies too numerous to count Review Fastpaced and imaginatively violent this latest example of Nesbos Nordic noir hurtles like an express train towards a last act of almost operatic extravagance that leaves dead bodies and carefully nurtured reputations littering the stage Great stuff altogether  Independent Ireland Review A deftly plotted novel that probes the deepest mysteries sin redemption love evil the human conditionOne of Nesb\u00f8s best deepest and richest novels  Kirkus Reviews Starred Review Review ExcellentNesb\u00f8 takes the reader on a chilling ride with many unexpected twists  Publishers Weekly Starred Review About the Author Jo Nesb\u00f8 is a musician songwriter economist and author His first crime novel featuring Harry Hole was published in Norway in 1997 and was an instant hit winning the Glass Key Award for best Nordic crime novel He is the author of ten Harry Hole novels Headhunters The Son  and several childrens books His books have been translated in fortyseven languages In 2008 he established the Harry Hole Foundation a charity to reduce illiteracy among children in the third world He lives in Oslo What Our Readers Are Saying Be the first to share your thoughts on this title Product Details ISBN 9780593311967 Binding Trade Paperback Publication date 08092022 Publisher Vintage CrimeBlack Lizard Language English Pages 512 Height 100IN Width 510IN Author Jo Nesbo Oth Don Bartlett Author Don Bartlett 1800 New Trade Paperback Ships in 1 to 3 days Qty Store 6 Burnside 2 Cedar Hills 1 Hawthorne 2 Local Warehouse Receive an email when this ISBN is available used This title in other editions New Trade Paperback 1695 Used Mass Market 750 Used Trade Paperback Starting from 750 1 LOCOK 1 LOCOK LOCCancel 1 LOCOK LOCCancel 1 LOCOK 1 LOCOK LOCCancel 1 LOCOK LOCCancel 1 LOCOK 1 LOCOK LOCCancel 1 LOCOK LOCCancel 1 LOCOK 1 LOCOK LOCCancel 1 LOCOK LOCCancel Help Guarantee My Account Careers About Us Security Wish List Partners Contact Us Shipping Transparency ACT MRF Sitemap  2022 POWELLSCOM Terms 1 LOCOK 1 LOCOK LOCCancel 1 LOCOK LOCCancel 1 LOCOK 1 LOCOK LOCCancel 1 LOCOK LOCCancel 1 LOCOK 1 LOCOK LOCCancel 1 LOCOK LOCCancel 1 LOCOK 1 LOCOK LOCCancel 1 LOCOK LOCCancel"}