{"Title": " Things Fall Apart ", "Author": "Chinua Achebe", "Cover Page": "https://powells-covers-2.s3.amazonaws.com/9780385474542.jpg", "ISBN10": "0385474547  \n", "ISBN13": "9780385474542", "Page URL": "https://powells.com/book/-9780385474542", "raw_text": "Things Fall Apart Chinua Achebe Trade Paperback 9780385474542 Powells Books Cart   my account  wish list  help  8008787323 Hello\n Login MENU Browse New Arrivals Bestsellers Featured Preorders Award Winners Audio Books See All Subjects Used Staff Picks Staff Picks Picks of the Month Bookseller Displays 50 Books for 50 Years 25 Best 21st Century SciFi  Fantasy 25 PNW Books to Read Before You Die 25 Books From the 21st Century 25 Memoirs to Read Before You Die 25 Global Books to Read Before You Die 25 Women to Read Before You Die 25 Books to Read Before You Die Gifts Gift Cards  eGift Cards Powells Souvenirs Journals and Notebooks socks Games Sell Books Blog Events Find A Store Dont Miss BIG SALE 20 off sitewide Picks of the Season What Im Giving Great Gifts Under 25 Best Books of 2022 Powells Author Events Oregon Battle of the Books Audio Books Visit Our Stores Powells Books 14 Gift Ideas From 14 of Our Favorite Authors 0 comment Every year Powells reaches out to some of our favorite authors for some muchneeded giftgiving inspiration Below are 14 writerapproved recommendations to help you find the perfect book for even your mostdifficulttobuyfor loved one Read More  Powells Staff Best Books of 2022 Fiction 1 comment Kelsey Ford 6 Haunting Native American Horror Books 1 comment 1 LOCOK 1 LOCOK LOCCancel 1 LOCOK LOCCancel Things Fall Apart by Chinua Achebe Comment on this title Synopses  Reviews ISBN13 9780385474542 ISBN10 0385474547 Condition Standard All Product Details View Larger Image View Larger Images 895 List Price 1400 Used Trade Paperback Ships in 1 to 3 days Qty Store 9 Burnside 8 Hawthorne 10 Local Warehouse From Powellscom Black History Month Staff recommendations guest essays and curated reading lists Staff Pick Before Things Fall Apart was published in 1958 few novels existed in English that depicted African life from the African perspective And while the book has paved the way for countless authors since Chinua Achebes illuminating work remains a classic of modern African literature Drawing on the history and customs passed down to him Achebe tells the tale Okonkwo a strongwilled member of a late19thcentury Nigerian village As we follow Okonkwos story we get a glimpse of the intricacies of village life and the complex social structures that come into play We then see the devastating effects of European colonization on the region and on Okonkwo himself whose rise and fall become intertwined with the changing power dynamics Things Fall Apart is essential reading for anyone who wants a more nuanced understanding of other ways of life of culture clashes of what being civilized really entails Recommended By Renee P Powellscom Synopses  Reviews Publisher Comments Nominated as one of Americas bestloved novels by PBSs The Great American Read Things Fall Apart is the first of three novels in Chinua Achebes critically acclaimed African Trilogy It is a classic narrative about Africas cataclysmic encounter with Europe as it establishes a colonial presence on the continent Told through the fictional experiences of Okonkwo a wealthy and fearless Igbo warrior of Umuofia in the late 1800s Things Fall Apart explores one mans futile resistance to the devaluing of his Igbo traditions by British political andreligious forces and his despair as his community capitulates to the powerful new order With more than 20 million copies sold and translated into fiftyseven languages Things Fall Apart provides one of the most illuminating and permanent monuments to African experience Achebe does not only capture life in a precolonial African village he conveys the tragedy of the loss of that world while broadening our understanding of our contemporary realities Review A true classic of world literatureA masterpiece that has inspired generations of writers in Nigeria across Africa and around the world Barack Obama Review Achebe is gloriously gifted with the magic of an ebullient generous great talent Nadine Gordimer The New York Times Book Review Review A vivid imagination illuminates every pageThis novel genuinely succeeds in penetrating tribal life from the inside Times Literary Supplement Synopsis A true classic of world literature    A masterpiece that has inspired generations of writers in Nigeria across Africa and around the world  Barack Obama African literature is incomplete and unthinkable without the works of Chinua Achebe Toni Morrison Nominated as one of Americas bestloved novels by PBSs The Great American Read Things Fall Apart is the first of three novels in Chinua Achebes critically acclaimed African Trilogy It is a classic narrative about Africas cataclysmic encounter with Europe as it establishes a colonial presence on the continent Told through the fictional experiences of Okonkwo a wealthy and fearless Igbo warrior of Umuofia in the late 1800s Things Fall Apart explores one mans futile resistance to the devaluing of his Igbo traditions by British political andreligious forces and his despair as his community capitulates to the powerful new order With more than 20 million copies sold and translated into fiftyseven languages Things Fall Apart provides one of the most illuminating and permanent monuments to African experience Achebe does not only capture life in a precolonial African village he conveys the tragedy of the loss of that world while broadening our understanding of our contemporary realities About the Author Chinua Achebe was born in Nigeria in 1930 He was raised in the large village of Ogidi one of the first centers of Anglican missionary work in Eastern Nigeria and is a graduate of University College Ibadan Cited in the London Sunday Times as one of the 1000 Makers of the Twentieth Century for defining a modern African literature that was truly African and thereby making a major contribution to world literature Chinua Achebe has published novels short stories essays and childrens books His volume of poetry Christmas in Biafra  written during the Biafran War was the joint winner of the first Commonwealth Poetry Prize Of his novels Arrow of God won the New StatesmanJock Campbell Award and Anthills of the Savannah was a finalist for the 1987 Booker Prize Things Fall Apart  Chinua Achebes masterpiece has been published in fifty different languages and has sold millions of copies in the United States since its original publication in 19581959 Mr Achebe lives with his wife in AnnandaleonHudson New York where they teach at Bard College They have four children and three grandchildren 48 4 What Our Readers Are Saying Share your thoughts on this title Average customer rating 48 4 comments  dreena  August 06 2014 view all comments by dreena What does it mean to be civilized Do we have the right to change a countrys customs and values based upon our own Timeless questions the reader considers as he watches one African mans struggle to define himself and his community A classic that belongs in every persons home library Was this comment helpful  Yes  No 3 of 4 readers found this comment helpful report this\ncomment  bluedolphin_dancer1  November 13 2013 view all comments by bluedolphin_dancer1 While at first glance this book appears to be boring when you delve deeper into the plot it wont disappoint The plot weaves two stories together The story of the hardships and trials of small village life in rural Niger and the struggle against the missionaries that keeps everyone biting their nails till the last sentence I originally read it for school but have started rereading in for pleasure Was this comment helpful  Yes  No 2 of 5 readers found this comment helpful report this\ncomment  skierunner  February 12 2012 This book is a must read It is the response to books such as Joseph Conrads Heart of Darkness that portrays the African tribes as cultureless ignorant tribes with no sense of language or religion Achebe does an outstanding job retaining the Ibo an Nigerian culture rhythm and style of language and illustrating the complexities of Ibo culture\nThe story itself follows a famed warrior Okonkwo through his life and the life of his tribe The first half of the story is precontact with European peoples and the second half is the interaction and response to that contact I wouldnt exactly say that this book is a happy one but it is one that will get you thinking and will help propagate understanding Was this comment helpful  Yes  No 8 of 12 readers found this comment helpful report this\ncomment  Judith Fech  September 16 2007 view all comments by Judith Fech This book is not for the local pollyanna It looks at a different way of life and shows us what enforcing the right way can do to a single man and to a tribe of people Very potent stuff Was this comment helpful  Yes  No 36 of 63 readers found this comment helpful report this\ncomment View all 4 comments Product Details ISBN 9780385474542 Binding Trade Paperback Publication date 09011994 Publisher BANTAM DOUBLEDAY DELL Series info ESL ReadAlong Pages 224 Height 70IN Width 520IN Thickness 75 Series ESL ReadAlong Number of Units 12 Copyright Year 1994 Series Volume 1071 UPC Code 2800385474544 Author Chinua Achebe Subject Nigeria Subject LiteratureA to Z Subject Fiction fictional works by one author Subject Fiction Subject Men Subject Men  Nigeria  Fiction Subject British Subject Race relations Subject Historical fiction Subject Igbo 895 List Price 1400 Used Trade Paperback Ships in 1 to 3 days Qty Store 9 Burnside 8 Hawthorne 10 Local Warehouse More copies of this ISBN New Trade Paperback 1400 Used Trade Paperback Starting from 550 This title in other editions New Hardcover 2500 New Other 2725 Used Mass Market Starting from 495 Used Trade Paperback Starting from 550 1 LOCOK 1 LOCOK LOCCancel 1 LOCOK LOCCancel 1 LOCOK 1 LOCOK LOCCancel 1 LOCOK LOCCancel 1 LOCOK 1 LOCOK LOCCancel 1 LOCOK LOCCancel 1 LOCOK 1 LOCOK LOCCancel 1 LOCOK LOCCancel Help Guarantee My Account Careers About Us Security Wish List Partners Contact Us Shipping Transparency ACT MRF Sitemap  2022 POWELLSCOM Terms 1 LOCOK 1 LOCOK LOCCancel 1 LOCOK LOCCancel 1 LOCOK 1 LOCOK LOCCancel 1 LOCOK LOCCancel 1 LOCOK 1 LOCOK LOCCancel 1 LOCOK LOCCancel 1 LOCOK 1 LOCOK LOCCancel 1 LOCOK LOCCancel"}