{"Title": " Say Nothing: A True Story of Murder and Memory in Northern Ireland ", "Author": "Patrick Radden Keefe", "Cover Page": "https://powells-covers-2.s3.amazonaws.com/9780385521314.jpg", "ISBN10": "0385521316  \n", "ISBN13": "9780385521314", "Page URL": "https://powells.com/book/say-nothing-9780385521314", "raw_text": "Say Nothing A True Story of Murder and Memory in Northern Ireland Patrick Radden Keefe Hardcover 9780385521314 Powells Books Cart   my account  wish list  help  8008787323 Hello\n Login MENU Browse New Arrivals Bestsellers Featured Preorders Award Winners Audio Books See All Subjects Used Staff Picks Staff Picks Picks of the Month Bookseller Displays 50 Books for 50 Years 25 Best 21st Century SciFi  Fantasy 25 PNW Books to Read Before You Die 25 Books From the 21st Century 25 Memoirs to Read Before You Die 25 Global Books to Read Before You Die 25 Women to Read Before You Die 25 Books to Read Before You Die Gifts Gift Cards  eGift Cards Powells Souvenirs Journals and Notebooks socks Games Sell Books Blog Events Find A Store Dont Miss BIG SALE 20 off sitewide Picks of the Season What Im Giving Great Gifts Under 25 Best Books of 2022 Powells Author Events Oregon Battle of the Books Audio Books Visit Our Stores Powells Books 14 Gift Ideas From 14 of Our Favorite Authors 0 comment Every year Powells reaches out to some of our favorite authors for some muchneeded giftgiving inspiration Below are 14 writerapproved recommendations to help you find the perfect book for even your mostdifficulttobuyfor loved one Read More  Powells Staff Best Books of 2022 Fiction 1 comment Kelsey Ford 6 Haunting Native American Horror Books 1 comment 1 LOCOK 1 LOCOK LOCCancel 1 LOCOK LOCCancel Say Nothing A True Story of Murder and Memory in Northern Ireland by Patrick Radden Keefe Comment on this title Synopses  Reviews Award Excerpt ISBN13 9780385521314 ISBN10 0385521316 Condition Standard DustJacket Standard All Product Details View Larger Image View Larger Images 1495 List Price 2895 Used Hardcover Ships in 1 to 3 days Qty Store 1 Cedar Hills 4 Local Warehouse Awards Winner of the 2019 National Book Critics Circle Award in Nonfiction Synopses  Reviews Publisher Comments One of the New York Times 10 Best Books of the Year BEST NONFICTION BOOK OF THE YEAR  TIME MAGAZINE ONE OF THE BEST 10 BOOKS OF THE YEAR  WASHINGTON POST NEW YORK TIMES BESTSELLER WINNER OF THE ORWELL PRIZE LONGLISTED FOR THE NATIONAL BOOK AWARD From awardwinning New Yorker staff writer Patrick Radden Keefe a stunning intricate narrative about a notorious killing in Northern Ireland and its devastating repercussions In December 1972 Jean McConville a thirtyeightyearold mother of ten was dragged from her Belfast home by masked intruders her children clinging to her legs They never saw her again Her abduction was one of the most notorious episodes of the vicious conflict known as The Troubles Everyone in the neighborhood knew the IRA was responsible But in a climate of fear and paranoia no one would speak of it In 2003 five years after an accord brought an uneasy peace to Northern Ireland a set of human bones was discovered on a beach McConvilles children knew it was their mother when they were told a blue safety pin was attached to the dress  with so many kids she had always kept it handy for diapers or ripped clothes Patrick Radden Keefes mesmerizing book on the bitter conflict in Northern Ireland and its aftermath uses the McConville case as a starting point for the tale of a society wracked by a violent guerrilla war a war whose consequences have never been reckoned with The brutal violence seared not only people like the McConville children but also IRA members embittered by a peace that fell far short of the goal of a united Ireland and left them wondering whether the killings they committed were not justified acts of war but simple murders From radical and impetuous IRA terrorists such as Dolours Price who when she was barely out of her teens was already planting bombs in London and targeting informers for execution to the ferocious IRA mastermind known as The Dark to the spy games and dirty schemes of the British Army to Gerry Adams who negotiated the peace but betrayed his hardcore comrades by denying his IRA past  Say Nothing conjures a world of passion betrayal vengeance and anguish Review Patrick Radden Keefe uses the old Irish phrase Whatever you say say nothing to suggest and to say just about everything Keefes great accomplishment is to capture the tragedy of the Troubles on a human scale Say Nothing is a bracing empathetic heartrending work of storytelling COLUM McCANN New York Times bestselling author of Transatlantic and Let the Great World Spin Winner of the National Book Award Review Meticulously reported exquisitely written and grippingly told Say Nothing is a work of revelation Keefe not only peels back layer by layer the truth behind one of the most important and mysterious crimes of a terrible conflict he also excavates the history of the Troubles and illuminates its repercussions to this day DAVID GRANN 1 New York Times bestselling author of Killers of the Flower Moon Review Haunting  As a cautionary tale Say Nothing speaks volumes  about the zealotry of youth the longterm consequences of violence and the politics of forgetting The Washington Post Review  Say Nothing investigates the mystery of a missing mother and reveals a stillraw violent past  The book often reads like a novel but as anyone familiar with his work for The New Yorker can attest Keefe is an obsessive reporter and researcher a master of narrative nonfiction Rolling Stone About the Author PATRICK RADDEN KEEFE is a staff writer at The New Yorker  an Eric and Wendy Schmidt Fellow at the New America Foundation and the author of The Snakehead and Chatter  His work has also appeared in The New York Times Magazine Slate New York  and The New York Review of Books  among others and he is a frequent commentator on NPR the BBC and MSNBC Patrick received the 2014 National Magazine Award for Feature Writing for his story A Loaded Gun was a finalist for the National Magazine Award for Reporting in 2015 and 2016 and is also the recipient of a Guggenheim Fellowship 5 2 What Our Readers Are Saying Share your thoughts on this title Average customer rating 5 2 comments  jksquires  April 04 2019 view all comments by jksquires Say Nothing is breathtakingly good Ive always been intrigued by the Troubles in Northern Ireland and this account of the abduction of the widow and mother of ten from a violenceridden high rise public housing project in Belfast affected me profoundly It also tells the story of the notorious Price sisters and a young Gerry Adams along with other young people drawn into a horribly cruel sectarian conflict of neighbor against neighbor and an environment where no one could be trusted An utterly intense fascinating book Was this comment helpful  Yes  No 2 of 2 readers found this comment helpful report this\ncomment  SeattleBookMama  February 25 2019 view all comments by SeattleBookMama For many the most interesting period in Irish historyand for some of us emotionally chargedperiod is that known as The Troubles which unfolded in 1969 as Irish youth inspired by the Cuban Revolution and the Civil Rights movement in the United States sought to carve out some rights for working people living in the North of Ireland and concluded in 1997 following the ceasefire agreement struck between Sinn Fein which was then the political arm of the revolutionary Irish Republican Army and the British government Keefes intense compelling narrative is the most readable that Ive seen and the revelations it holds affected me more deeply than any literature Ive read since I began reviewing books five years ago Thanks go to Net Galley and Doubleday for the review copy Full review is at Seattle Book Mama Highly recommended Was this comment helpful  Yes  No 2 of 2 readers found this comment helpful report this\ncomment Product Details ISBN 9780385521314 Binding Hardcover Publication date 02262019 Publisher BANTAM DOUBLEDAY DELL Pages 464 Height 160IN Width 620IN Illustration Yes Author Patrick Radden Keefe 1495 List Price 2895 Used Hardcover Ships in 1 to 3 days Qty Store 1 Cedar Hills 4 Local Warehouse More copies of this ISBN Used Hardcover Starting from 1850 1 LOCOK 1 LOCOK LOCCancel 1 LOCOK LOCCancel 1 LOCOK 1 LOCOK LOCCancel 1 LOCOK LOCCancel 1 LOCOK 1 LOCOK LOCCancel 1 LOCOK LOCCancel 1 LOCOK 1 LOCOK LOCCancel 1 LOCOK LOCCancel Help Guarantee My Account Careers About Us Security Wish List Partners Contact Us Shipping Transparency ACT MRF Sitemap  2022 POWELLSCOM Terms 1 LOCOK 1 LOCOK LOCCancel 1 LOCOK LOCCancel 1 LOCOK 1 LOCOK LOCCancel 1 LOCOK LOCCancel 1 LOCOK 1 LOCOK LOCCancel 1 LOCOK LOCCancel 1 LOCOK 1 LOCOK LOCCancel 1 LOCOK LOCCancel"}