{"Title": " Streetcar Named Desire ", "Author": "Tennessee Williams", "Cover Page": "https://powells-covers-2.s3.amazonaws.com/9780141190273.jpg", "ISBN10": "0141190272  \n", "ISBN13": "9780141190273", "Page URL": "https://powells.com/book/streetcar-named-desire-9780141190273", "raw_text": "Streetcar Named Desire Tennessee Williams Trade Paperback 9780141190273 Powells Books Cart   my account  wish list  help  8008787323 Hello\n Login MENU Browse New Arrivals Bestsellers Featured Preorders Award Winners Audio Books See All Subjects Used Staff Picks Staff Picks Picks of the Month Bookseller Displays 50 Books for 50 Years 25 Best 21st Century SciFi  Fantasy 25 PNW Books to Read Before You Die 25 Books From the 21st Century 25 Memoirs to Read Before You Die 25 Global Books to Read Before You Die 25 Women to Read Before You Die 25 Books to Read Before You Die Gifts Gift Cards  eGift Cards Powells Souvenirs Journals and Notebooks socks Games Sell Books Blog Events Find A Store Dont Miss BIG SALE 20 off sitewide Picks of the Season What Im Giving Great Gifts Under 25 Best Books of 2022 Powells Author Events Oregon Battle of the Books Audio Books Visit Our Stores Powells Books 14 Gift Ideas From 14 of Our Favorite Authors 0 comment Every year Powells reaches out to some of our favorite authors for some muchneeded giftgiving inspiration Below are 14 writerapproved recommendations to help you find the perfect book for even your mostdifficulttobuyfor loved one Read More  Powells Staff Best Books of 2022 Fiction 1 comment Kelsey Ford 6 Haunting Native American Horror Books 1 comment 1 LOCOK 1 LOCOK LOCCancel 1 LOCOK LOCCancel Streetcar Named Desire by Tennessee Williams Comment on this title Synopses  Reviews ISBN13 9780141190273 ISBN10 0141190272 Condition Standard All Product Details View Larger Image View Larger Images 695 Used Trade Paperback Ships in 1 to 3 days Qty Store 1 Cedar Hills Synopses  Reviews Publisher Comments It is a very short list of 20thcentury American plays that continueto have the same power and impact as when they first appeared 57 yearsafter its Broadway premiere Tennessee Williams A Streetcar Named Desireis one of those plays The story famously recounts how the faded andpromiscuous Blanche DuBois is pushed over the edge by her sexy andbrutal brotherinlaw Stanley Kowalski Streetcar launched thecareers of Marlon Brando Jessica Tandy Kim Hunter and Karl Malden and solidified the position of Tennessee Williams as one of the mostimportant young playwrights of his generation as well as that of EliaKazan as the greatest American stage director of the 40s and 50sWhobetter than Americas elder statesman of the theater Williamscontemporary Arthur Miller to write as a witness to the lightning thatstruck American culture in the form of A Streetcar Named DesireMillers rich perspective on Williams singular style of poeticdialogue sensitive characters and dramatic violence makes this aunique and valuable new edition of A Streetcar Named DesireThis definitive new edition will also include Williams essay TheWorld I Live In and a brief chronology of the authors life What Our Readers Are Saying Be the first to share your thoughts on this title Product Details ISBN 9780141190273 Binding Trade Paperback Publication date 07012009 Publisher Penguin Books Author Tennessee Williams Subject DramaAmerican Anthology 695 Used Trade Paperback Ships in 1 to 3 days Qty Store 1 Cedar Hills This title in other editions New Trade Paperback 1295 Used Mass Market Starting from 450 Used Pamphlet 450 Used Trade Paperback Starting from 495 1 LOCOK 1 LOCOK LOCCancel 1 LOCOK LOCCancel 1 LOCOK 1 LOCOK LOCCancel 1 LOCOK LOCCancel 1 LOCOK 1 LOCOK LOCCancel 1 LOCOK LOCCancel 1 LOCOK 1 LOCOK LOCCancel 1 LOCOK LOCCancel Help Guarantee My Account Careers About Us Security Wish List Partners Contact Us Shipping Transparency ACT MRF Sitemap  2022 POWELLSCOM Terms 1 LOCOK 1 LOCOK LOCCancel 1 LOCOK LOCCancel 1 LOCOK 1 LOCOK LOCCancel 1 LOCOK LOCCancel 1 LOCOK 1 LOCOK LOCCancel 1 LOCOK LOCCancel 1 LOCOK 1 LOCOK LOCCancel 1 LOCOK LOCCancel"}