{"Title": " Happy Birthday Wanda June ", "Author": "Kurt Vonnegut", "Cover Page": "https://powells-covers-2.s3.amazonaws.com/9780385283861.jpg", "ISBN10": "0385283865  \n", "ISBN13": "9780385283861", "Page URL": "https://powells.com/book/happy-birthday-wanda-june-9780385283861", "raw_text": "Happy Birthday Wanda June Kurt Vonnegut Trade Paperback 9780385283861 Powells Books Cart   my account  wish list  help  8008787323 Hello\n Login MENU Browse New Arrivals Bestsellers Featured Preorders Award Winners Audio Books See All Subjects Used Staff Picks Staff Picks Picks of the Month Bookseller Displays 50 Books for 50 Years 25 Best 21st Century SciFi  Fantasy 25 PNW Books to Read Before You Die 25 Books From the 21st Century 25 Memoirs to Read Before You Die 25 Global Books to Read Before You Die 25 Women to Read Before You Die 25 Books to Read Before You Die Gifts Gift Cards  eGift Cards Powells Souvenirs Journals and Notebooks socks Games Sell Books Blog Events Find A Store Dont Miss BIG SALE 20 off sitewide Picks of the Season What Im Giving Great Gifts Under 25 Best Books of 2022 Powells Author Events Oregon Battle of the Books Audio Books Visit Our Stores Powells Books 14 Gift Ideas From 14 of Our Favorite Authors 0 comment Every year Powells reaches out to some of our favorite authors for some muchneeded giftgiving inspiration Below are 14 writerapproved recommendations to help you find the perfect book for even your mostdifficulttobuyfor loved one Read More  Powells Staff Best Books of 2022 Fiction 1 comment Kelsey Ford 6 Haunting Native American Horror Books 1 comment 1 LOCOK 1 LOCOK LOCCancel 1 LOCOK LOCCancel Happy Birthday Wanda June by Kurt Vonnegut Comment on this title Synopses  Reviews ISBN13 9780385283861 ISBN10 0385283865 All Product Details View Larger Image View Larger Images 1800 New Trade Paperback Ships in 1 to 3 days Qty Store 2 Burnside Synopses  Reviews Synopsis Vonnegut is George Orwell Dr Caligari and Flash Gordon compounded into one writer    a zany but moral mad scientist Time Happy Birthday Wanda June was Kurt Vonneguts first play which premiered in New York in 1970 and was then adapted into a film in 1971 It is a darkly humorous and searing examination of the excesses of capitalism patriotism toxic masculinity and American culture in the postVietnam War era Featuring behindthescenes photographs from the original stage production this play captures Vonneguts brilliantly distinct perspective unlike we have ever seen it before A great artist  The Cincinnati Enquirer What Our Readers Are Saying Be the first to share your thoughts on this title Product Details ISBN 9780385283861 Binding Trade Paperback Publication date 05052020 Publisher BANTAM DOUBLEDAY DELL Series info v 49 no 1 Jan 1974 Pages 208 Height 70IN Width 520IN Copyright Year 1971 Series Volume program 4 UPC Code 2800385283863 Author Kurt Vonnegut 1800 New Trade Paperback Ships in 1 to 3 days Qty Store 2 Burnside Receive an email when this ISBN is available used 1 LOCOK 1 LOCOK LOCCancel 1 LOCOK LOCCancel 1 LOCOK 1 LOCOK LOCCancel 1 LOCOK LOCCancel 1 LOCOK 1 LOCOK LOCCancel 1 LOCOK LOCCancel 1 LOCOK 1 LOCOK LOCCancel 1 LOCOK LOCCancel Help Guarantee My Account Careers About Us Security Wish List Partners Contact Us Shipping Transparency ACT MRF Sitemap  2022 POWELLSCOM Terms 1 LOCOK 1 LOCOK LOCCancel 1 LOCOK LOCCancel 1 LOCOK 1 LOCOK LOCCancel 1 LOCOK LOCCancel 1 LOCOK 1 LOCOK LOCCancel 1 LOCOK LOCCancel 1 LOCOK 1 LOCOK LOCCancel 1 LOCOK LOCCancel"}