{"Title": " Revel for Public Relations Writing and Media Techniques -- Combo Access Card ", "Author": "Dennis Wilcox", "Cover Page": "https://powells-covers-2.s3.amazonaws.com/9780135197509.jpg", "ISBN10": "0135197503  \n", "ISBN13": "9780135197509", "Page URL": "https://powells.com/book/revel-for-public-relations-writing-and-media-techniques-combo-access-card-9780135197509", "raw_text": "Revel For Public Relations Writing  Media Techniques Combo Access Card Dennis L Wilcox Hardcover 9780135197509 Powells Books Cart   my account  wish list  help  8008787323 Hello\n Login MENU Browse New Arrivals Bestsellers Featured Preorders Award Winners Audio Books See All Subjects Used Staff Picks Staff Picks Picks of the Month Bookseller Displays 50 Books for 50 Years 25 Best 21st Century SciFi  Fantasy 25 PNW Books to Read Before You Die 25 Books From the 21st Century 25 Memoirs to Read Before You Die 25 Global Books to Read Before You Die 25 Women to Read Before You Die 25 Books to Read Before You Die Gifts Gift Cards  eGift Cards Powells Souvenirs Journals and Notebooks socks Games Sell Books Blog Events Find A Store Dont Miss BIG SALE 20 off sitewide Picks of the Season What Im Giving Great Gifts Under 25 Best Books of 2022 Powells Author Events Oregon Battle of the Books Audio Books Visit Our Stores Powells Books 14 Gift Ideas From 14 of Our Favorite Authors 0 comment Every year Powells reaches out to some of our favorite authors for some muchneeded giftgiving inspiration Below are 14 writerapproved recommendations to help you find the perfect book for even your mostdifficulttobuyfor loved one Read More  Powells Staff Best Books of 2022 Fiction 1 comment Kelsey Ford 6 Haunting Native American Horror Books 1 comment 1 LOCOK 1 LOCOK LOCCancel 1 LOCOK LOCCancel Revel for Public Relations Writing and Media Techniques  Combo Access Card by Dennis Wilcox and Bryan Reber Comment on this title Synopses  Reviews ISBN13 9780135197509 ISBN10 0135197503 All Product Details View Larger Image View Larger Images 000 List Price 000 Other Ships in 1 to 3 days Synopses  Reviews Synopsis REVELTM for Public Relations Writing and Media Techniques helps students master the many techniques needed to reach a variety of audiences in todays digital age Authors Dennis Wilcox and Bryan Reber incorporate realworld examples of awardwinning work by PR professionals throughout the text to engage todays students Comprehensive and uptodate REVEL for Public Relations Writing and Media Techniques emphasizes the nuts and bolts of writing producing and distributing public relations materials through traditional and social media REVEL is Pearsons newest way of delivering our respected content Fully digital and highly engaging REVEL offers an immersive learning experience designed for the way todays students read think and learn Enlivening course content with media interactives and assessments REVEL empowers educators to increase engagement with the course and to better connect with students NOTE This Revel Combo Access pack includes a Revel access code plus a looseleaf print reference delivered by mail to complement your Revel experience In addition to this access code you will need a course invite link provided by your instructor to register for and use Revel What Our Readers Are Saying Be the first to share your thoughts on this title Product Details ISBN 9780135197509 Binding Other Publication date 07242018 Publisher Pearson Language English Edition 8 Author Dennis L Wilcox Author Bryan Reber Author Dennis Wilcox 000 List Price 000 Other Ships in 1 to 3 days Receive an email when this ISBN is available used 1 LOCOK 1 LOCOK LOCCancel 1 LOCOK LOCCancel 1 LOCOK 1 LOCOK LOCCancel 1 LOCOK LOCCancel 1 LOCOK 1 LOCOK LOCCancel 1 LOCOK LOCCancel 1 LOCOK 1 LOCOK LOCCancel 1 LOCOK LOCCancel Help Guarantee My Account Careers About Us Security Wish List Partners Contact Us Shipping Transparency ACT MRF Sitemap  2022 POWELLSCOM Terms 1 LOCOK 1 LOCOK LOCCancel 1 LOCOK LOCCancel 1 LOCOK 1 LOCOK LOCCancel 1 LOCOK LOCCancel 1 LOCOK 1 LOCOK LOCCancel 1 LOCOK LOCCancel 1 LOCOK 1 LOCOK LOCCancel 1 LOCOK LOCCancel"}