{"Title": " National Audubon Society Field Guide to the Pacific Northwest ", "Author": "National Audubon Society", "Cover Page": "https://covers.powells.com/9780679446798.jpg", "ISBN10": "0679446796  \n", "ISBN13": "9780679446798", "Page URL": "https://powells.com/book/national-audubon-society-field-guide-to-the-pacific-northwest-9780679446798", "raw_text": "National Audubon Society Field Guide to the Pacific Northwest Audubon Flexible 9780679446798 Powells Books Cart   my account  wish list  help  8008787323 Hello\n Login MENU Browse New Arrivals Bestsellers Featured Preorders Award Winners Audio Books See All Subjects Used Staff Picks Staff Picks Picks of the Month Bookseller Displays 50 Books for 50 Years 25 Best 21st Century SciFi  Fantasy 25 PNW Books to Read Before You Die 25 Books From the 21st Century 25 Memoirs to Read Before You Die 25 Global Books to Read Before You Die 25 Women to Read Before You Die 25 Books to Read Before You Die Gifts Gift Cards  eGift Cards Powells Souvenirs Journals and Notebooks socks Games Sell Books Blog Events Find A Store Dont Miss BIG SALE 20 off sitewide Picks of the Season What Im Giving Great Gifts Under 25 Best Books of 2022 Powells Author Events Oregon Battle of the Books Audio Books Visit Our Stores Powells Books 14 Gift Ideas From 14 of Our Favorite Authors 0 comment Every year Powells reaches out to some of our favorite authors for some muchneeded giftgiving inspiration Below are 14 writerapproved recommendations to help you find the perfect book for even your mostdifficulttobuyfor loved one Read More  Powells Staff Best Books of 2022 Fiction 1 comment Kelsey Ford 6 Haunting Native American Horror Books 1 comment 1 LOCOK 1 LOCOK LOCCancel 1 LOCOK LOCCancel National Audubon Society Field Guide to the Pacific Northwest by National Audubon Society Comment on this title ISBN13 9780679446798 ISBN10 0679446796 All Product Details View Larger Image View Larger Images 2795 New Flexible Ships in 1 to 3 days Qty Store 12 Burnside 5 Cedar Hills 7 Hawthorne 20 Local Warehouse About the Author Peter Alden principal author of this series is a birder naturalist author and lecturer He has led nature tours to more than 100 countries for the Massachusetts Audubon Society Lindblad Travel Friends of the Harvard Musum of Natural History and cruises on all the worlds oceans Author of books on North American Latin American and African wildlife Peter organized an event called Biodiversity Day in his hometown of Concord Massachusetts Dennis Paulson contributing author and regional consultant for this guide is Director of the Slater Museum of Natural History at the University of Puget Sound Tacoma Washington What Our Readers Are Saying Be the first to share your thoughts on this title Product Details ISBN 9780679446798 Binding Flexible Publication date 05261998 Publisher PENGUIN RANDOM HOUSE Series info National Audubon Society Regional Field Guides Pages 448 Height 89IN Width 417IN Thickness 75 Series National Audubon Society Regional Field Guides Number of Units 1 Illustration Yes Copyright Year 1998 UPC Code 2800679446790 Editor Peter Alden Author National Audubon Society Author Peter EDT Alden Subject United states Subject Northwest pacific Subject Natural history Subject BiologyReference Subject Guidebooks Subject Natural history  Northwest Pacific 2795 New Flexible Ships in 1 to 3 days Qty Store 12 Burnside 5 Cedar Hills 7 Hawthorne 20 Local Warehouse Receive an email when this ISBN is available used 1 LOCOK 1 LOCOK LOCCancel 1 LOCOK LOCCancel 1 LOCOK 1 LOCOK LOCCancel 1 LOCOK LOCCancel 1 LOCOK 1 LOCOK LOCCancel 1 LOCOK LOCCancel 1 LOCOK 1 LOCOK LOCCancel 1 LOCOK LOCCancel Help Guarantee My Account Careers About Us Security Wish List Partners Contact Us Shipping Transparency ACT MRF Sitemap  2022 POWELLSCOM Terms 1 LOCOK 1 LOCOK LOCCancel 1 LOCOK LOCCancel 1 LOCOK 1 LOCOK LOCCancel 1 LOCOK LOCCancel 1 LOCOK 1 LOCOK LOCCancel 1 LOCOK LOCCancel 1 LOCOK 1 LOCOK LOCCancel 1 LOCOK LOCCancel"}