{"Title": " To Kill a Mockingbird ", "Author": "Harper Lee", "Cover Page": "https://powells-covers-2.s3.amazonaws.com/9780061120084.jpg", "ISBN10": "0061120081  \n", "ISBN13": "9780061120084", "Page URL": "https://www.powells.com/book/to-kill-a-mockingbird-9780061120084/2-0", "raw_text": "To Kill A Mockingbird Harper Lee Trade Paperback 9780061120084 Powells Books Cart   my account  wish list  help  8008787323 Hello\n Login MENU Browse New Arrivals Bestsellers Featured Preorders Award Winners Audio Books See All Subjects Used Staff Picks Staff Picks Picks of the Month Bookseller Displays 50 Books for 50 Years 25 Best 21st Century SciFi  Fantasy 25 PNW Books to Read Before You Die 25 Books From the 21st Century 25 Memoirs to Read Before You Die 25 Global Books to Read Before You Die 25 Women to Read Before You Die 25 Books to Read Before You Die Gifts Gift Cards  eGift Cards Powells Souvenirs Journals and Notebooks socks Games Sell Books Blog Events Find A Store Dont Miss BIG SALE 20 off sitewide Picks of the Season What Im Giving Great Gifts Under 25 Best Books of 2022 Powells Author Events Oregon Battle of the Books Audio Books Visit Our Stores Powells Books 14 Gift Ideas From 14 of Our Favorite Authors 0 comment Every year Powells reaches out to some of our favorite authors for some muchneeded giftgiving inspiration Below are 14 writerapproved recommendations to help you find the perfect book for even your mostdifficulttobuyfor loved one Read More  Powells Staff Best Books of 2022 Fiction 1 comment Kelsey Ford 6 Haunting Native American Horror Books 1 comment 1 LOCOK 1 LOCOK LOCCancel 1 LOCOK LOCCancel To Kill a Mockingbird by Harper Lee Comment on this title Synopses  Reviews Reading Group Guide Award Excerpt ISBN13 9780061120084 ISBN10 0061120081 All Product Details View Larger Image View Larger Images 1799 New Trade Paperback Ships in 1 to 3 days Qty Store 1 Burnside 1 Cedar Hills 2 Hawthorne 20 Local Warehouse Awards 1961 Pulitzer Prize for Fiction Synopses  Reviews Publisher Comments Harper Lees Pulitzer Prizewinning masterwork of honor and injustice in the deep South  and the heroism of one man in the face of blind and violent hatred One of the bestloved stories of all time To Kill a Mockingbird has been translated into more than forty languages sold more than thirty million copies worldwide served as the basis of an enormously popular motion picture and was voted one of the best novels of the twentieth century by librarians across the country A gripping heartwrenching and wholly remarkable tale of comingofage in a South poisoned by virulent prejudice it views a world of great beauty and savage inequities through the eyes of a young girl as her father  a crusading local lawyer  risks everything to defend a black man unjustly accused of a terrible crime Review Its one of the finest books ever written The quiet heroism of Atticus Finch and the honesty of his children Jem and Scout as they face prejudice in the American South of the 1930s still ring true If its been a while since you read it read it again Sessalee Hensley Review Funny happy and written with unspectacular precision Vogue Review A first novel of such rare excellence that it will no doubt make a great many readers slow down to relish more fully its simple distinctionA novel of strong contemporary national significance Chicago Tribune Review Novelist Lees prose has an edge that cuts through cant and she teaches the reader an astonishing number of useful truths about little girls and about Southern life Time Synopsis One of the bestloved stories of all time To Kill a Mockingbird has earned many distinctions since its original publication in 1960 It won the Pulitzer Prize has been translated into more than forty languages sold more than thirty million copies worldwide and been made into an enormously popular movie Most recently librarians across the country gave the book the highest of honors by voting it the best novel of the twentieth century About the Author Nelle Harper Lee was born on April 28 1926 in Monroeville Alabama which produced two worldrenowned authors in the same generation Harper Lee was the grade school classmate of the young Truman Capote with whom she maintained a friendship well into adulthood In 1966 Capote dedicated In Cold Blood to her The youngest of four children of Amasa Coleman Lee and Frances Finch Lee Harper attended Huntingdon College 194445 studied law at University of Alabama 194549 and spent a year at Oxford University In the 1950s she moved to New York City where after working briefly as an airline reservation clerk she decided to focus exclusively on her writing She moved into a coldwater flat and began writing To Kill a Mockingbird  In 1957 she submitted the manuscript to the J B Lippincott Company and was told that her novel read too much like a series of loosely connected short stories She spent the next two and a half years revising the book and in 1960 it was published to widespread acclaim winning the Pulitzer Prize and thousands of devoted readers Reading Group Guide 1 How do Scout Jem and Dill characterize Boo Radley at the beginning of the book In what way did Boos past history of violence foreshadow his method of protecting Jem and Scout from Bob Ewell Does this repetition of aggression make him more or less of a sympathetic character 2 In Scouts account of her childhood her father Atticus reigns supreme How would you characterize his abilities as a single parent How would you describe his treatment of Calpurnia and Tom Robinson vis a vis his treatment of his white neighbors and colleagues How would you typify his views on race and class in the larger context of his community and his peers 3 The title of Lees book is alluded to when Atticus gives his children air rifles and tells them that they can shoot all the bluejays they want but its a sin To Kill a Mockingbird  At the end of the novel Scout likens the sin of naming Boo as Bob Ewells killer to shootin a mockingbird Do you think that Boo is the only innocent or mockingbird in this novel 4 Scout ages two yearsfrom six to eightover the course of Lees novel which is narrated from her perspective as an adult Did you find the account her narrator provides believable Were there incidents or observations in the book that seemed unusually knowing for such a young child What event or episode in Scouts story do you feel truly captures her personality 5 To Kill a Mockingbird has been challenged repeatedly by the political left and right who have sought to remove it from libraries for its portrayal of conflict between children and adults ungrammatical speech references to sex the supernatural and witchcraft and unfavorable presentation of blacks Which elements of the bookif anydo you think touch on controversial issues in our contemporary culture Did you find any of those elements especially troubling persuasive or insightful 6 Jem describes to Scout the four folks or classes of people in Maycomb County our kind of folks dont like the Cunninghams the Cunninghams dont like the Ewells and the Ewells hate and despise the colored folks What do you think of the ways in which Lee explores race and class in 1930s Alabama What significance if any do you think these characterizations have for people living in other parts of the world 7 One of the chief criticisms of To Kill a Mockingbird is that the two central storylines  Scout Jem and Dills fascination with Boo Radley and the trial between Mayella Ewell and Tom Robinson  are not sufficiently connected in the novel Do you think that Lee is successful in incorporating these different stories Were you surprised at the way in which these story lines were resolved Why or why not 8 By the end of To Kill a Mockingbird  the books first sentence When he was thirteen my brother Jem got his arm badly broken at the elbow has been explained and resolved What did you think of the events that followed the Halloween pageant Did you think that Bob Ewell was capable of injuring Scout or Jem How did you feel about Boo Radleys lastminute intervention 9 What elements of this book did you find especially memorable humorous or inspiring Are there individual characters whose beliefs acts or motives especially impressed or surprised you Did any events in this book cause you to reconsider your childhood memories or experiences in a new light 5 2 What Our Readers Are Saying Share your thoughts on this title Average customer rating 5 2 comments  brunettegal418  January 01 2008 view all comments by brunettegal418 This deeply moving novel is one that will be read for generations to come Told by an innocent child in a world torn apart by racism this novel gives us an unforgettbale story filled with charm love racism hatred and yet tied together with hope This novel must be read by everyone who enjoyes a truly wonderful tale Was this comment helpful  Yes  No 12 of 21 readers found this comment helpful report this\ncomment  cr2111  August 14 2007 Reading this book after a gap of around thirty years I still felt deeply moved and disturbed May be because we are still living in a world torn apart by as nasty and as unreasonable a prejudice as that dictated the social conscience of Alabama Was this comment helpful  Yes  No 9 of 19 readers found this comment helpful report this\ncomment Product Details ISBN 9780061120084 Binding Trade Paperback Publication date 05232006 Publisher HARPERCOLLINS PUBLISHERS Series info Modern Classics Pages 323 Height 100IN Width 550IN Thickness 100 Series Modern Classics Number of Units 1 Copyright Year 2006 UPC Code 2800061120086 Author Harper Lee Author Harper Lee Subject Fathers and daughters Subject LiteratureA to Z Subject Girls Subject Domestic fiction Subject Legal stories 1799 New Trade Paperback Ships in 1 to 3 days Qty Store 1 Burnside 1 Cedar Hills 2 Hawthorne 20 Local Warehouse More copies of this ISBN Used Trade Paperback Starting from 850 This title in other editions New Hardcover 2799 New Trade Paperback 1699 Used Book Club Hardcover 1295 Used Leather 3500 Used Mass Market 695 Used Trade Paperback Starting from 495 1 LOCOK 1 LOCOK LOCCancel 1 LOCOK LOCCancel 1 LOCOK 1 LOCOK LOCCancel 1 LOCOK LOCCancel 1 LOCOK 1 LOCOK LOCCancel 1 LOCOK LOCCancel 1 LOCOK 1 LOCOK LOCCancel 1 LOCOK LOCCancel Help Guarantee My Account Careers About Us Security Wish List Partners Contact Us Shipping Transparency ACT MRF Sitemap  2022 POWELLSCOM Terms 1 LOCOK 1 LOCOK LOCCancel 1 LOCOK LOCCancel 1 LOCOK 1 LOCOK LOCCancel 1 LOCOK LOCCancel 1 LOCOK 1 LOCOK LOCCancel 1 LOCOK LOCCancel 1 LOCOK 1 LOCOK LOCCancel 1 LOCOK LOCCancel"}