{"Title": " Hal Leonard Ukulele Chord Finder Easy To Use Guide to Over 1000 Ukulele Chords ", "Author": "Chad Johnson", "Cover Page": "https://covers.powells.com/9780634068645.jpg", "ISBN10": "0634068644  \n", "ISBN13": "9780634068645", "Page URL": "https://powells.com/book/hal-leonard-ukulele-chord-finder-easy-to-use-guide-to-over-1000-ukulele-chords-9780634068645", "raw_text": "Hal Leonard Ukulele Chord Finder Easy To Use Guide to Over 1000 Ukulele Chords Chad Johnson Trade Paperback 9780634068645 Powells Books Cart   my account  wish list  help  8008787323 Hello\n Login MENU Browse New Arrivals Bestsellers Featured Preorders Award Winners Audio Books See All Subjects Used Staff Picks Staff Picks Picks of the Month Bookseller Displays 50 Books for 50 Years 25 Best 21st Century SciFi  Fantasy 25 PNW Books to Read Before You Die 25 Books From the 21st Century 25 Memoirs to Read Before You Die 25 Global Books to Read Before You Die 25 Women to Read Before You Die 25 Books to Read Before You Die Gifts Gift Cards  eGift Cards Powells Souvenirs Journals and Notebooks socks Games Sell Books Blog Events Find A Store Dont Miss BIG SALE 20 off sitewide Picks of the Season What Im Giving Great Gifts Under 25 Best Books of 2022 Powells Author Events Oregon Battle of the Books Audio Books Visit Our Stores Powells Books 14 Gift Ideas From 14 of Our Favorite Authors 0 comment Every year Powells reaches out to some of our favorite authors for some muchneeded giftgiving inspiration Below are 14 writerapproved recommendations to help you find the perfect book for even your mostdifficulttobuyfor loved one Read More  Powells Staff Best Books of 2022 Fiction 1 comment Kelsey Ford 6 Haunting Native American Horror Books 1 comment 1 LOCOK 1 LOCOK LOCCancel 1 LOCOK LOCCancel Hal Leonard Ukulele Chord Finder Easy To Use Guide to Over 1000 Ukulele Chords by Chad Johnson Comment on this title Synopses  Reviews ISBN13 9780634068645 ISBN10 0634068644 All Product Details View Larger Image View Larger Images 699 New Trade Paperback Available at a Remote Warehouse Ships separately from other items Additional shipping charges may apply Not available for In Store Pickup More Info Qty Store 2 Remote Warehouse Synopses  Reviews Publisher Comments Learn to play chords on the ukulele with this comprehensive yet easytouse book The Ukulele Chord Finder contains more than a thousand chord diagrams for the most important 28 chord types including three voicings for each chord Also includes a lesson on chord construction and a fingerboard chart of the ukulele neck What Our Readers Are Saying Be the first to share your thoughts on this title Product Details ISBN 9780634068645 Binding Trade Paperback Publication date 01012004 Publisher HAL LEONARD BOOKS Pages 96 Height 30IN Width 890IN Thickness 25 Number of Units 1 Copyright Year 2004 UPC Code 9780634068645 Author Chad Johnson Author Hal Leonard Publishing Corporation Author Hal Leonard Publishing Corporation COR Corporate author Hal Leonard Publishing Corporation Corporate author Hal Leonard Publishing Corporation Subject DRAMA  General 699 New Trade Paperback Available at a Remote Warehouse Ships separately from other items Additional shipping charges may apply Not available for In Store Pickup More Info Qty Store 2 Remote Warehouse Receive an email when this ISBN is available used 1 LOCOK 1 LOCOK LOCCancel 1 LOCOK LOCCancel 1 LOCOK 1 LOCOK LOCCancel 1 LOCOK LOCCancel 1 LOCOK 1 LOCOK LOCCancel 1 LOCOK LOCCancel 1 LOCOK 1 LOCOK LOCCancel 1 LOCOK LOCCancel Help Guarantee My Account Careers About Us Security Wish List Partners Contact Us Shipping Transparency ACT MRF Sitemap  2022 POWELLSCOM Terms 1 LOCOK 1 LOCOK LOCCancel 1 LOCOK LOCCancel 1 LOCOK 1 LOCOK LOCCancel 1 LOCOK LOCCancel 1 LOCOK 1 LOCOK LOCCancel 1 LOCOK LOCCancel 1 LOCOK 1 LOCOK LOCCancel 1 LOCOK LOCCancel"}