{"Title": " Pandora's Jar: Women in Greek Myths ", "Author": "Natalie Haynes", "Cover Page": "https://covers.powells.com/9780063139466.jpg", "ISBN10": "0063139464  \n", "ISBN13": "9780063139466", "Page URL": "https://powells.com/book/pandoras-jar-9780063139466", "raw_text": "Pandoras Jar Natalie Haynes Trade Paperback 9780063139466 Powells Books Cart   my account  wish list  help  8008787323 Hello\n Login MENU Browse New Arrivals Bestsellers Featured Preorders Award Winners Audio Books See All Subjects Used Staff Picks Staff Picks Picks of the Month Bookseller Displays 50 Books for 50 Years 25 Best 21st Century SciFi  Fantasy 25 PNW Books to Read Before You Die 25 Books From the 21st Century 25 Memoirs to Read Before You Die 25 Global Books to Read Before You Die 25 Women to Read Before You Die 25 Books to Read Before You Die Gifts Gift Cards  eGift Cards Powells Souvenirs Journals and Notebooks socks Games Sell Books Blog Events Find A Store Dont Miss BIG SALE 20 off sitewide Picks of the Season What Im Giving Great Gifts Under 25 Best Books of 2022 Powells Author Events Oregon Battle of the Books Audio Books Visit Our Stores Powells Books 14 Gift Ideas From 14 of Our Favorite Authors 0 comment Every year Powells reaches out to some of our favorite authors for some muchneeded giftgiving inspiration Below are 14 writerapproved recommendations to help you find the perfect book for even your mostdifficulttobuyfor loved one Read More  Powells Staff Best Books of 2022 Fiction 1 comment Kelsey Ford 6 Haunting Native American Horror Books 1 comment 1 LOCOK 1 LOCOK LOCCancel 1 LOCOK LOCCancel Pandoras Jar Women in Greek Myths by Natalie Haynes Comment on this title Synopses  Reviews ISBN13 9780063139466 ISBN10 0063139464 All Product Details View Larger Image View Larger Images 1799 New Trade Paperback Ships in 1 to 3 days Qty Store 9 Burnside 2 Cedar Hills 1 Hawthorne 20 Local Warehouse Synopses  Reviews Publisher Comments NEW YORK TIMES BESTSELLER Funny sharp explications of what these sometimes notverynice women were up to and how they sometimes made idiots ofbut read on Margaret Atwood author of The Handmaids Tale The national bestselling author of A Thousand Ships returns with a fascinating eyeopening take on the remarkable women at the heart of classical stories Greek mythology from Helen of Troy to Pandora and the Amazons to Medea The tellers of Greek myths  historically men  have routinely sidelined the female characters When they do take a larger role women are often portrayed as monstrous vengeful or just plain evil  like Pandora the woman of eternal scorn and damnation whose curiosity is tasked with causing all the worlds suffering and wickedness when she opened that forbidden box But as Natalie Haynes reveals in ancient Greek myths there was no box It was a jarwhich is far more likely to tip over In Pandoras Jar  the broadcaster writer standup comedian and passionate classicist turns the tables putting the women of the Greek myths on an equal footing with the men With wit humor and savvy Haynes revolutionizes our understanding of epic poems stories and plays resurrecting them from a womans perspective and tracing the origins of their mythic female characters She looks at women such as Jocasta Oedipus motherturnedloverandwife turned Freudian sticking point at once the cleverest person in the story and yet often unnoticed She considers Helen of Troy whose marriage to Paris caused the Trojan war  a somewhat uneven response to her decision to leave her husband for another man She demonstrates how the vilified Medea was like an ancient Beyonce  getting her revenge on the man who hurt and betrayed her if by extreme measures And she turns her eye to Medusa the original monstered woman whose stare turned men to stone but who wasnt always a monster and had her hair turned to snakes as punishment for being raped Pandoras Jar brings nuance and care to the millenniaold myths and legends and asks the question Why are we so quick to villainize these women in the first place  and so eager to accept the stories weve been told Review Throughout Haynes also notes that these often outlandish retellings and related tropes have become flawed inspirations for works of modern art music and film including the original Star Trek series an episode of The Simpsons Pulp Fiction  and a music video by Beyonc\u00e9Readers of all levels of knowledge are certain to be enthralled with her analysis and find her humor and wit captivating A fun and informative addition to the ongoing consideration of ancient mythology Kirkus Reviews Review Natalie Haynes is both a witty and an erudite guide She wears her extensive learning lightly and deftly drags the Classics into the modern world I loved it Kate Atkinson author of Life After Life Review Packed with wry humor and scholarly insight Pandoras Jar shines a new light on our oldest stories illuminating its subjects in all their painful complexity Booklist Review Classicist Haynes challenges common ideas about Greek mythology in this sharp correctivethose casually familiar with Greek mythology will find this enriching Publishers Weekly About the Author Natalie Haynes is the author of six books including A Thousand Ships  which was a national bestseller and was shortlisted for the 2020 Womens Prize for Fiction She has written and recorded seven series of Natalie Haynes Stands Up for the Classics for the BBC Haynes has written for the Times  the Independent  the Guardian and the Observer  She lives in London What Our Readers Are Saying Be the first to share your thoughts on this title Product Details ISBN 9780063139466 Binding Trade Paperback Publication date 03292022 Publisher HARPERCOLLINS PUBLISHERS Pages 320 Height 90IN Width 520IN Illustration Yes Author Natalie Haynes 1799 New Trade Paperback Ships in 1 to 3 days Qty Store 9 Burnside 2 Cedar Hills 1 Hawthorne 20 Local Warehouse Receive an email when this ISBN is available used 1 LOCOK 1 LOCOK LOCCancel 1 LOCOK LOCCancel 1 LOCOK 1 LOCOK LOCCancel 1 LOCOK LOCCancel 1 LOCOK 1 LOCOK LOCCancel 1 LOCOK LOCCancel 1 LOCOK 1 LOCOK LOCCancel 1 LOCOK LOCCancel Help Guarantee My Account Careers About Us Security Wish List Partners Contact Us Shipping Transparency ACT MRF Sitemap  2022 POWELLSCOM Terms 1 LOCOK 1 LOCOK LOCCancel 1 LOCOK LOCCancel 1 LOCOK 1 LOCOK LOCCancel 1 LOCOK LOCCancel 1 LOCOK 1 LOCOK LOCCancel 1 LOCOK LOCCancel 1 LOCOK 1 LOCOK LOCCancel 1 LOCOK LOCCancel"}