{"Title": " Living Theatre: History of Theatre [With eBook] ", "Author": "Edwin Wilson", "Cover Page": "https://powells-covers-2.s3.amazonaws.com/9780393640229.jpg", "ISBN10": "0393640221  \n", "ISBN13": "9780393640229", "Page URL": "https://powells.com/book/living-theatre-9780393640229", "raw_text": "Living Theatre History Of Theatre Edwin Wilson Hardcover 9780393640229 Powells Books Cart   my account  wish list  help  8008787323 Hello\n Login MENU Browse New Arrivals Bestsellers Featured Preorders Award Winners Audio Books See All Subjects Used Staff Picks Staff Picks Picks of the Month Bookseller Displays 50 Books for 50 Years 25 Best 21st Century SciFi  Fantasy 25 PNW Books to Read Before You Die 25 Books From the 21st Century 25 Memoirs to Read Before You Die 25 Global Books to Read Before You Die 25 Women to Read Before You Die 25 Books to Read Before You Die Gifts Gift Cards  eGift Cards Powells Souvenirs Journals and Notebooks socks Games Sell Books Blog Events Find A Store Dont Miss BIG SALE 20 off sitewide Picks of the Season What Im Giving Great Gifts Under 25 Best Books of 2022 Powells Author Events Oregon Battle of the Books Audio Books Visit Our Stores Powells Books 14 Gift Ideas From 14 of Our Favorite Authors 0 comment Every year Powells reaches out to some of our favorite authors for some muchneeded giftgiving inspiration Below are 14 writerapproved recommendations to help you find the perfect book for even your mostdifficulttobuyfor loved one Read More  Powells Staff Best Books of 2022 Fiction 1 comment Kelsey Ford 6 Haunting Native American Horror Books 1 comment 1 LOCOK 1 LOCOK LOCCancel 1 LOCOK LOCCancel Living Theatre History of Theatre With eBook by Edwin Wilson and Alvin Goldfarb Comment on this title Synopses  Reviews ISBN13 9780393640229 ISBN10 0393640221 All Product Details View Larger Image View Larger Images 000 List Price 000 Other Ships in 1 to 3 days Synopses  Reviews Synopsis Focused on the cultural relevance of theatre Written in an engaging style Designed to be accessible to undergraduates Living Theatre is the most popular text for theatre history courses The Seventh Edition builds on these strengths with Past and Presenta NEW feature that focuses on connections between theatres long history and the practice of theatre todayand with a brilliant NEW design that highlights the beauty and excitement of the art of theatre What Our Readers Are Saying Be the first to share your thoughts on this title Product Details ISBN 9780393640229 Binding Other Publication date 07312017 Publisher W W Norton  Company Language English Edition 7 Pages 672 Height 100IN Width 790IN Author Alvin Goldfarb Author Edwin Wilson 000 List Price 000 Other Ships in 1 to 3 days Receive an email when this ISBN is available used 1 LOCOK 1 LOCOK LOCCancel 1 LOCOK LOCCancel 1 LOCOK 1 LOCOK LOCCancel 1 LOCOK LOCCancel 1 LOCOK 1 LOCOK LOCCancel 1 LOCOK LOCCancel 1 LOCOK 1 LOCOK LOCCancel 1 LOCOK LOCCancel Help Guarantee My Account Careers About Us Security Wish List Partners Contact Us Shipping Transparency ACT MRF Sitemap  2022 POWELLSCOM Terms 1 LOCOK 1 LOCOK LOCCancel 1 LOCOK LOCCancel 1 LOCOK 1 LOCOK LOCCancel 1 LOCOK LOCCancel 1 LOCOK 1 LOCOK LOCCancel 1 LOCOK LOCCancel 1 LOCOK 1 LOCOK LOCCancel 1 LOCOK LOCCancel"}