{"Title": " Maos Last Dancer Movie Tie In ", "Author": "Cunxin Li", "Cover Page": "https://covers.powells.com/9780425240304.jpg", "ISBN10": "0425240304  \n", "ISBN13": "9780425240304", "Page URL": "https://powells.com/book/maos-last-dancer-movie-tie-in-9780425240304", "raw_text": "Maos Last Dancer Movie Tie In Li Cunxin Trade Paperback 9780425240304 Powells Books Cart   my account  wish list  help  8008787323 Hello\n Login MENU Browse New Arrivals Bestsellers Featured Preorders Award Winners Audio Books See All Subjects Used Staff Picks Staff Picks Picks of the Month Bookseller Displays 50 Books for 50 Years 25 Best 21st Century SciFi  Fantasy 25 PNW Books to Read Before You Die 25 Books From the 21st Century 25 Memoirs to Read Before You Die 25 Global Books to Read Before You Die 25 Women to Read Before You Die 25 Books to Read Before You Die Gifts Gift Cards  eGift Cards Powells Souvenirs Journals and Notebooks socks Games Sell Books Blog Events Find A Store Dont Miss BIG SALE 20 off sitewide Picks of the Season What Im Giving Great Gifts Under 25 Best Books of 2022 Powells Author Events Oregon Battle of the Books Audio Books Visit Our Stores Powells Books 14 Gift Ideas From 14 of Our Favorite Authors 0 comment Every year Powells reaches out to some of our favorite authors for some muchneeded giftgiving inspiration Below are 14 writerapproved recommendations to help you find the perfect book for even your mostdifficulttobuyfor loved one Read More  Powells Staff Best Books of 2022 Fiction 1 comment Kelsey Ford 6 Haunting Native American Horror Books 1 comment 1 LOCOK 1 LOCOK LOCCancel 1 LOCOK LOCCancel Maos Last Dancer Movie Tie In by Cunxin Li Comment on this title Synopses  Reviews ISBN13 9780425240304 ISBN10 0425240304 Condition Standard All Product Details View Larger Image View Larger Images 795 List Price 1700 Used Trade Paperback Ships in 1 to 3 days Qty Store 1 Cedar Hills Synopses  Reviews Publisher Comments From a desperately poor village in northeast China at age eleven Li Cunxin was chosen by Madame Maos cultural delegates to be taken from his rural home and brought to Beijing where he would study ballet In 1979 the young dancer arrived in Texas as part of a cultural exchange only to fall in love with Americaand with an American woman Two years later through a series of events worthy of the most exciting cloakanddagger fiction he defected to the United States where he quickly became known as one of the greatest ballet dancers in the world This is his story told in his own inimitable voice Watch a Video Synopsis THE INTERNATIONAL BESTSELLER The extraordinary memoir of a peasant boy raised in rural Maoist China who was plucked from his village to study ballet and went on to become one of the greatest dancers of his generation From a desperately poor village in northeast China at age eleven Li Cunxin was chosen by Madame Maos cultural delegates to be taken from his rural home and brought to Beijing where he would study ballet In 1979 the young dancer arrived in Texas as part of a cultural exchange only to fall in love with Americaand with an American woman Two years later through a series of events worthy of the most exciting cloakanddagger fiction he defected to the United States where he quickly became known as one of the greatest ballet dancers in the world This is his story told in his own inimitable voice THE BASIS FOR A MAJOR MOTION PICTURE  About the Author Li Cunxin was born in a small village near the city of Qingdao in northern China At eighteen he was selected to perform at the Houston Ballet which led to a dramatic defection to the United States He has performed as a soloist with the Houston Ballet and as a principal artist with the Australian Ballet What Our Readers Are Saying Be the first to share your thoughts on this title Product Details ISBN 9780425240304 Binding Trade Paperback Publication date 07272010 Publisher BERKLEY PUBLISHING GROUP Pages 528 Height 111IN Width 604IN Thickness 125 Age Range 18 and up Grade Range 13 and up Number of Units 1 Illustration Yes Author Cunxin Li Author Li Cunxin Subject BiographyEntertainment and Performing Arts Subject Personal Memoirs 795 List Price 1700 Used Trade Paperback Ships in 1 to 3 days Qty Store 1 Cedar Hills More copies of this ISBN Used Trade Paperback 195 1 LOCOK 1 LOCOK LOCCancel 1 LOCOK LOCCancel 1 LOCOK 1 LOCOK LOCCancel 1 LOCOK LOCCancel 1 LOCOK 1 LOCOK LOCCancel 1 LOCOK LOCCancel 1 LOCOK 1 LOCOK LOCCancel 1 LOCOK LOCCancel Help Guarantee My Account Careers About Us Security Wish List Partners Contact Us Shipping Transparency ACT MRF Sitemap  2022 POWELLSCOM Terms 1 LOCOK 1 LOCOK LOCCancel 1 LOCOK LOCCancel 1 LOCOK 1 LOCOK LOCCancel 1 LOCOK LOCCancel 1 LOCOK 1 LOCOK LOCCancel 1 LOCOK LOCCancel 1 LOCOK 1 LOCOK LOCCancel 1 LOCOK LOCCancel"}