{"Title": " Kitty 01 & the Moonlight Rescue ", "Author": "Paula Harrison, Jenny Lovlie", "Cover Page": "https://powells-covers-2.s3.amazonaws.com/9780062934710.jpg", "ISBN10": "0062934716  \n", "ISBN13": "9780062934710", "Page URL": "https://powells.com/book/kitty-01-the-moonlight-rescue-9780062934710", "raw_text": "Kitty 01  the Moonlight Rescue Paula Harrison Jenny Lovlie Trade Paperback 9780062934710 Powells Books Cart   my account  wish list  help  8008787323 Hello\n Login MENU Browse New Arrivals Bestsellers Featured Preorders Award Winners Audio Books See All Subjects Used Staff Picks Staff Picks Picks of the Month Bookseller Displays 50 Books for 50 Years 25 Best 21st Century SciFi  Fantasy 25 PNW Books to Read Before You Die 25 Books From the 21st Century 25 Memoirs to Read Before You Die 25 Global Books to Read Before You Die 25 Women to Read Before You Die 25 Books to Read Before You Die Gifts Gift Cards  eGift Cards Powells Souvenirs Journals and Notebooks socks Games Sell Books Blog Events Find A Store Dont Miss BIG SALE 20 off sitewide Picks of the Season What Im Giving Great Gifts Under 25 Best Books of 2022 Powells Author Events Oregon Battle of the Books Audio Books Visit Our Stores Powells Books 14 Gift Ideas From 14 of Our Favorite Authors 0 comment Every year Powells reaches out to some of our favorite authors for some muchneeded giftgiving inspiration Below are 14 writerapproved recommendations to help you find the perfect book for even your mostdifficulttobuyfor loved one Read More  Powells Staff Best Books of 2022 Fiction 1 comment Kelsey Ford 6 Haunting Native American Horror Books 1 comment 1 LOCOK 1 LOCOK LOCCancel 1 LOCOK LOCCancel Kitty 01  the Moonlight Rescue by Paula Harrison Jenny Lovlie Comment on this title Synopses  Reviews ISBN13 9780062934710 ISBN10 0062934716 Condition Standard All Product Details View Larger Image View Larger Images 450 List Price 599 Used Trade Paperback Ships in 1 to 3 days Qty Store 2 Burnside 1 Cedar Hills 1 Hawthorne 1 Local Warehouse Synopses  Reviews Synopsis MEET KITTY Girl by day Cat by night Ready for Adventure Kittys family has a secret Her mom is a hero with catlike superpowers and Kitty knows that one day shell have special powers and the chance to use them too That day comes sooner than expected when a friendly black cat named Figaro comes to Kittys bedroom window to ask for help But the world at night is a scary place is Kitty brave enough to step out into the darkness for a thrilling moonlight adventure Synopsis Girl by day Cat by night Ready for an adventure Meet Kitty a charming chapter book character with catlike superpowers With dramatic twocolor art on every page and an emphasis on friendship family bravery and building selfconfidence Kitty and the Moonlight Rescue is a perfect choice for independent readers and fans of Rebecca Elliotts Owl Diaries Kitty is special Her mother is a superhero with catlike powers that Kitty and her little brother Max will someday inherit But being a superhero involves going on daring adventures at night and Kitty doesnt know if shell ever be brave enough for that One night though Kitty finds a sleek black cat with white paws waiting at her window When he introduces himself Kitty is shocked to realize she can understand himher powers have arrived The cat Figaro has a problem Theres a terrible meowing sound coming from the clock tower and the other cats dont know what to do The night outside looks cold and uninviting and Kitty is afraid of the dark But she musters up her courage and sets out to find the source of the mysterious sound Along the way she makes new friends uncovers her confidence and learns what it means to be brave Kitty and the Moonlight Rescue is the first book in a chapter book series about Kitty and her superhero adventures With an aspirational main character a kindle of cats striking twocolor art on every page and fun facts included at the end of each story these chapter books are just right for newly independent readers  Synopsis Girl by day Cat by night Ready for an adventure Kitty and the Moonlight Rescue is the first book in a chapter book series about Kitty and her superhero adventures This chapter book is an excellent choice to share during homeschooling in particular for children ages 6 to 8 who are ready to read independently Its a fun way to keep your child engaged and as a supplement for activity books for children Meet Kitty a charming chapter book character with catlike superpowers With dramatic twocolor art on every page and an emphasis on friendship family bravery and building selfconfidence Kitty and the Moonlight Rescue is a perfect choice for independent readers and fans of Rebecca Elliotts Owl Diaries Kitty is special Her mother is a superhero with catlike powers that Kitty and her little brother Max will someday inherit But being a superhero involves going on daring adventures at night and Kitty doesnt know if shell ever be brave enough for that One night though Kitty finds a sleek black cat with white paws waiting at her window When he introduces himself Kitty is shocked to realize she can understand himher powers have arrived The cat Figaro has a problem Theres a terrible meowing sound coming from the clock tower and the other cats dont know what to do The night outside looks cold and uninviting and Kitty is afraid of the dark But she musters up her courage and sets out to find the source of the mysterious sound Along the way she makes new friends uncovers her confidence and learns what it means to be brave With an aspirational main character a kindle of cats striking twocolor art on every page and fun facts included at the end of each story these chapter books are just right for newly independent readers  5 1 What Our Readers Are Saying Share your thoughts on this title Average customer rating 5 1 comments  JWallis  February 27 2021 view all comments by JWallis We LOVE Kitty I bought this for my cat obsessed 6 year old She read it repeatedly and asked for the rest of the series right away She loves talking about Kitty and her adventures with her cat friends The story is fun engaging and has inspired lots of adventurous play at our house My daughter is so into the series she insisted we get it for her cousins 5th birthday  She and younger brother also love Kitty now and all of them are asking for the next book in the series Was this comment helpful  Yes  No report this\ncomment Product Details ISBN 9780062934710 Binding Trade Paperback Publication date 09102019 Publisher GREENWILLOW BOOKS Series info Kitty Pages 128 Height 60IN Width 550IN Series Number 1 Age Range 6 to 10 Grade Range 1 to 5 Illustration Yes  Jenny Lovlie Author Paula Harrison Author Jenny Lovlie 450 List Price 599 Used Trade Paperback Ships in 1 to 3 days Qty Store 2 Burnside 1 Cedar Hills 1 Hawthorne 1 Local Warehouse More copies of this ISBN New Trade Paperback 599 1 LOCOK 1 LOCOK LOCCancel 1 LOCOK LOCCancel 1 LOCOK 1 LOCOK LOCCancel 1 LOCOK LOCCancel 1 LOCOK 1 LOCOK LOCCancel 1 LOCOK LOCCancel 1 LOCOK 1 LOCOK LOCCancel 1 LOCOK LOCCancel Help Guarantee My Account Careers About Us Security Wish List Partners Contact Us Shipping Transparency ACT MRF Sitemap  2022 POWELLSCOM Terms 1 LOCOK 1 LOCOK LOCCancel 1 LOCOK LOCCancel 1 LOCOK 1 LOCOK LOCCancel 1 LOCOK LOCCancel 1 LOCOK 1 LOCOK LOCCancel 1 LOCOK LOCCancel 1 LOCOK 1 LOCOK LOCCancel 1 LOCOK LOCCancel"}