{"Title": " Runaway Bunny Padded Board Book ", "Author": "Margaret Wise Brown", "Cover Page": "https://powells-covers-2.s3.amazonaws.com/9780062459596.jpg", "ISBN10": "0062459597  \n", "ISBN13": "9780062459596", "Page URL": "https://powells.com/book/runaway-bunny-padded-board-book-9780062459596", "raw_text": "The Runaway Bunny Padded Board Book Brown Margaret Wise Other 9780062459596 Powells Books Cart   my account  wish list  help  8008787323 Hello\n Login MENU Browse New Arrivals Bestsellers Featured Preorders Award Winners Audio Books See All Subjects Used Staff Picks Staff Picks Picks of the Month Bookseller Displays 50 Books for 50 Years 25 Best 21st Century SciFi  Fantasy 25 PNW Books to Read Before You Die 25 Books From the 21st Century 25 Memoirs to Read Before You Die 25 Global Books to Read Before You Die 25 Women to Read Before You Die 25 Books to Read Before You Die Gifts Gift Cards  eGift Cards Powells Souvenirs Journals and Notebooks socks Games Sell Books Blog Events Find A Store Dont Miss BIG SALE 20 off sitewide Picks of the Season What Im Giving Great Gifts Under 25 Best Books of 2022 Powells Author Events Oregon Battle of the Books Audio Books Visit Our Stores Powells Books 14 Gift Ideas From 14 of Our Favorite Authors 0 comment Every year Powells reaches out to some of our favorite authors for some muchneeded giftgiving inspiration Below are 14 writerapproved recommendations to help you find the perfect book for even your mostdifficulttobuyfor loved one Read More  Powells Staff Best Books of 2022 Fiction 1 comment Kelsey Ford 6 Haunting Native American Horror Books 1 comment 1 LOCOK 1 LOCOK LOCCancel 1 LOCOK LOCCancel Runaway Bunny Padded Board Book by Margaret Wise Brown and Clement Hurd Comment on this title Synopses  Reviews ISBN13 9780062459596 ISBN10 0062459597 Condition Standard All Product Details View Larger Image View Larger Images 750 List Price 1099 Used Board Book Ships in 1 to 3 days Qty Store 1 Burnside Synopses  Reviews Publisher Comments Celebrate 75 years of The Runaway Bunny with this brandnew padded board book edition  perfect for babies and toddlers If you run away said his mother I will run after you For you are my little bunny A little bunny keeps running away from his mother in this imaginary game of hideandseek Children will be profoundly comforted by this lovingly steadfast mother who finds her child every time The Runaway Bunny  first published in 1942 and never out of print has indeed become a classic Generations of readers have fallen in love with the gentle magic of its reassuring words and loving pictures With a soft padded cover rounded edges and sturdy board book pages this edition is perfect for sharing with babies and toddlers Review Delightful What mother human or rabbit doesnt want to keep that new little one in their sight at all times Brightly About the Author Margaret Wise Brown cherished for her unique ability to convey a childs experience and perspective of the world transformed the landscape of childrens literature with such beloved classics as Goodnight Moon and The Runaway Bunny  Other perennial favorites by Ms Brown include My World Christmas in the Barn The Dead Bird North South East West  and Good Day Good Night  Clement Hurd 19081988 is best known for illustrating Goodnight Moon and The Runaway Bunny  the classic picture books by Margaret Wise Brown He studied painting in Paris with Fernand L\u00e9ger and others in the early 1930s After his return to the United States in 1935 he began to work in childrens books He illustrated more than one hundred books many of them with his wife Edith Thacher Hurd including the Johnny Lion books The Day the Sun Danced  and The Merry Chase  A native of New York City he lived most of his life in Vermont and California What Our Readers Are Saying Be the first to share your thoughts on this title Product Details ISBN 9780062459596 Binding Board Book Publication date 01242017 Publisher HarperFestival Pages 36 Height 120IN Width 780IN Age Range to 4 Grade Range P to P Illustration Yes Illustrator Clement Hurd Author Margaret Wise Brown 750 List Price 1099 Used Board Book Ships in 1 to 3 days Qty Store 1 Burnside More copies of this ISBN New Board Book 1099 1 LOCOK 1 LOCOK LOCCancel 1 LOCOK LOCCancel 1 LOCOK 1 LOCOK LOCCancel 1 LOCOK LOCCancel 1 LOCOK 1 LOCOK LOCCancel 1 LOCOK LOCCancel 1 LOCOK 1 LOCOK LOCCancel 1 LOCOK LOCCancel Help Guarantee My Account Careers About Us Security Wish List Partners Contact Us Shipping Transparency ACT MRF Sitemap  2022 POWELLSCOM Terms 1 LOCOK 1 LOCOK LOCCancel 1 LOCOK LOCCancel 1 LOCOK 1 LOCOK LOCCancel 1 LOCOK LOCCancel 1 LOCOK 1 LOCOK LOCCancel 1 LOCOK LOCCancel 1 LOCOK 1 LOCOK LOCCancel 1 LOCOK LOCCancel"}