{"Title": " Swahili Grammar for Introductory and Intermediate Levels: Sarufi ya Kiswahili cha Ngazi ya Kwanza na Kati ", "Author": "Oswald Almasi", "Cover Page": "https://covers.powells.com/9780761863816.jpg", "ISBN10": "0761863818  \n", "ISBN13": "9780761863816", "Page URL": "https://powells.com/book/swahili-grammar-for-introductory-and-intermediate-levels-9780761863816", "raw_text": "Swahili Grammar for Introductory and Intermediate Levels  Oswald Almasi and Michael David Fallon and Nazish Pardhan Wared Trade Paperback 9780761863816 Powells Books Cart   my account  wish list  help  8008787323 Hello\n Login MENU Browse New Arrivals Bestsellers Featured Preorders Award Winners Audio Books See All Subjects Used Staff Picks Staff Picks Picks of the Month Bookseller Displays 50 Books for 50 Years 25 Best 21st Century SciFi  Fantasy 25 PNW Books to Read Before You Die 25 Books From the 21st Century 25 Memoirs to Read Before You Die 25 Global Books to Read Before You Die 25 Women to Read Before You Die 25 Books to Read Before You Die Gifts Gift Cards  eGift Cards Powells Souvenirs Journals and Notebooks socks Games Sell Books Blog Events Find A Store Dont Miss BIG SALE 20 off sitewide Picks of the Season What Im Giving Great Gifts Under 25 Best Books of 2022 Powells Author Events Oregon Battle of the Books Audio Books Visit Our Stores Powells Books 14 Gift Ideas From 14 of Our Favorite Authors 0 comment Every year Powells reaches out to some of our favorite authors for some muchneeded giftgiving inspiration Below are 14 writerapproved recommendations to help you find the perfect book for even your mostdifficulttobuyfor loved one Read More  Powells Staff Best Books of 2022 Fiction 1 comment Kelsey Ford 6 Haunting Native American Horror Books 1 comment 1 LOCOK 1 LOCOK LOCCancel 1 LOCOK LOCCancel Swahili Grammar for Introductory and Intermediate Levels Sarufi ya Kiswahili cha Ngazi ya Kwanza na Kati by Oswald Almasi and Michael David Fallon and Nazish Pardhan Wared Comment on this title ISBN13 9780761863816 ISBN10 0761863818 All Product Details View Larger Image View Larger Images 7732 New Trade Paperback Available at a Remote Warehouse Ships separately from other items Additional shipping charges may apply Not available for In Store Pickup More Info Qty Store 20 Remote Warehouse What Our Readers Are Saying Be the first to share your thoughts on this title Product Details ISBN 9780761863816 Binding Trade Paperback Publication date 09242014 Publisher University Press of America Language English Pages 462 Height 129IN Width 611IN Thickness 125 LCCN 2014937163 Author Oswald Almasi Author Michael David Fallon Author Nazish Pardhan Wared Author Oswald Almasi 7732 New Trade Paperback Available at a Remote Warehouse Ships separately from other items Additional shipping charges may apply Not available for In Store Pickup More Info Qty Store 20 Remote Warehouse Receive an email when this ISBN is available used 1 LOCOK 1 LOCOK LOCCancel 1 LOCOK LOCCancel 1 LOCOK 1 LOCOK LOCCancel 1 LOCOK LOCCancel 1 LOCOK 1 LOCOK LOCCancel 1 LOCOK LOCCancel 1 LOCOK 1 LOCOK LOCCancel 1 LOCOK LOCCancel Help Guarantee My Account Careers About Us Security Wish List Partners Contact Us Shipping Transparency ACT MRF Sitemap  2022 POWELLSCOM Terms 1 LOCOK 1 LOCOK LOCCancel 1 LOCOK LOCCancel 1 LOCOK 1 LOCOK LOCCancel 1 LOCOK LOCCancel 1 LOCOK 1 LOCOK LOCCancel 1 LOCOK LOCCancel 1 LOCOK 1 LOCOK LOCCancel 1 LOCOK LOCCancel"}