{"Title": " PDX Hiking 365: A Year-Round Guide to Hiking in Northwest Oregon and Southwest Washington ", "Author": "Matt Reeder", "Cover Page": "https://powells-covers-2.s3.amazonaws.com/9780988912526.jpg", "ISBN10": "098891252X  \n", "ISBN13": "9780988912526", "Page URL": "https://powells.com/book/pdx-hiking-365-9780988912526", "raw_text": "Pdx Hiking 365 A Year Round Guide to Hiking in Northwest Oregon  Southwest Washington Matt Reeder Trade Paperback 9780988912526 Powells Books Cart   my account  wish list  help  8008787323 Hello\n Login MENU Browse New Arrivals Bestsellers Featured Preorders Award Winners Audio Books See All Subjects Used Staff Picks Staff Picks Picks of the Month Bookseller Displays 50 Books for 50 Years 25 Best 21st Century SciFi  Fantasy 25 PNW Books to Read Before You Die 25 Books From the 21st Century 25 Memoirs to Read Before You Die 25 Global Books to Read Before You Die 25 Women to Read Before You Die 25 Books to Read Before You Die Gifts Gift Cards  eGift Cards Powells Souvenirs Journals and Notebooks socks Games Sell Books Blog Events Find A Store Dont Miss BIG SALE 20 off sitewide Picks of the Season What Im Giving Great Gifts Under 25 Best Books of 2022 Powells Author Events Oregon Battle of the Books Audio Books Visit Our Stores Powells Books 14 Gift Ideas From 14 of Our Favorite Authors 0 comment Every year Powells reaches out to some of our favorite authors for some muchneeded giftgiving inspiration Below are 14 writerapproved recommendations to help you find the perfect book for even your mostdifficulttobuyfor loved one Read More  Powells Staff Best Books of 2022 Fiction 1 comment Kelsey Ford 6 Haunting Native American Horror Books 1 comment 1 LOCOK 1 LOCOK LOCCancel 1 LOCOK LOCCancel PDX Hiking 365 A YearRound Guide to Hiking in Northwest Oregon and Southwest Washington by Matt Reeder Comment on this title Synopses  Reviews ISBN13 9780988912526 ISBN10 098891252X All Product Details View Larger Image View Larger Images 2195 New Trade Paperback Ships in 1 to 3 days Qty Store 1 Burnside 5 Cedar Hills 1 Hawthorne 17 Local Warehouse Synopses  Reviews Publisher Comments Where should we go this weekend Like most Portland hikers you want to go outside yearround rain or shine But most guidebooks tantalize you with places you can only access a few months a year PDX Hiking 365 breaks through the fog to provide you fantastic hikes all year long from January to December Organized by month 365 gives you ten great hikes for each month of the year from New Years Day to New Years Eve With PDX Hiking 365  you should be able to explore yearround for years to come About the Author Matt Reeder discovered his love of the outdoors at a young age and spent much of his childhood hiking and camping in the mountains east of Salem Although he moved to Illinois when he was in high school Oregons scenic beauty stayed with him eventually prompting him to move back to Oregon at age 24 He has spent the past four years hiking camping researching and writing Off the Beaten Trail  his first hiking guide He lives in Portland Oregon with his wife Wendy When not out on the trail Matt spends his time teaching French volunteering for the Mazamas and obsessing about music He can be identified on the trail by his St Louis Cardinals hat a sign of his great love for the 2011 World Series Champions What Our Readers Are Saying Be the first to share your thoughts on this title Product Details ISBN 9780988912526 Binding Trade Paperback Publication date 01262018 Publisher Ruddy Hill Press Pages 322 Height 72IN Width 600IN Author Matt Reeder 2195 New Trade Paperback Ships in 1 to 3 days Qty Store 1 Burnside 5 Cedar Hills 1 Hawthorne 17 Local Warehouse Receive an email when this ISBN is available used 1 LOCOK 1 LOCOK LOCCancel 1 LOCOK LOCCancel 1 LOCOK 1 LOCOK LOCCancel 1 LOCOK LOCCancel 1 LOCOK 1 LOCOK LOCCancel 1 LOCOK LOCCancel 1 LOCOK 1 LOCOK LOCCancel 1 LOCOK LOCCancel Help Guarantee My Account Careers About Us Security Wish List Partners Contact Us Shipping Transparency ACT MRF Sitemap  2022 POWELLSCOM Terms 1 LOCOK 1 LOCOK LOCCancel 1 LOCOK LOCCancel 1 LOCOK 1 LOCOK LOCCancel 1 LOCOK LOCCancel 1 LOCOK 1 LOCOK LOCCancel 1 LOCOK LOCCancel 1 LOCOK 1 LOCOK LOCCancel 1 LOCOK LOCCancel"}