{"Title": " The Undoing Project - Signed Edition ", "Author": "Michael Lewis", "Cover Page": "https://powells-covers-2.s3.amazonaws.com/9780393254594.jpg", "ISBN10": "0393254593  \n", "ISBN13": "9780393254594", "Page URL": "https://powells.com/book/the-undoing-project-9780393254594", "raw_text": "Undoing Project A Friendship That Changed Our Minds Michael Lewis Hardcover 9780393254594 Powells Books Cart   my account  wish list  help  8008787323 Hello\n Login MENU Browse New Arrivals Bestsellers Featured Preorders Award Winners Audio Books See All Subjects Used Staff Picks Staff Picks Picks of the Month Bookseller Displays 50 Books for 50 Years 25 Best 21st Century SciFi  Fantasy 25 PNW Books to Read Before You Die 25 Books From the 21st Century 25 Memoirs to Read Before You Die 25 Global Books to Read Before You Die 25 Women to Read Before You Die 25 Books to Read Before You Die Gifts Gift Cards  eGift Cards Powells Souvenirs Journals and Notebooks socks Games Sell Books Blog Events Find A Store Dont Miss BIG SALE 20 off sitewide Picks of the Season What Im Giving Great Gifts Under 25 Best Books of 2022 Powells Author Events Oregon Battle of the Books Audio Books Visit Our Stores Powells Books 14 Gift Ideas From 14 of Our Favorite Authors 0 comment Every year Powells reaches out to some of our favorite authors for some muchneeded giftgiving inspiration Below are 14 writerapproved recommendations to help you find the perfect book for even your mostdifficulttobuyfor loved one Read More  Powells Staff Best Books of 2022 Fiction 1 comment Kelsey Ford 6 Haunting Native American Horror Books 1 comment 1 LOCOK 1 LOCOK LOCCancel 1 LOCOK LOCCancel The Undoing Project  Signed Edition by Michael Lewis Comment on this title Synopses  Reviews ISBN13 9780393254594 ISBN10 0393254593 Condition Standard DustJacket Standard All Product Details View Larger Image View Larger Images 1295 List Price 3000 Used Hardcover Ships in 1 to 3 days Qty Store 1 Hawthorne From Powellscom Staff Pick Why do so many people base their decisions on intuition not data Michael Lewis looks at the findings of two Israeli psychologists Daniel Kahneman and Amos Tversky whose work on decision making and judgement showed repeatedly that humans are predisposed to irrationality A fascinating look at how and why we make the decisions we do Recommended By Mary Jo S Powellscom Synopses  Reviews Publisher Comments How a Nobel Prizewinning theory of the mind altered our perception of reality Forty years ago Israeli psychologists Daniel Kahneman and Amos Tversky wrote a series of breathtakingly original studies undoing our assumptions about the decisionmaking process Their papers showed the ways in which the human mind erred systematically when forced to make judgments in uncertain situations Their work created the field of behavioral economics revolutionized Big Data studies advanced evidencebased medicine led to a new approach to government regulation and made much of Michael Lewiss own work possible Kahneman and Tversky are more responsible than anybody for the powerful trend to mistrust human intuition and defer to algorithms The Undoing Project is about a compelling collaboration between two men who have the dimensions of great literary figures They became heroes in the university and on the battlefield  both had important careers in the Israeli military  and their research was deeply linked to their extraordinary life experiences Amos Tversky was a brilliant selfconfident warrior and extrovert the center of rapt attention in any room Kahneman a fugitive from the Nazis in his childhood was an introvert whose questing selfdoubt was the seedbed of his ideas They became one of the greatest partnerships in the history of science working together so closely that they couldnt remember whose brain originated which ideas or who should claim credit They flipped a coin to decide the lead authorship on the first paper they wrote and simply alternated thereafter This story about the workings of the human mind is explored through the personalities of two fascinating individuals so fundamentally different from each other that they seem unlikely friends or colleagues In the process they may well have changed for good mankinds view of its own mindtheir extraordinary life experiences In the process they may well have changed for good mankinds view of its own mind About the Author Michael Lewis is the bestselling author of Liars Poker  Moneyball  The Blind Side  and Flash Boys  He lives in Berkeley California with his wife and three children 5 1 What Our Readers Are Saying Share your thoughts on this title Average customer rating 5 1 comments  writermala  April 14 2017 view all comments by writermala This book is for the most part a treatise on Behavioral Psychology Behavioral Economics I would add though that a good bit of the book deals with the behaviour of Amos Tvesky and Daniel Kahneman and their relationship as coresearchers The author used this friendship to demonstrate how the human mind indulges in fallacious reasoning and I must confess that even as a Math student I fell for some of the traps I think the relationship between Danny and Amos added a degree of humanity to what could have otherwise been a dry subject As Danny pointed out it was as though we were sharing a mind It is we who benefited from this partnership as the subheading says it was a friendship that changed our minds Though Danny may have won the Nobel Prize it was Amos who charmed me with his pithy statements like the one on Artificial Intelligence  We study natural stupidity instead of artificial intelligence Was this comment helpful  Yes  No 0 of 1 readers found this comment helpful report this\ncomment Product Details ISBN 9780393254594 Binding Hardcover Publication date 12062016 Publisher W W Norton  Company Pages 368 LCCN False Author Michael Lewis Media Run Time B 1295 List Price 3000 Used Hardcover Ships in 1 to 3 days Qty Store 1 Hawthorne More copies of this ISBN New Hardcover Starting from 2395 Used Hardcover 1395 This title in other editions New Trade Paperback 1695 Used Trade Paperback Starting from 850 1 LOCOK 1 LOCOK LOCCancel 1 LOCOK LOCCancel 1 LOCOK 1 LOCOK LOCCancel 1 LOCOK LOCCancel 1 LOCOK 1 LOCOK LOCCancel 1 LOCOK LOCCancel 1 LOCOK 1 LOCOK LOCCancel 1 LOCOK LOCCancel Help Guarantee My Account Careers About Us Security Wish List Partners Contact Us Shipping Transparency ACT MRF Sitemap  2022 POWELLSCOM Terms 1 LOCOK 1 LOCOK LOCCancel 1 LOCOK LOCCancel 1 LOCOK 1 LOCOK LOCCancel 1 LOCOK LOCCancel 1 LOCOK 1 LOCOK LOCCancel 1 LOCOK LOCCancel 1 LOCOK 1 LOCOK LOCCancel 1 LOCOK LOCCancel"}