{"Title": " Feeding Littles & Beyond 100 Baby Led Weaning Friendly Recipes the Whole Family Will Love ", "Author": "Ali Maffucci, Megan McNamee, Judy Delaware", "Cover Page": "https://powells-covers-2.s3.amazonaws.com/9780593419243.jpg", "ISBN10": "0593419243  \n", "ISBN13": "9780593419243", "Page URL": "https://powells.com/book/feeding-littles-beyond-100-baby-led-weaning-friendly-recipes-the-whole-family-will-love-9780593419243", "raw_text": "Feeding Littles and Beyond 100 BabyLedWeaningFriendly Recipes the Whole Family Will Love Ali Maffucci and Megan McNamee and Judy Delaware Trade Paperback 9780593419243 Powells Books Cart   my account  wish list  help  8008787323 Hello\n Login MENU Browse New Arrivals Bestsellers Featured Preorders Award Winners Audio Books See All Subjects Used Staff Picks Staff Picks Picks of the Month Bookseller Displays 50 Books for 50 Years 25 Best 21st Century SciFi  Fantasy 25 PNW Books to Read Before You Die 25 Books From the 21st Century 25 Memoirs to Read Before You Die 25 Global Books to Read Before You Die 25 Women to Read Before You Die 25 Books to Read Before You Die Gifts Gift Cards  eGift Cards Powells Souvenirs Journals and Notebooks socks Games Sell Books Blog Events Find A Store Dont Miss BIG SALE 20 off sitewide Picks of the Season What Im Giving Great Gifts Under 25 Best Books of 2022 Powells Author Events Oregon Battle of the Books Audio Books Visit Our Stores Powells Books 14 Gift Ideas From 14 of Our Favorite Authors 0 comment Every year Powells reaches out to some of our favorite authors for some muchneeded giftgiving inspiration Below are 14 writerapproved recommendations to help you find the perfect book for even your mostdifficulttobuyfor loved one Read More  Powells Staff Best Books of 2022 Fiction 1 comment Kelsey Ford 6 Haunting Native American Horror Books 1 comment 1 LOCOK 1 LOCOK LOCCancel 1 LOCOK LOCCancel Feeding Littles  Beyond 100 Baby Led Weaning Friendly Recipes the Whole Family Will Love by Ali Maffucci Megan McNamee Judy Delaware Comment on this title Synopses  Reviews ISBN13 9780593419243 ISBN10 0593419243 All Product Details View Larger Image View Larger Images 2800 New Trade Paperback Ships in 1 to 3 days Qty Store 1 Burnside 2 Hawthorne 20 Local Warehouse Synopses  Reviews Synopsis An inspirational accessible family cookbook that offers everything a parent needs to bring joy and love back into the kitchen by the baby and toddler feeding experts behind Feeding Littles and the New York Times bestselling cookbook author of Inspiralized  When it was time to introduce solids to her firstborn Ali Maffucci didnt want to make baby food from scratch or buy expensive premade pur es Enter babyled weaning or babyled feedingand Megan McNamee and Judy Delaware the dietitianoccupational therapist duo behind preeminent parenting resource Feeding Littles which skips spoonfeeding altogether so babies can eat what the family eats As babies feed themselves they explore a variety of aromas shapes and colors while developing fine motor skills handeye coordination dexterity and healthy eating habits McNamee and Delaware also help their clients navigateor preventpicky eating at all ages and raise a generation of intuitive eaters who listen to their bodies and love a variety of food Now these powerhouse authors unite to provide a plan that will reduce stress and anxiety around mealtimes nourish your loved ones and satisfy everyones palate with fun easy nutritious recipes Maffucci Delaware and McNamee offer  strategies for babyled weaningfeeding as well as safety and other common parental concerns  how to mealprep in a way that works for your schedule  tips for dealing with challenges such as picky eaters and dining out  a oneofakind visual index for plating food that babies can feed to themselves  100 delicious recipes in categories including Morning Fuel with plenty of eggfree options Less Is More using five ingredients or less and Mostly Homemade no shame in using pantry staples   modifications for families with allergies  positive food language and how to promote body positivity  and much more With this book in hand mealtimes will be easier and more enjoyable for everyonefrom your sixmonthold to your picky toddler to the other kids and adults in the family As parents the authors know that getting food on the table is hard enough so whether youre making a fiveminute grilled cheese or pumpkin waffles its time to start celebrating every bite What Our Readers Are Saying Be the first to share your thoughts on this title Product Details ISBN 9780593419243 Binding Trade Paperback Publication date 08302022 Publisher AVERY PUBLISHING GROUP Pages 320 Height 60IN Width 800IN Illustration Yes Author Ali Maffucci Author Judy Delaware Author Megan McNamee 2800 New Trade Paperback Ships in 1 to 3 days Qty Store 1 Burnside 2 Hawthorne 20 Local Warehouse Receive an email when this ISBN is available used 1 LOCOK 1 LOCOK LOCCancel 1 LOCOK LOCCancel 1 LOCOK 1 LOCOK LOCCancel 1 LOCOK LOCCancel 1 LOCOK 1 LOCOK LOCCancel 1 LOCOK LOCCancel 1 LOCOK 1 LOCOK LOCCancel 1 LOCOK LOCCancel Help Guarantee My Account Careers About Us Security Wish List Partners Contact Us Shipping Transparency ACT MRF Sitemap  2022 POWELLSCOM Terms 1 LOCOK 1 LOCOK LOCCancel 1 LOCOK LOCCancel 1 LOCOK 1 LOCOK LOCCancel 1 LOCOK LOCCancel 1 LOCOK 1 LOCOK LOCCancel 1 LOCOK LOCCancel 1 LOCOK 1 LOCOK LOCCancel 1 LOCOK LOCCancel"}