{"Title": " The Navajo Language ", "Author": "Robert W. Young", "Cover Page": "/Portals/0/Images/NoImageAvailable.gif", "ISBN10": "0826310141  \n", "ISBN13": "9780826310149", "Page URL": "https://powells.com/book/the-navajo-language-9780826310149", "raw_text": "Navajo Language Robert W Young Hardcover 9780826310149 Powells Books Cart   my account  wish list  help  8008787323 Hello\n Login MENU Browse New Arrivals Bestsellers Featured Preorders Award Winners Audio Books See All Subjects Used Staff Picks Staff Picks Picks of the Month Bookseller Displays 50 Books for 50 Years 25 Best 21st Century SciFi  Fantasy 25 PNW Books to Read Before You Die 25 Books From the 21st Century 25 Memoirs to Read Before You Die 25 Global Books to Read Before You Die 25 Women to Read Before You Die 25 Books to Read Before You Die Gifts Gift Cards  eGift Cards Powells Souvenirs Journals and Notebooks socks Games Sell Books Blog Events Find A Store Dont Miss BIG SALE 20 off sitewide Picks of the Season What Im Giving Great Gifts Under 25 Best Books of 2022 Powells Author Events Oregon Battle of the Books Audio Books Visit Our Stores Powells Books 14 Gift Ideas From 14 of Our Favorite Authors 0 comment Every year Powells reaches out to some of our favorite authors for some muchneeded giftgiving inspiration Below are 14 writerapproved recommendations to help you find the perfect book for even your mostdifficulttobuyfor loved one Read More  Powells Staff Best Books of 2022 Fiction 1 comment Kelsey Ford 6 Haunting Native American Horror Books 1 comment 1 LOCOK 1 LOCOK LOCCancel 1 LOCOK LOCCancel The Navajo Language by Robert W Young Comment on this title Synopses  Reviews ISBN13 9780826310149 ISBN10 0826310141 All Product Details View Larger Image View Larger Images 16667 New Hardcover Available at a Remote Warehouse Ships separately from other items Additional shipping charges may apply Not available for In Store Pickup More Info Qty Store 20 Remote Warehouse Synopses  Reviews Publisher Comments First published in 1980 this volume is the definitive dictionary and linguistic analysis of the Navajo language In this revised edition the entire grammatical section has been rewritten to include a wide range of linguistic information that will establish a foundation for future work in Navajo Robert Young and William Morgan have made it possible to educate communicate inform and entertain through the written Navajo languageNavajo Tribal Council  The Navajo Language  is a unique contribution to American Indian linguistics and lexicography It is a reference work of the highest quality a book that is a rich resource for Navajo speakers people learning to speak Navajo and scholars interested in Navajo and Athabaskan linguistics International Journal of American Linguistics Synopsis This definitive dictionary and linguistic resource by Robert Young is once again available About the Author Robert W Young 19122007 was professor emeritus of linguistics at the University of New Mexico He was a foremost Navajo language expert and author of several Navajo language books Navajo scholar William Morgan was honored in July 1996 along with Robert Young by the Navajo Nation Council for their work on the Navajo language What Our Readers Are Saying Be the first to share your thoughts on this title Product Details ISBN 9780826310149 Binding Hardcover Publication date 09012009 Publisher University of New Mexico Press Language English Pages 1069 Height 11 in Width 85 in Number of Units 1 Copyright Year 2009 Series Volume 59 Author Robert W Young Author R W Young Author Robert W Young Author William Morgan Author Robert WYoung Subject Navajo language  English Subject American Indians Subject Navajo language Subject Navajo language  Grammar Subject English Subject English language Subject English language  Dictionaries  Navajo Subject Foreign LanguagesNative American 16667 New Hardcover Available at a Remote Warehouse Ships separately from other items Additional shipping charges may apply Not available for In Store Pickup More Info Qty Store 20 Remote Warehouse Receive an email when this ISBN is available used 1 LOCOK 1 LOCOK LOCCancel 1 LOCOK LOCCancel 1 LOCOK 1 LOCOK LOCCancel 1 LOCOK LOCCancel 1 LOCOK 1 LOCOK LOCCancel 1 LOCOK LOCCancel 1 LOCOK 1 LOCOK LOCCancel 1 LOCOK LOCCancel Help Guarantee My Account Careers About Us Security Wish List Partners Contact Us Shipping Transparency ACT MRF Sitemap  2022 POWELLSCOM Terms 1 LOCOK 1 LOCOK LOCCancel 1 LOCOK LOCCancel 1 LOCOK 1 LOCOK LOCCancel 1 LOCOK LOCCancel 1 LOCOK 1 LOCOK LOCCancel 1 LOCOK LOCCancel 1 LOCOK 1 LOCOK LOCCancel 1 LOCOK LOCCancel"}