{"Title": " Modern Comfort Food: A Barefoot Contessa Cookbook ", "Author": "Ina Garten", "Cover Page": "https://powells-covers-2.s3.amazonaws.com/9780804187060.jpg", "ISBN10": "0804187061  \n", "ISBN13": "9780804187060", "Page URL": "https://powells.com/book/-9780804187060", "raw_text": "Modern Comfort Food Ina Garten Hardcover 9780804187060 Powells Books Cart   my account  wish list  help  8008787323 Hello\n Login MENU Browse New Arrivals Bestsellers Featured Preorders Award Winners Audio Books See All Subjects Used Staff Picks Staff Picks Picks of the Month Bookseller Displays 50 Books for 50 Years 25 Best 21st Century SciFi  Fantasy 25 PNW Books to Read Before You Die 25 Books From the 21st Century 25 Memoirs to Read Before You Die 25 Global Books to Read Before You Die 25 Women to Read Before You Die 25 Books to Read Before You Die Gifts Gift Cards  eGift Cards Powells Souvenirs Journals and Notebooks socks Games Sell Books Blog Events Find A Store Dont Miss BIG SALE 20 off sitewide Picks of the Season What Im Giving Great Gifts Under 25 Best Books of 2022 Powells Author Events Oregon Battle of the Books Audio Books Visit Our Stores Powells Books 14 Gift Ideas From 14 of Our Favorite Authors 0 comment Every year Powells reaches out to some of our favorite authors for some muchneeded giftgiving inspiration Below are 14 writerapproved recommendations to help you find the perfect book for even your mostdifficulttobuyfor loved one Read More  Powells Staff Best Books of 2022 Fiction 1 comment Kelsey Ford 6 Haunting Native American Horror Books 1 comment 1 LOCOK 1 LOCOK LOCCancel 1 LOCOK LOCCancel Modern Comfort Food A Barefoot Contessa Cookbook by Ina Garten Comment on this title Synopses  Reviews ISBN13 9780804187060 ISBN10 0804187061 Condition Standard DustJacket Standard All Product Details View Larger Image View Larger Images 2400 List Price 3500 Used Hardcover Ships in 1 to 3 days Qty Store 3 Burnside Synopses  Reviews Publisher Comments A new collection of soulsatisfying dishes from Americas favorite home cook In Modern Comfort Food  Ina Garten shares 85 new recipes that will feed your deepest cravings Many of these dishes are inspired by childhood favorites  but with the volume turned way up such as Cheddar and Chutney Grilled Cheese sandwiches the perfect match for Inas Creamy Tomato Bisque Smashed Hamburgers with Caramelized Onions and the crispiest hash browns that are actually made in a waffle iron Oldfashioned crowd pleasers like Roasted Sausages Peppers and Onions are even more delicious and streamlined for quick cleanup For dessert Youll find the best Boston Cream Pie Banana Rum Trifle and Black and White Cookies youll ever make Home cooks can always count on Inas dependable easytofollow instructions with lots of side notes for cooking and entertaining  its like having Ina right there beside you helping you all the way From cocktails to dessert from special weekend breakfasts to quick weeknight dinners youll find yourself making these cozy and delicious recipes over and over again Review Bold innovative recipes make this book truly thrilling The New York Times About the Author Ina Garten is a New York Times bestselling author and the host of Barefoot Contessa on Food Network for which she has won four Emmy Awards and a James Beard Award She lives in East Hampton New York with her husband Jeffrey 4 1 What Our Readers Are Saying Share your thoughts on this title Average customer rating 4 1 comments  Becky Sue  November 10 2020 view all comments by Becky Sue After an exhausting year of cooking every single meal at home the simplicity of the recipes in Inas Modern Comfort Food has revitalized my interest in easy cooking again The recipes are approachable with minimal ingredients which is exactly what so many of us need in 2020 Ive already got a number of recipes marked and cant wait to get cooking\nIve received a free copy from Clarkson Potter in exchange for a free and unbiased review Was this comment helpful  Yes  No 3 of 3 readers found this comment helpful report this\ncomment Product Details ISBN 9780804187060 Binding Hardcover Publication date 10062020 Publisher PENGUIN RANDOM HOUSE Pages 256 Height 90IN Width 780IN Illustration Yes Author Ina Garten 2400 List Price 3500 Used Hardcover Ships in 1 to 3 days Qty Store 3 Burnside More copies of this ISBN New Hardcover 3500 1 LOCOK 1 LOCOK LOCCancel 1 LOCOK LOCCancel 1 LOCOK 1 LOCOK LOCCancel 1 LOCOK LOCCancel 1 LOCOK 1 LOCOK LOCCancel 1 LOCOK LOCCancel 1 LOCOK 1 LOCOK LOCCancel 1 LOCOK LOCCancel Help Guarantee My Account Careers About Us Security Wish List Partners Contact Us Shipping Transparency ACT MRF Sitemap  2022 POWELLSCOM Terms 1 LOCOK 1 LOCOK LOCCancel 1 LOCOK LOCCancel 1 LOCOK 1 LOCOK LOCCancel 1 LOCOK LOCCancel 1 LOCOK 1 LOCOK LOCCancel 1 LOCOK LOCCancel 1 LOCOK 1 LOCOK LOCCancel 1 LOCOK LOCCancel"}