{"Title": " A Raisin in the Sun ", "Author": "Lorraine Hansberry", "Cover Page": "/Portals/0/Images/NoImageAvailable.gif", "ISBN10": "0679601724  \n", "ISBN13": "9780679601722", "Page URL": "https://www.powells.com/book/a-raisin-in-the-sun-9780679601722/61-0", "raw_text": "Raisin In The Sun Lorraine Hansberry Hardcover 9780679601722 Powells Books Cart   my account  wish list  help  8008787323 Hello\n Login MENU Browse New Arrivals Bestsellers Featured Preorders Award Winners Audio Books See All Subjects Used Staff Picks Staff Picks Picks of the Month Bookseller Displays 50 Books for 50 Years 25 Best 21st Century SciFi  Fantasy 25 PNW Books to Read Before You Die 25 Books From the 21st Century 25 Memoirs to Read Before You Die 25 Global Books to Read Before You Die 25 Women to Read Before You Die 25 Books to Read Before You Die Gifts Gift Cards  eGift Cards Powells Souvenirs Journals and Notebooks socks Games Sell Books Blog Events Find A Store Dont Miss BIG SALE 20 off sitewide Picks of the Season What Im Giving Great Gifts Under 25 Best Books of 2022 Powells Author Events Oregon Battle of the Books Audio Books Visit Our Stores Powells Books 14 Gift Ideas From 14 of Our Favorite Authors 0 comment Every year Powells reaches out to some of our favorite authors for some muchneeded giftgiving inspiration Below are 14 writerapproved recommendations to help you find the perfect book for even your mostdifficulttobuyfor loved one Read More  Powells Staff Best Books of 2022 Fiction 1 comment Kelsey Ford 6 Haunting Native American Horror Books 1 comment 1 LOCOK 1 LOCOK LOCCancel 1 LOCOK LOCCancel A Raisin in the Sun by Lorraine Hansberry Comment on this title Read an Excerpt ISBN13 9780679601722 ISBN10 0679601724 All Product Details View Larger Image View Larger Images 1800 New Hardcover Available at a Remote Warehouse Ships separately from other items Additional shipping charges may apply Not available for In Store Pickup More Info Qty Store 20 Remote Warehouse What Our Readers Are Saying Be the first to share your thoughts on this title Product Details ISBN 9780679601722 Binding Hardcover Publication date 08221995 Publisher Modern Library Series info Modern Library Hardcover Language English Pages 176 Height 70IN Width 494IN Thickness 75 LCCN 95016074 Series Modern Library Hardcover Number of Units 1 Copyright Year 1995 Series Volume 237 UPC Code 2800679601724 Author Robert Nemiroff Author Lorraine Hansberry Author Robert INT Nemiroff Author Lorraine Hansberry Subject African Americans Subject African American families Subject African Americans  History  20th century Subject Domestic drama Subject General Fiction Subject 20th century Subject History Subject Afroamericans Subject DramaAmerican Anthology Subject American drama dramatic works by one author Subject AfroAmerican families  Drama 1800 New Hardcover Available at a Remote Warehouse Ships separately from other items Additional shipping charges may apply Not available for In Store Pickup More Info Qty Store 20 Remote Warehouse Receive an email when this ISBN is available used This title in other editions New Other 2035 New Trade Paperback 895 Used Trade Paperback Starting from 350 1 LOCOK 1 LOCOK LOCCancel 1 LOCOK LOCCancel 1 LOCOK 1 LOCOK LOCCancel 1 LOCOK LOCCancel 1 LOCOK 1 LOCOK LOCCancel 1 LOCOK LOCCancel 1 LOCOK 1 LOCOK LOCCancel 1 LOCOK LOCCancel Help Guarantee My Account Careers About Us Security Wish List Partners Contact Us Shipping Transparency ACT MRF Sitemap  2022 POWELLSCOM Terms 1 LOCOK 1 LOCOK LOCCancel 1 LOCOK LOCCancel 1 LOCOK 1 LOCOK LOCCancel 1 LOCOK LOCCancel 1 LOCOK 1 LOCOK LOCCancel 1 LOCOK LOCCancel 1 LOCOK 1 LOCOK LOCCancel 1 LOCOK LOCCancel"}