{"Title": " Lapvona\u00a0- Large Print Edition ", "Author": "Ottessa Moshfegh", "Cover Page": "https://powells-covers-2.s3.amazonaws.com/9780593607701.jpg", "ISBN10": "0593607708  \n", "ISBN13": "9780593607701", "Page URL": "https://powells.com/book/lapvona-large-print-edition-9780593607701", "raw_text": "Lapvona Ottessa Moshfegh Trade Paperback 9780593607701 Powells Books Cart   my account  wish list  help  8008787323 Hello\n Login MENU Browse New Arrivals Bestsellers Featured Preorders Award Winners Audio Books See All Subjects Used Staff Picks Staff Picks Picks of the Month Bookseller Displays 50 Books for 50 Years 25 Best 21st Century SciFi  Fantasy 25 PNW Books to Read Before You Die 25 Books From the 21st Century 25 Memoirs to Read Before You Die 25 Global Books to Read Before You Die 25 Women to Read Before You Die 25 Books to Read Before You Die Gifts Gift Cards  eGift Cards Powells Souvenirs Journals and Notebooks socks Games Sell Books Blog Events Find A Store Dont Miss BIG SALE 20 off sitewide Picks of the Season What Im Giving Great Gifts Under 25 Best Books of 2022 Powells Author Events Oregon Battle of the Books Audio Books Visit Our Stores Powells Books 14 Gift Ideas From 14 of Our Favorite Authors 0 comment Every year Powells reaches out to some of our favorite authors for some muchneeded giftgiving inspiration Below are 14 writerapproved recommendations to help you find the perfect book for even your mostdifficulttobuyfor loved one Read More  Powells Staff Best Books of 2022 Fiction 1 comment Kelsey Ford 6 Haunting Native American Horror Books 1 comment 1 LOCOK 1 LOCOK LOCCancel 1 LOCOK LOCCancel Lapvona\u00a0 Large Print Edition by Ottessa Moshfegh Comment on this title Synopses  Reviews ISBN13 9780593607701 ISBN10 0593607708 All Product Details View Larger Image View Larger Images 2900 New Trade Paperback Ships in 1 to 3 days Qty Store 18 Local Warehouse Synopses  Reviews Synopsis NAMED A MOST ANTICIPATED BOOK OF 2022 BY The Millions Harpers Bazaar New York Magazine LitHub AV Club and more In a village in a medieval fiefdom buffeted by natural disasters a motherless shepherd boy finds himself the unlikely pivot of a power struggle that puts all manner of faith to a savage test in a spellbinding novel that represents Ottessa Moshfeghs most exciting leap yet Little Marek the abused and delusional son of the village shepherd never knew his mother his father told him she died in childbirth One of lifes few consolations for Marek is his enduring bond with the blind village midwife Ina who suckled him when he was a baby as she did so many of the villages children Inas gifts extend beyond childcare she possesses a unique ability to communicate with the natural world Her gift often brings her the transmission of sacred knowledge on levels far beyond those available to other villagers however religious they might be For some people Inas home in the woods outside of the village is a place to fear and to avoid a godless place Among their number is Father Barnabas the town priest and lackey for the depraved lord and governor Villiam whose hilltop manor contains a secret embarrassment of riches The peoples desperate need to believe that there are powers that be who have their best interests at heart is put to a cruel test by Villiam and the priest especially in this year of record drought and famine But when fate brings Marek into violent proximity to the lords family new and occult forces upset the old order By years end the veil between blindness and sight life and death the natural world and the spirit world will prove to be very thin indeed Synopsis  Lapvona flips all the conventions of familial and parental relations putting hatred where love should be or a negotiation where grief should be    Through a mix of witchery deception murder abuse grand delusion ludicrous conversations and cringeworthy moments of bodily disgust Moshfegh creates a world that you definitely dont want to live in but from which you cant look away  The Atlantic In a village in a medieval fiefdom buffeted by natural disasters a motherless shepherd boy finds himself the unlikely pivot of a power struggle that puts all manner of faith to a savage test in a spellbinding novel that represents Ottessa Moshfeghs most exciting leap yet Little Marek the abused and delusional son of the village shepherd never knew his mother his father told him she died in childbirth One of lifes few consolations for Marek is his enduring bond with the blind village midwife Ina who suckled him when he was a baby as she did so many of the villages children Inas gifts extend beyond childcare she possesses a unique ability to communicate with the natural world Her gift often brings her the transmission of sacred knowledge on levels far beyond those available to other villagers however religious they might be For some people Inas home in the woods outside of the village is a place to fear and to avoid a godless place Among their number is Father Barnabas the town priest and lackey for the depraved lord and governor Villiam whose hilltop manor contains a secret embarrassment of riches The peoples desperate need to believe that there are powers that be who have their best interests at heart is put to a cruel test by Villiam and the priest especially in this year of record drought and famine But when fate brings Marek into violent proximity to the lords family new and occult forces upset the old order By years end the veil between blindness and sight life and death the natural world and the spirit world will prove to be very thin indeed What Our Readers Are Saying Be the first to share your thoughts on this title Product Details ISBN 9780593607701 Binding Trade Paperback Publication date 07052022 Publisher Random House Large Print Publishing Pages 368 Height 120IN Width 610IN Large print Yes Author Ottessa Moshfegh 2900 New Trade Paperback Ships in 1 to 3 days Qty Store 18 Local Warehouse Receive an email when this ISBN is available used 1 LOCOK 1 LOCOK LOCCancel 1 LOCOK LOCCancel 1 LOCOK 1 LOCOK LOCCancel 1 LOCOK LOCCancel 1 LOCOK 1 LOCOK LOCCancel 1 LOCOK LOCCancel 1 LOCOK 1 LOCOK LOCCancel 1 LOCOK LOCCancel Help Guarantee My Account Careers About Us Security Wish List Partners Contact Us Shipping Transparency ACT MRF Sitemap  2022 POWELLSCOM Terms 1 LOCOK 1 LOCOK LOCCancel 1 LOCOK LOCCancel 1 LOCOK 1 LOCOK LOCCancel 1 LOCOK LOCCancel 1 LOCOK 1 LOCOK LOCCancel 1 LOCOK LOCCancel 1 LOCOK 1 LOCOK LOCCancel 1 LOCOK LOCCancel"}