{"Title": " Assassins Apprentice Farseer 1 ", "Author": "Robin Hobb", "Cover Page": "https://powells-covers-2.s3.amazonaws.com/9780553573398.jpg", "ISBN10": "055357339X  \n", "ISBN13": "9780553573398", "Page URL": "https://powells.com/book/-9780553573398", "raw_text": "Assassins Apprentice Farseer 1 Robin Hobb Mass Market 9780553573398 Powells Books Cart   my account  wish list  help  8008787323 Hello\n Login MENU Browse New Arrivals Bestsellers Featured Preorders Award Winners Audio Books See All Subjects Used Staff Picks Staff Picks Picks of the Month Bookseller Displays 50 Books for 50 Years 25 Best 21st Century SciFi  Fantasy 25 PNW Books to Read Before You Die 25 Books From the 21st Century 25 Memoirs to Read Before You Die 25 Global Books to Read Before You Die 25 Women to Read Before You Die 25 Books to Read Before You Die Gifts Gift Cards  eGift Cards Powells Souvenirs Journals and Notebooks socks Games Sell Books Blog Events Find A Store Dont Miss BIG SALE 20 off sitewide Picks of the Season What Im Giving Great Gifts Under 25 Best Books of 2022 Powells Author Events Oregon Battle of the Books Audio Books Visit Our Stores Powells Books 14 Gift Ideas From 14 of Our Favorite Authors 0 comment Every year Powells reaches out to some of our favorite authors for some muchneeded giftgiving inspiration Below are 14 writerapproved recommendations to help you find the perfect book for even your mostdifficulttobuyfor loved one Read More  Powells Staff Best Books of 2022 Fiction 1 comment Kelsey Ford 6 Haunting Native American Horror Books 1 comment 1 LOCOK 1 LOCOK LOCCancel 1 LOCOK LOCCancel Assassins Apprentice Farseer 1 by Robin Hobb Comment on this title Synopses  Reviews ISBN13 9780553573398 ISBN10 055357339X Condition Standard All Product Details View Larger Image View Larger Images 550 List Price 899 Used Mass Market Ships in 1 to 3 days Qty Store 1 Cedar Hills Synopses  Reviews Publisher Comments Young Fitz is the bastard son of the noble Prince Chivalry raised in the shadow of the royal court by his fathers gruff stableman He is treated like an outcast by all the royalty except the devious King Shrewd who has him secretly tutored in the arts of the assassin For in Fitzs blood runs the magic Skill  and the darker knowledge of a child raised with the stable hounds and rejected by his family As barbarous raiders ravage the coasts Fitz is growing to manhood Soon he will face his first dangerous soulshattering mission And though some regard him as a threat to the throne he may just be the key to the survival of the kingdom Review A gleaming debut in the crowded field of epic fantasiesa delightful take on the powers and politics behind the throne Publishers Weekly Review This is the kind of book you fall into and start reading slower as you get to the end because you dont want it to be over Steven Brust About the Author Robin Hobb is the author of the Farseer trilogy and the Liveship Traders trilogy She has also written several novels as Megan Lindholm She is a native of Washington State and is at work on Book 2 of the Tawny Man 45 4 What Our Readers Are Saying Share your thoughts on this title Average customer rating 45 4 comments  Lia M in Santa Cruz  November 09 2014 view all comments by Lia M in Santa Cruz There are now seven books featuring the firstperson narrator of this book and I would give any of them five stars I read them straight through then did something I havent done in decades I immediately started reading the books again The characters are so vivid and their relationships so compelling that I just could not let go of them Even on second reading I am hooked to the point that I give the books all of my free time Hobb tells the story with great skill and delicacy focusing on unusual relationships In the Farseer trilogy of which this is the first she creates an intense bond that leaves the reader rooting for the evolving relationship of a young man and a wolf This is the perfect series for anyone who love animals The Tawny Man trilogy which picks up the story 15 years later repeatedly choked me up with its portrayal of bonds beyond friendship There is a romantic interest in the books too but it is secondary to other forms of love and loyalty There is plenty of action and certainly much originality in the plot but its the relationships that make the story for me Hobb has made me care very deeply for these characters and I recommend this trilogy and the four eventually to be six following books unreservedly Was this comment helpful  Yes  No 2 of 3 readers found this comment helpful report this\ncomment  crowyhead  November 09 2011 view all comments by crowyhead This was a good straightup fantasy novel The characters were fascinating and it kept me turning the pages There is nothing particularly special about it except the fact that its consistently engrossing and a lot of fun which is pretty special already In addition to being a good read for adults this would also be great for teens who are fans of Tamora Pierce  theres a lot of her easy worldbuilding sensibility here The characters are in a lot of ways darker and more complex but I think Pierces fans would find a lot here to like Was this comment helpful  Yes  No 1 of 2 readers found this comment helpful report this\ncomment  heymaggie503  September 20 2011 Well thought out and unique plot The characters are real and the plots of intrigue make it a good read regardless of whether you like fantasy Was this comment helpful  Yes  No 1 of 2 readers found this comment helpful report this\ncomment  waitingtoleave  February 11 2007 view all comments by waitingtoleave Assassins Apprentice is the first in the Farseer Trilogy by Robin Hobb The thing I find most interesting about this series is the custom of the royal family of naming their children for the virtues they would like to see develop thus the kingdom is ruled by Shrewd and the princes are his sons Chivalry Verity and Regal The main character is thus named FitzChivalry or Chivalrys bastard An altogether fascinating read with many fantastical new offerings for the sometimesmundane world of fantasy Was this comment helpful  Yes  No 14 of 27 readers found this comment helpful report this\ncomment View all 4 comments Product Details ISBN 9780553573398 Binding Mass Market Publication date 03011996 Publisher PENGUIN RANDOM HOUSE Series info Farseer Paperback Pages 448 Height 101IN Width 396IN Thickness 100 Series Farseer 01 Series Number 1 Number of Units 1 Copyright Year 1996 UPC Code 2800553573390 Author Robin Hobb Author Robin Hobb Subject Assassins Subject Science Fiction and FantasyFantasyEpic Subject Fiction Subject Fantasy Subject Fantastic fiction Subject Fantasy fiction 550 List Price 899 Used Mass Market Ships in 1 to 3 days Qty Store 1 Cedar Hills More copies of this ISBN New Mass Market 799 Used Mass Market Starting from 395 1 LOCOK 1 LOCOK LOCCancel 1 LOCOK LOCCancel 1 LOCOK 1 LOCOK LOCCancel 1 LOCOK LOCCancel 1 LOCOK 1 LOCOK LOCCancel 1 LOCOK LOCCancel 1 LOCOK 1 LOCOK LOCCancel 1 LOCOK LOCCancel Help Guarantee My Account Careers About Us Security Wish List Partners Contact Us Shipping Transparency ACT MRF Sitemap  2022 POWELLSCOM Terms 1 LOCOK 1 LOCOK LOCCancel 1 LOCOK LOCCancel 1 LOCOK 1 LOCOK LOCCancel 1 LOCOK LOCCancel 1 LOCOK 1 LOCOK LOCCancel 1 LOCOK LOCCancel 1 LOCOK 1 LOCOK LOCCancel 1 LOCOK LOCCancel"}