{"Title": " Hiking Hot Springs in the Pacific Northwest (5th Edition) ", "Author": "Evie Litton", "Cover Page": "https://covers.powells.com/9780762783700.jpg", "ISBN10": "0762783702  \n", "ISBN13": "9780762783700", "Page URL": "https://powells.com/book/hiking-hot-springs-in-the-pacific-northwest-5th-edition-9780762783700", "raw_text": "Hiking Hot Springs in the Pacific Northwest 5th Edition Evie Litton Trade Paperback 9780762783700 Powells Books Cart   my account  wish list  help  8008787323 Hello\n Login MENU Browse New Arrivals Bestsellers Featured Preorders Award Winners Audio Books See All Subjects Used Staff Picks Staff Picks Picks of the Month Bookseller Displays 50 Books for 50 Years 25 Best 21st Century SciFi  Fantasy 25 PNW Books to Read Before You Die 25 Books From the 21st Century 25 Memoirs to Read Before You Die 25 Global Books to Read Before You Die 25 Women to Read Before You Die 25 Books to Read Before You Die Gifts Gift Cards  eGift Cards Powells Souvenirs Journals and Notebooks socks Games Sell Books Blog Events Find A Store Dont Miss BIG SALE 20 off sitewide Picks of the Season What Im Giving Great Gifts Under 25 Best Books of 2022 Powells Author Events Oregon Battle of the Books Audio Books Visit Our Stores Powells Books 14 Gift Ideas From 14 of Our Favorite Authors 0 comment Every year Powells reaches out to some of our favorite authors for some muchneeded giftgiving inspiration Below are 14 writerapproved recommendations to help you find the perfect book for even your mostdifficulttobuyfor loved one Read More  Powells Staff Best Books of 2022 Fiction 1 comment Kelsey Ford 6 Haunting Native American Horror Books 1 comment 1 LOCOK 1 LOCOK LOCCancel 1 LOCOK LOCCancel Hiking Hot Springs in the Pacific Northwest 5th Edition by Evie Litton Comment on this title Synopses  Reviews ISBN13 9780762783700 ISBN10 0762783702 Condition Standard All Product Details View Larger Image View Larger Images 1750 List Price 2495 Used Trade Paperback Ships in 1 to 3 days Qty Store 1 Burnside 1 Hawthorne Synopses  Reviews Publisher Comments Descriptions of more than 80 scenic hikes to or starting at more than 140 hot springs in Idaho Washington Oregon and British Columbia About the Author Evie Litton broke loose from a 15year career as a technical illustrator to hit the road in 1983 She happily traded her civilized life for a camperized van she now calls home and has been busy exploring the backcountry to find out what secrets lie around the next bend Sally Jackson is from New Zealand where she is a park ranger However she has traveled extensively and has visited over 280 hot springs in North America including 126 that are in this book She is currently working on the 4th edition of her book Hot Springs of New Zealand  What Our Readers Are Saying Be the first to share your thoughts on this title Product Details ISBN 9780762783700 Binding Trade Paperback Publication date 08152014 Publisher MOUNTAINEERS BOOKS Series info Regional Hiking Pages 368 Height 80IN Width 590IN Thickness 75 Author Sally Jackson Author Evie Litton Subject TravelUS Western States 1750 List Price 2495 Used Trade Paperback Ships in 1 to 3 days Qty Store 1 Burnside 1 Hawthorne More copies of this ISBN New Trade Paperback 2495 1 LOCOK 1 LOCOK LOCCancel 1 LOCOK LOCCancel 1 LOCOK 1 LOCOK LOCCancel 1 LOCOK LOCCancel 1 LOCOK 1 LOCOK LOCCancel 1 LOCOK LOCCancel 1 LOCOK 1 LOCOK LOCCancel 1 LOCOK LOCCancel Help Guarantee My Account Careers About Us Security Wish List Partners Contact Us Shipping Transparency ACT MRF Sitemap  2022 POWELLSCOM Terms 1 LOCOK 1 LOCOK LOCCancel 1 LOCOK LOCCancel 1 LOCOK 1 LOCOK LOCCancel 1 LOCOK LOCCancel 1 LOCOK 1 LOCOK LOCCancel 1 LOCOK LOCCancel 1 LOCOK 1 LOCOK LOCCancel 1 LOCOK LOCCancel"}