{"Title": " Tis Pity Shes a Whore ", "Author": "John Ford", "Cover Page": "https://powells-covers-2.s3.amazonaws.com/9780719043598.jpg", "ISBN10": "071904359X  \n", "ISBN13": "9780719043598", "Page URL": "https://powells.com/book/tis-pity-shes-a-whore-9780719043598", "raw_text": "Tis Pity Shes A Whore John Ford Mass Market 9780719043598 Powells Books Cart   my account  wish list  help  8008787323 Hello\n Login MENU Browse New Arrivals Bestsellers Featured Preorders Award Winners Audio Books See All Subjects Used Staff Picks Staff Picks Picks of the Month Bookseller Displays 50 Books for 50 Years 25 Best 21st Century SciFi  Fantasy 25 PNW Books to Read Before You Die 25 Books From the 21st Century 25 Memoirs to Read Before You Die 25 Global Books to Read Before You Die 25 Women to Read Before You Die 25 Books to Read Before You Die Gifts Gift Cards  eGift Cards Powells Souvenirs Journals and Notebooks socks Games Sell Books Blog Events Find A Store Dont Miss BIG SALE 20 off sitewide Picks of the Season What Im Giving Great Gifts Under 25 Best Books of 2022 Powells Author Events Oregon Battle of the Books Audio Books Visit Our Stores Powells Books 14 Gift Ideas From 14 of Our Favorite Authors 0 comment Every year Powells reaches out to some of our favorite authors for some muchneeded giftgiving inspiration Below are 14 writerapproved recommendations to help you find the perfect book for even your mostdifficulttobuyfor loved one Read More  Powells Staff Best Books of 2022 Fiction 1 comment Kelsey Ford 6 Haunting Native American Horror Books 1 comment 1 LOCOK 1 LOCOK LOCCancel 1 LOCOK LOCCancel Tis Pity Shes a Whore by John Ford Comment on this title Synopses  Reviews ISBN13 9780719043598 ISBN10 071904359X Condition Standard All Product Details View Larger Image View Larger Images 450 List Price 995 Used Mass Market Ships in 1 to 3 days Qty Store 2 Local Warehouse Synopses  Reviews Publisher Comments John Fords tragedy first printed in 1633 is the first major English play to take as its theme a subject still rarely handled fulfilled incest between brother and sister It is one of the most studied and performed of all plays of the period and has been successfully adapted for film and radio The Revels plays edition by Derek Roper has been the standard scholarly edition since it appeared in 1975 This new edition uses the same authoritative text but with notes designed for modern undergraduate use The substantial introduction has been completely rewritten to take account of the studies and new approaches of the last twenty years it presents the play as an interrogative text in which subversive meanings are inscribed within an apparently orthodox narrative as a courageous treatment of forbidden love and as an achieved work of Baroque art 4 1 What Our Readers Are Saying Share your thoughts on this title Average customer rating 4 1 comments  twinkle18  April 25 2006 A play which focuses on a topic which is still seen as taboo today incest The main plot of the play distracts your attention from the many other sub  plots all of which are tales of revenge that stem from the main theme of love and marriage and end in death You certainly need to read to the end as it it keeps you interested all the way through and comes to an exciting climax Definitely one to read even if its just to see what people at this time thought of such immoral acts Was this comment helpful  Yes  No 8 of 10 readers found this comment helpful report this\ncomment Product Details ISBN 9780719043598 Binding Mass Market Publication date 04011997 Publisher ST MARTINS PRESS Series info Revels Student Editions Pages 144 Height 50IN Width 500IN Thickness 455 in Series Revels Student Editions Number of Units 1 Copyright Year 1997 Series Volume no 6 Author John Ford Editor Derek Roper Author Derek Roper Author Roper Subject LIT013000 Subject British and irish Subject General Drama Subject British and irish drama dramatic works by on Subject DramaWomen and Ethnic Subject Tragedies 450 List Price 995 Used Mass Market Ships in 1 to 3 days Qty Store 2 Local Warehouse 1 LOCOK 1 LOCOK LOCCancel 1 LOCOK LOCCancel 1 LOCOK 1 LOCOK LOCCancel 1 LOCOK LOCCancel 1 LOCOK 1 LOCOK LOCCancel 1 LOCOK LOCCancel 1 LOCOK 1 LOCOK LOCCancel 1 LOCOK LOCCancel Help Guarantee My Account Careers About Us Security Wish List Partners Contact Us Shipping Transparency ACT MRF Sitemap  2022 POWELLSCOM Terms 1 LOCOK 1 LOCOK LOCCancel 1 LOCOK LOCCancel 1 LOCOK 1 LOCOK LOCCancel 1 LOCOK LOCCancel 1 LOCOK 1 LOCOK LOCCancel 1 LOCOK LOCCancel 1 LOCOK 1 LOCOK LOCCancel 1 LOCOK LOCCancel"}