{"Title": " Diaghilev's Ballets Russes ", "Author": "Lynn Garafola", "Cover Page": "https://powells-covers-2.s3.amazonaws.com/9780306808784.jpg", "ISBN10": "0306808781  \n", "ISBN13": "9780306808784", "Page URL": "https://powells.com/book/diaghilevs-ballets-russes-9780306808784", "raw_text": "Diaghilevs Ballets Russes Lynn Garafola Trade Paperback 9780306808784 Powells Books Cart   my account  wish list  help  8008787323 Hello\n Login MENU Browse New Arrivals Bestsellers Featured Preorders Award Winners Audio Books See All Subjects Used Staff Picks Staff Picks Picks of the Month Bookseller Displays 50 Books for 50 Years 25 Best 21st Century SciFi  Fantasy 25 PNW Books to Read Before You Die 25 Books From the 21st Century 25 Memoirs to Read Before You Die 25 Global Books to Read Before You Die 25 Women to Read Before You Die 25 Books to Read Before You Die Gifts Gift Cards  eGift Cards Powells Souvenirs Journals and Notebooks socks Games Sell Books Blog Events Find A Store Dont Miss BIG SALE 20 off sitewide Picks of the Season What Im Giving Great Gifts Under 25 Best Books of 2022 Powells Author Events Oregon Battle of the Books Audio Books Visit Our Stores Powells Books 14 Gift Ideas From 14 of Our Favorite Authors 0 comment Every year Powells reaches out to some of our favorite authors for some muchneeded giftgiving inspiration Below are 14 writerapproved recommendations to help you find the perfect book for even your mostdifficulttobuyfor loved one Read More  Powells Staff Best Books of 2022 Fiction 1 comment Kelsey Ford 6 Haunting Native American Horror Books 1 comment 1 LOCOK 1 LOCOK LOCCancel 1 LOCOK LOCCancel Diaghilevs Ballets Russes by Lynn Garafola Comment on this title Synopses  Reviews ISBN13 9780306808784 ISBN10 0306808781 All Product Details View Larger Image View Larger Images 2399 New Trade Paperback Available at a Remote Warehouse Ships separately from other items Additional shipping charges may apply Not available for In Store Pickup More Info Qty Store 20 Remote Warehouse Synopses  Reviews Publisher Comments In the history of twentiethcentury ballet no company has had so profound and farreaching an influence as the Ballets Russes Under the direction of impresario extraordinaire Serge Diaghilev 18721929 the Ballets Russes radically transformed the nature of balletits subject matter movement idiom choreographic style stage space music scenic design costume even the dancers physical appearance From 1909 to 1929 it nurtured some of the greatest choreographers in dance historyFokine Nijinsky Massine and Balanchineand created such classics as Les Sylphides Firebird Petrouchka LApr\u00e8smidi dun Faune Les Noces and Apollo Diaghilev brought together some of the leading artists of his time including composers Stravinsky Debussy and Prokofiev artists Picasso Braque and Matisse and poets Hoffmansthal and Cocteau Diaghilevs Ballets Russes is the most authoritative history of the company ever written and the first to examine it as a totalityits art enterprise and audience Combining social and cultural history with illuminating discussions of dance drama music art economics and public reception Lynn Garafola paints an extraordinary portrait of the company that shaped ballet into what it is today Synopsis In the history of twentiethcentury ballet no company has had so profound and farreaching an influence as the Ballets Russes Under the direction of impresario extraordinaire Serge Diaghilev 18721 About the Author Dance critic and historian Lynn Garafola is the editor of Rethinking the Sylph New Perspectives on the Romantic Edition and coeditor of Andr\u00e9 Levinson on Dance Writings from Paris in the Twenties She lives in New York City What Our Readers Are Saying Be the first to share your thoughts on this title Product Details ISBN 9780306808784 Binding Trade Paperback Publication date 08221998 Publisher Da Capo Press Language English Pages 574 Height 139IN Width 598IN LCCN 98004095 Number of Units 1 Illustration Yes Copyright Year 1998 Author Lynn Garafola Author Lynn Garafola Author Lynn Garafola Author Lynn Garafola Subject Impresarios  Russia Federation  Biography Subject Biography Subject Ballet Subject History Subject Ballets Russes Subject Diaghilev Serge 2399 New Trade Paperback Available at a Remote Warehouse Ships separately from other items Additional shipping charges may apply Not available for In Store Pickup More Info Qty Store 20 Remote Warehouse Receive an email when this ISBN is available used 1 LOCOK 1 LOCOK LOCCancel 1 LOCOK LOCCancel 1 LOCOK 1 LOCOK LOCCancel 1 LOCOK LOCCancel 1 LOCOK 1 LOCOK LOCCancel 1 LOCOK LOCCancel 1 LOCOK 1 LOCOK LOCCancel 1 LOCOK LOCCancel Help Guarantee My Account Careers About Us Security Wish List Partners Contact Us Shipping Transparency ACT MRF Sitemap  2022 POWELLSCOM Terms 1 LOCOK 1 LOCOK LOCCancel 1 LOCOK LOCCancel 1 LOCOK 1 LOCOK LOCCancel 1 LOCOK LOCCancel 1 LOCOK 1 LOCOK LOCCancel 1 LOCOK LOCCancel 1 LOCOK 1 LOCOK LOCCancel 1 LOCOK LOCCancel"}