{"Title": " Radio for the Millions: Hindi-Urdu Broadcasting Across Borders ", "Author": "Isabel Huacuja Alonso", "Cover Page": "https://powells-covers-2.s3.amazonaws.com/9780231206600.jpg", "ISBN10": "0231206607  \n", "ISBN13": "9780231206600", "Page URL": "https://powells.com/book/radio-for-the-millions-9780231206600", "raw_text": "Radio for the Millions HindiUrdu Broadcasting Across Borders Isabel Huacuja Alonso Hardcover 9780231206600 Powells Books Cart   my account  wish list  help  8008787323 Hello\n Login MENU Browse New Arrivals Bestsellers Featured Preorders Award Winners Audio Books See All Subjects Used Staff Picks Staff Picks Picks of the Month Bookseller Displays 50 Books for 50 Years 25 Best 21st Century SciFi  Fantasy 25 PNW Books to Read Before You Die 25 Books From the 21st Century 25 Memoirs to Read Before You Die 25 Global Books to Read Before You Die 25 Women to Read Before You Die 25 Books to Read Before You Die Gifts Gift Cards  eGift Cards Powells Souvenirs Journals and Notebooks socks Games Sell Books Blog Events Find A Store Dont Miss BIG SALE 20 off sitewide Picks of the Season What Im Giving Great Gifts Under 25 Best Books of 2022 Powells Author Events Oregon Battle of the Books Audio Books Visit Our Stores Powells Books 14 Gift Ideas From 14 of Our Favorite Authors 0 comment Every year Powells reaches out to some of our favorite authors for some muchneeded giftgiving inspiration Below are 14 writerapproved recommendations to help you find the perfect book for even your mostdifficulttobuyfor loved one Read More  Powells Staff Best Books of 2022 Fiction 1 comment Kelsey Ford 6 Haunting Native American Horror Books 1 comment 1 LOCOK 1 LOCOK LOCCancel 1 LOCOK LOCCancel Radio for the Millions HindiUrdu Broadcasting Across Borders by Isabel Huacuja Alonso Comment on this title Synopses  Reviews ISBN13 9780231206600 ISBN10 0231206607 All Product Details View Larger Image View Larger Images 18667 New Hardcover Available at a Remote Warehouse Ships separately from other items Additional shipping charges may apply Not available for In Store Pickup More Info Qty Store 20 Remote Warehouse Synopses  Reviews Synopsis From news about World War II to the broadcasting of music from popular movies radio played a crucial role in an increasingly divided South Asia for more than half a century Radio for the Millions examines the history of HindiUrdu radio during the height of its popularity from the 1930s to the 1980s showing how it created transnational communities of listeners Isabel Huacuja Alonso argues that despite British Indian and Pakistani politicians efforts to usurp the medium for state purposes radio largely escaped their grasp She demonstrates that the medium enabled listeners and broadcasters to resist the cultural linguistic and political agendas of the British colonial administration and the subsequent independent Indian and Pakistani governments Rather than being merely a tool of nation building in South Asia radio created affective links that defied state agendas policies and borders It forged an enduring transnational soundscape even after the 1947 Partition had made a united India a political impossibility Huacuja Alonso traces how people engaged with radio across news music and drama broadcasts arguing for a more expansive definition of what it means to listen She develops the concept of radio resonance to understand how radio relied on circuits of oral communication such as rumor and gossip and to account for the affective bonds this talk created By analyzing Hindi filmsong radio programs she demonstrates how radio spurred new ways of listening to cinema Drawing on a rich collection of sources including newly recovered recordings listeners letters to radio stations original interviews with broadcasters and archival documents from across three continents Radio for the Millions rethinks assumptions about how the medium connects with audiences What Our Readers Are Saying Be the first to share your thoughts on this title Product Details ISBN 9780231206600 Binding Hardcover Publication date 01032023 Publisher Columbia University Press Language English Pages 312 Height 81IN Width 614IN LCCN 2022023157 Author Isabel Huacuja Alonso 18667 New Hardcover Available at a Remote Warehouse Ships separately from other items Additional shipping charges may apply Not available for In Store Pickup More Info Qty Store 20 Remote Warehouse Receive an email when this ISBN is available used 1 LOCOK 1 LOCOK LOCCancel 1 LOCOK LOCCancel 1 LOCOK 1 LOCOK LOCCancel 1 LOCOK LOCCancel 1 LOCOK 1 LOCOK LOCCancel 1 LOCOK LOCCancel 1 LOCOK 1 LOCOK LOCCancel 1 LOCOK LOCCancel Help Guarantee My Account Careers About Us Security Wish List Partners Contact Us Shipping Transparency ACT MRF Sitemap  2022 POWELLSCOM Terms 1 LOCOK 1 LOCOK LOCCancel 1 LOCOK LOCCancel 1 LOCOK 1 LOCOK LOCCancel 1 LOCOK LOCCancel 1 LOCOK 1 LOCOK LOCCancel 1 LOCOK LOCCancel 1 LOCOK 1 LOCOK LOCCancel 1 LOCOK LOCCancel"}