{"Title": " Stanley Park ", "Author": "Timothy L. Taylor", "Cover Page": "https://powells-covers-2.s3.amazonaws.com/9780864923899.jpg", "ISBN10": "0864923899  \n", "ISBN13": "9780864923899", "Page URL": "https://powells.com/book/stanley-park-9780864923899", "raw_text": "Stanley Park  Timothy Taylor Compact Disc 9780864923899 Powells Books Cart   my account  wish list  help  8008787323 Hello\n Login MENU Browse New Arrivals Bestsellers Featured Preorders Award Winners Audio Books See All Subjects Used Staff Picks Staff Picks Picks of the Month Bookseller Displays 50 Books for 50 Years 25 Best 21st Century SciFi  Fantasy 25 PNW Books to Read Before You Die 25 Books From the 21st Century 25 Memoirs to Read Before You Die 25 Global Books to Read Before You Die 25 Women to Read Before You Die 25 Books to Read Before You Die Gifts Gift Cards  eGift Cards Powells Souvenirs Journals and Notebooks socks Games Sell Books Blog Events Find A Store Dont Miss BIG SALE 20 off sitewide Picks of the Season What Im Giving Great Gifts Under 25 Best Books of 2022 Powells Author Events Oregon Battle of the Books Audio Books Visit Our Stores Powells Books 14 Gift Ideas From 14 of Our Favorite Authors 0 comment Every year Powells reaches out to some of our favorite authors for some muchneeded giftgiving inspiration Below are 14 writerapproved recommendations to help you find the perfect book for even your mostdifficulttobuyfor loved one Read More  Powells Staff Best Books of 2022 Fiction 1 comment Kelsey Ford 6 Haunting Native American Horror Books 1 comment 1 LOCOK 1 LOCOK LOCCancel 1 LOCOK LOCCancel Stanley Park by Timothy L Taylor Comment on this title Synopses  Reviews ISBN13 9780864923899 ISBN10 0864923899 Condition Standard All Product Details View Larger Image View Larger Images 000 List Price 000 Compact Disc Ships in 1 to 3 days Synopses  Reviews Publisher Comments Betty Quans fullcast dramatization of Timothy Taylors sizzling first novel reveals the dark side of fine dining Alessandro Juiliani stars as Jeremy Papier a brilliant young Parisiantrained chef who will do almost anything to keep his highend Vancouver restaurant Monkeys Paw Bistro afloat Jeremy who views the cooking industry in terms of gang warfare is a selfstyled Blood a believer in preparing unpretentious dishes from fresh local ingredients He has nothing but contempt for the Crips who bow to every passing food fad But when his latest financial scam fails Jeremy is forced to strike a deal with the devil in the form of Dante Beale played by Scott Hylands the owner of an undeniably Crip chain of gourmet coffee shops Mix in Jeremys eccentric professor father  who lives with the homeless in Stanley Park  and a decadesold mystery involving two murdered children and you have a tantalizing concoction of satire and suspense What Our Readers Are Saying Be the first to share your thoughts on this title Product Details ISBN 9780864923899 Binding Compact Disc Publication date 04132004 Publisher BTC Audiobooks Language English Edition 2 Pages 2 Height 43IN Width 606IN Thickness 43 in Number of Units 1 Abridged Edition Yes UPC Code 2147483647 Author Timothy Taylor Author Betty Quan Author Betty Quan Author Timothy L Taylor Author Betty L Quan Subject DramaWomen and Ethnic 000 List Price 000 Compact Disc Ships in 1 to 3 days Receive an email when this ISBN is available used 1 LOCOK 1 LOCOK LOCCancel 1 LOCOK LOCCancel 1 LOCOK 1 LOCOK LOCCancel 1 LOCOK LOCCancel 1 LOCOK 1 LOCOK LOCCancel 1 LOCOK LOCCancel 1 LOCOK 1 LOCOK LOCCancel 1 LOCOK LOCCancel Help Guarantee My Account Careers About Us Security Wish List Partners Contact Us Shipping Transparency ACT MRF Sitemap  2022 POWELLSCOM Terms 1 LOCOK 1 LOCOK LOCCancel 1 LOCOK LOCCancel 1 LOCOK 1 LOCOK LOCCancel 1 LOCOK LOCCancel 1 LOCOK 1 LOCOK LOCCancel 1 LOCOK LOCCancel 1 LOCOK 1 LOCOK LOCCancel 1 LOCOK LOCCancel"}