{"Title": " Home Color Planner 1000 Gorgeous Combinations for Every Room ", "Author": "David Willis", "Cover Page": "https://covers.powells.com/9780061825743.jpg", "ISBN10": "0061825743  \n", "ISBN13": "9780061825743", "Page URL": "https://powells.com/book/home-color-planner-1000-gorgeous-combinations-for-every-room-9780061825743", "raw_text": "Home Color Planner 1000 Gorgeous Combinations for Every Room David Willis SpiralComb 9780061825743 Powells Books Cart   my account  wish list  help  8008787323 Hello\n Login MENU Browse New Arrivals Bestsellers Featured Preorders Award Winners Audio Books See All Subjects Used Staff Picks Staff Picks Picks of the Month Bookseller Displays 50 Books for 50 Years 25 Best 21st Century SciFi  Fantasy 25 PNW Books to Read Before You Die 25 Books From the 21st Century 25 Memoirs to Read Before You Die 25 Global Books to Read Before You Die 25 Women to Read Before You Die 25 Books to Read Before You Die Gifts Gift Cards  eGift Cards Powells Souvenirs Journals and Notebooks socks Games Sell Books Blog Events Find A Store Dont Miss BIG SALE 20 off sitewide Picks of the Season What Im Giving Great Gifts Under 25 Best Books of 2022 Powells Author Events Oregon Battle of the Books Audio Books Visit Our Stores Powells Books 14 Gift Ideas From 14 of Our Favorite Authors 0 comment Every year Powells reaches out to some of our favorite authors for some muchneeded giftgiving inspiration Below are 14 writerapproved recommendations to help you find the perfect book for even your mostdifficulttobuyfor loved one Read More  Powells Staff Best Books of 2022 Fiction 1 comment Kelsey Ford 6 Haunting Native American Horror Books 1 comment 1 LOCOK 1 LOCOK LOCCancel 1 LOCOK LOCCancel Home Color Planner 1000 Gorgeous Combinations for Every Room by David Willis Comment on this title Synopses  Reviews ISBN13 9780061825743 ISBN10 0061825743 Condition Standard All Product Details View Larger Image View Larger Images 000 List Price 000 SpiralComb Ships in 1 to 3 days Synopses  Reviews Publisher Comments Create a beautiful home When it comes to planning and decorating your home even experienced designers sometimes get it wrong Now you can choose the color scheme you want and be sure of a perfect result This accessible and easytouse guide puts thousands of color combinations at your fingertips It features Hundreds of color combinations organized by room and then by color with harmonious contrasting and accent shades Reference photographs of bedrooms bathrooms living rooms and kitchens that show the effect each color scheme has on the room The full Benjamin Moore color range complete with reference numbers for easy identification sourcing and buying Synopsis Take out the guesswork and get your color right the first time When it comes to planning and decorating the home even experienced designers sometimes get it wrong Now for the first time in book form The Home Color Bible simplifies the decorating process with easy pull tabs organizing thousands of color combinations by room type and color schemes The Home Color Bible includes a guide to pinpointing color combinations matched to leading paint manufacturers products Benjamin Moore as well as the universal CMYK reference system About the Author David Willis has run his own architectural practice for more than 20 years working extensively in Europe and the Middle East for private and corporate clients He holds a masters degree from Harvard University What Our Readers Are Saying Be the first to share your thoughts on this title Product Details ISBN 9780061825743 Binding SpiralComb Publication date 04012010 Publisher Collins Design Height 925 in Width 6 in Grade Range Generaltrade Number of Units 1 UPC Code 9780061825743 Author David Willis Author David Wills Subject Home ConstructionDecorating by Room 000 List Price 000 SpiralComb Ships in 1 to 3 days Receive an email when this ISBN is available used 1 LOCOK 1 LOCOK LOCCancel 1 LOCOK LOCCancel 1 LOCOK 1 LOCOK LOCCancel 1 LOCOK LOCCancel 1 LOCOK 1 LOCOK LOCCancel 1 LOCOK LOCCancel 1 LOCOK 1 LOCOK LOCCancel 1 LOCOK LOCCancel Help Guarantee My Account Careers About Us Security Wish List Partners Contact Us Shipping Transparency ACT MRF Sitemap  2022 POWELLSCOM Terms 1 LOCOK 1 LOCOK LOCCancel 1 LOCOK LOCCancel 1 LOCOK 1 LOCOK LOCCancel 1 LOCOK LOCCancel 1 LOCOK 1 LOCOK LOCCancel 1 LOCOK LOCCancel 1 LOCOK 1 LOCOK LOCCancel 1 LOCOK LOCCancel"}