{"Title": " Law School Confidential A Complete Guide to the Law School Experience By Students for Students Revised Edition ", "Author": "Robert H Miller", "Cover Page": "https://covers.powells.com/9780312318819.jpg", "ISBN10": "0312318812  \n", "ISBN13": "9780312318819", "Page URL": "https://powells.com/book/law-school-confidential-a-complete-guide-to-the-law-school-experience-by-students-for-students-revised-edition-9780312318819", "raw_text": "Law School Confidential A Complete Guide to the Law School Experience By Students for Students Revised Edition Robert H Miller Trade Paperback 9780312318819 Powells Books Cart   my account  wish list  help  8008787323 Hello\n Login MENU Browse New Arrivals Bestsellers Featured Preorders Award Winners Audio Books See All Subjects Used Staff Picks Staff Picks Picks of the Month Bookseller Displays 50 Books for 50 Years 25 Best 21st Century SciFi  Fantasy 25 PNW Books to Read Before You Die 25 Books From the 21st Century 25 Memoirs to Read Before You Die 25 Global Books to Read Before You Die 25 Women to Read Before You Die 25 Books to Read Before You Die Gifts Gift Cards  eGift Cards Powells Souvenirs Journals and Notebooks socks Games Sell Books Blog Events Find A Store Dont Miss BIG SALE 20 off sitewide Picks of the Season What Im Giving Great Gifts Under 25 Best Books of 2022 Powells Author Events Oregon Battle of the Books Audio Books Visit Our Stores Powells Books 14 Gift Ideas From 14 of Our Favorite Authors 0 comment Every year Powells reaches out to some of our favorite authors for some muchneeded giftgiving inspiration Below are 14 writerapproved recommendations to help you find the perfect book for even your mostdifficulttobuyfor loved one Read More  Powells Staff Best Books of 2022 Fiction 1 comment Kelsey Ford 6 Haunting Native American Horror Books 1 comment 1 LOCOK 1 LOCOK LOCCancel 1 LOCOK LOCCancel Law School Confidential A Complete Guide to the Law School Experience By Students for Students Revised Edition by Robert H Miller Comment on this title Synopses  Reviews ISBN13 9780312318819 ISBN10 0312318812 Condition Standard All Product Details View Larger Image View Larger Images 795 Used Trade Paperback Ships in 1 to 3 days Qty Store 1 Burnside Synopses  Reviews Publisher Comments Law School Confidential is written for students about to embark on this threeyear odyssey by students who have successfully survived It demystifies the lifealtering thrill ride that defines an American legal education by providing a comprehensive blowbyblow chronological account of what to expect It arms students with a thorough overview of the contemporary law school experience This isnt the advice of graying professors or battlescarred practitioners decades removed from law school Miller has assembled a panel of recent graduates to act as mentors all of whom are perfectly positioned to shed light on what law school is like today From taking the LSAT to securing financial aid to navigating the notorious first semester to taking exams to applying for summer internships to getting on the law review to tackling the bar and beyondthis book explains it all Review Miller has decorously armed his readers   excellent advice The Docket Review This book is a must for anyone attending or thinking about law school The Houston Lawyer Review  pulls no punches in providing revealing and honest advice for all three years of the law school experience Law Preview Review This abundance of information is just the remedy for the nerves of a student anxious to enter law school   Journal of the Denver Bar Association Review  pulls no punches in providing revealing and honest advice for all three years of the law school experience Review This book is a must for anyone attending or thinking about law schoolThe Houston Lawyer Review  Law School Confidential Revised Edition delivers again Three new mentors two new chapters updated financial aid recruiting and judicial clerkship advice and much much more Solid tested advice eloquently delivered with humor and style  Law Preview Book Review    walks the reader from the decision to go to law school through the bar exam   a useful worthwhile book  New York Law Journal Miller has decorously armed his readers   excellent advice  The Docket This abundance of information is just the remedy for the nerves of a student anxious to enter law school    Journal of the Denver Bar Association This book is a must for anyone attending or thinking about law school  The Houston Lawyer  pulls no punches in providing revealing and honest advice for all three years of the law school experience  Law Preview Review    walks the reader from the decision to go to law school through the bar exam   a useful worthwhile book New York Law Journal Synopsis  Taking the LSAT Securing financial aid Navigating the notorious first semester Taking exams Tackling the bar About the Author Robert H Miller is now working at Sheehan Phinney Bass  Green in Manchester NH The Law School Confidential mentors have attended law schools across the country including Harvard the University of Pennsylvania Vanderbilt and Boston College What Our Readers Are Saying Be the first to share your thoughts on this title Product Details ISBN 9780312318819 Binding Trade Paperback Publication date 01012004 Publisher ST MARTINS PRESS Edition REV Pages 393 Copyright Year 2004 UPC Code 2800312318811 Author Robert H Miller Author Robert H Miller Subject Law Subject Law students Subject ReferenceCollege Guides Subject Law students  United States Subject Law  Study and teaching  United States 795 Used Trade Paperback Ships in 1 to 3 days Qty Store 1 Burnside 1 LOCOK 1 LOCOK LOCCancel 1 LOCOK LOCCancel 1 LOCOK 1 LOCOK LOCCancel 1 LOCOK LOCCancel 1 LOCOK 1 LOCOK LOCCancel 1 LOCOK LOCCancel 1 LOCOK 1 LOCOK LOCCancel 1 LOCOK LOCCancel Help Guarantee My Account Careers About Us Security Wish List Partners Contact Us Shipping Transparency ACT MRF Sitemap  2022 POWELLSCOM Terms 1 LOCOK 1 LOCOK LOCCancel 1 LOCOK LOCCancel 1 LOCOK 1 LOCOK LOCCancel 1 LOCOK LOCCancel 1 LOCOK 1 LOCOK LOCCancel 1 LOCOK LOCCancel 1 LOCOK 1 LOCOK LOCCancel 1 LOCOK LOCCancel"}