{"Title": " Too Loud a Solitude ", "Author": "Bohumil Hrabal, Michael Henry Heim", "Cover Page": "https://covers.powells.com/9780156904582.jpg", "ISBN10": "0156904586  \n", "ISBN13": "9780156904582", "Page URL": "https://www.powells.com/book/too-loud-a-solitude-9780156904582/18-0", "raw_text": "Too Loud a Solitude Bohumil Hrabal Trade Paperback 9780156904582 Powells Books Cart   my account  wish list  help  8008787323 Hello\n Login MENU Browse New Arrivals Bestsellers Featured Preorders Award Winners Audio Books See All Subjects Used Staff Picks Staff Picks Picks of the Month Bookseller Displays 50 Books for 50 Years 25 Best 21st Century SciFi  Fantasy 25 PNW Books to Read Before You Die 25 Books From the 21st Century 25 Memoirs to Read Before You Die 25 Global Books to Read Before You Die 25 Women to Read Before You Die 25 Books to Read Before You Die Gifts Gift Cards  eGift Cards Powells Souvenirs Journals and Notebooks socks Games Sell Books Blog Events Find A Store Dont Miss BIG SALE 20 off sitewide Picks of the Season What Im Giving Great Gifts Under 25 Best Books of 2022 Powells Author Events Oregon Battle of the Books Audio Books Visit Our Stores Powells Books 14 Gift Ideas From 14 of Our Favorite Authors 0 comment Every year Powells reaches out to some of our favorite authors for some muchneeded giftgiving inspiration Below are 14 writerapproved recommendations to help you find the perfect book for even your mostdifficulttobuyfor loved one Read More  Powells Staff Best Books of 2022 Fiction 1 comment Kelsey Ford 6 Haunting Native American Horror Books 1 comment 1 LOCOK 1 LOCOK LOCCancel 1 LOCOK LOCCancel Too Loud a Solitude by Bohumil Hrabal Michael Henry Heim Comment on this title Synopses  Reviews ISBN13 9780156904582 ISBN10 0156904586 Condition Standard All Product Details View Larger Image View Larger Images 895 List Price 1299 Used Trade Paperback Ships in 1 to 3 days Qty Store 2 Burnside 1 Local Warehouse From Powellscom 25 Books to Read Before You Die World Edition Travel the globe with these nottobemissed titles Synopses  Reviews Publisher Comments Hanta has been compacting trash for thirtyfive years Every evening he rescues books from the jaws of his hydraulic press carries them home and fills his house with them Hanta may be an idiot as his boss calls him but he is an idiot with a difference  the ability to quote the Talmud  Hegel and Laotzu In this baroque and winsome tale Hrabal whom Milan Kundera has called our very best writer today celebrates the power and the indestructibility of the written word Review Hrabals tale so finely balanced between pathos and comedy loses none of its power now that Czechoslovakia is free Los Angeles Times Review An irresistibly eccentric romp quick with the hearts life New York Times Book Review Synopsis Hant\u00e1 rescues books from the jaws of his compacting press and carries them home Hrabal whom Milan Kundera calls our very best writer today celebrates the power and the indestructibility of the written word Translated by Michael Henry Heim 5 4 What Our Readers Are Saying Share your thoughts on this title Average customer rating 5 4 comments  Peter Anderson  October 21 2011 view all comments by Peter Anderson Goodness what a phenomenal little book this is Powerful with so few words Thoughtful philosophical touching funny and ultimately tragic But though tragic the conclusion makes perfect sense in light of the preceding narrative and the narrator gains a fate which is greatly preferable to the unpalatable alternative that he otherwise faced The book has shades of Knut Hamsun the solitary intellectual realitychallenged narrator of Hunger George Orwell the stubborn permanence of the written word a la 1984 and Franz Kafka inhuman bureaucracies and the overall surreal tone three writers whom I greatly admire a list to which I now add Bohumil Hrabal During my life Ive only reread a handful of books but Too Loud a Solitude is one I will definitely be returning to and probably more than once Was this comment helpful  Yes  No report this\ncomment  juniper  January 01 2011 view all comments by juniper This slim novel comes from a bright mind Nothing in it can be predicted It is full of filth shocks of beauty and enormous energy It covers the entire range of human passions without judgment It is mindexpanding and truly invents in the most reserved and elite sense of that word There is nothing comparable Was this comment helpful  Yes  No report this\ncomment  venusinfauxfurz  May 05 2007 view all comments by venusinfauxfurz Simply a beautiful story It grabs you on the first line and lets you down easily on the last Was this comment helpful  Yes  No 14 of 29 readers found this comment helpful report this\ncomment  Ailana  January 04 2007 view all comments by Ailana Though brief this is a powerful compelling book The details of the paper recyclers life and art are vivid and will remain with me Hrabal focuses not only on books but also on the motivation and obsession of the workerartist and societys response to them The book is symbolic on so many levels Was this comment helpful  Yes  No 7 of 11 readers found this comment helpful report this\ncomment View all 4 comments Product Details ISBN 9780156904582 Binding Trade Paperback Publication date 04271992 Publisher HOUGHTON MIFFLIN HARCOURT Series info Harvest in Translation Pages 112 Height 33IN Width 534IN Thickness 50 Series Harvest in translation Number of Units 1 Copyright Year 1992 Series Volume Nr 4394 UPC Code 2800156904584 Translator Michael Henry Heim Author Bohumil Hrabal Media Run Time B Subject Fiction Subject LiteratureA to Z Subject General Fiction 895 List Price 1299 Used Trade Paperback Ships in 1 to 3 days Qty Store 2 Burnside 1 Local Warehouse More copies of this ISBN New Trade Paperback 1299 1 LOCOK 1 LOCOK LOCCancel 1 LOCOK LOCCancel 1 LOCOK 1 LOCOK LOCCancel 1 LOCOK LOCCancel 1 LOCOK 1 LOCOK LOCCancel 1 LOCOK LOCCancel 1 LOCOK 1 LOCOK LOCCancel 1 LOCOK LOCCancel Help Guarantee My Account Careers About Us Security Wish List Partners Contact Us Shipping Transparency ACT MRF Sitemap  2022 POWELLSCOM Terms 1 LOCOK 1 LOCOK LOCCancel 1 LOCOK LOCCancel 1 LOCOK 1 LOCOK LOCCancel 1 LOCOK LOCCancel 1 LOCOK 1 LOCOK LOCCancel 1 LOCOK LOCCancel 1 LOCOK 1 LOCOK LOCCancel 1 LOCOK LOCCancel"}