{"Title": " Short Nights of the Shadow Catcher The Epic Life & Immortal Photographs of Edward Curtis ", "Author": "Timothy Egan", "Cover Page": "https://powells-covers-2.s3.amazonaws.com/9780544102767.jpg", "ISBN10": "0544102762  \n", "ISBN13": "9780544102767", "Page URL": "https://powells.com/book/short-nights-of-the-shadow-catcher-the-epic-life-immortal-photographs-of-edward-curtis-9780544102767", "raw_text": "Short Nights of the Shadow Catcher The Epic Life  Immortal Photographs of Edward Curtis Timothy Egan Trade Paperback 9780544102767 Powells Books Cart   my account  wish list  help  8008787323 Hello\n Login MENU Browse New Arrivals Bestsellers Featured Preorders Award Winners Audio Books See All Subjects Used Staff Picks Staff Picks Picks of the Month Bookseller Displays 50 Books for 50 Years 25 Best 21st Century SciFi  Fantasy 25 PNW Books to Read Before You Die 25 Books From the 21st Century 25 Memoirs to Read Before You Die 25 Global Books to Read Before You Die 25 Women to Read Before You Die 25 Books to Read Before You Die Gifts Gift Cards  eGift Cards Powells Souvenirs Journals and Notebooks socks Games Sell Books Blog Events Find A Store Dont Miss BIG SALE 20 off sitewide Picks of the Season What Im Giving Great Gifts Under 25 Best Books of 2022 Powells Author Events Oregon Battle of the Books Audio Books Visit Our Stores Powells Books 14 Gift Ideas From 14 of Our Favorite Authors 0 comment Every year Powells reaches out to some of our favorite authors for some muchneeded giftgiving inspiration Below are 14 writerapproved recommendations to help you find the perfect book for even your mostdifficulttobuyfor loved one Read More  Powells Staff Best Books of 2022 Fiction 1 comment Kelsey Ford 6 Haunting Native American Horror Books 1 comment 1 LOCOK 1 LOCOK LOCCancel 1 LOCOK LOCCancel Short Nights of the Shadow Catcher The Epic Life  Immortal Photographs of Edward Curtis by Timothy Egan Comment on this title Synopses  Reviews ISBN13 9780544102767 ISBN10 0544102762 Condition Standard All Product Details View Larger Image View Larger Images 895 List Price 1799 Used Trade Paperback Ships in 1 to 3 days Qty Store 1 Burnside Synopses  Reviews Publisher Comments Edward Curtis was charismatic handsome a passionate mountaineer and a famous portrait photographer the Annie Leibovitz of his time He moved in rarefied circles a friend to presidents vaudeville stars leading thinkers But when he was thirtytwo years old in 1900 he gave it all up to pursue his Great Idea to capture on film the continents original inhabitants before the old ways disappeared Curtis spent the next three decades documenting the stories and rituals of more than eighty North American tribes It took tremendous perseverance  ten years alone to persuade the Hopi to allow him to observe their Snake Dance ceremony And the undertaking changed him profoundly from detached observer to outraged advocate Curtis would amass more than 40000 photographs and 10000 audio recordings and he is credited with making the first narrative documentary film In the process the charming rogue with the grade school education created the most definitive archive of the American Indian Review A vivid exploration of one mans lifelong obsession with an ideaEgans spirited biography might just bring Curtis the recognition that eluded him in life Washington Post Review A darn good yarn Egan is a muscular storyteller and his book is a rollicking pageturner with a colorfully drawn hero San Francisco Chronicle Review A riveting biography of an American original Boston Globe Synopsis How a lone mans epic obsession led to one of Americas greatest cultural treasures Prizewinning writer Timothy Egan tells the riveting cinematic story behind the most famous photographs in Native American history  and the driven brilliant man who made them Synopsis A vivid exploration of one mans lifelong obsession with an idea    Egan s spirited biography might just bring Curtis the recognition that eluded him in life Washington Post Edward Curtis was charismatic handsome a passionate mountaineer and a famous portrait photographer the Annie Leibovitz of his time He moved in rarefied circles a friend to presidents vaudeville stars leading thinkers But when he was thirtytwo years old in 1900 he gave it all up to pursue his Great Idea to capture on film the continent s original inhabitants before the old ways disappeared Curtis spent the next three decades documenting the stories and rituals of more than eighty North American tribes It took tremendous perseverance ten years alone to persuade the Hopi to allow him to observe their Snake Dance ceremony And the undertaking changed him profoundly from detached observer to outraged advocate Curtis would amass more than 40000 photographs and 10000 audio recordings and he is credited with making the first narrative documentary film In the process the charming rogue with the grade school education created the most definitive archive of the American Indian A darn good yarn Egan is a muscular storyteller and his book is a rollicking pageturner with a colorfully drawn hero San Francisco Chronicle A riveting biography of an American original Boston Globe  Synopsis A New York Times Notable Book A Winner of the Carnegie Medal for Excellence in Nonfiction New York Times bestselling and Pulitzer Prizewinning author Timothy Egan reveals the life story of the man determined to preserve a people and culture in Short Nights of the Shadow Catcher The Epic Life and Immortal Photographs of Edward Curtis A vivid exploration of one mans lifelong obsession with an idea    Egans spirited biography might just bring Curtis the recognition that eluded him in life  The Washington Post Edward Curtis was charismatic handsome a passionate mountaineer and a famous portrait photographer the Annie Leibovitz of his time He moved in rarefied circles a friend to presidents vaudeville stars leading thinkers But when he was thirtytwo years old in 1900 he gave it all up to pursue his Great Idea to capture on film the continents original inhabitants before the old ways disappeared Curtis spent the next three decades documenting the stories and rituals of more than eighty North American tribes It took tremendous perseverance   ten years alone to persuade the Hopi to allow him to observe their Snake Dance ceremony And the undertaking changed him profoundly from detached observer to outraged advocate Curtis would amass more than 40000 photographs and 10000 audio recordings and he is credited with making the first narrative documentary film In the process the charming rogue with the grade school education created the most definitive archive of the American Indian About the Author Timothy Egan is a Pulitzer Prize winning reporter and the author of\u00a0six books most recently The Big Burn\u00a0Teddy\u00a0Roosevelt and the\u00a0Fire That\u00a0Saved America  a New York Times bestseller and winner of the Pacific Northwest Booksellers\u00a0Award and the Washington State Book Award\u00a0His previous books include The\u00a0Worst Hard Time  which won a National Book Award and was named a New York Times Editors Choice He is an online oped columnist for the New York Times  writing his Opinionator feature once a week He is\u00a0a thirdgeneration Westerner and\u00a0lives in Seattle 5 1 What Our Readers Are Saying Share your thoughts on this title Average customer rating 5 1 comments  ss  August 14 2013 view all comments by ss Who would predict Timothy Egans book about Edward Curtis would be a pageturner From the getgo I was pulled into the vortex of Egans meticulous account of this obsessive photographer whose passion sent him to the brink of selfdestruction Is this what being a true artist is all about Curtis left a legacy that few of us will see but his chronicle of the American Indian will live as a superior gift to the world Likewise Egans research has shed new light on the history of our first people This is a book to have on the shelf and to share Was this comment helpful  Yes  No 15 of 16 readers found this comment helpful report this\ncomment Product Details ISBN 9780544102767 Binding Trade Paperback Publication date 08062013 Publisher Mariner Books Language English Pages 384 Height 110IN Width 520IN Thickness 100 Illustration Yes Copyright Year 2013 Author Timothy Egan Author Edward PHT Curtis Photographer Edward Curtis Photographer Edward Curtis Author Timothy Egan Subject BiographyArtists Architects and Photographers 895 List Price 1799 Used Trade Paperback Ships in 1 to 3 days Qty Store 1 Burnside More copies of this ISBN New Trade Paperback 1799 Used Trade Paperback Starting from 795 This title in other editions Used Hardcover Starting from 1550 1 LOCOK 1 LOCOK LOCCancel 1 LOCOK LOCCancel 1 LOCOK 1 LOCOK LOCCancel 1 LOCOK LOCCancel 1 LOCOK 1 LOCOK LOCCancel 1 LOCOK LOCCancel 1 LOCOK 1 LOCOK LOCCancel 1 LOCOK LOCCancel Help Guarantee My Account Careers About Us Security Wish List Partners Contact Us Shipping Transparency ACT MRF Sitemap  2022 POWELLSCOM Terms 1 LOCOK 1 LOCOK LOCCancel 1 LOCOK LOCCancel 1 LOCOK 1 LOCOK LOCCancel 1 LOCOK LOCCancel 1 LOCOK 1 LOCOK LOCCancel 1 LOCOK LOCCancel 1 LOCOK 1 LOCOK LOCCancel 1 LOCOK LOCCancel"}