{"Title": " Galaxy & the Ground Within Wayfarers Book 04 ", "Author": "Becky Chambers", "Cover Page": "https://powells-covers-2.s3.amazonaws.com/9780062936042.jpg", "ISBN10": "0062936042  \n", "ISBN13": "9780062936042", "Page URL": "https://powells.com/book/galaxy-the-ground-within-wayfarers-book-04-9780062936042", "raw_text": "The Galaxy and the Ground Within Becky Chambers Trade Paperback 9780062936042 Powells Books Cart   my account  wish list  help  8008787323 Hello\n Login MENU Browse New Arrivals Bestsellers Featured Preorders Award Winners Audio Books See All Subjects Used Staff Picks Staff Picks Picks of the Month Bookseller Displays 50 Books for 50 Years 25 Best 21st Century SciFi  Fantasy 25 PNW Books to Read Before You Die 25 Books From the 21st Century 25 Memoirs to Read Before You Die 25 Global Books to Read Before You Die 25 Women to Read Before You Die 25 Books to Read Before You Die Gifts Gift Cards  eGift Cards Powells Souvenirs Journals and Notebooks socks Games Sell Books Blog Events Find A Store Dont Miss BIG SALE 20 off sitewide Picks of the Season What Im Giving Great Gifts Under 25 Best Books of 2022 Powells Author Events Oregon Battle of the Books Audio Books Visit Our Stores Powells Books 14 Gift Ideas From 14 of Our Favorite Authors 0 comment Every year Powells reaches out to some of our favorite authors for some muchneeded giftgiving inspiration Below are 14 writerapproved recommendations to help you find the perfect book for even your mostdifficulttobuyfor loved one Read More  Powells Staff Best Books of 2022 Fiction 1 comment Kelsey Ford 6 Haunting Native American Horror Books 1 comment 1 LOCOK 1 LOCOK LOCCancel 1 LOCOK LOCCancel Galaxy  the Ground Within Wayfarers Book 04 by Becky Chambers Comment on this title Synopses  Reviews ISBN13 9780062936042 ISBN10 0062936042 All Product Details View Larger Image View Larger Images 1699 New Trade Paperback Ships in 1 to 3 days Qty Store 12 Burnside 11 Cedar Hills 11 Hawthorne 20 Local Warehouse Synopses  Reviews Synopsis Return to the sprawling Hugo Awardwinning universe of the Galactic Commons to explore another corner of the cosmosone often mentioned but not yet exploredin this absorbing entry in the Wayfarers series which blends heartwarming characters and imaginative adventure With no water no air and no native life the planet Gora is unremarkable The only thing it has going for it is a chance proximity to more popular worlds making it a decent stopover for ships traveling between the wormholes that keep the Galactic Commons connected If deep space is a highway Gora is just your average truck stop At the FiveHop OneStop longhaul spacers can stretch their legs if they have legs that is and get fuel transit permits and assorted supplies The FiveHop is run by an enterprising alien and her sometimes helpful child who work hard to provide a little piece of home to everyone passing through When a freak technological failure halts all traffic to and from Gora three strangersall different species with different aimsare thrown together at the FiveHop Grounded with nothing to do but wait the trioan exiled artist with an appointment to keep a cargo runner at a personal crossroads and a mysterious individual doing her best to help those on the fringesare compelled to confront where theyve been where they might go and what they are or could be to each other What Our Readers Are Saying Be the first to share your thoughts on this title Product Details ISBN 9780062936042 Binding Trade Paperback Publication date 04202021 Publisher HARPERCOLLINS PUBLISHERS Pages 336 Height 75IN Width 525IN Series Wayfarers Book 4 Series Number 4 Author Becky Chambers 1699 New Trade Paperback Ships in 1 to 3 days Qty Store 12 Burnside 11 Cedar Hills 11 Hawthorne 20 Local Warehouse Receive an email when this ISBN is available used 1 LOCOK 1 LOCOK LOCCancel 1 LOCOK LOCCancel 1 LOCOK 1 LOCOK LOCCancel 1 LOCOK LOCCancel 1 LOCOK 1 LOCOK LOCCancel 1 LOCOK LOCCancel 1 LOCOK 1 LOCOK LOCCancel 1 LOCOK LOCCancel Help Guarantee My Account Careers About Us Security Wish List Partners Contact Us Shipping Transparency ACT MRF Sitemap  2022 POWELLSCOM Terms 1 LOCOK 1 LOCOK LOCCancel 1 LOCOK LOCCancel 1 LOCOK 1 LOCOK LOCCancel 1 LOCOK LOCCancel 1 LOCOK 1 LOCOK LOCCancel 1 LOCOK LOCCancel 1 LOCOK 1 LOCOK LOCCancel 1 LOCOK LOCCancel"}