{"Title": " Reading & Writing The Lakota Language ", "Author": "Albert White Hat", "Cover Page": "https://covers.powells.com/9780874805727.jpg", "ISBN10": "0874805724  \n", "ISBN13": "9780874805727", "Page URL": "https://powells.com/book/reading-writing-the-lakota-language-9780874805727", "raw_text": "Reading  Writing The Lakota Language Albert White Hat Trade Paperback 9780874805727 Powells Books Cart   my account  wish list  help  8008787323 Hello\n Login MENU Browse New Arrivals Bestsellers Featured Preorders Award Winners Audio Books See All Subjects Used Staff Picks Staff Picks Picks of the Month Bookseller Displays 50 Books for 50 Years 25 Best 21st Century SciFi  Fantasy 25 PNW Books to Read Before You Die 25 Books From the 21st Century 25 Memoirs to Read Before You Die 25 Global Books to Read Before You Die 25 Women to Read Before You Die 25 Books to Read Before You Die Gifts Gift Cards  eGift Cards Powells Souvenirs Journals and Notebooks socks Games Sell Books Blog Events Find A Store Dont Miss BIG SALE 20 off sitewide Picks of the Season What Im Giving Great Gifts Under 25 Best Books of 2022 Powells Author Events Oregon Battle of the Books Audio Books Visit Our Stores Powells Books 14 Gift Ideas From 14 of Our Favorite Authors 0 comment Every year Powells reaches out to some of our favorite authors for some muchneeded giftgiving inspiration Below are 14 writerapproved recommendations to help you find the perfect book for even your mostdifficulttobuyfor loved one Read More  Powells Staff Best Books of 2022 Fiction 1 comment Kelsey Ford 6 Haunting Native American Horror Books 1 comment 1 LOCOK 1 LOCOK LOCCancel 1 LOCOK LOCCancel Reading  Writing The Lakota Language by Albert White Hat Comment on this title Synopses  Reviews ISBN13 9780874805727 ISBN10 0874805724 All Product Details View Larger Image View Larger Images 2495 New Trade Paperback Available at a Remote Warehouse Ships separately from other items Additional shipping charges may apply Not available for In Store Pickup More Info Qty Store 4 Remote Warehouse Synopses  Reviews Publisher Comments Based on extensive research and pedagogy on the Rosebud Reservation this elementary grammar of Lakota one of the three languages spoken by the Sioux nation is the first written by a native Lakota speaker It presents the Sicangu dialect using an orthography developed by Lakota in 1982 and which is now supplanting older systems provided by linguists and missionaries This new approach represents a powerful act of selfdetermination for Indian education Though Reading and Writing the Lakota Language is thorough in its inclusion of conjugation syntax and sentence it emphasizes vocabulary and pronunciation Author Albert White Hat Sr presents Lakota philosophy as it applies to specific grammar lessons Moreover he documents the impact of the acculturation process on the language showing how Lakota evolved as a result of nonIndian influences The textual example offers new information and interpretation of Lakota society even to scholars who specialize n Plains cultures Beyond language instruction readers will value the book for its cultural insights humorous stories and its entertaining tone Review Every Indian language should have a book like this Journal of Anthropological Research About the Author Albert White Hat Sr\u00a0is a professor at Sinte Gleska University What Our Readers Are Saying Be the first to share your thoughts on this title Product Details ISBN 9780874805727 Binding Trade Paperback Publication date 02261999 Publisher UNIVERSITY OF UTAH PRESS Pages 240 Height 64IN Width 702IN Thickness 75 Number of Units 1 Illustration Yes Copyright Year 1999 Series Volume 16 UPC Code 2800874805729 Foreword Vine Jr Deloria Editor Jael Kampfe Author Albert White Hat Sr Author Albert White Sr Hat Foreword Vine Jr JR JR Deloria Author Vine Jr Deloria Author Albert White Author Albert White Hat Editor Jael Kampfe Author Albert White Hat Author Jael Kampfe Author Jael EDT Kampfe Author Albert White Author Albert White Hat Author Jael Kampfe Author White Hat Albert  Kampfe Jael Subject Indians of north america Subject Foreign LanguagesNative American Subject Lakota dialect Subject Lakota dialect  Textbooks for English speakers Subject English Subject Lakota dialect  English Subject Textbooks for English speakers 2495 New Trade Paperback Available at a Remote Warehouse Ships separately from other items Additional shipping charges may apply Not available for In Store Pickup More Info Qty Store 4 Remote Warehouse Receive an email when this ISBN is available used 1 LOCOK 1 LOCOK LOCCancel 1 LOCOK LOCCancel 1 LOCOK 1 LOCOK LOCCancel 1 LOCOK LOCCancel 1 LOCOK 1 LOCOK LOCCancel 1 LOCOK LOCCancel 1 LOCOK 1 LOCOK LOCCancel 1 LOCOK LOCCancel Help Guarantee My Account Careers About Us Security Wish List Partners Contact Us Shipping Transparency ACT MRF Sitemap  2022 POWELLSCOM Terms 1 LOCOK 1 LOCOK LOCCancel 1 LOCOK LOCCancel 1 LOCOK 1 LOCOK LOCCancel 1 LOCOK LOCCancel 1 LOCOK 1 LOCOK LOCCancel 1 LOCOK LOCCancel 1 LOCOK 1 LOCOK LOCCancel 1 LOCOK LOCCancel"}