{"Title": " The Complete Persepolis ", "Author": "Marjane Satrapi", "Cover Page": "https://covers.powells.com/9780375714832.jpg", "ISBN10": "0375714839  \n", "ISBN13": "9780375714832", "Page URL": "https://powells.com/book/the-complete-persepolis-9780375714832", "raw_text": "Complete Persepolis Marjane Satrapi Trade Paperback 9780375714832 Powells Books Cart   my account  wish list  help  8008787323 Hello\n Login MENU Browse New Arrivals Bestsellers Featured Preorders Award Winners Audio Books See All Subjects Used Staff Picks Staff Picks Picks of the Month Bookseller Displays 50 Books for 50 Years 25 Best 21st Century SciFi  Fantasy 25 PNW Books to Read Before You Die 25 Books From the 21st Century 25 Memoirs to Read Before You Die 25 Global Books to Read Before You Die 25 Women to Read Before You Die 25 Books to Read Before You Die Gifts Gift Cards  eGift Cards Powells Souvenirs Journals and Notebooks socks Games Sell Books Blog Events Find A Store Dont Miss BIG SALE 20 off sitewide Picks of the Season What Im Giving Great Gifts Under 25 Best Books of 2022 Powells Author Events Oregon Battle of the Books Audio Books Visit Our Stores Powells Books 14 Gift Ideas From 14 of Our Favorite Authors 0 comment Every year Powells reaches out to some of our favorite authors for some muchneeded giftgiving inspiration Below are 14 writerapproved recommendations to help you find the perfect book for even your mostdifficulttobuyfor loved one Read More  Powells Staff Best Books of 2022 Fiction 1 comment Kelsey Ford 6 Haunting Native American Horror Books 1 comment 1 LOCOK 1 LOCOK LOCCancel 1 LOCOK LOCCancel The Complete Persepolis by Marjane Satrapi Comment on this title Synopses  Reviews ISBN13 9780375714832 ISBN10 0375714839 Condition Standard All Product Details View Larger Image View Larger Images 1795 List Price 2700 Used Trade Paperback Ships in 1 to 3 days Qty Store 8 Burnside 2 Cedar Hills Staff Pick Marjane Satrapis Persepolis is a truelife account of childhood against the backdrop of radicalizing Iran Satrapi doesnt shy away from depicting the brutal stark truths of the Islamic Revolution and the ensuing IranIraq War but just as powerful are the moments of a young girl growing the warm touches on her life by her family her embattled relationship with the faith shes grown up with the terrible recklessness of asserting her identity in a fundamentalism regime For me this read was as impactful as Anne Franks Diary of a Young Girl  In a time of outspoken Islamophobia Persepolis is an essential read Recommended By Miranda G Powellscom Synopses  Reviews Publisher Comments Here in one volume Marjane Satrapis bestselling internationally acclaimed memoirincomicstrips Persepolis is the story of Satrapis unforgettable childhood and coming of age within a large and loving family in Tehran during the Islamic Revolution of the contradictions between private life and public life in a country plagued by political upheaval of her high school years in Vienna facing the trials of adolescence far from her family of her homecomingboth sweet and terrible and finally of her selfimposed exile from her beloved homeland It is the chronicle of a girlhood and adolescence at once outrageous and familiar a young life entwined with the history of her country yet filled with the universal trials and joys of growing up Edgy searingly observant and candid often heartbreaking but threaded throughout with raw humor and hardearned wisdom Persepolis is a stunning work from one of the most highly regarded singularly talented graphic artists at work today Review A brilliant and unusual graphic memoir    Told in a guileless voice    accompanied by a series of blackandwhite drawings that dramatically illustrate how a repressive regime deforms ordinary lives Vogue Review A dazzlingly singular achievement    Striking a perfect balance between the fantasies and neighborhood conspiracies of childhood and the mounting lunacy of Khomeinis reign shes like the Persian love child of Spiegelman and Lynda Barry Salon Review A memoir of growing up as a girl in revolutionary Iran Persepolis provides a unique glimpse into a nearly unknown and unreachable way of life That Satrapi chose to tell her remarkable story as a gorgeous comic book makes it totally unique and indispensable Time About the Author Marjane Satrapi was born in Rasht Iran She now lives in Paris where she is a regular contributor to magazines and newspapers throughout the world including The New Yorker and The New York Times  She is the author of Persepolis  Persepolis 2  Embroideries  Chicken with Plums  and several childrens books She cowrote and codirected the animated feature film version of Persepolis  which was nominated for an Academy Award for Best Animated Feature Her most recent film was The Voices with Ryan Reynolds 2014 49 7 What Our Readers Are Saying Share your thoughts on this title Average customer rating 49 7 comments  15angie27  October 22 2014 I am not usually into graphic novels but this was no ordinary graphic novel It was a masterpiece It was humorous and serious solemn and joyful It was much better than your average graphic novel it was relatable It makes you think about everything you did as a child It reminds you of when you did some unwise things and when you listened in on your parents conversations and most of all had fun with your friends This book is a memoir about Marjane Satrapi and her life as a child growing up in Iran during and after the Islamic Revolution Was this comment helpful  Yes  No 3 of 5 readers found this comment helpful report this\ncomment  charlesg  January 10 2011 An engaging and open view from one girls perspective of life in postrevolution Iran The choice of a graphic novel format works well with the central character and the tone of this story This book is revealing on a personal level as well as an historical one It offers a window on the hardships of war and on the continuing struggle for democracy and civil rights in Iran Was this comment helpful  Yes  No 3 of 5 readers found this comment helpful report this\ncomment  TonyC  January 19 2010 view all comments by TonyC An excellent graphic novel and a nice place to start for people new to this modern genre of storytelling Marjane Satrapi does a wonderful job blending her illustrations with her writing to really express the feelings and the emotion of growing up in the middle of the violent struggles of the Iranian revolution and the aftermath An excellent case study for people that might be interested in learning more about the crafting of modern graphic novels or just learning about a part of the world very outside of the experience of most Was this comment helpful  Yes  No 6 of 8 readers found this comment helpful report this\ncomment  melissa stenstrom  January 01 2010 Marjane Satrapi has an excellent ability to not only tell a story but to make it visually memorable Was this comment helpful  Yes  No 1 of 1 readers found this comment helpful report this\ncomment  JMStargazer  January 01 2010 Beautiful moving story this is my favorite book Was this comment helpful  Yes  No 1 of 2 readers found this comment helpful report this\ncomment  Shoshana  July 18 2008 view all comments by Shoshana This is fascinating reading in a week where Iran is conducting missile tests Like Bechdels Fun Home this memoirincartoons begins in the narrators girlhood and takes the reader through her young womanhood Satrapi describes the Iranian revolution through a childs eyesthat is personal concerns often supersede political knowledge As the threat of fundamentalism grows Satrapis parents send her to Europe after what sounds like a miserable adolescence she returns to Iran Where Bechdels drawings are black lines on a white ground Satrapi often works with white lines on a primarily black background This contributes an atmospheric weight to her story especially when all the men are dressed in black and the women are veiled Some reviewers are unhappy with the middle European section where Satrapi is a depressed potsmoking pseudoanarchist I thought it served as an excellent surreal foil for the equally surreal Iranian portions of the narrative that frame it Was this comment helpful  Yes  No 3 of 7 readers found this comment helpful report this\ncomment  Booklover429  February 07 2008 Forget everything you think you know about Iran Iranians and the Iranian revolution The author of this page turning graphic novel was a young girl growing up in westernized secular Iran under the Shah when revolution broke out Unfortunately power was ultimately seized by Islamic extremists and wearing a veil for women became mandatory women could not go outside with a man who she was not related to parties and alcohol were no longer allowed and the repression under the new regime was far worse than under the old Womens rights were set back centuries The authors parents sent her to Europe to be safe and free but being only 14 and alone Ms Satrapi did not know how to handle freedom and the sexual revolution so foreign to her own upbringing and culture I learned so much from this book it is a must read if for nothing else to learn that these people from the Axis of Evil are human beings like the rest of us The graphics are excellent the story riveting you will not be able to put this book down It has been made into a movie If you have read the graphic novel Maus which won the Pulitzer prize this book is on the same level and will haunt you in the same way Was this comment helpful  Yes  No 11 of 21 readers found this comment helpful report this\ncomment View all 7 comments Product Details ISBN 9780375714832 Binding Trade Paperback Publication date 10302007 Publisher PENGUIN RANDOM HOUSE Series info Persepolis Pages 341 Height 100IN Width 602IN Thickness 100 Number of Units 12 Illustration Yes Copyright Year 2007 UPC Code 2800375714834 Author Marjane Satrapi Media Run Time B Subject Personal Memoirs Subject BiographyWomen Subject Satrapi Marjane 1795 List Price 2700 Used Trade Paperback Ships in 1 to 3 days Qty Store 8 Burnside 2 Cedar Hills More copies of this ISBN New Trade Paperback 2700 Used Trade Paperback Starting from 1850 1 LOCOK 1 LOCOK LOCCancel 1 LOCOK LOCCancel 1 LOCOK 1 LOCOK LOCCancel 1 LOCOK LOCCancel 1 LOCOK 1 LOCOK LOCCancel 1 LOCOK LOCCancel 1 LOCOK 1 LOCOK LOCCancel 1 LOCOK LOCCancel Help Guarantee My Account Careers About Us Security Wish List Partners Contact Us Shipping Transparency ACT MRF Sitemap  2022 POWELLSCOM Terms 1 LOCOK 1 LOCOK LOCCancel 1 LOCOK LOCCancel 1 LOCOK 1 LOCOK LOCCancel 1 LOCOK LOCCancel 1 LOCOK 1 LOCOK LOCCancel 1 LOCOK LOCCancel 1 LOCOK 1 LOCOK LOCCancel 1 LOCOK LOCCancel"}