{"Title": " Humphrey 01 World According to Humphrey ", "Author": "Betty G Birney", "Cover Page": "https://powells-covers-2.s3.amazonaws.com/9780142403525.jpg", "ISBN10": "0142403520  \n", "ISBN13": "9780142403525", "Page URL": "https://powells.com/book/-9780142403525", "raw_text": "Humphrey 01 World According to Humphrey Betty G Birney Trade Paperback 9780142403525 Powells Books Cart   my account  wish list  help  8008787323 Hello\n Login MENU Browse New Arrivals Bestsellers Featured Preorders Award Winners Audio Books See All Subjects Used Staff Picks Staff Picks Picks of the Month Bookseller Displays 50 Books for 50 Years 25 Best 21st Century SciFi  Fantasy 25 PNW Books to Read Before You Die 25 Books From the 21st Century 25 Memoirs to Read Before You Die 25 Global Books to Read Before You Die 25 Women to Read Before You Die 25 Books to Read Before You Die Gifts Gift Cards  eGift Cards Powells Souvenirs Journals and Notebooks socks Games Sell Books Blog Events Find A Store Dont Miss BIG SALE 20 off sitewide Picks of the Season What Im Giving Great Gifts Under 25 Best Books of 2022 Powells Author Events Oregon Battle of the Books Audio Books Visit Our Stores Powells Books 14 Gift Ideas From 14 of Our Favorite Authors 0 comment Every year Powells reaches out to some of our favorite authors for some muchneeded giftgiving inspiration Below are 14 writerapproved recommendations to help you find the perfect book for even your mostdifficulttobuyfor loved one Read More  Powells Staff Best Books of 2022 Fiction 1 comment Kelsey Ford 6 Haunting Native American Horror Books 1 comment 1 LOCOK 1 LOCOK LOCCancel 1 LOCOK LOCCancel Humphrey 01 World According to Humphrey by Betty G Birney Comment on this title Synopses  Reviews Read an Excerpt ISBN13 9780142403525 ISBN10 0142403520 Condition Standard All Product Details View Larger Image View Larger Images 450 List Price 699 Used Trade Paperback Ships in 1 to 3 days Qty Store 3 Cedar Hills Synopses  Reviews Publisher Comments Its the HAPPYHAPPYHAPPY holidays The holidays are coming and Humphrey is unsqueakably excited He loves to hear about all the different ways his friends in Room 26 celebrate and to watch them make costumes and learn songs for the Winter Wonderland pageant He even squeaks along But with so much to do will the holidays go according to plan DoItNowDaniel is having trouble practicing HelpfulHolly cant stop worrying about making presents for her friends and Humphrey still has to find a gift for Og Good thing Humphrey is one smart hamster who can help them all fill the season with JOYJOYJOY Nominated for twentyfour state awards and the winner of seven the Humphrey series is a hit across the country And hes becoming a one schoolone book favorite Review A likable hamster narrates this novel for newly independent readersBirney succeeds in developing the animals character without the narrative becoming too cute or contrived Humphreys views underscore the importance of knowing the full story before making judgments and his presence makes a positive difference in the lives of the people he meets All in all a winning book that will appeal to children who like tales about animals school life and friendship School Library Journal The story deftly avoids triteness while still feeling breezy and acknowledging deeply felt troubles such as Mrs Brisbanes husbands depression The petcare tips punctuating each chapter would benefit any youngster thinking about getting a hamster but for everyone else this read is simply goodgoodgood Kirkus Reviews Review and160 andquotA riproaring tale even rodent haters will have to like Malcolmandquotandmdash Kirkus andquotEscapades humor and romance weave together in this madcap elementary school adventure    A firstrate debutandquotandmdash Publishers Weekly andquotThis creaturefeature leavens spookiness with healthy doses of whimsyandquotandmdash Booklist andquotMalcolm is thoroughly likable    a good choice for younger students who are reading above grade level yet arenand39t quite ready for heavier emotional or thematic contentandquotandmdash School Library Journal Synopsis A substitute teacher brings a hamster named Humphrey to school Told from the hamsters perspective Humphrey explains what you can learn about yourself by taking care of another species Synopsis The first book in the series about everyones favorite classroom pet You can learn a lot about life by observing another species Thats what Humphrey was told when he was first brought to Room 26 And boy is it true In addition to having FUNFUNFUN in class each weekend this amazing hamster gets to sleep over with a different student like LowerYourVoiceAJ and SpeakUpSayeh Soon Humphrey learns to read write and even shoot rubber bands only in selfdefense of course With lots of friends to help adventures to enjoy and a cage with a lockthatdoesnt lock Humphreys life is almost perfect If only the teacher Mrs Brisbane wasnt out to get him Boys and girls cant help falling in love with Humphrey Synopsis An activity book full of games puzzles jokes and more with Humphrey everyones favorite classroom pet Humphrey has learned a lot from being the classroom hamster in Room 26 at Longfellow School And although he loves having amazing adventures in and out of his cage hes also quite good at solving puzzles and telling the most hilarious jokes In fact hes put together this whole book of his favorite games brain teasers and jokes\u00a0for everyone who thinks they can be as smart\u00a0or as funny as a hamster Come and have some FUNFUNFUN with everyones favorite classroom pet Nominated for twentyfour state awards and the winner of seven the Humphrey series is a hit across the country And hes becoming a one schoolone book favorite Synopsis A fact book about animals and pet care hosted by Humphrey everyones favorite classroom pet This nonfiction companion to the bestselling Humphrey series teaches readers all about animals and pet care Filled with great facts about a variety of different animals this book serves as a fun introduction to anyone interested in taking care of a pet Also featured are cool tips trivia activities and of course Humphrey himself to lead the way through it all Nominated for twentyfour state awards and the winner of seven the Humphrey series is a hit across the country And hes becoming a one schoolone book favorite Synopsis A rat a missing iguana and a mystery all converge in this funny andand160heartwarming middle grade novel illustrated by New York Times bestseller Brian Lies Synopsis When Malcolm the rat arrives as the pet at McKenna School he revels in the attention He also meets the Midnight Academy a secret society of classroom pets that keeps the nutters kids safe Thereand8217s just one problemand8230rats have a terrible reputation So when the Academyand8217s iguana leader is kidnapped Malcolm must prove his innocenceand8212and that even rats can be good guys Illustrated by Brian Lies of Bats at the Beach  this engaging middlegrade novel will have readers rooting for Malcolm as they try to solve the mystery alongside him About the Author andnbspandnbspandnbspandnbspandnbspWH Beck isandnbspboth an author of childrenand39s books and a librarian Sheandnbspgrew up in Wisconsin the oldest of four As a kid her dad always teased thatandnbspshe would be a librarian someday She read all the timeandmdashwalking home from school while brushing her teeth under the table at dinnertime and under the covers at night And sure enough after earning an elementary teaching degree from the University of Wisconsinandnbspshe went on to get a masterandrsquos degree in information studies from the University of WisconsinMilwaukee She still lives and reads in Wisconsin and shares a home and books withandnbspher husband two sons andandnbspa big black dog andnbsp What Our Readers Are Saying Be the first to share your thoughts on this title Product Details ISBN 9780142403525 Binding Trade Paperback Publication date 05052005 Publisher PENGUIN PUTNAM TRADE Series info Humphrey Quality Pages 144 Height 40IN Width 500IN Thickness 50 Series Humphrey Series Number 1 Age Range 8 to 12 Grade Range 3 to 7 Number of Units 1 Copyright Year 2004 Series Volume 1 UPC Code 2800142403527 Author Betty G Birney Author W H Beck Author Brian Lies Author Betty G Birney Author National Geographic Learning Subject Pets Subject Children sAdventure Stories Subject Childrens 912  Fiction  General Subject Schools Subject Hamsters as pets 450 List Price 699 Used Trade Paperback Ships in 1 to 3 days Qty Store 3 Cedar Hills More copies of this ISBN New Trade Paperback 699 Used Trade Paperback 495 This title in other editions Used Book Club Paperback Starting from 250 1 LOCOK 1 LOCOK LOCCancel 1 LOCOK LOCCancel 1 LOCOK 1 LOCOK LOCCancel 1 LOCOK LOCCancel 1 LOCOK 1 LOCOK LOCCancel 1 LOCOK LOCCancel 1 LOCOK 1 LOCOK LOCCancel 1 LOCOK LOCCancel Help Guarantee My Account Careers About Us Security Wish List Partners Contact Us Shipping Transparency ACT MRF Sitemap  2022 POWELLSCOM Terms 1 LOCOK 1 LOCOK LOCCancel 1 LOCOK LOCCancel 1 LOCOK 1 LOCOK LOCCancel 1 LOCOK LOCCancel 1 LOCOK 1 LOCOK LOCCancel 1 LOCOK LOCCancel 1 LOCOK 1 LOCOK LOCCancel 1 LOCOK LOCCancel"}