{"Title": " A Reference Grammar of Wappo: Volume 138 ", "Author": "Sandra A. Thompson", "Cover Page": "https://powells-covers-2.s3.amazonaws.com/9780520098541.jpg", "ISBN10": "0520098544  \n", "ISBN13": "9780520098541", "Page URL": "https://powells.com/book/a-reference-grammar-of-wappo-9780520098541", "raw_text": "Reference Grammar Of Wappo Sandra Thompson Trade Paperback 9780520098541 Powells Books Cart   my account  wish list  help  8008787323 Hello\n Login MENU Browse New Arrivals Bestsellers Featured Preorders Award Winners Audio Books See All Subjects Used Staff Picks Staff Picks Picks of the Month Bookseller Displays 50 Books for 50 Years 25 Best 21st Century SciFi  Fantasy 25 PNW Books to Read Before You Die 25 Books From the 21st Century 25 Memoirs to Read Before You Die 25 Global Books to Read Before You Die 25 Women to Read Before You Die 25 Books to Read Before You Die Gifts Gift Cards  eGift Cards Powells Souvenirs Journals and Notebooks socks Games Sell Books Blog Events Find A Store Dont Miss BIG SALE 20 off sitewide Picks of the Season What Im Giving Great Gifts Under 25 Best Books of 2022 Powells Author Events Oregon Battle of the Books Audio Books Visit Our Stores Powells Books 14 Gift Ideas From 14 of Our Favorite Authors 0 comment Every year Powells reaches out to some of our favorite authors for some muchneeded giftgiving inspiration Below are 14 writerapproved recommendations to help you find the perfect book for even your mostdifficulttobuyfor loved one Read More  Powells Staff Best Books of 2022 Fiction 1 comment Kelsey Ford 6 Haunting Native American Horror Books 1 comment 1 LOCOK 1 LOCOK LOCCancel 1 LOCOK LOCCancel A Reference Grammar of Wappo Volume 138 by Sandra A Thompson and Joseph SungYul Park and Charles N Li Comment on this title Synopses  Reviews ISBN13 9780520098541 ISBN10 0520098544 All Product Details View Larger Image View Larger Images 7060 New Trade Paperback Available at a Remote Warehouse Ships separately from other items Additional shipping charges may apply Not available for In Store Pickup More Info Qty Store 20 Remote Warehouse Synopses  Reviews Publisher Comments Wappo is an indigenous language generally regarded as a language isolate which was once spoken in the Russian River Valley just north of San Francisco California This reference grammar is based on the speech of Laura Fish Somersal its last fluent speaker who died in 1990 and represents the most extensive data and grammatical research ever done on this language The grammar focuses on morphosyntax particularly nominal verbal and clausal structures and clause combining patterns from a functionaltypological perspective About the Author Sandra A Thompson and Charles N Li are Professors of Linguistics at the University of California at Santa Barbara Joseph SungYul Park is an Assistant Professor of English at the National University of Singapore What Our Readers Are Saying Be the first to share your thoughts on this title Product Details ISBN 9780520098541 Binding Trade Paperback Publication date 06052006 Publisher University of California Press Series info University of California Publications in Linguistics Language English Pages 190 Height 50IN Width 700IN LCCN 2006009145 Series University of California Publications in Linguisti Series Number 138 Number of Units 1 Copyright Year 2006 Series Volume 138 UPC Code 2800520098543 Author Sandra Thompson Author Charles N Li Author Joseph SungYul Park Author Sandra A Thompson Author Joseph Sung Park Subject Wappo dialect  Grammar Subject Wappo dialect Subject Foreign LanguagesNative American 7060 New Trade Paperback Available at a Remote Warehouse Ships separately from other items Additional shipping charges may apply Not available for In Store Pickup More Info Qty Store 20 Remote Warehouse Receive an email when this ISBN is available used 1 LOCOK 1 LOCOK LOCCancel 1 LOCOK LOCCancel 1 LOCOK 1 LOCOK LOCCancel 1 LOCOK LOCCancel 1 LOCOK 1 LOCOK LOCCancel 1 LOCOK LOCCancel 1 LOCOK 1 LOCOK LOCCancel 1 LOCOK LOCCancel Help Guarantee My Account Careers About Us Security Wish List Partners Contact Us Shipping Transparency ACT MRF Sitemap  2022 POWELLSCOM Terms 1 LOCOK 1 LOCOK LOCCancel 1 LOCOK LOCCancel 1 LOCOK 1 LOCOK LOCCancel 1 LOCOK LOCCancel 1 LOCOK 1 LOCOK LOCCancel 1 LOCOK LOCCancel 1 LOCOK 1 LOCOK LOCCancel 1 LOCOK LOCCancel"}