{"Title": " Tao of Bill Murray Real Life Stories of Joy Enlightenment & Party Crashing ", "Author": "Gavin Edwards", "Cover Page": "https://powells-covers-2.s3.amazonaws.com/9780812998702.jpg", "ISBN10": "0812998707  \n", "ISBN13": "9780812998702", "Page URL": "https://powells.com/book/tao-of-bill-murray-real-life-stories-of-joy-enlightenment-party-crashing-9780812998702", "raw_text": "Tao of Bill Murray Real Life Stories of Joy Enlightenment  Party Crashing Gavin Edwards Hardcover 9780812998702 Powells Books Cart   my account  wish list  help  8008787323 Hello\n Login MENU Browse New Arrivals Bestsellers Featured Preorders Award Winners Audio Books See All Subjects Used Staff Picks Staff Picks Picks of the Month Bookseller Displays 50 Books for 50 Years 25 Best 21st Century SciFi  Fantasy 25 PNW Books to Read Before You Die 25 Books From the 21st Century 25 Memoirs to Read Before You Die 25 Global Books to Read Before You Die 25 Women to Read Before You Die 25 Books to Read Before You Die Gifts Gift Cards  eGift Cards Powells Souvenirs Journals and Notebooks socks Games Sell Books Blog Events Find A Store Dont Miss BIG SALE 20 off sitewide Picks of the Season What Im Giving Great Gifts Under 25 Best Books of 2022 Powells Author Events Oregon Battle of the Books Audio Books Visit Our Stores Powells Books 14 Gift Ideas From 14 of Our Favorite Authors 0 comment Every year Powells reaches out to some of our favorite authors for some muchneeded giftgiving inspiration Below are 14 writerapproved recommendations to help you find the perfect book for even your mostdifficulttobuyfor loved one Read More  Powells Staff Best Books of 2022 Fiction 1 comment Kelsey Ford 6 Haunting Native American Horror Books 1 comment 1 LOCOK 1 LOCOK LOCCancel 1 LOCOK LOCCancel Tao of Bill Murray Real Life Stories of Joy Enlightenment  Party Crashing by Gavin Edwards Comment on this title Synopses  Reviews ISBN13 9780812998702 ISBN10 0812998707 Condition Standard All Product Details View Larger Image View Larger Images 1250 List Price 2699 Used Hardcover Ships in 1 to 3 days Qty Store 1 Cedar Hills Synopses  Reviews Synopsis This collection of the most epic hilarious and strange Bill Murray stories many of which have never before been reported spotlights the star s extraordinary ability to infuse the everyday with surprise absurdity and wonder No one will ever believe you New York Times bestselling author Gavin Edwards like the rest of us has always been fascinated with Bill Murray in particular the beloved actor s adventures offscreen which rival his filmography for sheer entertainment value Edwards traveled to the places where Murray has lived worked and partied in search of the most outrageous and hilarious Bill Murray stories from the past four decades many of which have never before been reported Bill once paid a child five dollars to ride his bike into a swimming pool The star convinced Harvard s JV women s basketball team to play with him in a private game of hoops Many of these surreal encounters ended with Bill whispering No one will ever believe you into a stranger s ear But The Tao of Bill Murray is more than just a collection of wacky anecdotes This volume puts the actor s public clowning into a larger context as Edwards distills Murray s unique way of being into a set of guiding principles A sideways mix of comedy and philosophy full of photo bombs latenight party crashes and movieset antics this is the perfect book for anyone who calls themselves a Bill Murray fan which is to say everyone Advance praise for The Tao of Bill Murray If you are among the multitudes who have a Bill Murray story viz I was in the airport bar and who sat down next to me but Bill Murray  The Tao of Bill Murray will speak to you Elle Reading The Tao of Bill Murray is likespending time with Bill but probably safer Danny Rubin screenwriter of Groundhog Day When confronted by life s challenges and opportunities we should all be asking ourselves What would Bill Murray do This book actually has the answers Jay Duplass writer director actor fan of Bill Murray As much as I love Gavin Edwards s wonderful The Tao of Bill Murray I can t help but feel sad that Bill Murray has never covered my eyes on a street corner Moby A funny affectionate portrait    Edwards skillfully weaves together many wellknown and entirely new anecdotes from throughout Murray scareer that capture him at the height of his power Murray is an endless delight and his knack for bons mots and non sequiturs will keep readers laughing before revealing an unexpectedly poignant vision for happiness    A fun and revealing look behind the charm and mythos of Bill Murray that will only strengthen his legend Kirkus Reviews Bill Murray seems to have shambled stumbled joked surprised partycrashed and acted his way to the Tao However he got there we re all better off for him having demonstrated his unique way Gary Dudney author of The Tao of Running Capturing the spirit of a man who actively defies logic is like chasing a mustang through the desert in your skivvies Luckily Edwards had some help In this rowdy little book he collects potent tales from people who experienced something strange and intangible the zany antics of a trickster whose improvisation skills on stage and screen are nothing compared to his sometimes gallant sometimes ridiculous always dauntless improvisations with life Linda Kohanov author of The Tao of Equus  Synopsis Reading The Tao of Bill Murray is like spending time with Bill but probably safer Danny Rubin screenwriter of Groundhog Day This collection of the most epic hilarious and strange Bill Murray stories many of which have never before been reported spotlights the stars extraordinary ability to infuse the everyday with surprise absurdity and wonder No one will ever believe you New York Times bestselling author Gavin Edwards like the rest of us has always been fascinated with Bill Murrayin particular the beloved actors adventures offscreen which rival his filmography for sheer entertainment value Edwards traveled to the places where Murray has lived worked and partied in search of the most outrageous and hilarious Bill Murray stories from the past four decades many of which have never before been reported Bill once paid a child five dollars to ride his bike into a swimming pool The star convinced Harvards JV womens basketball team to play with him in a private game of hoops Many of these surreal encounters ended with Bill whispering No one will ever believe you into a strangers ear But The Tao of Bill Murray is more than just a collection of wacky anecdotes This volume puts the actors public clowning into a larger context as Edwards distills Murrays unique way of being into a set of guiding principles A sideways mix of comedy and philosophy full of photo bombs latenight party crashes and movieset antics this is the perfect book for anyone who calls themselves a Bill Murray fanwhich is to say everyone Praise for The Tao of Bill Murray When confronted by lifes challenges and opportunities we should all be asking ourselves What would Bill Murray do This book actually has the answers Jay Duplass writer director actor fan of Bill Murray  Gavin Edwards captures Murrays enigmatic comic genius  The Washington Post Ribtickling  Newsday If you are among the multitudes who have a Bill Murray story viz I was in the airport bar and who sat down next to me but Bill Murray The Tao of Bill Murray will speak to you  Elle Murray is an endless delight and his knack for bons mots and non sequiturs will keep readers laughing before revealing an unexpectedly poignant vision for happiness    A fun and revealing look behind the charm and mythos of Bill Murray that will only strengthen his legend  Kirkus Reviews This book is bursting with anecdotes that underline Murrays unconventional and funloving life    Murrays fans are sure to savor it and walk away with a deeper appreciation of the actor and his work  Publishers Weekly starred review I just cant fathom how anyone could not like the man He lives as much as possible by his own rules this is a guy who doesnt buy roundtrip airline tickets because he prefers to make decisions on the fly That old question of the three people youd most like to have dinner with Id pick Bill Murray and leave the other two chairs empty just to see who he pulls over to join us    You will love The Tao of Bill Murray  Period  GeekDad A hilarious readoccasionally heartwarming sometimes headscratching    Sure to please Murray fans  Library Journal Synopsis The perfect graduation gift for the Bill Murray fan in all of us this epic collection of Bill Murray storiesmany reported for the first time heredistills a set of guiding principles out of his extraordinary ability to infuse the everyday with surprise absurdity and wonder No one will ever believe you New York Times bestselling author Gavin Edwards like the rest of us has always been fascinated with Bill Murrayin particular the beloved actors adventures offscreen which rival his filmography for sheer entertainment value Edwards traveled to the places where Murray has lived worked and partied in search of the most outrageous and hilarious Bill Murray stories from the past four decades many of which have never before been reported Bill once paid a child five dollars to ride his bike into a swimming pool The star convinced Harvards JV womens basketball team to play with him in a private game of hoops Many of these surreal encounters ended with Bill whispering No one will ever believe you into a strangers ear But The Tao of Bill Murray is more than just a collection of wacky anecdotes A sideways mix of comedy and philosophy full of photo bombs latenight party crashes and movieset antics this is the perfect book for anyone who calls themselves a Bill Murray fanwhich is to say everyone Praise for The Tao of Bill Murray When confronted by lifes challenges and opportunities we should all be asking ourselves What would Bill Murray do This book actually has the answers Jay Duplass writer director actor fan of Bill Murray  Gavin Edwards captures Murrays enigmatic comic genius  The Washington Post Ribtickling  Newsday If you are among the multitudes who have a Bill Murray story viz I was in the airport bar and who sat down next to me but Bill Murray The Tao of Bill Murray will speak to you  Elle Murray is an endless delight and his knack for bons mots and non sequiturs will keep readers laughing before revealing an unexpectedly poignant vision for happiness    A fun and revealing look behind the charm and mythos of Bill Murray that will only strengthen his legend  Kirkus Reviews This book is bursting with anecdotes that underline Murrays unconventional and funloving life    Murrays fans are sure to savor it and walk away with a deeper appreciation of the actor and his work  Publishers Weekly starred review I just cant fathom how anyone could not like the man He lives as much as possible by his own rules this is a guy who doesnt buy roundtrip airline tickets because he prefers to make decisions on the fly That old question of the three people youd most like to have dinner with Id pick Bill Murray and leave the other two chairs empty just to see who he pulls over to join us    You will love The Tao of Bill Murray  Period  GeekDad A hilarious readoccasionally heartwarming sometimes headscratching    Sure to please Murray fans  Library Journal What Our Readers Are Saying Be the first to share your thoughts on this title Product Details ISBN 9780812998702 Binding Hardcover Publication date 09202016 Publisher PENGUIN RANDOM HOUSE Pages 368 Height 110IN Width 560IN Illustration Yes Author Gavin Edwards Author Gavin Edwards Author R Sikoryak 1250 List Price 2699 Used Hardcover Ships in 1 to 3 days Qty Store 1 Cedar Hills More copies of this ISBN New Hardcover 2600 Used Hardcover 1395 1 LOCOK 1 LOCOK LOCCancel 1 LOCOK LOCCancel 1 LOCOK 1 LOCOK LOCCancel 1 LOCOK LOCCancel 1 LOCOK 1 LOCOK LOCCancel 1 LOCOK LOCCancel 1 LOCOK 1 LOCOK LOCCancel 1 LOCOK LOCCancel Help Guarantee My Account Careers About Us Security Wish List Partners Contact Us Shipping Transparency ACT MRF Sitemap  2022 POWELLSCOM Terms 1 LOCOK 1 LOCOK LOCCancel 1 LOCOK LOCCancel 1 LOCOK 1 LOCOK LOCCancel 1 LOCOK LOCCancel 1 LOCOK 1 LOCOK LOCCancel 1 LOCOK LOCCancel 1 LOCOK 1 LOCOK LOCCancel 1 LOCOK LOCCancel"}