{"Title": " Glass Menagerie ", "Author": "Tennessee Williams", "Cover Page": "https://covers.powells.com/9780822204503.jpg", "ISBN10": "0822204509  \n", "ISBN13": "9780822204503", "Page URL": "https://powells.com/book/glass-menagerie-9780822204503", "raw_text": "Glass Menagerie Tennessee Williams Trade Paperback 9780822204503 Powells Books Cart   my account  wish list  help  8008787323 Hello\n Login MENU Browse New Arrivals Bestsellers Featured Preorders Award Winners Audio Books See All Subjects Used Staff Picks Staff Picks Picks of the Month Bookseller Displays 50 Books for 50 Years 25 Best 21st Century SciFi  Fantasy 25 PNW Books to Read Before You Die 25 Books From the 21st Century 25 Memoirs to Read Before You Die 25 Global Books to Read Before You Die 25 Women to Read Before You Die 25 Books to Read Before You Die Gifts Gift Cards  eGift Cards Powells Souvenirs Journals and Notebooks socks Games Sell Books Blog Events Find A Store Dont Miss BIG SALE 20 off sitewide Picks of the Season What Im Giving Great Gifts Under 25 Best Books of 2022 Powells Author Events Oregon Battle of the Books Audio Books Visit Our Stores Powells Books 14 Gift Ideas From 14 of Our Favorite Authors 0 comment Every year Powells reaches out to some of our favorite authors for some muchneeded giftgiving inspiration Below are 14 writerapproved recommendations to help you find the perfect book for even your mostdifficulttobuyfor loved one Read More  Powells Staff Best Books of 2022 Fiction 1 comment Kelsey Ford 6 Haunting Native American Horror Books 1 comment 1 LOCOK 1 LOCOK LOCCancel 1 LOCOK LOCCancel Glass Menagerie by Tennessee Williams Comment on this title ISBN13 9780822204503 ISBN10 0822204509 Condition Standard All Product Details View Larger Image View Larger Images 495 List Price 900 Used Trade Paperback Ships in 1 to 3 days Qty Store 1 Hawthorne What Our Readers Are Saying Be the first to share your thoughts on this title Product Details ISBN 9780822204503 Binding Trade Paperback Publication date 10011948 Publisher DRAMATISTS PLAY SERVICE Pages 70 Height 800 Width 550 Thickness 50 Number of Units 1 Series Volume no 17 UPC Code 2800822204505 Author Tennessee Williams Author Tennessee Williams Subject DramaAmerican Anthology 495 List Price 900 Used Trade Paperback Ships in 1 to 3 days Qty Store 1 Hawthorne More copies of this ISBN Used Trade Paperback 695 This title in other editions New Trade Paperback 1295 Used Mass Market 495 Used Trade Paperback Starting from 395 1 LOCOK 1 LOCOK LOCCancel 1 LOCOK LOCCancel 1 LOCOK 1 LOCOK LOCCancel 1 LOCOK LOCCancel 1 LOCOK 1 LOCOK LOCCancel 1 LOCOK LOCCancel 1 LOCOK 1 LOCOK LOCCancel 1 LOCOK LOCCancel Help Guarantee My Account Careers About Us Security Wish List Partners Contact Us Shipping Transparency ACT MRF Sitemap  2022 POWELLSCOM Terms 1 LOCOK 1 LOCOK LOCCancel 1 LOCOK LOCCancel 1 LOCOK 1 LOCOK LOCCancel 1 LOCOK LOCCancel 1 LOCOK 1 LOCOK LOCCancel 1 LOCOK LOCCancel 1 LOCOK 1 LOCOK LOCCancel 1 LOCOK LOCCancel"}