{"Title": " Cat Among the Pigeons A Play in Three Acts ", "Author": "Georges Feydeau", "Cover Page": "https://covers.powells.com/9780573606830.jpg", "ISBN10": "0573606838  \n", "ISBN13": "9780573606830", "Page URL": "https://powells.com/book/cat-among-the-pigeons-a-play-in-three-acts-9780573606830", "raw_text": "Cat Among the Pigeons  Georges Feydeau Trade Paperback 9780573606830 Powells Books Cart   my account  wish list  help  8008787323 Hello\n Login MENU Browse New Arrivals Bestsellers Featured Preorders Award Winners Audio Books See All Subjects Used Staff Picks Staff Picks Picks of the Month Bookseller Displays 50 Books for 50 Years 25 Best 21st Century SciFi  Fantasy 25 PNW Books to Read Before You Die 25 Books From the 21st Century 25 Memoirs to Read Before You Die 25 Global Books to Read Before You Die 25 Women to Read Before You Die 25 Books to Read Before You Die Gifts Gift Cards  eGift Cards Powells Souvenirs Journals and Notebooks socks Games Sell Books Blog Events Find A Store Dont Miss BIG SALE 20 off sitewide Picks of the Season What Im Giving Great Gifts Under 25 Best Books of 2022 Powells Author Events Oregon Battle of the Books Audio Books Visit Our Stores Powells Books 14 Gift Ideas From 14 of Our Favorite Authors 0 comment Every year Powells reaches out to some of our favorite authors for some muchneeded giftgiving inspiration Below are 14 writerapproved recommendations to help you find the perfect book for even your mostdifficulttobuyfor loved one Read More  Powells Staff Best Books of 2022 Fiction 1 comment Kelsey Ford 6 Haunting Native American Horror Books 1 comment 1 LOCOK 1 LOCOK LOCCancel 1 LOCOK LOCCancel Cat Among the Pigeons A Play in Three Acts by Georges Feydeau Comment on this title Synopses  Reviews ISBN13 9780573606830 ISBN10 0573606838 All Product Details View Larger Image View Larger Images 1460 New Trade Paperback Available at a Remote Warehouse Ships separately from other items Additional shipping charges may apply Not available for In Store Pickup More Info Qty Store 20 Remote Warehouse Synopses  Reviews Synopsis Farce Characters 13 male 7 female plus extras Multiple sets The lady has two lovers a neer do well who is secretly affianced to a Baroness daughter and a flamboyant Spanish general who challenges to a duel any man who comes near her An amateur composer who hopes the lady will sing his song places his card in a bouquet sent anonymously and thereby seals his fate the neer do well uses him to divert the generals flashing sword Meanwhile the neer do well is trapped in his skivvies outside his apartment When the cops come to arrest him for indecent exposure you can be sure it is the songwriter who goes to jail The comedy vibrates with farcical situations and extrications before the truth is revealed A triumph of ingenuity gaiety absurdity and laughter Daily Telegraph What Our Readers Are Saying Be the first to share your thoughts on this title Product Details ISBN 9780573606830 Binding Trade Paperback Publication date 11242010 Publisher SAMUEL FRENCH INC Pages 144 Height 31IN Width 500IN UPC Code 9780573606830 Author Georges Feydeau Author Feydeau Oth John Mortimer Subject DRAMA  General 1460 New Trade Paperback Available at a Remote Warehouse Ships separately from other items Additional shipping charges may apply Not available for In Store Pickup More Info Qty Store 20 Remote Warehouse Receive an email when this ISBN is available used 1 LOCOK 1 LOCOK LOCCancel 1 LOCOK LOCCancel 1 LOCOK 1 LOCOK LOCCancel 1 LOCOK LOCCancel 1 LOCOK 1 LOCOK LOCCancel 1 LOCOK LOCCancel 1 LOCOK 1 LOCOK LOCCancel 1 LOCOK LOCCancel Help Guarantee My Account Careers About Us Security Wish List Partners Contact Us Shipping Transparency ACT MRF Sitemap  2022 POWELLSCOM Terms 1 LOCOK 1 LOCOK LOCCancel 1 LOCOK LOCCancel 1 LOCOK 1 LOCOK LOCCancel 1 LOCOK LOCCancel 1 LOCOK 1 LOCOK LOCCancel 1 LOCOK LOCCancel 1 LOCOK 1 LOCOK LOCCancel 1 LOCOK LOCCancel"}