{"Title": " Mr Putter & Tabby Walk The Dog ", "Author": "Cynthia Rylant", "Cover Page": "https://covers.powells.com/9780152008918.jpg", "ISBN10": "0152008918  \n", "ISBN13": "9780152008918", "Page URL": "https://powells.com/book/mr-putter-tabby-walk-the-dog-9780152008918", "raw_text": "Mr Putter  Tabby Walk The Dog Cynthia Rylant Trade Paperback 9780152008918 Powells Books Cart   my account  wish list  help  8008787323 Hello\n Login MENU Browse New Arrivals Bestsellers Featured Preorders Award Winners Audio Books See All Subjects Used Staff Picks Staff Picks Picks of the Month Bookseller Displays 50 Books for 50 Years 25 Best 21st Century SciFi  Fantasy 25 PNW Books to Read Before You Die 25 Books From the 21st Century 25 Memoirs to Read Before You Die 25 Global Books to Read Before You Die 25 Women to Read Before You Die 25 Books to Read Before You Die Gifts Gift Cards  eGift Cards Powells Souvenirs Journals and Notebooks socks Games Sell Books Blog Events Find A Store Dont Miss BIG SALE 20 off sitewide Picks of the Season What Im Giving Great Gifts Under 25 Best Books of 2022 Powells Author Events Oregon Battle of the Books Audio Books Visit Our Stores Powells Books 14 Gift Ideas From 14 of Our Favorite Authors 0 comment Every year Powells reaches out to some of our favorite authors for some muchneeded giftgiving inspiration Below are 14 writerapproved recommendations to help you find the perfect book for even your mostdifficulttobuyfor loved one Read More  Powells Staff Best Books of 2022 Fiction 1 comment Kelsey Ford 6 Haunting Native American Horror Books 1 comment 1 LOCOK 1 LOCOK LOCCancel 1 LOCOK LOCCancel Mr Putter  Tabby Walk The Dog by Cynthia Rylant Comment on this title Synopses  Reviews ISBN13 9780152008918 ISBN10 0152008918 Condition Standard All Product Details View Larger Image View Larger Images 450 List Price 599 Used Trade Paperback Ships in 1 to 3 days Qty Store 1 Burnside 1 Cedar Hills Synopses  Reviews Review and8220Watercolorandink pictures squeeze every bit of life and humor out of the stories Solid fare for easyreading shelvesand8221 Booklist Synopsis When their neighbor Mrs Teaberry hurts her foot Mr Putter and his fine cat Tabby volunteer to walk her dog for a week They soon discover that Zeke isnt a dream dog after all He might even be    a nightmare After three days of Zekes tugging wrapping around trees and chasing other dogs how will Mr Putter and Tabby make it through the week Illustrator Arthur Howard captures their humorous predicament in lively watercolorandpencil illustrations Synopsis Mr Putter and his fine cat Tabby volunteer to walk their neighborand8217s dog They soon discover that Zeke isnand8217t a dream dog after all He might even be    a nightmare About the Author CYNTHIA RYLANT is a Newbery Medalist and the\u00a0author of many acclaimed books for young people Shes well known for her popular characters for early readers including Mr Putter  Tabby and Henry and Mudge She lives near Portland Oregon ARTHUR HOWARD created the lively illustrations for all of the Mr Putter  Tabby books and has\u00a0written and illustrated several picture books of his own He lives in New York City Table of Contents The lollypup  The nightmare  The dream dog Kids QA Read the Kids QA with Cynthia Rylant 5 1 What Our Readers Are Saying Share your thoughts on this title Average customer rating 5 1 comments  Reading teacher  August 05 2012 view all comments by Reading teacher I love all the Mr Putter and Tabby books but this is my absolute favorite Kids love them too The series is perfect for developing readers very readable yet have great story lines Cant go wrong with Cynthia Rylant Was this comment helpful  Yes  No report this\ncomment Product Details ISBN 9780152008918 Binding Trade Paperback Publication date 03301994 Publisher CLARION  MARINER Series info Mr Putter  Tabby Pages 44 Height 16IN Width 627IN Thickness 25 Series Mr Putter  Tabby Age Range 6 to 9 Grade Range 1 to 4 Number of Units 1 Illustration Yes Copyright Year 1994 Series Volume v 4 Author Cynthia Rylant Author Arthur Howard Illustrator Arthur Howard Author Arthur ILT Howard Author Cynthia Rylant Subject Old age Subject Cats Subject Dogs Subject Childrens 48  Fiction  General Subject Cats  Fiction Subject Children s humor Subject Old age  Fiction Subject Fiction Subject Dogs  Fiction Subject Childrens audiobooks 450 List Price 599 Used Trade Paperback Ships in 1 to 3 days Qty Store 1 Burnside 1 Cedar Hills More copies of this ISBN New Trade Paperback 599 1 LOCOK 1 LOCOK LOCCancel 1 LOCOK LOCCancel 1 LOCOK 1 LOCOK LOCCancel 1 LOCOK LOCCancel 1 LOCOK 1 LOCOK LOCCancel 1 LOCOK LOCCancel 1 LOCOK 1 LOCOK LOCCancel 1 LOCOK LOCCancel Help Guarantee My Account Careers About Us Security Wish List Partners Contact Us Shipping Transparency ACT MRF Sitemap  2022 POWELLSCOM Terms 1 LOCOK 1 LOCOK LOCCancel 1 LOCOK LOCCancel 1 LOCOK 1 LOCOK LOCCancel 1 LOCOK LOCCancel 1 LOCOK 1 LOCOK LOCCancel 1 LOCOK LOCCancel 1 LOCOK 1 LOCOK LOCCancel 1 LOCOK LOCCancel"}