{"Title": " Beautiful Boy A Fathers Journey Through His Sons Addiction ", "Author": "David Sheff", "Cover Page": "https://powells-covers-2.s3.amazonaws.com/9780547203881.jpg", "ISBN10": "0547203888  \n", "ISBN13": "9780547203881", "Page URL": "https://powells.com/book/beautiful-boy-a-fathers-journey-through-his-sons-addiction-9780547203881", "raw_text": "Beautiful Boy A Fathers Journey Through His Sons Addiction David Sheff Trade Paperback 9780547203881 Powells Books Cart   my account  wish list  help  8008787323 Hello\n Login MENU Browse New Arrivals Bestsellers Featured Preorders Award Winners Audio Books See All Subjects Used Staff Picks Staff Picks Picks of the Month Bookseller Displays 50 Books for 50 Years 25 Best 21st Century SciFi  Fantasy 25 PNW Books to Read Before You Die 25 Books From the 21st Century 25 Memoirs to Read Before You Die 25 Global Books to Read Before You Die 25 Women to Read Before You Die 25 Books to Read Before You Die Gifts Gift Cards  eGift Cards Powells Souvenirs Journals and Notebooks socks Games Sell Books Blog Events Find A Store Dont Miss BIG SALE 20 off sitewide Picks of the Season What Im Giving Great Gifts Under 25 Best Books of 2022 Powells Author Events Oregon Battle of the Books Audio Books Visit Our Stores Powells Books 14 Gift Ideas From 14 of Our Favorite Authors 0 comment Every year Powells reaches out to some of our favorite authors for some muchneeded giftgiving inspiration Below are 14 writerapproved recommendations to help you find the perfect book for even your mostdifficulttobuyfor loved one Read More  Powells Staff Best Books of 2022 Fiction 1 comment Kelsey Ford 6 Haunting Native American Horror Books 1 comment 1 LOCOK 1 LOCOK LOCCancel 1 LOCOK LOCCancel Beautiful Boy A Fathers Journey Through His Sons Addiction by David Sheff Comment on this title Synopses  Reviews ISBN13 9780547203881 ISBN10 0547203888 Condition Standard All Product Details View Larger Image View Larger Images 850 List Price 1699 Used Trade Paperback Ships in 1 to 3 days Qty Store 2 Burnside Synopses  Reviews Publisher Comments What had happened to my\nbeautiful boy To our family What did I do wrong Those are the\nwrenching questions that haunted David Sheffs journey through his son\nNics addiction to drugs and tentative steps toward recovery Before Nic\nbecame addicted to crystal meth he was a charming boy joyous and\nfunny a varsity athlete and honor student adored by his two younger\nsiblings After meth he was a trembling wraith who lied stole and\nlived on the streets David Sheff traces the first warning signs the\ndenial the three am phone calls  is it Nic the police the hospital\nHis preoccupation with Nic became an addiction in itself But as a\njournalist he instinctively researched every treatment that might save\nhis son And he refused to give up on Nic Review An excellent book that all parents can relate to whatever their childrens situation Library Journal Starred Review Review An honest hopeful book coming at a propitious moment in the meth epidemic Publishers Weekly Review Those of us who love an addict  or are addicts ourselves  will find Beautiful Boy a revelation Martin Sheen actor About the Author David Sheff is the author of several books including the 1 New York Times bestselling memoir Beautiful Boy  His writing has appeared in the New York Times  the New York Times Magazine  Rolling Stone  Playboy  Wired  and many other publications His ongoing research and reporting on the science of addiction earned him a place on Time magazines list of the Worlds Most Influential People\nSheff and his family live in the San Francisco Bay Area Visit David at\nDavidSheffcom and on Twitter david_sheff 46 7 What Our Readers Are Saying Share your thoughts on this title Average customer rating 46 7 comments  nmbsports11  March 22 2014 Beautiful Boy is a moving story that allows readers to relive David Sheffs nightmare of dealing with his sons addiction Beautiful Boy shines light on the painful reality of addiction and attempts to help those of us who have never dealt with such heartbreak understand the horror The book felt a bit redundant and hopeless with Nics multiple relapses Although it began to feel like I was reading the same story each chapter the loss of hope as a reader brings to life the pain that David Sheff and his family must have felt David Sheff includes multiple chapters containing research about Meth  Nics drug of choice Those few chapters made the book a bit dry and feel like an extensive research paper Definitely not a light read but worth picking up if you want a better look at addiction and the effect it has on a family Was this comment helpful  Yes  No report this\ncomment  briseida_serrato  March 21 2014 In beautiful boy David Sheff tells his own story about being a parent to an addicted teenager He shares with us his sons childhood and how he got submerged into addiction\nThis book is very informative and helpful especially for parents that have addicted children themselves It can also be a great way to help parentssiblings and friends cope and understand the situation that they are in It can be a perspective changing for those who have no concern for addicts or their loved ones\nIf anyone has or is dealing with a similar situation this book will definitely be enlightening and therapeutic Was this comment helpful  Yes  No 1 of 1 readers found this comment helpful report this\ncomment  Tamrarr  January 02 2012 Now on my list of definite reading recommendations Was this comment helpful  Yes  No report this\ncomment  aloha  January 01 2012 I bought this book at the Powells at PDX airport on the way out of town and read it on the plane while relaxing at the beach and it was finished by weeks end EVERYONE who has been touched by drug addiction should read this book It really is quite powerful and really makes you feel you are not alone in the crazy sad irritating journey of dealing with a loved ones addiction Was this comment helpful  Yes  No report this\ncomment  Iris  December 07 2011 view all comments by Iris With a literary journalists skill and a fathers compassion David Sheff lets readers in to a heartbreaking and hopeful story Sheff holds nothing back as he writes of his initial denial of his young sons drug use and the ups and downs of the years that followed For anyone whos walked this same path Beautiful Boy will be a comfort For those who havent it will offer insight and understanding into the complexities of addiction It took courage for Sheff and his family to lay out this journey for others to read and it takes courage to read it I cried cheered worried and wondered along with them Now I want to read the sons version hes written two memoirs of his own  Tweak and We All Fall Down Was this comment helpful  Yes  No report this\ncomment  FBB  April 02 2010 view all comments by FBB While this book is not a new one it is absolutely riveting\nI feel like I am going through with Sheff the unrelenting and often harrowing emotional roller coaster of a parents love for and vigilent worry about a child with addiction He is right when he says we are always tethered to our children and our love for them no matter how old or grownup they are I highly recommend this book to ANY parent whose child is addicted either to drugsalchohol or to any other dangerous behavior because you will find that you are not ALONE in this Was this comment helpful  Yes  No 4 of 6 readers found this comment helpful report this\ncomment  grevillea  April 27 2009 view all comments by grevillea This story of a fathers experience with his sons meth addiction is an honest account of a difficult situation As well as providing an insight to some of the universal aspect of addiction it is also full of wellresearched information Was this comment helpful  Yes  No 5 of 10 readers found this comment helpful report this\ncomment View all 7 comments Product Details ISBN 9780547203881 Binding Trade Paperback Publication date 01012009 Publisher CLARION  MARINER Pages 352 Height 100IN Width 520IN Thickness 100 Age Range 15 to 18 Grade Range 10 to 13 Number of Units 1 Copyright Year 2009 Author David Sheff Subject Personal Memoirs Subject Biography  General Subject Children of divorced parents Subject BIO026000 Subject Methamphetamine abuse  Treatment  Subject Drug abuse Subject Drug abuse  Treatment  California 850 List Price 1699 Used Trade Paperback Ships in 1 to 3 days Qty Store 2 Burnside More copies of this ISBN New Trade Paperback Starting from 1095 Used Trade Paperback Starting from 450 This title in other editions Used Hardcover 995 Used Trade Paperback Starting from 795 1 LOCOK 1 LOCOK LOCCancel 1 LOCOK LOCCancel 1 LOCOK 1 LOCOK LOCCancel 1 LOCOK LOCCancel 1 LOCOK 1 LOCOK LOCCancel 1 LOCOK LOCCancel 1 LOCOK 1 LOCOK LOCCancel 1 LOCOK LOCCancel Help Guarantee My Account Careers About Us Security Wish List Partners Contact Us Shipping Transparency ACT MRF Sitemap  2022 POWELLSCOM Terms 1 LOCOK 1 LOCOK LOCCancel 1 LOCOK LOCCancel 1 LOCOK 1 LOCOK LOCCancel 1 LOCOK LOCCancel 1 LOCOK 1 LOCOK LOCCancel 1 LOCOK LOCCancel 1 LOCOK 1 LOCOK LOCCancel 1 LOCOK LOCCancel"}