{"Title": " Deposition 1940-1944 ", "Author": "Werth", "Cover Page": "https://powells-covers-2.s3.amazonaws.com/9780190499549.jpg", "ISBN10": "0190499540  \n", "ISBN13": "9780190499549", "Page URL": "https://powells.com/book/deposition-1940-1944-9780190499549", "raw_text": "Deposition 19401944 A Secret Diary of Life in Vichy France Leon Werth Hardcover 9780190499549 Powells Books Cart   my account  wish list  help  8008787323 Hello\n Login MENU Browse New Arrivals Bestsellers Featured Preorders Award Winners Audio Books See All Subjects Used Staff Picks Staff Picks Picks of the Month Bookseller Displays 50 Books for 50 Years 25 Best 21st Century SciFi  Fantasy 25 PNW Books to Read Before You Die 25 Books From the 21st Century 25 Memoirs to Read Before You Die 25 Global Books to Read Before You Die 25 Women to Read Before You Die 25 Books to Read Before You Die Gifts Gift Cards  eGift Cards Powells Souvenirs Journals and Notebooks socks Games Sell Books Blog Events Find A Store Dont Miss BIG SALE 20 off sitewide Picks of the Season What Im Giving Great Gifts Under 25 Best Books of 2022 Powells Author Events Oregon Battle of the Books Audio Books Visit Our Stores Powells Books 14 Gift Ideas From 14 of Our Favorite Authors 0 comment Every year Powells reaches out to some of our favorite authors for some muchneeded giftgiving inspiration Below are 14 writerapproved recommendations to help you find the perfect book for even your mostdifficulttobuyfor loved one Read More  Powells Staff Best Books of 2022 Fiction 1 comment Kelsey Ford 6 Haunting Native American Horror Books 1 comment 1 LOCOK 1 LOCOK LOCCancel 1 LOCOK LOCCancel Deposition 19401944 by Werth Comment on this title Synopses  Reviews ISBN13 9780190499549 ISBN10 0190499540 All Product Details View Larger Image View Larger Images 3895 New Hardcover Available at a Remote Warehouse Ships separately from other items Additional shipping charges may apply Not available for In Store Pickup More Info Qty Store 20 Remote Warehouse Synopses  Reviews Synopsis Historians agree the diary of Lon Werth 18781955 is one of the most preciousand readablepieces of testimony ever written about life in France under Nazi occupation and the Vichy regime Werth was a freespirited and unclassifiable writer He is the author of eleven novels art and dance criticism acerbic political reporting and memorable personal essays He was Jewish and left Paris in June 1940 to hide out in his wifes country house in SaintAmour a small village in the Jura Mountains His short memoir 33 Days recounts his struggle to get there Deposition tells of daily life in the village on nearby farms and towns and finally back in Paris where he draws the portrait of a Resistance network in his apartment and writes an eyewitness report of the insurrection that freed the city in August 1944 From SaintAmour we see both the Resistance in the countryside derailing troop trains punishing notorious collaboratorsand growing repression arrests torture deportation and executions Above all we see how Vichy and the Occupation affect the lives of farmers and villagers and how their often contradictory attitudes evolve from 19401944 Werths ear for dialogue and novelists gift for creating characters animate the diary in the markets and in town we meet real French peasants and shopkeepers railroad men and the patronne of the caf at the station schoolteachers and gendarmes They come off the page alive and the countryside and villages come alive with them With biting irony Werth records almost daily what VichyGerman propaganda was saying on the radio and in the press We follow the progress of the war as people did then day by day These entries make interesting often amusing reading a stark contrast with his gripping entries on the persecution and deportation of the Jews Deposition is a varied and complex piece of living history and a pleasure to read What Our Readers Are Saying Be the first to share your thoughts on this title Product Details ISBN 9780190499549 Binding Hardcover Publication date 04022018 Publisher Oxford University Press USA Language English Pages 368 Height 110IN Width 640IN LCCN 2017047180 Oth David Ball Author Leon Werth Author David Ball Author L\u00e9on Werth Author Lon Werth Author Werth 3895 New Hardcover Available at a Remote Warehouse Ships separately from other items Additional shipping charges may apply Not available for In Store Pickup More Info Qty Store 20 Remote Warehouse Receive an email when this ISBN is available used 1 LOCOK 1 LOCOK LOCCancel 1 LOCOK LOCCancel 1 LOCOK 1 LOCOK LOCCancel 1 LOCOK LOCCancel 1 LOCOK 1 LOCOK LOCCancel 1 LOCOK LOCCancel 1 LOCOK 1 LOCOK LOCCancel 1 LOCOK LOCCancel Help Guarantee My Account Careers About Us Security Wish List Partners Contact Us Shipping Transparency ACT MRF Sitemap  2022 POWELLSCOM Terms 1 LOCOK 1 LOCOK LOCCancel 1 LOCOK LOCCancel 1 LOCOK 1 LOCOK LOCCancel 1 LOCOK LOCCancel 1 LOCOK 1 LOCOK LOCCancel 1 LOCOK LOCCancel 1 LOCOK 1 LOCOK LOCCancel 1 LOCOK LOCCancel"}