{"Title": " Rogues: True Stories of Grifters Killers Rebels & Crooks ", "Author": "Patrick Radden Keefe", "Cover Page": "https://powells-covers-2.s3.amazonaws.com/9780385548519.jpg", "ISBN10": "0385548516  \n", "ISBN13": "9780385548519", "Page URL": "https://powells.com/book/rogues-9780385548519", "raw_text": "Rogues True Stories of Grifters Killers Rebels and Crooks Patrick Radden Keefe Hardcover 9780385548519 Powells Books Cart   my account  wish list  help  8008787323 Hello\n Login MENU Browse New Arrivals Bestsellers Featured Preorders Award Winners Audio Books See All Subjects Used Staff Picks Staff Picks Picks of the Month Bookseller Displays 50 Books for 50 Years 25 Best 21st Century SciFi  Fantasy 25 PNW Books to Read Before You Die 25 Books From the 21st Century 25 Memoirs to Read Before You Die 25 Global Books to Read Before You Die 25 Women to Read Before You Die 25 Books to Read Before You Die Gifts Gift Cards  eGift Cards Powells Souvenirs Journals and Notebooks socks Games Sell Books Blog Events Find A Store Dont Miss BIG SALE 20 off sitewide Picks of the Season What Im Giving Great Gifts Under 25 Best Books of 2022 Powells Author Events Oregon Battle of the Books Audio Books Visit Our Stores Powells Books 14 Gift Ideas From 14 of Our Favorite Authors 0 comment Every year Powells reaches out to some of our favorite authors for some muchneeded giftgiving inspiration Below are 14 writerapproved recommendations to help you find the perfect book for even your mostdifficulttobuyfor loved one Read More  Powells Staff Best Books of 2022 Fiction 1 comment Kelsey Ford 6 Haunting Native American Horror Books 1 comment 1 LOCOK 1 LOCOK LOCCancel 1 LOCOK LOCCancel Rogues True Stories of Grifters Killers Rebels  Crooks by Patrick Radden Keefe Comment on this title Synopses  Reviews ISBN13 9780385548519 ISBN10 0385548516 All Product Details View Larger Image View Larger Images 3000 New Hardcover Ships in 1 to 3 days Qty Store 6 Burnside 1 Cedar Hills 1 Hawthorne 20 Local Warehouse Synopses  Reviews Publisher Comments From the prizewinning New York Times bestselling author of Empire of Pain and Say Nothing  and one of the most decorated journalists of our time  twelve enthralling stories of skulduggery and intrigue I read everything he writes Every time he writes a book I read it Every time he writes an article I read ithes a national treasure Rachel Maddow Patrick Radden Keefe is a brilliant writer and each of these pieces reminds you that this world and the people in it are more interesting complicated and moving than you had allowed yourself to imagine Rogues is a marvel showcasing the work of a reporter at the absolute top of his game Daniel Alarc\u00f3n author of The King is Always Above the People Patrick Radden Keefe has garnered prizes ranging from the National Magazine Award to the Orwell Prize to the National Book Critics Circle Award for his meticulouslyreported hypnoticallyengaging work on the many ways people behave badly Rogues brings together a dozen of his most celebrated articles from The New Yorker  As Keefe says in his preface They reflect on some of my abiding preoccupations crime and corruption secrets and lies the permeable membrane separating licit and illicit worlds the bonds of family the power of denial Keefe brilliantly explores the intricacies of forging 150000 vintage wines examines whether a whistleblower who dared to expose money laundering at a Swiss bank is a hero or a fabulist spends time in Vietnam with Anthony Bourdain chronicles the quest to bring down a cheerful international black market arms merchant and profiles a passionate death penalty attorney who represents the worst of the worst among other bravura works of literary journalism The appearance of his byline in The New Yorker is always an event and collected here for the first time readers can see his work forms an always enthralling but deeply human portrait of criminals and rascals as well as those who stand up against them Review Prizewinning and bestselling Keefe follows his highly lauded Empire of Pain 2012 with a collection of New Yorker pieces of astounding variety each more riveting and extraordinary than the last Booklist Starred Review Review Every one of these selections is a journalistic gem Immensely enjoyable writing married with fascinating subjects makes this a mustread Publishers Weekly Review In these days of disposable tweets fake news and celebrity instapundits there is still a place for longform journalism as this sharp collection of essays from awardwinning writer Keefe shows Kirkus Reviews About the Author Patrick Radden Keefe is a staff writer at The New Yorker and the author of the New York Times bestsellers Empire of Pain  winner of the 2021 Baillie Gifford Prize and Say Nothing A True Story of Murder and Memory in Northern Ireland which received the National Book Critics Circle Award for Nonfiction was selected as one of the ten best books of 2019 by The New York Times Book Review The Washington Post the Chicago Tribune and The Wall Street Journal and was named one of the 10 Best Nonfiction Books of the Decade by Entertainment Weekly His previous books are The Snakehead and Chatter His work has been recognized with a Guggenheim Fellowship the National Magazine Award for Feature Writing and the Orwell Prize for Political Writing He is also the creator and host of the eightpart podcast Wind of Change What Our Readers Are Saying Be the first to share your thoughts on this title Product Details ISBN 9780385548519 Binding Hardcover Publication date 06282022 Publisher BANTAM DOUBLEDAY DELL Pages 368 Height 84IN Width 613IN Author Patrick Radden Keefe 3000 New Hardcover Ships in 1 to 3 days Qty Store 6 Burnside 1 Cedar Hills 1 Hawthorne 20 Local Warehouse Receive an email when this ISBN is available used 1 LOCOK 1 LOCOK LOCCancel 1 LOCOK LOCCancel 1 LOCOK 1 LOCOK LOCCancel 1 LOCOK LOCCancel 1 LOCOK 1 LOCOK LOCCancel 1 LOCOK LOCCancel 1 LOCOK 1 LOCOK LOCCancel 1 LOCOK LOCCancel Help Guarantee My Account Careers About Us Security Wish List Partners Contact Us Shipping Transparency ACT MRF Sitemap  2022 POWELLSCOM Terms 1 LOCOK 1 LOCOK LOCCancel 1 LOCOK LOCCancel 1 LOCOK 1 LOCOK LOCCancel 1 LOCOK LOCCancel 1 LOCOK 1 LOCOK LOCCancel 1 LOCOK LOCCancel 1 LOCOK 1 LOCOK LOCCancel 1 LOCOK LOCCancel"}