{"Title": " Class Act ", "Author": "Jerry Craft", "Cover Page": "https://powells-covers-2.s3.amazonaws.com/9780062885500.jpg", "ISBN10": "0062885502  \n", "ISBN13": "9780062885500", "Page URL": "https://powells.com/book/-9780062885500", "raw_text": "Class ACT Jerry Craft Trade Paperback 9780062885500 Powells Books Cart   my account  wish list  help  8008787323 Hello\n Login MENU Browse New Arrivals Bestsellers Featured Preorders Award Winners Audio Books See All Subjects Used Staff Picks Staff Picks Picks of the Month Bookseller Displays 50 Books for 50 Years 25 Best 21st Century SciFi  Fantasy 25 PNW Books to Read Before You Die 25 Books From the 21st Century 25 Memoirs to Read Before You Die 25 Global Books to Read Before You Die 25 Women to Read Before You Die 25 Books to Read Before You Die Gifts Gift Cards  eGift Cards Powells Souvenirs Journals and Notebooks socks Games Sell Books Blog Events Find A Store Dont Miss BIG SALE 20 off sitewide Picks of the Season What Im Giving Great Gifts Under 25 Best Books of 2022 Powells Author Events Oregon Battle of the Books Audio Books Visit Our Stores Powells Books 14 Gift Ideas From 14 of Our Favorite Authors 0 comment Every year Powells reaches out to some of our favorite authors for some muchneeded giftgiving inspiration Below are 14 writerapproved recommendations to help you find the perfect book for even your mostdifficulttobuyfor loved one Read More  Powells Staff Best Books of 2022 Fiction 1 comment Kelsey Ford 6 Haunting Native American Horror Books 1 comment 1 LOCOK 1 LOCOK LOCCancel 1 LOCOK LOCCancel Class Act by Jerry Craft Comment on this title Synopses  Reviews ISBN13 9780062885500 ISBN10 0062885502 Condition Standard All Product Details View Larger Image View Larger Images 895 List Price 1299 Used Trade Paperback Ships in 1 to 3 days Qty Store 1 Burnside 3 Cedar Hills 1 Hawthorne 3 Local Warehouse From Powellscom Powells Picks of the Month Hot new releases and undertheradar gems for adults and kids Staff Pick A companion to Newbery and Coretta Scott King American Library Award winner The New Kid  Class Act follows Jordans friend Drew Ellis an eighthgrader at Riverdale Academy Day School This highly anticipated graphic novel for ages eight and above take the reader through Drews experience of working 10 times harder than his privileged peers for the same opportunities while dealing with prejudices and microaggressions from his classmates and teachers Illustrating tough situations with humor and compassion Craft writes and illustrates from an authentic voice Recommended By Kim T Powellscom Synopses  Reviews Publisher Comments New York Times bestselling author Jerry Craft returns with a companion book to New Kid  winner of the 2020 Newbery Medal the Coretta Scott King Author Award and the Kirkus Prize This time its Jordans friend Drew who takes center stage in another laughoutloud funny powerful and important story about being one of the few kids of color in a prestigious private school Eighth grader Drew Ellis is no stranger to the saying You have to work twice as hard to be just as good His grandmother has reminded him his entire life But what if he works ten times as hard and still isnt afforded the same opportunities that his privileged classmates at the Riverdale Academy Day School take for granted To make matters worse Drew begins to feel as if his good friend Liam might be one of those privileged kids He wants to pretend like everything is fine but its hard not to withdraw and even their mutual friend Jordan doesnt know how to keep the group together As the pressures mount will Drew find a way to bridge the divide so he and his friends can truly accept each other And most important will he finally be able to accept himself New Kid  the first graphic novel to win the Newbery Medal is now joined by Jerry Crafts powerful Class Act  Review Craft makes the story\nhonest and believable and presents it as a powerful if difficult to\nachieve realworld possibility Another work of resounding\nunderstanding and empathy Booklist Starred Review Review A wellCrafted visually rich truthtelling tale for our troubled times that affirms the eternal importance of friends Kirkus Reviews Starred Review About the Author Jerry Craft is the winner of the Newbery Medal for his graphic novel New Kid  He has worked on numerous picture books graphic novels and middle grade novels Jerry is the creator of Mamas Boyz  an awardwinning syndicated comic strip He has won five African American Literary Awards and he is a cofounder of the Schomburg Centers Annual Black Comic Book Festival He received his BFA from the School of Visual Arts and now lives in Connecticut Visit him online at wwwjerrycraftcom What Our Readers Are Saying Be the first to share your thoughts on this title Product Details ISBN 9780062885500 Binding Trade Paperback Publication date 10062020 Publisher QUILL TREE BOOKS Pages 256 Age Range 8 to 12 Grade Range 3 to 7 Authorillustrator Jerry Craft 895 List Price 1299 Used Trade Paperback Ships in 1 to 3 days Qty Store 1 Burnside 3 Cedar Hills 1 Hawthorne 3 Local Warehouse More copies of this ISBN New Trade Paperback 1299 Used Trade Paperback 650 This title in other editions New Other 2595 1 LOCOK 1 LOCOK LOCCancel 1 LOCOK LOCCancel 1 LOCOK 1 LOCOK LOCCancel 1 LOCOK LOCCancel 1 LOCOK 1 LOCOK LOCCancel 1 LOCOK LOCCancel 1 LOCOK 1 LOCOK LOCCancel 1 LOCOK LOCCancel Help Guarantee My Account Careers About Us Security Wish List Partners Contact Us Shipping Transparency ACT MRF Sitemap  2022 POWELLSCOM Terms 1 LOCOK 1 LOCOK LOCCancel 1 LOCOK LOCCancel 1 LOCOK 1 LOCOK LOCCancel 1 LOCOK LOCCancel 1 LOCOK 1 LOCOK LOCCancel 1 LOCOK LOCCancel 1 LOCOK 1 LOCOK LOCCancel 1 LOCOK LOCCancel"}