{"Title": " One Shot: Jack Reacher 9 ", "Author": "Lee Child", "Cover Page": "https://covers.powells.com/9780440241027.jpg", "ISBN10": "0440241022  \n", "ISBN13": "9780440241027", "Page URL": "https://powells.com/book/one-shot-9780440241027", "raw_text": "One Shot Lee Child Mass Market 9780440241027 Powells Books Cart   my account  wish list  help  8008787323 Hello\n Login MENU Browse New Arrivals Bestsellers Featured Preorders Award Winners Audio Books See All Subjects Used Staff Picks Staff Picks Picks of the Month Bookseller Displays 50 Books for 50 Years 25 Best 21st Century SciFi  Fantasy 25 PNW Books to Read Before You Die 25 Books From the 21st Century 25 Memoirs to Read Before You Die 25 Global Books to Read Before You Die 25 Women to Read Before You Die 25 Books to Read Before You Die Gifts Gift Cards  eGift Cards Powells Souvenirs Journals and Notebooks socks Games Sell Books Blog Events Find A Store Dont Miss BIG SALE 20 off sitewide Picks of the Season What Im Giving Great Gifts Under 25 Best Books of 2022 Powells Author Events Oregon Battle of the Books Audio Books Visit Our Stores Powells Books 14 Gift Ideas From 14 of Our Favorite Authors 0 comment Every year Powells reaches out to some of our favorite authors for some muchneeded giftgiving inspiration Below are 14 writerapproved recommendations to help you find the perfect book for even your mostdifficulttobuyfor loved one Read More  Powells Staff Best Books of 2022 Fiction 1 comment Kelsey Ford 6 Haunting Native American Horror Books 1 comment 1 LOCOK 1 LOCOK LOCCancel 1 LOCOK LOCCancel One Shot Jack Reacher 9 by Lee Child Comment on this title Synopses  Reviews Read an Excerpt ISBN13 9780440241027 ISBN10 0440241022 Condition Less Than Standard All Product Details View Larger Image View Larger Images 450 List Price 799 Used Mass Market Ships in 1 to 3 days Qty Store 1 Burnside Synopses  Reviews Publisher Comments Six shots Five dead One heartland city thrown into a state of terror But within hours the cops have it solved a slamdunk case Except for one thing The accused man says You got the wrong guy Then he says Get Reacher for me And sure enough from the world he lives inno phone no address no commitmentsexmilitary investigator Jack Reacher is coming In Lee Childs astonishing new thriller Reachers arrival will change everythingabout a case that isnt what it seems about lives tangled in baffling ways about a killer who missed one shotand by doing so give Jack Reacher one shot at the truth The gunman worked from a parking structure just thirty yards awaypointblank range for a trained military sniper like James Barr His victims were in the wrong place at the wrong time But why does Barr want Reacher at his side There are good reasons why Reacher is the last person Barr would want to see But when Reacher hears Barrs own words he understands And a slamdunk case explodes Soon Reacher is teamed with a young defense lawyer who is working against her DA father and dueling with a prosecution team that has an explosive secret of its own Like most things Reacher has known in life this case is a complex battlefield But as always in battle Reacher is at his best Moving in the shadows picking his spots Reacher gets closer and closer to the unseen enemy who is pulling the strings And for Reacher the only way to take him down is to know his ruthlessness and respect his cunningand then match him shot for shot Review Nothing is what it seems in the riveting puzzle as vivid set pieces and rapidfire dialogue culminate in a slambang showdown in the villains lair As usual Child makes the most of Reachers dry wit cuttothechase psychology and stubborn taciturnity  in short this is a vintage double play for author and leading man Publishers Weekly Review Another taut thriller with plot twists and tension to the very end fans will be torn between reading slowly to prolong their pleasure or skimming quickly to see how Reacher makes it out alive Superlative suspense fiction by a master Library Journal Review Reachers backgonzo actioncanny plotting tight prose swift tempo Kirkus Reviews Review Reading entertainment at its very best Lee Child can set the hook into the reader faster and deeper than any other writer I defy you to read the first chapter or two of this book and then set it down Just not gonna happen Deadly Pleasures Review In marked contrast to the brooding figures who otherwise dominate contemporary detective stories Reacher is not one for selfdoubt His is a twofisted decency But Mr Child also gives him amazing powers of deduction a serious conscience and the occasional touch of tenderness Its a wildly improbable mixture one that cant be beat Janet Maslin the New York Times Review Without question Lee Childs best outing with protagonist Jack Reacher in several years From the opening sniper sequence to the final surprising disclosures about the bad guys this one crackles with excitement St Petersburg Times Synopsis New York Times bestseller Lee Child sends Jack Reacher on his most relentless quest for justice yet Six shots Five dead One heartland city thrown into a state of terror But within hours the cops have it solved a slamdunk case Except for one thing The accused man says You got the wrong guy Then he says Get Reacher for me In Lee Childs astonishing new thriller Reachers arrival will change everythingabout a case that isnt what it seems about lives tangled in baffling ways about a killer who missed one shot  and by doing so gives Jack Reacher one shot at the truth About the Author Lee Child is the author of eleven Jack Reacher thrillers including The New York Times bestsellers Persuader  the Barry Award Winner The Enemy and One Shot  which has been optioned for a major motion picture by Paramount Pictures His debut Killing Floor  won both the Anthony and the Barry Awards for Best First Mystery Foreign rights in the Jack Reacher series have sold in more than 40 territories Child a native of England and former television writer lives in New York City and France where he is at work on his next thriller which Delacorte will publish in 2008 47 3 What Our Readers Are Saying Share your thoughts on this title Average customer rating 47 3 comments  Edward Hahn  February 18 2015 view all comments by Edward Hahn Im an unabashed ChildReacher fan I have heard all the criticism of the series and on an intellectual level I realize these books are not great literature but they are immensely entertaining Every once in a while I like to pretend that there are heroes walking around who are committed to righting wrongs and dispensing justice without needing to be featured on TV\nThis story which was made into a movie I have not seen involves an assassination of five people leaving a downtown office building The evidence points to James Barr a former army sniper James keeps saying Youve got the wrong guy Get Reacher for me Turns out Reacher is headed to town for his own reasons He saw the story in the news and remembered Barr from 14 years ago in Iraq when he shot a number of civilians in a similar situation and got away with it While Reacher at first wants to make sure Barr gets convicted eventually he realizes that maybe in this case Barr is telling the truth This of course upsets the real perpetrators who try to silence Reacher with predictable results Its so much fun following Reacher as he turns the tables on those who believe themselves too powerful to be thwarted\nI highly recommend this volume 9 in the series but also suggest if you are interested to start with volume 1 Killing Floor and work your way through the series Im sure there are lots of used and new Mass Market Paper Backs around This is a very popular series of stories Was this comment helpful  Yes  No 1 of 1 readers found this comment helpful report this\ncomment  redrockbookworm  July 22 2008 view all comments by redrockbookworm When youre in a tight spot being handed a bad rap and need someone who once committed to your case will relentlessly pursue the truth the man to call on is Jack Reacher\nLarge in physical stature expert in weaponry and hand to hand combat an exmilitary investigator with an analytical mind and the deductive powers to ferret out the truth no matter how convoluted the clues Reacher is a man to be reckoned with\nA mans man hes a strong silent lowmaintenance kind of guy who travels the country with just the clothes on his back a few bucks in his pocket and a penchant for checking into hotels and registering under the names of obscure baseball players The fact that he wears each set of clothes for four days and then buys new duds at a local second hand store may be a bit of a turn off for the ladies in the audiencebut the females in the story dont seem to have a problem with his personal hygiene\nCalled upon by a defense attorney to investigate what appears to be a random act of violence committed by a sniper he slowly becomes convinced that the air tight slamdunk case the cops have built against the accused is just a little too perfect and proceeds in typical Reacher fashion to chip away at the details\nThe story itself really strains at the bounds of credibilitybut were here to be amused and entertained and author Lee Child delivers on that count He manages to occupy our interest keep us engaged and in the process gives his readers a lot of bang for the buck\nOh yes one last thingif you think I was exaggerating when I said that Reacher was the strong silent typecount how many times you read the phrase Reacher said nothing in this book Was this comment helpful  Yes  No 11 of 18 readers found this comment helpful report this\ncomment  Pam Cassel  September 26 2007 view all comments by Pam Cassel One Shot is one of Lee Childs best books His main character is a man named Reacher Reacher is an ex military cop turner wanderer He doesnt own a car a house or anything that can tie him down When he needs to be found its usually through his bank account the only thing he does have Hes tough hes mean hes smart and he can get the job done when nobody else can You will be ending the book saying to yourself Howd he do that Was this comment helpful  Yes  No 26 of 47 readers found this comment helpful report this\ncomment Product Details ISBN 9780440241027 Binding Mass Market Publication date 03282006 Publisher DELL DELACORTE PRESS Language English Pages 466 Height 690 in Width 420 in Thickness 107 in Series Jack Reacher 09 Copyright Year 2006 UPC Code 2800440241029 Author Lee Child Subject Middle west Subject Thrillers Subject Mystery fiction Subject Serial murders 450 List Price 799 Used Mass Market Ships in 1 to 3 days Qty Store 1 Burnside More copies of this ISBN Used Mass Market 495 This title in other editions New Mass Market 999 Used Mass Market Starting from 550 1 LOCOK 1 LOCOK LOCCancel 1 LOCOK LOCCancel 1 LOCOK 1 LOCOK LOCCancel 1 LOCOK LOCCancel 1 LOCOK 1 LOCOK LOCCancel 1 LOCOK LOCCancel 1 LOCOK 1 LOCOK LOCCancel 1 LOCOK LOCCancel Help Guarantee My Account Careers About Us Security Wish List Partners Contact Us Shipping Transparency ACT MRF Sitemap  2022 POWELLSCOM Terms 1 LOCOK 1 LOCOK LOCCancel 1 LOCOK LOCCancel 1 LOCOK 1 LOCOK LOCCancel 1 LOCOK LOCCancel 1 LOCOK 1 LOCOK LOCCancel 1 LOCOK LOCCancel 1 LOCOK 1 LOCOK LOCCancel 1 LOCOK LOCCancel"}