{"Title": " Country & Western Dance ", "Author": "Ralph G. Giordano", "Cover Page": "https://covers.powells.com/9780313365546.jpg", "ISBN10": "0313365547  \n", "ISBN13": "9780313365546", "Page URL": "https://powells.com/book/country-western-dance-9780313365546", "raw_text": "Country  Western Dance Ralph G Giordano Hardcover 9780313365546 Powells Books Cart   my account  wish list  help  8008787323 Hello\n Login MENU Browse New Arrivals Bestsellers Featured Preorders Award Winners Audio Books See All Subjects Used Staff Picks Staff Picks Picks of the Month Bookseller Displays 50 Books for 50 Years 25 Best 21st Century SciFi  Fantasy 25 PNW Books to Read Before You Die 25 Books From the 21st Century 25 Memoirs to Read Before You Die 25 Global Books to Read Before You Die 25 Women to Read Before You Die 25 Books to Read Before You Die Gifts Gift Cards  eGift Cards Powells Souvenirs Journals and Notebooks socks Games Sell Books Blog Events Find A Store Dont Miss BIG SALE 20 off sitewide Picks of the Season What Im Giving Great Gifts Under 25 Best Books of 2022 Powells Author Events Oregon Battle of the Books Audio Books Visit Our Stores Powells Books 14 Gift Ideas From 14 of Our Favorite Authors 0 comment Every year Powells reaches out to some of our favorite authors for some muchneeded giftgiving inspiration Below are 14 writerapproved recommendations to help you find the perfect book for even your mostdifficulttobuyfor loved one Read More  Powells Staff Best Books of 2022 Fiction 1 comment Kelsey Ford 6 Haunting Native American Horror Books 1 comment 1 LOCOK 1 LOCOK LOCCancel 1 LOCOK LOCCancel Country  Western Dance by Ralph G Giordano Comment on this title Synopses  Reviews ISBN13 9780313365546 ISBN10 0313365547 All Product Details View Larger Image View Larger Images 5200 New Hardcover Available at a Remote Warehouse Ships separately from other items Additional shipping charges may apply Not available for In Store Pickup More Info Qty Store 20 Remote Warehouse Synopses  Reviews Publisher Comments Country  Western Dance turns the spotlight on a uniquely American form of dance one that has been scuffing the floorboards for nearly a century but is often overlooked Fun lively and thoroughly researched this revealing volume tells the full story of country and western dance music from the days of Bob Wills and Tulsa to Oklahomas Cains Ballroom to John Travolta and Gilleys of Houston Texas Each chapter provides information on the historical roots of the most popular country and western dances as well as the pioneers of the music of a particular era all in the context of changing cultural social political and economic forces in America The book also examines the seminal impact of radio television and the movies in helping spread the music the moves and the good times on the country dance floor Review Enjoyed your manuscript very much Made us want to put on our cowboy boots and go out twosteppin  pTami Stevens Pasadena Ballroom Dance Association  Synopsis A fun factfilled and thoroughly researched journey of country and western dancing from the roots of Western Swing to Hank Williams the Urban Cowboy twostep of John Travolta and the nationwide sensation of country line dancing Synopsis  Includes never before published photographs of country and western dancing  Offers a detailed bibliography of sources and references including a YouTube reference for dance shows such as Club Dance a TNN 1990s favorite Synopsis Not long after helping launch the disco craze John Travolta played a central role in another dance phenomenonthe bootscooting twostep from his film Urban Cowboy  But it wasnt the first time the nation danced to American country and western musicthat happened a halfcentury earlier when the western swing of bands led by Bob Wills and Milton Brown ruled the airwaves and music halls Synopsis  Tells the story of country and western dancing from the Jazz Age emergence of Western Swing to the Urban Cowboy era to the present  Draws on an extraordinary wealth of research by the authoran aficionado of western dancing for over 30 years  Shows the powerful influence of the mediafirst radio then television and the movieson spreading the popularity of country and western dancing What Our Readers Are Saying Be the first to share your thoughts on this title Product Details ISBN 9780313365546 Binding Hardcover Publication date 07202010 Publisher Greenwood Series info American Dance Floor Language English Pages 175 Height 80IN Width 630IN Thickness 80 in LCCN 2010012697 Number of Units 1 Illustration Yes Copyright Year 2014 UPC Code 9780313365546 Author Ralph G Giordano Author Ralph Giordano Author Ralph G Giordano Subject Children s All Ages  Performing Arts 5200 New Hardcover Available at a Remote Warehouse Ships separately from other items Additional shipping charges may apply Not available for In Store Pickup More Info Qty Store 20 Remote Warehouse Receive an email when this ISBN is available used 1 LOCOK 1 LOCOK LOCCancel 1 LOCOK LOCCancel 1 LOCOK 1 LOCOK LOCCancel 1 LOCOK LOCCancel 1 LOCOK 1 LOCOK LOCCancel 1 LOCOK LOCCancel 1 LOCOK 1 LOCOK LOCCancel 1 LOCOK LOCCancel Help Guarantee My Account Careers About Us Security Wish List Partners Contact Us Shipping Transparency ACT MRF Sitemap  2022 POWELLSCOM Terms 1 LOCOK 1 LOCOK LOCCancel 1 LOCOK LOCCancel 1 LOCOK 1 LOCOK LOCCancel 1 LOCOK LOCCancel 1 LOCOK 1 LOCOK LOCCancel 1 LOCOK LOCCancel 1 LOCOK 1 LOCOK LOCCancel 1 LOCOK LOCCancel"}