{"Title": " The Subtle Art of Not Giving a Fck - Large Print Edition ", "Author": "Mark Manson", "Cover Page": "https://powells-covers-2.s3.amazonaws.com/9780062899149.jpg", "ISBN10": "0062899147  \n", "ISBN13": "9780062899149", "Page URL": "https://powells.com/book/the-subtle-art-of-not-giving-a-fck-large-print-edition-9780062899149", "raw_text": "The Subtle Art of Not Giving a Fck A Counterintuitive Approach to Living a Good Life Mark Manson Trade Paperback 9780062899149 Powells Books Cart   my account  wish list  help  8008787323 Hello\n Login MENU Browse New Arrivals Bestsellers Featured Preorders Award Winners Audio Books See All Subjects Used Staff Picks Staff Picks Picks of the Month Bookseller Displays 50 Books for 50 Years 25 Best 21st Century SciFi  Fantasy 25 PNW Books to Read Before You Die 25 Books From the 21st Century 25 Memoirs to Read Before You Die 25 Global Books to Read Before You Die 25 Women to Read Before You Die 25 Books to Read Before You Die Gifts Gift Cards  eGift Cards Powells Souvenirs Journals and Notebooks socks Games Sell Books Blog Events Find A Store Dont Miss BIG SALE 20 off sitewide Picks of the Season What Im Giving Great Gifts Under 25 Best Books of 2022 Powells Author Events Oregon Battle of the Books Audio Books Visit Our Stores Powells Books 14 Gift Ideas From 14 of Our Favorite Authors 0 comment Every year Powells reaches out to some of our favorite authors for some muchneeded giftgiving inspiration Below are 14 writerapproved recommendations to help you find the perfect book for even your mostdifficulttobuyfor loved one Read More  Powells Staff Best Books of 2022 Fiction 1 comment Kelsey Ford 6 Haunting Native American Horror Books 1 comment 1 LOCOK 1 LOCOK LOCCancel 1 LOCOK LOCCancel The Subtle Art of Not Giving a Fck  Large Print Edition by Mark Manson Comment on this title Synopses  Reviews ISBN13 9780062899149 ISBN10 0062899147 All Product Details View Larger Image View Larger Images 2899 New Trade Paperback Ships in 1 to 3 days Qty Store 18 Local Warehouse Synopses  Reviews Synopsis 1 New York Times Bestseller Over 5 million copies sold In this generationdefining selfhelp guide a superstar blogger cuts through the crap to show us how to stop trying to be positive all the time so that we can truly become better happier people For decades weve been told that positive thinking is the key to a happy rich life Fk positivity Mark Manson says Lets be honest shit is fked and we have to live with it In his wildly popular Internet blog Mason doesnt sugarcoat or equivocate He tells it like it isa dose of raw refreshing honest truth that is sorely lacking today The Subtle Art of Not Giving a Fk is his antidote to the coddling letsallfeelgood mindset that has infected American society and spoiled a generation rewarding them with gold medals just for showing up Manson makes the argument backed both by academic research and welltimed poop jokes that improving our lives hinges not on our ability to turn lemons into lemonade but on learning to stomach lemons better Human beings are flawed and limitednot everybody can be extraordinary there are winners and losers in society and some of it is not fair or your fault Manson advises us to get to know our limitations and accept them Once we embrace our fears faults and uncertainties once we stop running and avoiding and start confronting painful truths we can begin to find the courage perseverance honesty responsibility curiosity and forgiveness we seek There are only so many things we can give a fk about so we need to figure out which ones really matter Manson makes clear While money is nice caring about what you do with your life is better because true wealth is about experience A muchneeded grabyoubytheshouldersandlookyouintheeye moment of realtalk filled with entertaining stories and profane ruthless humor The Subtle Art of Not Giving a Fk is a refreshing slap for a generation to help them lead contented grounded lives What Our Readers Are Saying Be the first to share your thoughts on this title Product Details ISBN 9780062899149 Binding Trade Paperback Publication date 12312018 Publisher Harperluxe Pages 256 Height 70IN Width 590IN Large print Yes Author Mark Manson 2899 New Trade Paperback Ships in 1 to 3 days Qty Store 18 Local Warehouse Receive an email when this ISBN is available used 1 LOCOK 1 LOCOK LOCCancel 1 LOCOK LOCCancel 1 LOCOK 1 LOCOK LOCCancel 1 LOCOK LOCCancel 1 LOCOK 1 LOCOK LOCCancel 1 LOCOK LOCCancel 1 LOCOK 1 LOCOK LOCCancel 1 LOCOK LOCCancel Help Guarantee My Account Careers About Us Security Wish List Partners Contact Us Shipping Transparency ACT MRF Sitemap  2022 POWELLSCOM Terms 1 LOCOK 1 LOCOK LOCCancel 1 LOCOK LOCCancel 1 LOCOK 1 LOCOK LOCCancel 1 LOCOK LOCCancel 1 LOCOK 1 LOCOK LOCCancel 1 LOCOK LOCCancel 1 LOCOK 1 LOCOK LOCCancel 1 LOCOK LOCCancel"}