{"Title": " The Bride Test ", "Author": "Helen Hoang", "Cover Page": "https://powells-covers-2.s3.amazonaws.com/9780451490827.jpg", "ISBN10": "0451490827  \n", "ISBN13": "9780451490827", "Page URL": "https://powells.com/book/-9780451490827", "raw_text": "The Bride Test Helen Hoang Trade Paperback 9780451490827 Powells Books Cart   my account  wish list  help  8008787323 Hello\n Login MENU Browse New Arrivals Bestsellers Featured Preorders Award Winners Audio Books See All Subjects Used Staff Picks Staff Picks Picks of the Month Bookseller Displays 50 Books for 50 Years 25 Best 21st Century SciFi  Fantasy 25 PNW Books to Read Before You Die 25 Books From the 21st Century 25 Memoirs to Read Before You Die 25 Global Books to Read Before You Die 25 Women to Read Before You Die 25 Books to Read Before You Die Gifts Gift Cards  eGift Cards Powells Souvenirs Journals and Notebooks socks Games Sell Books Blog Events Find A Store Dont Miss BIG SALE 20 off sitewide Picks of the Season What Im Giving Great Gifts Under 25 Best Books of 2022 Powells Author Events Oregon Battle of the Books Audio Books Visit Our Stores Powells Books 14 Gift Ideas From 14 of Our Favorite Authors 0 comment Every year Powells reaches out to some of our favorite authors for some muchneeded giftgiving inspiration Below are 14 writerapproved recommendations to help you find the perfect book for even your mostdifficulttobuyfor loved one Read More  Powells Staff Best Books of 2022 Fiction 1 comment Kelsey Ford 6 Haunting Native American Horror Books 1 comment 1 LOCOK 1 LOCOK LOCCancel 1 LOCOK LOCCancel The Bride Test by Helen Hoang Comment on this title Synopses  Reviews ISBN13 9780451490827 ISBN10 0451490827 Condition Standard All Product Details View Larger Image View Larger Images 1095 List Price 1600 Used Trade Paperback Ships in 1 to 3 days Qty Store 1 Burnside 1 Cedar Hills 2 Hawthorne Synopses  Reviews Publisher Comments From the critically acclaimed author of The Kiss Quotient comes a romantic novel about love that crosses international borders and all boundaries of the heart Khai Diep has no feelings Well he feels irritation when people move his things or contentment when ledgers balance down to the penny but not big important emotions  like grief And love He thinks hes defective His family knows better  that his autism means he just processes emotions differently When he steadfastly avoids relationships his mother takes matters into her own hands and returns to Vietnam to find him the perfect bride As a mixedrace girl living in the slums of Ho Chi Minh City Esme Tran has always felt out of place When the opportunity arises to come to America and meet a potential husband she cant turn it down thinking this could be the break her family needs Seducing Khai however doesnt go as planned Esmes lessons in love seem to be working but only on herself Shes hopelessly smitten with a man whos convinced he can never return her affection With Esmes time in the United States dwindling Khai is forced to understand hes been wrong all along And theres more than one way to love Review Hoang mixes sexy and tender with panache NPRorg Review Compulsively readable Library Journal Review Hoangs writing has a sharp quirky emotional edge that will resonate with anyone who has ever tried to navigate the complicated world of modern relationships Jayne Ann Krentz New York Times bestselling author About the Author Helen Hoang is that shy person who never talks Until she does And the worst things fly out of her mouth She read her first romance novel in eighth grade and has been addicted ever since In 2016 she was diagnosed with Autism Spectrum Disorder in line with what was previously known as Aspergers Syndrome Her journey inspired The Kiss Quotient McKenzie Workman on PowellsBooksBlog This Valentines Day show your love by gifting one of our favorite romance novels We have doctors gamblers mercenaries astronomers and centaurs for every kind of Valentine Read More  5 1 What Our Readers Are Saying Share your thoughts on this title Average customer rating 5 1 comments  writermala  July 11 2019 view all comments by writermala This book has it all  Romance Pathos Comedy and Drama MyEsme unwittingly passes a bride test and heads to California from Vietnam but the test has just begun She is supposed to seduce Khai who suffers from Autistic Spectrum Disorder She unwittingly falls in love with him and the rest is the story  definitely worth reading Was this comment helpful  Yes  No report this\ncomment Product Details ISBN 9780451490827 Binding Trade Paperback Publication date 05072019 Publisher BERKLEY PUBLISHING GROUP Pages 320 Height 82300 in Width 54500 in Author Helen Hoang 1095 List Price 1600 Used Trade Paperback Ships in 1 to 3 days Qty Store 1 Burnside 1 Cedar Hills 2 Hawthorne More copies of this ISBN New Trade Paperback 1600 Used Trade Paperback 1250 1 LOCOK 1 LOCOK LOCCancel 1 LOCOK LOCCancel 1 LOCOK 1 LOCOK LOCCancel 1 LOCOK LOCCancel 1 LOCOK 1 LOCOK LOCCancel 1 LOCOK LOCCancel 1 LOCOK 1 LOCOK LOCCancel 1 LOCOK LOCCancel Help Guarantee My Account Careers About Us Security Wish List Partners Contact Us Shipping Transparency ACT MRF Sitemap  2022 POWELLSCOM Terms 1 LOCOK 1 LOCOK LOCCancel 1 LOCOK LOCCancel 1 LOCOK 1 LOCOK LOCCancel 1 LOCOK LOCCancel 1 LOCOK 1 LOCOK LOCCancel 1 LOCOK LOCCancel 1 LOCOK 1 LOCOK LOCCancel 1 LOCOK LOCCancel"}