{"Title": " Revel for DK Guide to Public Speaking -- Combo Access Card ", "Author": "Lisa Ford-Brown", "Cover Page": "https://powells-covers-2.s3.amazonaws.com/9780135197677.jpg", "ISBN10": "0135197678  \n", "ISBN13": "9780135197677", "Page URL": "https://powells.com/book/revel-for-dk-guide-to-public-speaking-combo-access-card-9780135197677", "raw_text": "Revel For Dk Guide To Public Speaking Combo Access Card Lisa A Ford Brown Hardcover 9780135197677 Powells Books Cart   my account  wish list  help  8008787323 Hello\n Login MENU Browse New Arrivals Bestsellers Featured Preorders Award Winners Audio Books See All Subjects Used Staff Picks Staff Picks Picks of the Month Bookseller Displays 50 Books for 50 Years 25 Best 21st Century SciFi  Fantasy 25 PNW Books to Read Before You Die 25 Books From the 21st Century 25 Memoirs to Read Before You Die 25 Global Books to Read Before You Die 25 Women to Read Before You Die 25 Books to Read Before You Die Gifts Gift Cards  eGift Cards Powells Souvenirs Journals and Notebooks socks Games Sell Books Blog Events Find A Store Dont Miss BIG SALE 20 off sitewide Picks of the Season What Im Giving Great Gifts Under 25 Best Books of 2022 Powells Author Events Oregon Battle of the Books Audio Books Visit Our Stores Powells Books 14 Gift Ideas From 14 of Our Favorite Authors 0 comment Every year Powells reaches out to some of our favorite authors for some muchneeded giftgiving inspiration Below are 14 writerapproved recommendations to help you find the perfect book for even your mostdifficulttobuyfor loved one Read More  Powells Staff Best Books of 2022 Fiction 1 comment Kelsey Ford 6 Haunting Native American Horror Books 1 comment 1 LOCOK 1 LOCOK LOCCancel 1 LOCOK LOCCancel Revel for DK Guide to Public Speaking  Combo Access Card by Lisa FordBrown and Dorling Kindersley Comment on this title Synopses  Reviews ISBN13 9780135197677 ISBN10 0135197678 All Product Details View Larger Image View Larger Images 000 List Price 000 Other Ships in 1 to 3 days Synopses  Reviews Synopsis The 2020 RevelTM rerelease of the 3rd Edition offers new and updated content and features For courses in Public Speaking An easytonavigate visually engaging guide to becoming an effective public speaker Revel DK Guide to Public Speaking gives students the practical information they seek supported by the concepts and theories instructors want  all presented within a compelling Dorling Kindersley design that facilitates an intuitive learning experience Author Lisa FordBrown offers a userfriendly resource that equips students with the tools to become effective public speakers The 2020 Revel rerelease of the 3rd Edition includes new chapteropening videos improved interactive resources and a new appendix on Mediated Public Speaking Revel is Pearsons newest way of delivering our respected content Fully digital and highly engaging Revel replaces the textbook and gives students everything they need for the course Informed by extensive research on how people read think and learn Revel is an interactive learning environment that enables students to read practice and study in one continuous experience  for less than the cost of a traditional textbook NOTE This Revel Combo Access pack includes a Revel access code plus a looseleaf print reference delivered by mail to complement your Revel experience In addition to this access code you will need a course invite link provided by your instructor to register for and use Revel Synopsis DIGITAL UPDATE available now For courses in Public Speaking An easytonavigate visually engaging guide to becoming an effective public speaker RevelTM DK Guide to Public Speaking gives students the practical information they seek supported by the concepts and theories instructors want  all presented within a compelling Dorling Kindersley design that facilitates an intuitive learning experience Author Lisa FordBrown offers a userfriendly resource that equips students with the tools to become effective public speakers The Digital Update includes new chapteropening videos improved interactive resources and a new appendix on Mediated Public Speaking Revel is Pearsons newest way of delivering our respected content Fully digital and highly engaging Revel replaces the textbook and gives students everything they need for the course Informed by extensive research on how people read think and learn Revel is an interactive learning environment that enables students to read practice and study in one continuous experience  for less than the cost of a traditional textbook NOTE This Revel Combo Access pack includes a Revel access code plus a looseleaf print reference delivered by mail to complement your Revel experience In addition to this access code you will need a course invite link provided by your instructor to register for and use Revel What Our Readers Are Saying Be the first to share your thoughts on this title Product Details ISBN 9780135197677 Binding Other Publication date 07242018 Publisher Pearson Language English Edition 3 Author Lisa A Ford Brown Author DK Dorling Kindersley Author Lisa FordBrown 000 List Price 000 Other Ships in 1 to 3 days Receive an email when this ISBN is available used 1 LOCOK 1 LOCOK LOCCancel 1 LOCOK LOCCancel 1 LOCOK 1 LOCOK LOCCancel 1 LOCOK LOCCancel 1 LOCOK 1 LOCOK LOCCancel 1 LOCOK LOCCancel 1 LOCOK 1 LOCOK LOCCancel 1 LOCOK LOCCancel Help Guarantee My Account Careers About Us Security Wish List Partners Contact Us Shipping Transparency ACT MRF Sitemap  2022 POWELLSCOM Terms 1 LOCOK 1 LOCOK LOCCancel 1 LOCOK LOCCancel 1 LOCOK 1 LOCOK LOCCancel 1 LOCOK LOCCancel 1 LOCOK 1 LOCOK LOCCancel 1 LOCOK LOCCancel 1 LOCOK 1 LOCOK LOCCancel 1 LOCOK LOCCancel"}