{"Title": " Bennington School of the Dance A History in Writings & Interviews ", "Author": "Elizabeth McPherson", "Cover Page": "https://covers.powells.com/9780786474172.jpg", "ISBN10": "0786474173  \n", "ISBN13": "9780786474172", "Page URL": "https://powells.com/book/bennington-school-of-the-dance-a-history-in-writings-interviews-9780786474172", "raw_text": "The Bennington School of the Dance A History in Writings and Interviews  Elizabeth Mcpherson Trade Paperback 9780786474172 Powells Books Cart   my account  wish list  help  8008787323 Hello\n Login MENU Browse New Arrivals Bestsellers Featured Preorders Award Winners Audio Books See All Subjects Used Staff Picks Staff Picks Picks of the Month Bookseller Displays 50 Books for 50 Years 25 Best 21st Century SciFi  Fantasy 25 PNW Books to Read Before You Die 25 Books From the 21st Century 25 Memoirs to Read Before You Die 25 Global Books to Read Before You Die 25 Women to Read Before You Die 25 Books to Read Before You Die Gifts Gift Cards  eGift Cards Powells Souvenirs Journals and Notebooks socks Games Sell Books Blog Events Find A Store Dont Miss BIG SALE 20 off sitewide Picks of the Season What Im Giving Great Gifts Under 25 Best Books of 2022 Powells Author Events Oregon Battle of the Books Audio Books Visit Our Stores Powells Books 14 Gift Ideas From 14 of Our Favorite Authors 0 comment Every year Powells reaches out to some of our favorite authors for some muchneeded giftgiving inspiration Below are 14 writerapproved recommendations to help you find the perfect book for even your mostdifficulttobuyfor loved one Read More  Powells Staff Best Books of 2022 Fiction 1 comment Kelsey Ford 6 Haunting Native American Horror Books 1 comment 1 LOCOK 1 LOCOK LOCCancel 1 LOCOK LOCCancel Bennington School of the Dance A History in Writings  Interviews by Elizabeth McPherson Comment on this title Synopses  Reviews ISBN13 9780786474172 ISBN10 0786474173 All Product Details View Larger Image View Larger Images 6000 New Trade Paperback Available at a Remote Warehouse Ships separately from other items Additional shipping charges may apply Not available for In Store Pickup More Info Qty Store 20 Remote Warehouse Synopses  Reviews Synopsis The story of this groundbreaking summer dance program is told through the voices of staff faculty and students Administrative director Mary Josephine Shellys previously unpublished writings form a key summary of eight of the nine summer sessions The Bennington School of the Dance held classes from 1934 through 1942 at Bennington College in Vermont with one summer spent at Mills College in California Its effects were farreaching in the development and dissemination of modern dance as an original American art form The school produced unique choreographic works by teachers in residence Martha Graham Hanya Holm Doris Humphrey and Charles Weidman Leading choreographers of the later 20th century such as Merce Cunningham Anna Halprin Jose Limon Alwin Nikolais and Anna Sokolow participated at the school The largest portion of students were high school and college level teachers who would spread modern dance across the country and abroad What Our Readers Are Saying Be the first to share your thoughts on this title Product Details ISBN 9780786474172 Binding Trade Paperback Publication date 05312013 Publisher McFarland  Company Pages 340 Height 90IN Width 590IN Age Range 18 and up Grade Range 13 and up Copyright Year 2013 Author Elizabeth McPherson Subject DanceBallet 6000 New Trade Paperback Available at a Remote Warehouse Ships separately from other items Additional shipping charges may apply Not available for In Store Pickup More Info Qty Store 20 Remote Warehouse Receive an email when this ISBN is available used 1 LOCOK 1 LOCOK LOCCancel 1 LOCOK LOCCancel 1 LOCOK 1 LOCOK LOCCancel 1 LOCOK LOCCancel 1 LOCOK 1 LOCOK LOCCancel 1 LOCOK LOCCancel 1 LOCOK 1 LOCOK LOCCancel 1 LOCOK LOCCancel Help Guarantee My Account Careers About Us Security Wish List Partners Contact Us Shipping Transparency ACT MRF Sitemap  2022 POWELLSCOM Terms 1 LOCOK 1 LOCOK LOCCancel 1 LOCOK LOCCancel 1 LOCOK 1 LOCOK LOCCancel 1 LOCOK LOCCancel 1 LOCOK 1 LOCOK LOCCancel 1 LOCOK LOCCancel 1 LOCOK 1 LOCOK LOCCancel 1 LOCOK LOCCancel"}