{"Title": " I'll Be Gone in the Dark: One Woman's Obsessive Search for the Golden State Killer ", "Author": "Michelle McNamara", "Cover Page": "https://powells-covers-2.s3.amazonaws.com/9780062319784.jpg", "ISBN10": "0062319787  \n", "ISBN13": "9780062319784", "Page URL": "https://powells.com/book/ill-be-gone-in-the-dark-9780062319784", "raw_text": "Ill Be Gone in the Dark One Womans Obsessive Search for the Golden State Killer Michelle McNamara Gillian Flynn Hardcover 9780062319784 Powells Books Cart   my account  wish list  help  8008787323 Hello\n Login MENU Browse New Arrivals Bestsellers Featured Preorders Award Winners Audio Books See All Subjects Used Staff Picks Staff Picks Picks of the Month Bookseller Displays 50 Books for 50 Years 25 Best 21st Century SciFi  Fantasy 25 PNW Books to Read Before You Die 25 Books From the 21st Century 25 Memoirs to Read Before You Die 25 Global Books to Read Before You Die 25 Women to Read Before You Die 25 Books to Read Before You Die Gifts Gift Cards  eGift Cards Powells Souvenirs Journals and Notebooks socks Games Sell Books Blog Events Find A Store Dont Miss BIG SALE 20 off sitewide Picks of the Season What Im Giving Great Gifts Under 25 Best Books of 2022 Powells Author Events Oregon Battle of the Books Audio Books Visit Our Stores Powells Books 14 Gift Ideas From 14 of Our Favorite Authors 0 comment Every year Powells reaches out to some of our favorite authors for some muchneeded giftgiving inspiration Below are 14 writerapproved recommendations to help you find the perfect book for even your mostdifficulttobuyfor loved one Read More  Powells Staff Best Books of 2022 Fiction 1 comment Kelsey Ford 6 Haunting Native American Horror Books 1 comment 1 LOCOK 1 LOCOK LOCCancel 1 LOCOK LOCCancel Ill Be Gone in the Dark One Womans Obsessive Search for the Golden State Killer by Michelle McNamara Comment on this title Synopses  Reviews ISBN13 9780062319784 ISBN10 0062319787 Condition Standard DustJacket Standard All Product Details View Larger Image View Larger Images 1250 List Price 2799 Used Hardcover Ships in 1 to 3 days Qty Store 1 Hawthorne From Powellscom Staff Top Fives 2018 Our favorite books of the year Staff Pick A singular blend of tenacity resourcefulness and compassion distinguished Michelle McNamara as a journalist and made her uniquely equipped to put the decadeslong hunt for the elusive Golden State Killer to rest  a goal she pursued tirelessly until her untimely death Ill Be Gone in the Dark  which chronicles that pursuit is at once a gripping keepyouupallnight reallife whodunit a testament to McNamaras inimitable resolve and an extraordinary parting gift from a talented writer Recommended By Tove H Powellscom We are all drawn to darkness but some people are more keenly attuned to the siren song of the void than others Michelle McNamara was just such a person a wellregarded journalist she devoted herself to finding a man she dubbed the Golden State Killer Despite the breadth of his crimes and many nearmisses he was never caught although he has occasionally emerged to taunt his victims By the end of this incredible book I was as obsessed as McNamara Ill Be Gone in the Dar k is a remarkable piece of journalism urgently paced and filled with small human details that made the story come alive Recommended By Lauren P Powellscom I first read this book in early 2018 and was simply overwhelmed I slept with the lights on and refused to answer the door for weeks Then in April when the Golden State Killer was finally identified I reread McNamaras Letter to an Old Man and felt the hairs on my arms stand straight up Ive never encountered a work of nonfiction that left me feeling quite so terrified and amazed Recommended By McKenzie W Powellscom Synopses  Reviews Publisher Comments 1 New York Times Bestseller The haunting true story of the elusive serial rapist turned murderer who terrorized California for over a decadeand of the gifted journalist who died tragically while investigating the case For more than ten years a mysterious and violent predator committed fifty sexual assaults in Northern California before moving south where he perpetrated ten sadistic murders Then he disappeared eluding capture by multiple police forces and some of the best detectives in the area Three decades later Michelle McNamara a true crime journalist who created the popular website TrueCrimeDiarycom was determined to find the violent psychopath she called the Golden State Killer Michelle pored over police reports interviewed victims and embedded herself in the online communities that were as obsessed with the case as she was Ill Be Gone in the Dark the masterpiece McNamara was writing at the time of her sudden deathoffers an atmospheric snapshot of a moment in American history and a chilling account of a criminal mastermind and the wreckage he left behind It is also a portrait of a womans obsession and her unflagging pursuit of the truth Utterly original and compelling it is destined to become a true crime classicand may at last unmask the Golden State Killer Review This book just knocked me over Megan Abbott Review Remarkable A modern true crime classic Publishers Weekly Starred Review Review This is a one sitdown read Thats how riveting it is Very few writers have the skill to bring a decadesold cold case to life in these pages Michelle McNamara has not only successfully resuscitated the fascinating case of the Golden State Killer but done so with humanity insight and grace Michael Connelly About the Author Michelle McNamara 19702016 was the author of the website True Crime Diary  She earned an MFA in fiction writing from the University of Minnesota and had sold television pilots to ABC and Fox and a screenplay to Paramount She also worked as a consultant for Dateline NBC  She lived in Los Angeles and is survived by her husband Patton Oswalt and their daughter Alice 5 2 What Our Readers Are Saying Share your thoughts on this title Average customer rating 5 2 comments  ABaylor  April 29 2018 view all comments by ABaylor I have been WAITING on this book to come out since I heard of Michelles unfortunate passing Her husband Patton Oswald had to finish the book for her Shortly after the books release the killer was found Partly due to her amazing investigative reporting A must read IMO Was this comment helpful  Yes  No 4 of 6 readers found this comment helpful report this\ncomment  Kaye  February 12 2018 view all comments by Kaye This book is riveting Michelle McNamara became interested in cold crime cases as a child when a neighbor was murdered and the crime was never solved She became obsessed with the man she knew as the EAR East Area Rapist and the GSK Golden State Killer who was a serial rapist approximately 50 rapes in Northern California then moved south and murdered at least 10 people this all in the 1070s and 80s He was chased by detectives task forces civilians and Michelle He has not been apprehended He started his crime spree before DNA typing was developed before DNA was collectedand before there was a large database His crime scenes were distinctive When DNA tying became a reality investigators were able to clearly place him at some of the scenes However his DNA has not been found with any known suspects Michelle unfortunately passed away while writing this book She said Theres a scream permanently lodged in my throat now\nI won this book on Goodreads with no expectations to give it a good review All opinions are mine Was this comment helpful  Yes  No 8 of 8 readers found this comment helpful report this\ncomment Product Details ISBN 9780062319784 Binding Hardcover Publication date 02272018 Publisher HARPERCOLLINS PUBLISHERS Pages 352 Intropreface Gillian Flynn Author Michelle McNamara Afterword Patton Oswalt 1250 List Price 2799 Used Hardcover Ships in 1 to 3 days Qty Store 1 Hawthorne More copies of this ISBN New Hardcover 2799 Used Hardcover Starting from 1095 This title in other editions New Trade Paperback 1799 Used Trade Paperback Starting from 850 1 LOCOK 1 LOCOK LOCCancel 1 LOCOK LOCCancel 1 LOCOK 1 LOCOK LOCCancel 1 LOCOK LOCCancel 1 LOCOK 1 LOCOK LOCCancel 1 LOCOK LOCCancel 1 LOCOK 1 LOCOK LOCCancel 1 LOCOK LOCCancel Help Guarantee My Account Careers About Us Security Wish List Partners Contact Us Shipping Transparency ACT MRF Sitemap  2022 POWELLSCOM Terms 1 LOCOK 1 LOCOK LOCCancel 1 LOCOK LOCCancel 1 LOCOK 1 LOCOK LOCCancel 1 LOCOK LOCCancel 1 LOCOK 1 LOCOK LOCCancel 1 LOCOK LOCCancel 1 LOCOK 1 LOCOK LOCCancel 1 LOCOK LOCCancel"}