{"Title": " Looking Back In Wonder Diary Of A Dance ", "Author": "Walter Sorell", "Cover Page": "/Portals/0/Images/NoImageAvailable.gif", "ISBN10": "0231062788  \n", "ISBN13": "9780231062787", "Page URL": "https://powells.com/book/looking-back-in-wonder-diary-of-a-dance-9780231062787", "raw_text": "Looking Back in Wonder Revised Sorell Walter Hardcover 9780231062787 Powells Books Cart   my account  wish list  help  8008787323 Hello\n Login MENU Browse New Arrivals Bestsellers Featured Preorders Award Winners Audio Books See All Subjects Used Staff Picks Staff Picks Picks of the Month Bookseller Displays 50 Books for 50 Years 25 Best 21st Century SciFi  Fantasy 25 PNW Books to Read Before You Die 25 Books From the 21st Century 25 Memoirs to Read Before You Die 25 Global Books to Read Before You Die 25 Women to Read Before You Die 25 Books to Read Before You Die Gifts Gift Cards  eGift Cards Powells Souvenirs Journals and Notebooks socks Games Sell Books Blog Events Find A Store Dont Miss BIG SALE 20 off sitewide Picks of the Season What Im Giving Great Gifts Under 25 Best Books of 2022 Powells Author Events Oregon Battle of the Books Audio Books Visit Our Stores Powells Books 14 Gift Ideas From 14 of Our Favorite Authors 0 comment Every year Powells reaches out to some of our favorite authors for some muchneeded giftgiving inspiration Below are 14 writerapproved recommendations to help you find the perfect book for even your mostdifficulttobuyfor loved one Read More  Powells Staff Best Books of 2022 Fiction 1 comment Kelsey Ford 6 Haunting Native American Horror Books 1 comment 1 LOCOK 1 LOCOK LOCCancel 1 LOCOK LOCCancel Looking Back In Wonder Diary Of A Dance by Walter Sorell Comment on this title ISBN13 9780231062787 ISBN10 0231062788 Condition Standard DustJacket Standard All Product Details View Larger Image View Larger Images 995 List Price 10500 Used Hardcover Ships in 1 to 3 days Qty Store 1 Burnside What Our Readers Are Saying Be the first to share your thoughts on this title Product Details ISBN 9780231062787 Binding Hardcover Publication date 08181986 Publisher COLUMBIA UNIVERSITY PRESS Pages 284 Height 103IN Width 579IN Thickness 103 in Number of Units 1 Copyright Year 1986 Series Volume EP 86 vol 2 UPC Code 2800231062789 Author Walter Sorell Subject Biography  General Subject Dance critics  United States Subject United states Subject Sorell Walter Subject Dance critics Subject Biography Subject Dance critics  United States  Biography 995 List Price 10500 Used Hardcover Ships in 1 to 3 days Qty Store 1 Burnside More copies of this ISBN New Hardcover 14000 1 LOCOK 1 LOCOK LOCCancel 1 LOCOK LOCCancel 1 LOCOK 1 LOCOK LOCCancel 1 LOCOK LOCCancel 1 LOCOK 1 LOCOK LOCCancel 1 LOCOK LOCCancel 1 LOCOK 1 LOCOK LOCCancel 1 LOCOK LOCCancel Help Guarantee My Account Careers About Us Security Wish List Partners Contact Us Shipping Transparency ACT MRF Sitemap  2022 POWELLSCOM Terms 1 LOCOK 1 LOCOK LOCCancel 1 LOCOK LOCCancel 1 LOCOK 1 LOCOK LOCCancel 1 LOCOK LOCCancel 1 LOCOK 1 LOCOK LOCCancel 1 LOCOK LOCCancel 1 LOCOK 1 LOCOK LOCCancel 1 LOCOK LOCCancel"}