{"Title": " Single Crystal Growth of Semiconductors from Metallic Solutions ", "Author": "Sadik Dost", "Cover Page": "https://covers.powells.com/9780444522320.jpg", "ISBN10": "0444522328  \n", "ISBN13": "9780444522320", "Page URL": "https://powells.com/book/single-crystal-growth-of-semiconductors-from-metallic-solutions-9780444522320", "raw_text": "Single Crystal Growth of Semiconductors from Metallic Solutions  Sadik Dost Hardcover 9780444522320 Powells Books Cart   my account  wish list  help  8008787323 Hello\n Login MENU Browse New Arrivals Bestsellers Featured Preorders Award Winners Audio Books See All Subjects Used Staff Picks Staff Picks Picks of the Month Bookseller Displays 50 Books for 50 Years 25 Best 21st Century SciFi  Fantasy 25 PNW Books to Read Before You Die 25 Books From the 21st Century 25 Memoirs to Read Before You Die 25 Global Books to Read Before You Die 25 Women to Read Before You Die 25 Books to Read Before You Die Gifts Gift Cards  eGift Cards Powells Souvenirs Journals and Notebooks socks Games Sell Books Blog Events Find A Store Dont Miss BIG SALE 20 off sitewide Picks of the Season What Im Giving Great Gifts Under 25 Best Books of 2022 Powells Author Events Oregon Battle of the Books Audio Books Visit Our Stores Powells Books 14 Gift Ideas From 14 of Our Favorite Authors 0 comment Every year Powells reaches out to some of our favorite authors for some muchneeded giftgiving inspiration Below are 14 writerapproved recommendations to help you find the perfect book for even your mostdifficulttobuyfor loved one Read More  Powells Staff Best Books of 2022 Fiction 1 comment Kelsey Ford 6 Haunting Native American Horror Books 1 comment 1 LOCOK 1 LOCOK LOCCancel 1 LOCOK LOCCancel Single Crystal Growth of Semiconductors from Metallic Solutions by Sadik Dost and Brian Lent Comment on this title Synopses  Reviews ISBN13 9780444522320 ISBN10 0444522328 All Product Details View Larger Image View Larger Images 36667 New Hardcover Available at a Remote Warehouse Ships separately from other items Additional shipping charges may apply Not available for In Store Pickup More Info Qty Store 20 Remote Warehouse Synopses  Reviews Publisher Comments Single Crystal Growth of Semiconductors from Metallic Solutions covers the four principal growth techniques currently in use for the growth of semiconductor single crystals from metallic solutions Providing an indepth review of the stateoftheart of each both experimentally and by numerical simulations The importance of a close interaction between the numerical and experimental aspects of the processes is also emphasized Advances in the fields of electronics and optoelectronics are hampered by the limited number of substrate materials which can be readily produced by meltgrowth techniques such as the Czochralski and Bridgman methods This can be alleviated by the use of alternative growth techniques and in particular growth from metallic solutions The principal techniques currently in use are Liquid Phase Epitaxy Liquid Phase Electroepitaxy the Travelling Heater Method and Liquid Phase Diffusion Single Crystal Growth of Semiconductors from Metallic Solutions will serve as a valuable reference tool for researchers and graduate and senior undergraduate students in the field of crystal growth It covers most of the models developed in recent years The detailed development of basic and constitutive equations and the associated interface and boundary conditions given for each technique will be very valuable to researchers for the development of their new models  Describes the fundamentals of crystal growth modelling  Providing a stateofthe art description of the mathematical and experimental growth processes  Allows reader to gain clear insight into the practical and mathematical aspects of the topic Table of Contents Preface PART I Fundamentals Chapter 1 Introduction Chapter 2 Fundamentals and Phase Changes Chapter 3 Metallic Solution Growth Techniques Chapter 4 Crystal Growth Modeling PART II Numerical Simulations Chapter 5 Liquid Phase Epitaxy Chapter 6 Liquid Phase Electroepitaxy Chapter 7 Travelling Heater Method Chapter 8 Liquid Phase Diffusion Bibliography What Our Readers Are Saying Be the first to share your thoughts on this title Product Details ISBN 9780444522320 Binding Hardcover Publication date 11012006 Publisher Elsevier Science Language English Pages 493 Height 97IN Width 658IN LCCN 2006050298 Number of Units 1 Illustration Yes UPC Code 2800444522322 Author Dost Sadik Brian Lent Author Sadik Dost Author Brian Lent Subject Crystal growth Subject Semiconductors Subject Chemistry  Physical Chemistry 36667 New Hardcover Available at a Remote Warehouse Ships separately from other items Additional shipping charges may apply Not available for In Store Pickup More Info Qty Store 20 Remote Warehouse Receive an email when this ISBN is available used 1 LOCOK 1 LOCOK LOCCancel 1 LOCOK LOCCancel 1 LOCOK 1 LOCOK LOCCancel 1 LOCOK LOCCancel 1 LOCOK 1 LOCOK LOCCancel 1 LOCOK LOCCancel 1 LOCOK 1 LOCOK LOCCancel 1 LOCOK LOCCancel Help Guarantee My Account Careers About Us Security Wish List Partners Contact Us Shipping Transparency ACT MRF Sitemap  2022 POWELLSCOM Terms 1 LOCOK 1 LOCOK LOCCancel 1 LOCOK LOCCancel 1 LOCOK 1 LOCOK LOCCancel 1 LOCOK LOCCancel 1 LOCOK 1 LOCOK LOCCancel 1 LOCOK LOCCancel 1 LOCOK 1 LOCOK LOCCancel 1 LOCOK LOCCancel"}