{"Title": " Dragons Love Tacos ", "Author": "Adam Rubin", "Cover Page": "https://covers.powells.com/9780803736801.jpg", "ISBN10": "0803736800  \n", "ISBN13": "9780803736801", "Page URL": "https://powells.com/book/dragons-love-tacos-9780803736801", "raw_text": "Dragons Love Tacos Adam Rubin Daniel Salmieri Hardcover 9780803736801 Powells Books Cart   my account  wish list  help  8008787323 Hello\n Login MENU Browse New Arrivals Bestsellers Featured Preorders Award Winners Audio Books See All Subjects Used Staff Picks Staff Picks Picks of the Month Bookseller Displays 50 Books for 50 Years 25 Best 21st Century SciFi  Fantasy 25 PNW Books to Read Before You Die 25 Books From the 21st Century 25 Memoirs to Read Before You Die 25 Global Books to Read Before You Die 25 Women to Read Before You Die 25 Books to Read Before You Die Gifts Gift Cards  eGift Cards Powells Souvenirs Journals and Notebooks socks Games Sell Books Blog Events Find A Store Dont Miss BIG SALE 20 off sitewide Picks of the Season What Im Giving Great Gifts Under 25 Best Books of 2022 Powells Author Events Oregon Battle of the Books Audio Books Visit Our Stores Powells Books 14 Gift Ideas From 14 of Our Favorite Authors 0 comment Every year Powells reaches out to some of our favorite authors for some muchneeded giftgiving inspiration Below are 14 writerapproved recommendations to help you find the perfect book for even your mostdifficulttobuyfor loved one Read More  Powells Staff Best Books of 2022 Fiction 1 comment Kelsey Ford 6 Haunting Native American Horror Books 1 comment 1 LOCOK 1 LOCOK LOCCancel 1 LOCOK LOCCancel Dragons Love Tacos by Adam Rubin and Daniel Salmieri Comment on this title Synopses  Reviews ISBN13 9780803736801 ISBN10 0803736800 Condition Standard DustJacket Standard All Product Details View Larger Image View Larger Images 1195 List Price 1899 Used Hardcover Ships in 1 to 3 days Qty Store 4 Burnside 2 Cedar Hills 6 Local Warehouse Synopses  Reviews Publisher Comments A 1 New York Times bestselling phenomenon this deliciously funny readaloud from the creators of RoboSauce and Secret Pizza Party will make you laugh until spicy salsa comes out of your nose Dragons love tacos They love chicken tacos beef tacos great\nbig tacos and teeny tiny tacos So if you want to lure a bunch of\ndragons to your party you should definitely serve tacos Buckets and\nbuckets of tacos Unfortunately where there are tacos there is also\nsalsa And if a dragon accidentally eats spicy salsa oh boy\nYoure in redhot trouble The awardwinning team of Adam Rubin and Daniel Salmieri has\ncreated an unforgettable tale of new friends and the perfect snack Review The perfect book for kids who love dragons and mild tacos Kirkus Review The watercolor gouache\nand colored pencil cartoon illustrations are the real stars here\nRegardless ofthe absurdity of the story this\ntale should be a big hit with anyone with an affinity for dragons School Library Journal Review Offkilter fun for those who like their picture books and salsa zesty and fresh Publishers Weekly Starred Review About the Author Adam Rubin and Daniel Salmieri are the creators of Those Darn Squirrels  which was a Borders Original Pick Adam lives in New York New York Daniel Salmieri is an artist and illustrator from New York City He has illustrated over 10 picture books including the best seller Dragons Love Tacos  He regularly creates illustrations for magazines and newspapers and his first authorillustrator project Bear and Wol f was released in 2018 by Enchanted Lion Books He currently lives in Brooklyn NY with his wife Sophia and their dog Ronni 5 1 What Our Readers Are Saying Share your thoughts on this title Average customer rating 5 1 comments  librariphile  December 10 2013 view all comments by librariphile There are treats hidden in every beautiful illustration an awesome story and humor I read this book before going to bed last night\nIf it had been published decades ago Id be one of those kids insisting this one be on repeat Was this comment helpful  Yes  No 1 of 2 readers found this comment helpful report this\ncomment Product Details ISBN 9780803736801 Binding Hardcover Publication date 06142012 Publisher Dial Books Language English Pages 40 Height 60IN Width 1020IN Thickness 50 LCCN 2011035699 Age Range 3 to 7 Grade Range P to 2 Illustration Yes Author Adam Rubin Illustrator Daniel Salmieri Subject Children s humor Subject Children s AnimalsAnimal StoriesMythical 1195 List Price 1899 Used Hardcover Ships in 1 to 3 days Qty Store 4 Burnside 2 Cedar Hills 6 Local Warehouse More copies of this ISBN New Hardcover 1899 Used Hardcover Starting from 995 1 LOCOK 1 LOCOK LOCCancel 1 LOCOK LOCCancel 1 LOCOK 1 LOCOK LOCCancel 1 LOCOK LOCCancel 1 LOCOK 1 LOCOK LOCCancel 1 LOCOK LOCCancel 1 LOCOK 1 LOCOK LOCCancel 1 LOCOK LOCCancel Help Guarantee My Account Careers About Us Security Wish List Partners Contact Us Shipping Transparency ACT MRF Sitemap  2022 POWELLSCOM Terms 1 LOCOK 1 LOCOK LOCCancel 1 LOCOK LOCCancel 1 LOCOK 1 LOCOK LOCCancel 1 LOCOK LOCCancel 1 LOCOK 1 LOCOK LOCCancel 1 LOCOK LOCCancel 1 LOCOK 1 LOCOK LOCCancel 1 LOCOK LOCCancel"}