{"Title": " My Sister, the Serial Killer ", "Author": "Oyinkan Braithwaite", "Cover Page": "https://powells-covers-2.s3.amazonaws.com/9780525564201.jpg", "ISBN10": "0525564209  \n", "ISBN13": "9780525564201", "Page URL": "https://www.powells.com/book/my-sister-the-serial-killer-9780525564201/62-0", "raw_text": "My Sister the Serial Killer Oyinkan Braithwaite Trade Paperback 9780525564201 Powells Books Cart   my account  wish list  help  8008787323 Hello\n Login MENU Browse New Arrivals Bestsellers Featured Preorders Award Winners Audio Books See All Subjects Used Staff Picks Staff Picks Picks of the Month Bookseller Displays 50 Books for 50 Years 25 Best 21st Century SciFi  Fantasy 25 PNW Books to Read Before You Die 25 Books From the 21st Century 25 Memoirs to Read Before You Die 25 Global Books to Read Before You Die 25 Women to Read Before You Die 25 Books to Read Before You Die Gifts Gift Cards  eGift Cards Powells Souvenirs Journals and Notebooks socks Games Sell Books Blog Events Find A Store Dont Miss BIG SALE 20 off sitewide Picks of the Season What Im Giving Great Gifts Under 25 Best Books of 2022 Powells Author Events Oregon Battle of the Books Audio Books Visit Our Stores Powells Books 14 Gift Ideas From 14 of Our Favorite Authors 0 comment Every year Powells reaches out to some of our favorite authors for some muchneeded giftgiving inspiration Below are 14 writerapproved recommendations to help you find the perfect book for even your mostdifficulttobuyfor loved one Read More  Powells Staff Best Books of 2022 Fiction 1 comment Kelsey Ford 6 Haunting Native American Horror Books 1 comment 1 LOCOK 1 LOCOK LOCCancel 1 LOCOK LOCCancel My Sister the Serial Killer by Oyinkan Braithwaite Comment on this title Synopses  Reviews Award Excerpt ISBN13 9780525564201 ISBN10 0525564209 All Product Details View Larger Image View Larger Images 1600 New Trade Paperback Ships in 1 to 3 days Qty Store 9 Burnside 6 Cedar Hills 5 Hawthorne 20 Local Warehouse Awards LA Times\u00a0Book Prize\u00a0Winner From Powellscom Powells Picks of the Month Hot new releases and undertheradar gems for adults and kids Staff Pick A TENSE book It just goes and goes Be prepared to be stressed out whenever you have to set it down Dark funny with fascinating gender dynamics I can see this becoming an HBO or Netflix miniseries in the future Mark my words Recommended By Maddy F Powellscom When Ayoola is in trouble she knows she can count on her sister Korede  no matter what Ayoola is all over the place  wreaking havoc wherever she goes while Korede is busily keeping home work and life together and desperately trying to clean up Ayoolas mess Braithwaite pens a riveting tensionfilled story of two sisters and the murders between them Smartly plotted with a darkly humorous style My Sister the Serial Killer is a unique and surprising examination of whether or not blood really is thicker than water Recommended By Dianah H Powellscom Blood is thicker than bleach and you can find both in abundance in this short and addictive novel about two sisters who have to cover up some very dark secrets The dynamic between Ayoola a compelling and murderous golden child and her sister Korede the one roped into cleaning up the dirty work is strained with tension and adoration that play a wicked game of tugofwar so close it could seemingly tear the book right in half Recommended By Brianna B Powellscom Korede is her sisters keeper Managing beautiful impulsive Ayoola would try anyones patience but recently shes started ending her relationships in a more permanent manner  and its up to dutiful Korede to dispose of the bodies Is there any emotion as subtly suggestive of violence as jealousy Its a closely held hatred turned inward and its sufferers burn and seethe with it Korede certainly does as time and again she is overshadowed by her beloved sister But as the brilliant ones too often forget a smart person can do a lot in the shadows Smart cutting pun intended and funnier that it has any right to be My Sister the Serial Killer is battery acid disguised as a cocktail Recommended By Lauren P Powellscom Synopses  Reviews Publisher Comments Koredes sister Ayoola is many things the favorite child the beautiful one possibly sociopathic And now Ayoolas third boyfriend in a row is dead stabbed through the heart with Ayoolas knife Koredes practicality is the sisters saving grace She knows the best solutions for cleaning blood bleach bleach and more bleach the best way to move a body wrap it in sheets like a mummy and she keeps Ayoola from posting pictures to Instagram when she should be mourning her missing boyfriend Not that she gets any credit Korede has long been in love with a kind handsome doctor at the hospital where she works She dreams of the day when he will realize that shes exactly what he needs But when he asks Korede for Ayoolas phone number she must reckon with what her sister has become and how far shes willing to go to protect her Review Its Lagos noir  pulpy\npeppery and sinister served up in a comic deadpanThis book is above\nall built to move to hurtle forward  and it does so dizzyingly New York Times Review Braithwaites blazing debut is as sharp as a knifebitingly funny and brilliantly executed with not a single word out of place Publishers Weekly Starred Review Review Strange funny and oddly touchingPretty much perfectIt wears its weirdness excellently LitHub Review A taut rapidly paced thriller that pleasurably subverts serial killer and sisterhood tropes for a guaranteed fun afternoon Huffington Post Review This riveting brutally hilarious ultradark novel is an explosive debut by Oyinkan Braithwaite and heralds an exciting new literary voiceDelicious NYLON About the Author Oyinkan Braithwaite is a graduate of Kingston University in Creative Writing and Law Following her degree she worked as an assistant editor at Kachifo Limited a Nigerian publishing house and as a production manager at Ajapaworld a childrens educational and entertainment company She now works as a freelance writer and editor In 2014 she was shortlisted as a topten spokenword artist in the Eko Poetry Slam and in 2016 she was a finalist for the Commonwealth Short Story Prize She lives in Lagos Nigeria What Our Readers Are Saying Be the first to share your thoughts on this title Product Details ISBN 9780525564201 Binding Trade Paperback Publication date 07302019 Publisher PENGUIN RANDOM HOUSE Pages 240 Height 90IN Width 510IN Author Oyinkan Braithwaite 1600 New Trade Paperback Ships in 1 to 3 days Qty Store 9 Burnside 6 Cedar Hills 5 Hawthorne 20 Local Warehouse More copies of this ISBN Used Trade Paperback Starting from 1095 This title in other editions Used Hardcover Starting from 1250 1 LOCOK 1 LOCOK LOCCancel 1 LOCOK LOCCancel 1 LOCOK 1 LOCOK LOCCancel 1 LOCOK LOCCancel 1 LOCOK 1 LOCOK LOCCancel 1 LOCOK LOCCancel 1 LOCOK 1 LOCOK LOCCancel 1 LOCOK LOCCancel Help Guarantee My Account Careers About Us Security Wish List Partners Contact Us Shipping Transparency ACT MRF Sitemap  2022 POWELLSCOM Terms 1 LOCOK 1 LOCOK LOCCancel 1 LOCOK LOCCancel 1 LOCOK 1 LOCOK LOCCancel 1 LOCOK LOCCancel 1 LOCOK 1 LOCOK LOCCancel 1 LOCOK LOCCancel 1 LOCOK 1 LOCOK LOCCancel 1 LOCOK LOCCancel"}