{"Title": " Digesting The Child Within & Other ", "Author": "John Callahan", "Cover Page": "/Portals/0/Images/NoImageAvailable.gif", "ISBN10": "0688094880  \n", "ISBN13": "9780688094881", "Page URL": "https://powells.com/book/digesting-the-child-within-other-9780688094881", "raw_text": "Digesting The Child Within  Other John Callahan Trade Paperback 9780688094881 Powells Books Cart   my account  wish list  help  8008787323 Hello\n Login MENU Browse New Arrivals Bestsellers Featured Preorders Award Winners Audio Books See All Subjects Used Staff Picks Staff Picks Picks of the Month Bookseller Displays 50 Books for 50 Years 25 Best 21st Century SciFi  Fantasy 25 PNW Books to Read Before You Die 25 Books From the 21st Century 25 Memoirs to Read Before You Die 25 Global Books to Read Before You Die 25 Women to Read Before You Die 25 Books to Read Before You Die Gifts Gift Cards  eGift Cards Powells Souvenirs Journals and Notebooks socks Games Sell Books Blog Events Find A Store Dont Miss BIG SALE 20 off sitewide Picks of the Season What Im Giving Great Gifts Under 25 Best Books of 2022 Powells Author Events Oregon Battle of the Books Audio Books Visit Our Stores Powells Books 14 Gift Ideas From 14 of Our Favorite Authors 0 comment Every year Powells reaches out to some of our favorite authors for some muchneeded giftgiving inspiration Below are 14 writerapproved recommendations to help you find the perfect book for even your mostdifficulttobuyfor loved one Read More  Powells Staff Best Books of 2022 Fiction 1 comment Kelsey Ford 6 Haunting Native American Horror Books 1 comment 1 LOCOK 1 LOCOK LOCCancel 1 LOCOK LOCCancel Digesting The Child Within  Other by John Callahan Comment on this title ISBN13 9780688094881 ISBN10 0688094880 Condition Standard All Product Details View Larger Image View Larger Images 495 List Price 800 Used Trade Paperback Ships in 1 to 3 days Qty Store 1 Cedar Hills What Our Readers Are Saying Be the first to share your thoughts on this title Product Details ISBN 9780688094881 Binding Trade Paperback Publisher WILLIAM MORROW  COMPANY INC Pages 111 p Series Volume 9300 UPC Code 2800688094883 Author John Callahan Subject American wit and humor pictorial Subject Life 495 List Price 800 Used Trade Paperback Ships in 1 to 3 days Qty Store 1 Cedar Hills More copies of this ISBN Used Trade Paperback Starting from 595 1 LOCOK 1 LOCOK LOCCancel 1 LOCOK LOCCancel 1 LOCOK 1 LOCOK LOCCancel 1 LOCOK LOCCancel 1 LOCOK 1 LOCOK LOCCancel 1 LOCOK LOCCancel 1 LOCOK 1 LOCOK LOCCancel 1 LOCOK LOCCancel Help Guarantee My Account Careers About Us Security Wish List Partners Contact Us Shipping Transparency ACT MRF Sitemap  2022 POWELLSCOM Terms 1 LOCOK 1 LOCOK LOCCancel 1 LOCOK LOCCancel 1 LOCOK 1 LOCOK LOCCancel 1 LOCOK LOCCancel 1 LOCOK 1 LOCOK LOCCancel 1 LOCOK LOCCancel 1 LOCOK 1 LOCOK LOCCancel 1 LOCOK LOCCancel"}