{"Title": " Thinking, Fast and Slow ", "Author": "Daniel Kahneman", "Cover Page": "https://powells-covers-2.s3.amazonaws.com/9780374533557.jpg", "ISBN10": "0374533555  \n", "ISBN13": "9780374533557", "Page URL": "https://powells.com/book/thinking-fast-and-slow-9780374533557", "raw_text": "Thinking Fast and Slow Daniel Kahneman Trade Paperback 9780374533557 Powells Books Cart   my account  wish list  help  8008787323 Hello\n Login MENU Browse New Arrivals Bestsellers Featured Preorders Award Winners Audio Books See All Subjects Used Staff Picks Staff Picks Picks of the Month Bookseller Displays 50 Books for 50 Years 25 Best 21st Century SciFi  Fantasy 25 PNW Books to Read Before You Die 25 Books From the 21st Century 25 Memoirs to Read Before You Die 25 Global Books to Read Before You Die 25 Women to Read Before You Die 25 Books to Read Before You Die Gifts Gift Cards  eGift Cards Powells Souvenirs Journals and Notebooks socks Games Sell Books Blog Events Find A Store Dont Miss BIG SALE 20 off sitewide Picks of the Season What Im Giving Great Gifts Under 25 Best Books of 2022 Powells Author Events Oregon Battle of the Books Audio Books Visit Our Stores Powells Books 14 Gift Ideas From 14 of Our Favorite Authors 0 comment Every year Powells reaches out to some of our favorite authors for some muchneeded giftgiving inspiration Below are 14 writerapproved recommendations to help you find the perfect book for even your mostdifficulttobuyfor loved one Read More  Powells Staff Best Books of 2022 Fiction 1 comment Kelsey Ford 6 Haunting Native American Horror Books 1 comment 1 LOCOK 1 LOCOK LOCCancel 1 LOCOK LOCCancel Thinking Fast and Slow by Daniel Kahneman Comment on this title Synopses  Reviews ISBN13 9780374533557 ISBN10 0374533555 Condition Standard All Product Details View Larger Image View Larger Images 1095 List Price 1800 Used Trade Paperback Ships in 1 to 3 days Qty Store 3 Burnside 4 Local Warehouse Synopses  Reviews Publisher Comments Major New York Times bestseller Winner of the National\u00a0Academy of Sciences Best Book Award in 2012 Selected by the New York Times Book Review as one of the best books of 2011 A Globe and Mail Best Books of the Year 2011 Title One of The Economist s 2011 Books of the Year One of The Wall Street Journal s Best Nonfiction Books of the Year 2011 In the international bestseller Thinking\u00a0Fast and Slow  Daniel Kahneman the renowned psychologist and winner of the Nobel Prize in\u00a0Economics takes us on a groundbreaking tour of the mind and explains the two systems that drive the way we think System 1 is fast intuitive and emotional System 2 is slower more deliberative and more logical The impact of overconfidence on corporate strategies the difficulties of predicting what will make us happy in the future the profound effect of cognitive biases on everything from playing the stock market to planning our next vacation  each of these can be understood only by knowing how the two systems shape our judgments and decisions Engaging the reader in a lively conversation about how we think Kahneman reveals where we can and cannot trust our intuitions and how we can tap into the benefits of slow thinking He offers practical and enlightening insights into how choices are made in both our business and our personal lives  and how we can use different techniques to guard against the mental glitches that often get us into trouble Winner of the National Academy of Sciences Best Book\u00a0Award and the Los Angeles Times Book Prize and selected by The New York Times Book Review as one of the ten best books of 2011 Thinking  Fast and Slow is destined to be a classic Review A tour de forceKahnemans book is a must read for anyone interested in either human behavior or investing He clearly shows that while we like to think of ourselves as rational in our decision making the truth is we are subject to many biases At least being aware of them will give you a better chance of avoiding them or at least making fewer of them CBS News Review Daniel Kahneman demonstrates forcefully in his new book Thinking Fast and Slow  how easy it is for humans to swerve away from rationality The Washington Post Review An outstanding book distinguished by beauty and clarity of detail precision of presentation and gentleness of manner Its truths are open to all those whose System 2 is not completely defunct I have hardly touched on its richness The Guardian Review BrilliantIt is impossible to exaggerate the importance of Daniel Kahnemans contribution to the understanding of the way we think and choose He stands among the giants a weaver of the threads of Charles Darwin Adam Smith and Sigmund Freud Arguably the most important psychologist in history Kahneman has reshaped cognitive psychology the analysis of rationality and reason the understanding of risk and the study of happiness and wellbeingA magisterial work stunning in its ambition infused with knowledge laced with wisdom informed by modesty and deeply humane If you can read only one book this year read this one The Globe and Mail Review A sweeping compelling tale of just how easily our brains are bamboozled bringing in both his own research and that of numerous psychologists economists and other expertsKahneman has a remarkable ability to take decades worth of research and distill from it what would be important and interesting for a lay audience Thinking Fast and Slow is an immensely important book Many science books are uneven with a useful or interesting chapter too often followed by a dull one Not so here With rare exceptions the entire span of this weighty book is fascinating and applicable to daytoday life Everyone should read Thinking Fast and Slow  Boston Globe Review We must be grateful to Kahneman for giving us in this book a joyful understanding of the practical side of our personalities The New York Review of Books Review It is an astonishingly rich book lucid profound full of intellectual surprises and selfhelp value The New York Times Book Review Review There have been many good books on human rationality and irrationality but only one masterpiece That masterpiece is Daniel Kahnemans Thinking Fast and Slow This is one of the greatest and most engaging collections of insights into the human mind I have read William Easterly Financial Times Review With Kahnemans expert help readers may understand this mix of psychology and economics better than most accountants therapists or elected representatives VERDICT A stellar accomplishment a book for everyone who likes to think and wants to do it better Library Journal Review A tour de force of psychological insight research explication and compelling narrative that brings together in one volume the high points of Mr Kahnemans notable contributions over five decades to the study of human judgment decisionmaking and choiceThanks to the elegance and force of his ideas and the robustness of the evidence he offers for them he has helped us to a new understanding of our divided minds  and our whole selves Christoper F Chabris The Wall Street Journal Review ProfoundAs Copernicus removed the Earth from the center of the universe and Darwin knocked humans off their biological perch Mr Kahneman has shown that we are not the paragons of reason we assume ourselves to be The Economist Review  Thinking Fast and Slow  is wonderful of course To anyone with the slightest interest in the workings of his own mind it is so rich and fascinating that any summary would seem absurd Michael Lewis Vanity Fair Review Absorbingly articulate and infinitely intelligentWhats most enjoyable and compelling about Thinking Fast and Slow is that its so utterly refreshingly antiGladwellian There is nothing pop about Kahnemans psychology no formulaic story arc no beating you over the head with an artificial buzzwordencrusted Big Idea Its just the wisdom that comes from five decades of honest rigorous scientific work delivered humbly yet brilliantly in a way that will forever change the way you think about thinking The Atlantic Review The ramifications of Kahenmans work are wide extending into education business marketing politicsand even happiness research Call his field psychonomics the hidden reasoning behind our choices Thinking Fast and Slow is essential reading for anyone with a mind The New York Post Synopsis Major New York Times bestseller Over two million copies sold Selected by the New York Times Book Review as one of the ten best books of 2011 Selected by The Wall Street Journal s as one best nonfiction books of 2011 2013 Presidential Medal of Freedom Recipient Daniel Kahnemans work with Amos Tversky is the subject of Michael Lewiss bestselling The Undoing Project A Friendship That Changed Our Minds In his mega bestseller Thinking Fast and Slow  Daniel Kahneman worldfamous psychologist and winner of the Nobel Prize in Economics takes us on a groundbreaking tour of the mind and explains the two systems that drive the way we think System 1 is fast intuitive and emotional System 2 is slower more deliberative and more logical The impact of overconfidence on corporate strategies the difficulties of predicting what will make us happy in the future the profound effect of cognitive biases on everything from playing the stock market to planning our next vacationeach of these can be understood only by knowing how the two systems shape our judgments and decisions Engaging the reader in a lively conversation about how we think Kahneman reveals where we can and cannot trust our intuitions and how we can tap into the benefits of slow thinking He offers practical and enlightening insights into how choices are made in both our business and our personal livesand how we can use different techniques to guard against the mental glitches that often get us into trouble Topping bestseller lists for almost ten years Thinking Fast and Slow is a contemporary classic an essential book that has changed the lives of millions of readers Synopsis Major New York Times Bestseller More than 26 million copies sold One of The New York Times Book Reviews ten best books of the year Selected by The Wall Street Journal as one of the best nonfiction books of the year Presidential Medal of Freedom Recipient Daniel Kahnemans work with Amos Tversky is the subject of Michael Lewiss bestselling The Undoing Project A Friendship That Changed Our Minds In his mega bestseller Thinking Fast and Slow  Daniel Kahneman worldfamous psychologist and winner of the Nobel Prize in Economics takes us on a groundbreaking tour of the mind and explains the two systems that drive the way we think System 1 is fast intuitive and emotional System 2 is slower more deliberative and more logical The impact of overconfidence on corporate strategies the difficulties of predicting what will make us happy in the future the profound effect of cognitive biases on everything from playing the stock market to planning our next vacationeach of these can be understood only by knowing how the two systems shape our judgments and decisions Engaging the reader in a lively conversation about how we think Kahneman reveals where we can and cannot trust our intuitions and how we can tap into the benefits of slow thinking He offers practical and enlightening insights into how choices are made in both our business and our personal livesand how we can use different techniques to guard against the mental glitches that often get us into trouble Topping bestseller lists for almost ten years Thinking Fast and Slow is a contemporary classic an essential book that has changed the lives of millions of readers Synopsis Major New York Times bestseller Winner of the National Academy of Sciences Best Book Award in 2012 Selected by the New York Times Book Review as one of the ten best books of 2011 A Globe and Mail Best Books of the Year 2011 Title One of The Economist s 2011 Books of the Year One of The Wall Street Journal s Best Nonfiction Books of the Year 2011 2013 Presidential Medal of Freedom Recipient Kahnemans work with Amos Tversky is the subject of Michael Lewiss The Undoing Project A Friendship That Changed Our Minds In the international bestseller Thinking Fast and Slow  Daniel Kahneman the renowned psychologist and winner of the Nobel Prize in Economics takes us on a groundbreaking tour of the mind and explains the two systems that drive the way we think System 1 is fast intuitive and emotional System 2 is slower more deliberative and more logical The impact of overconfidence on corporate strategies the difficulties of predicting what will make us happy in the future the profound effect of cognitive biases on everything from playing the stock market to planning our next vacationeach of these can be understood only by knowing how the two systems shape our judgments and decisions Engaging the reader in a lively conversation about how we think Kahneman reveals where we can and cannot trust our intuitions and how we can tap into the benefits of slow thinking He offers practical and enlightening insights into how choices are made in both our business and our personal livesand how we can use different techniques to guard against the mental glitches that often get us into trouble Winner of the National Academy of Sciences Best Book Award and the Los Angeles Times Book Prize and selected by The New York Times Book Review as one of the ten best books of 2011 Thinking  Fast and Slow is destined to be a classic Synopsis Daniel Kahneman recipient of the Nobel Prize in Economic Sciences for his seminal work in psychology that challenged the rational model of judgment and decision making is one of our most important thinkers His ideas have had a profound and widely regarded impact on many fields  including economics medicine and politics  but until now he has never brought together his many years of research and thinking in one book In the highly anticipated Thinking Fast and Slow  Kahneman takes us on a groundbreaking tour of the mind and explains the two systems that drive the way we think System 1 is fast intuitive and emotional System 2 is slower more deliberative and more logical Kahneman exposes the extraordinary capabilities  and also the faults and biases  of fast thinking and reveals the pervasive influence of intuitive impressions on our thoughts and behavior The impact of loss aversion and overconfidence on corporate strategies the difficulties of predicting what will make us happy in the future the challenges of properly framing risks at work and at home the profound effect of cognitive biases on everything from playing the stock market to planning the next vacation  each of these can be understood only by knowing how the two systems work together to shape our judgments and decisions Engaging the reader in a lively conversation about how we think Kahneman reveals where we can and cannot trust our intuitions and how we can tap into the benefits of slow thinking He offers practical and enlightening insights into how choices are made in both our business and our personal lives  and how we can use different techniques to guard against the mental glitches that often get us into trouble Thinking Fast and Slow will transform the way you think about thinking About the Author Daniel Kahneman is Eugene Higgins Professor of Psychology Emeritus at Princeton University and Professor of Psychology and Public Affairs Emeritus at Princetons Woodrow Wilson School of Public and International Affairs He received the 2002 Nobel Prize in Economic Sciences for his pioneering work with Amos Tversky on decisionmaking 5 2 What Our Readers Are Saying Share your thoughts on this title Average customer rating 5 2 comments  writermala  October 27 2017 view all comments by writermala The title and description of this book intrigued me However I was a little concerned that a Psychologist of Kahnemans stature  Nobel Laureate  would perhaps talk down to me I need not have worried While it is obvious that Kahneman has a thorough knowledge of every aspect of this subject he explains everything in language that a layperson like me can understand A lifetimes worth of research is contained in this book and we the readers are the beneficiaries Some of his comments like Whenever we can replace human judgment by a formula we should at least consider it are priceless His examples to explain a context go a long way in helping us understand the tough topics Was this comment helpful  Yes  No 4 of 4 readers found this comment helpful report this\ncomment  writermala  September 16 2013 view all comments by writermala Daniel Kahneman may be an expert and a Nobel Laureate but his book is quite easy to comprehend  at least the essential premise When Kahneman talks about a concept that is difficult he gives examples elaborating the ideas which make the idea understandable Quite often we are surprised by our reaction to a question and it comes as an even bigger surprise to us that so called experts fall into these erroneous traps of decision making Was this comment helpful  Yes  No 9 of 9 readers found this comment helpful report this\ncomment Product Details ISBN 9780374533557 Binding Trade Paperback Publication date 04022013 Publisher Farrar Straus Giroux Pages 512 Height 140IN Width 540IN Thickness 150 Copyright Year 2013 Author Daniel Kahneman Author Daniel Kahneman Subject PsychologyCognitive Science 1095 List Price 1800 Used Trade Paperback Ships in 1 to 3 days Qty Store 3 Burnside 4 Local Warehouse More copies of this ISBN New Trade Paperback 2000 Used Trade Paperback Starting from 795 1 LOCOK 1 LOCOK LOCCancel 1 LOCOK LOCCancel 1 LOCOK 1 LOCOK LOCCancel 1 LOCOK LOCCancel 1 LOCOK 1 LOCOK LOCCancel 1 LOCOK LOCCancel 1 LOCOK 1 LOCOK LOCCancel 1 LOCOK LOCCancel Help Guarantee My Account Careers About Us Security Wish List Partners Contact Us Shipping Transparency ACT MRF Sitemap  2022 POWELLSCOM Terms 1 LOCOK 1 LOCOK LOCCancel 1 LOCOK LOCCancel 1 LOCOK 1 LOCOK LOCCancel 1 LOCOK LOCCancel 1 LOCOK 1 LOCOK LOCCancel 1 LOCOK LOCCancel 1 LOCOK 1 LOCOK LOCCancel 1 LOCOK LOCCancel"}