{"Title": " Wheres Saddam ", "Author": "Henry Beard", "Cover Page": "https://covers.powells.com/9780767917179.jpg", "ISBN10": "0767917170  \n", "ISBN13": "9780767917179", "Page URL": "https://powells.com/book/wheres-saddam-9780767917179", "raw_text": "Wheres Saddam Henry Beard Hardcover 9780767917179 Powells Books Cart   my account  wish list  help  8008787323 Hello\n Login MENU Browse New Arrivals Bestsellers Featured Preorders Award Winners Audio Books See All Subjects Used Staff Picks Staff Picks Picks of the Month Bookseller Displays 50 Books for 50 Years 25 Best 21st Century SciFi  Fantasy 25 PNW Books to Read Before You Die 25 Books From the 21st Century 25 Memoirs to Read Before You Die 25 Global Books to Read Before You Die 25 Women to Read Before You Die 25 Books to Read Before You Die Gifts Gift Cards  eGift Cards Powells Souvenirs Journals and Notebooks socks Games Sell Books Blog Events Find A Store Dont Miss BIG SALE 20 off sitewide Picks of the Season What Im Giving Great Gifts Under 25 Best Books of 2022 Powells Author Events Oregon Battle of the Books Audio Books Visit Our Stores Powells Books 14 Gift Ideas From 14 of Our Favorite Authors 0 comment Every year Powells reaches out to some of our favorite authors for some muchneeded giftgiving inspiration Below are 14 writerapproved recommendations to help you find the perfect book for even your mostdifficulttobuyfor loved one Read More  Powells Staff Best Books of 2022 Fiction 1 comment Kelsey Ford 6 Haunting Native American Horror Books 1 comment 1 LOCOK 1 LOCOK LOCCancel 1 LOCOK LOCCancel Wheres Saddam by Henry Beard Comment on this title ISBN13 9780767917179 ISBN10 0767917170 Condition Standard DustJacket Standard All Product Details View Larger Image View Larger Images 195 List Price 995 Used Hardcover Ships in 1 to 3 days Qty Store 1 Cedar Hills About the Author Henry Beard was one of the founding members of groundbreaking comic magazine The National Lampoon  He has also written a number of classic humor books including OJs Legal Pad French for Cats Bored of the Rings Latin for all Occasions Rationalizations to Live by and many more John Boswell has been a collabortor with Henry Beard for years working on a number of his bestsellers with him OJs Legal Pad French for Cats and The Official Exceptions to the Rules of Golf Ron Barrett has illustrated the childrens classic Cloudy With a Chance of Meatballs  which has sold over a million copies He was also the artful forger of OJs Legal Pad and Bill Gates Personal Super Secret Private Laptop  Both Cloudy and Rons comic Politenessman Champion of Charm  are now under major development as major motion pictures Gary Hallgren studied painting and design at Western Washington State College In the 1970s became involved with the underground comics scene He teamed up with Dan O Neill Bobby London Ted Richards and Shary Flenniken to start Air Pirates Funnies  a comics series that parodied Disney characters Gary Hallgrens work has appeared in numerous magazines such as National Lampoon Rolling Stone Howard the Duck Crazyand Provincetown He lives in New York What Our Readers Are Saying Be the first to share your thoughts on this title Product Details ISBN 9780767917179 Binding Hardcover Publication date 09012003 Publisher BANTAM DOUBLEDAY DELL Pages 28 Height 830 in Width 796 in Thickness 49 in Number of Units 1 Series Volume no 9 UPC Code 2800767917171 Author Henry Beard Subject American wit and humor pictorial Subject Hussein Saddam Subject Iraq War 195 List Price 995 Used Hardcover Ships in 1 to 3 days Qty Store 1 Cedar Hills More copies of this ISBN Used Hardcover 250 1 LOCOK 1 LOCOK LOCCancel 1 LOCOK LOCCancel 1 LOCOK 1 LOCOK LOCCancel 1 LOCOK LOCCancel 1 LOCOK 1 LOCOK LOCCancel 1 LOCOK LOCCancel 1 LOCOK 1 LOCOK LOCCancel 1 LOCOK LOCCancel Help Guarantee My Account Careers About Us Security Wish List Partners Contact Us Shipping Transparency ACT MRF Sitemap  2022 POWELLSCOM Terms 1 LOCOK 1 LOCOK LOCCancel 1 LOCOK LOCCancel 1 LOCOK 1 LOCOK LOCCancel 1 LOCOK LOCCancel 1 LOCOK 1 LOCOK LOCCancel 1 LOCOK LOCCancel 1 LOCOK 1 LOCOK LOCCancel 1 LOCOK LOCCancel"}