{"Title": " Artists Way a Spiritual Path to Higher Creativity ", "Author": "Julia Cameron", "Cover Page": "https://covers.powells.com/9780874776942.jpg", "ISBN10": "0874776945  \n", "ISBN13": "9780874776942", "Page URL": "https://powells.com/book/artists-way-a-spiritual-path-to-higher-creativity-9780874776942", "raw_text": "Artists Way a Spiritual Path to Higher Creativity Julia Cameron Trade Paperback 9780874776942 Powells Books Cart   my account  wish list  help  8008787323 Hello\n Login MENU Browse New Arrivals Bestsellers Featured Preorders Award Winners Audio Books See All Subjects Used Staff Picks Staff Picks Picks of the Month Bookseller Displays 50 Books for 50 Years 25 Best 21st Century SciFi  Fantasy 25 PNW Books to Read Before You Die 25 Books From the 21st Century 25 Memoirs to Read Before You Die 25 Global Books to Read Before You Die 25 Women to Read Before You Die 25 Books to Read Before You Die Gifts Gift Cards  eGift Cards Powells Souvenirs Journals and Notebooks socks Games Sell Books Blog Events Find A Store Dont Miss BIG SALE 20 off sitewide Picks of the Season What Im Giving Great Gifts Under 25 Best Books of 2022 Powells Author Events Oregon Battle of the Books Audio Books Visit Our Stores Powells Books 14 Gift Ideas From 14 of Our Favorite Authors 0 comment Every year Powells reaches out to some of our favorite authors for some muchneeded giftgiving inspiration Below are 14 writerapproved recommendations to help you find the perfect book for even your mostdifficulttobuyfor loved one Read More  Powells Staff Best Books of 2022 Fiction 1 comment Kelsey Ford 6 Haunting Native American Horror Books 1 comment 1 LOCOK 1 LOCOK LOCCancel 1 LOCOK LOCCancel Artists Way a Spiritual Path to Higher Creativity by Julia Cameron Comment on this title Synopses  Reviews ISBN13 9780874776942 ISBN10 0874776945 Condition Standard All Product Details View Larger Image View Larger Images 1195 List Price 1595 Used Trade Paperback Ships in 1 to 3 days Qty Store 6 Burnside 6 Cedar Hills 5 Local Warehouse Synopses  Reviews Publisher Comments The Artists Way is the seminal book on the subject of creativity An international bestseller millions of readers have found it to be an invaluable guide to living the artists life Still as vital todayor perhaps even more sothan it was when it was first published one decade ago it is a powerfully provocative and inspiring work In a new introduction to the book Julia Cameron reflects upon the impact of The Artists Way and describes the work she has done during the last decade and the new insights into the creative process that she has gained Updated and expanded this anniversary edition reframes The Artists Way for a new century Review  THE ARTISTS WAY by Julia Cameron is not exclusively about writingit is about discovering and developing the artist within whether a painter poet screenwriter or musicianbut it is a lot about writing If you have always wanted to pursue a creative dream have always wanted to play and create with words or paints this book will gently get you started and help you learn all kinds of payingattention techniques and that after all is what being an artist is all about Its about learning to pay attention Anne Lamott Mademoiselle The premise of the book is that creativity and spirituality are the same thing they come from the same place And we were created to use this life to express our individuality and that over the course of a lifetime that gets beaten out of us  THE ARTISTS WAY  helped me put aside my fear and not worry about whether the record would be commercial Grammy awardwinning singer Kathy Mattea Julia Cameron brings creativity and spirituality together with the same kind of stepbystep wisdom that Edgar Cayce encouraged The result is spiritual creativity as a consistent and nourishing part of daily life Venture Inward I never knew I was a visual artist until I read Julia Camerons THE ARTISTS WAY  Jannene Behl in Artists Magazine Julia Camerons landmark book THE ARTISTS WAY helped me figure out who I really was as an adult not so much as an artist but as a person And awardwinning journalist and poet Camerons genius is that she doesnt tell readers what they should do to achieve or who they should beinstead she creates a map for readers to start exploring these questions themselves Michael F Melcher Law Practice magazine This is not a selfhelp book in the normative sense It is simply a powerful book that can challenge one to move into an entirely different state of personal expression and growth Nick Maddox Deland Beacon  THE ARTISTS WAY with its companion volume THE ARTISTS WAY MORNING PAGES JOURNAL  becomes a friend over time not just a journal Like a journal it provokes spontaneous insights and solutions beyond journaling it establishes a process that is interactive and dynamic Theresa L Crenshaw MD San Diego UnionTribune If you really want to supercharge your writing I recommend that you get a copy of Julia Camerons book THE ARTISTS WAY  Im not a big fan of selfhelp books but this book has changed my life for the better and restored my previously lagging creativity Jeffrey Bairstow Laser Focus World Working with the principle that creative expression is the natural direction of life Cameron developed a three month program to recover creativity THE ARTISTS WAY shows how to tap into the higher power that connects human creativity and the creative energies of the universe Mike Gossie Scottsdale Tribune  THE ARTISTS WAY is the seminal book on the subject of creativity and an invaluable guide to living the artistic life Still as vital todayor perhaps even more sothan it was when it was first published in 1992 it is a provocative and inspiring work Updated and expanded it reframes THE ARTISTS WAY for a new century Branches of Light THE ARTISTS WAY has sold over 3 million copies since its publication in 1992 Cameron still teaches it because there is sustained demand for its thoughtful spiritual approach to unblocking and nurturing creativity It is dare we say timeless Nancy Colasurdo FOXBusiness Praise for VEIN OF GOLD the second volume in the ARTISTS WAY trilogy For those seeking the wellspring of creativity this book like its predecessor is a solid gold diving rod PUBLISHERS WEEKLY Description Includes bibliographical references p 211212 and index 44 5 What Our Readers Are Saying Share your thoughts on this title Average customer rating 44 5 comments  Sheila Deeth  December 08 2016 view all comments by Sheila Deeth Julia Camerons classic The Artists Way combines a gently spiritual touch with a genuine understanding of human creativityboth our need to create and our frequent reluctance to commit The author describes a monks devotion to our work where some  will be visited by visions and others will toil  knowing glory only at a distance offering practical and spiritual encouragement both together Meanwhile the wellplanned exercises she presents promote productivity and an ability to stop putting off what we long to do well\nThe text is nicely laid out with luxurious white space accompanied by intriguing sidebar quotations from poets theologians and more each wellchosen to complement the chapters message A pleasing mix of personal anecdote and wellresearched wellpracticed teaching makes the book an enjoyable and valuable read even for readers unwilling or unready to commit to the workbook lessons Commitment of course will offer more But readers who feel they havent got time might find themselves encouraged to creatively find some\nDisclosure It was a gift from a treasured artistic friend Was this comment helpful  Yes  No 2 of 3 readers found this comment helpful report this\ncomment  jlk  August 04 2012 Incredible book to jump start the reader into creativity bliss and insight Was this comment helpful  Yes  No 6 of 9 readers found this comment helpful report this\ncomment  librarylapin  August 10 2011 view all comments by librarylapin I was in a very strange place in my life when I picked up the Artists Way I felt like something was missing It was my creativity Cameron breaks down ways to enhance your creative life no matter who you are or what you want to do This isnt a book reserved for writers and painters It applies to all of us Creativity is missing from so much of our culture that it is easy to lose sight of its importance This brilliant book brings it back into the light Not only did I feel more creative after doing the excercises in this book but my mind felt freer and I could think more clearly Was this comment helpful  Yes  No 6 of 7 readers found this comment helpful report this\ncomment  liveandinperson  January 03 2010 This is a life changing bookJulie Cameron has devoted her life to helping people develop their creativity and she has succeeded This book with Morning Pages and weekly check ins will dissolve lethargy and before you know it you will be creating rose gardensor buying a sail boator flying to England Austriaand Munich like I have This is the single most influential book of my life Was this comment helpful  Yes  No 7 of 11 readers found this comment helpful report this\ncomment  tfarmer25  March 06 2008 view all comments by tfarmer25 This book has stood the test of time and has come out on top In every way a classic Highly recommend Was this comment helpful  Yes  No 16 of 20 readers found this comment helpful report this\ncomment View all 5 comments Product Details ISBN 9780874776942 Binding Trade Paperback Publisher PENGUIN PUTNAM TRADE Pages 272 Height 9 in Width 74 in Thickness 76 in Age Range from 18 and up Grade Range from 12 Number of Units 1 Copyright Year 1992 Series Volume 8 UPC Code 2800874776944 Author Julia Cameron Subject Selfactualization Subject Creation literary artistic etc Subject Creation Subject Artists Subject Creativity ability  Problems exercises 1195 List Price 1595 Used Trade Paperback Ships in 1 to 3 days Qty Store 6 Burnside 6 Cedar Hills 5 Local Warehouse More copies of this ISBN Used Trade Paperback Starting from 850 1 LOCOK 1 LOCOK LOCCancel 1 LOCOK LOCCancel 1 LOCOK 1 LOCOK LOCCancel 1 LOCOK LOCCancel 1 LOCOK 1 LOCOK LOCCancel 1 LOCOK LOCCancel 1 LOCOK 1 LOCOK LOCCancel 1 LOCOK LOCCancel Help Guarantee My Account Careers About Us Security Wish List Partners Contact Us Shipping Transparency ACT MRF Sitemap  2022 POWELLSCOM Terms 1 LOCOK 1 LOCOK LOCCancel 1 LOCOK LOCCancel 1 LOCOK 1 LOCOK LOCCancel 1 LOCOK LOCCancel 1 LOCOK 1 LOCOK LOCCancel 1 LOCOK LOCCancel 1 LOCOK 1 LOCOK LOCCancel 1 LOCOK LOCCancel"}