{"Title": " The Lost Heir: Wings of Fire Graphic Novel 2 ", "Author": "Tui T Sutherland", "Cover Page": "https://powells-covers-2.s3.amazonaws.com/9780545942201.jpg", "ISBN10": "0545942209  \n", "ISBN13": "9780545942201", "Page URL": "https://powells.com/book/the-lost-heir-9780545942201", "raw_text": "The Lost Heir Wings of Fire Graphic Novel 2 A Graphix Book Tui T Sutherland Trade Paperback 9780545942201 Powells Books Cart   my account  wish list  help  8008787323 Hello\n Login MENU Browse New Arrivals Bestsellers Featured Preorders Award Winners Audio Books See All Subjects Used Staff Picks Staff Picks Picks of the Month Bookseller Displays 50 Books for 50 Years 25 Best 21st Century SciFi  Fantasy 25 PNW Books to Read Before You Die 25 Books From the 21st Century 25 Memoirs to Read Before You Die 25 Global Books to Read Before You Die 25 Women to Read Before You Die 25 Books to Read Before You Die Gifts Gift Cards  eGift Cards Powells Souvenirs Journals and Notebooks socks Games Sell Books Blog Events Find A Store Dont Miss BIG SALE 20 off sitewide Picks of the Season What Im Giving Great Gifts Under 25 Best Books of 2022 Powells Author Events Oregon Battle of the Books Audio Books Visit Our Stores Powells Books 14 Gift Ideas From 14 of Our Favorite Authors 0 comment Every year Powells reaches out to some of our favorite authors for some muchneeded giftgiving inspiration Below are 14 writerapproved recommendations to help you find the perfect book for even your mostdifficulttobuyfor loved one Read More  Powells Staff Best Books of 2022 Fiction 1 comment Kelsey Ford 6 Haunting Native American Horror Books 1 comment 1 LOCOK 1 LOCOK LOCCancel 1 LOCOK LOCCancel The Lost Heir Wings of Fire Graphic Novel 2 by Tui T Sutherland and Mike Holmes Comment on this title Synopses  Reviews ISBN13 9780545942201 ISBN10 0545942209 Condition Standard All Product Details View Larger Image View Larger Images 895 List Price 1299 Used Trade Paperback Ships in 1 to 3 days Qty Store 3 Hawthorne Synopses  Reviews Synopsis The New York Times bestselling Wings of Fire series soars to new heights in this graphic novel adaptation The lost heir to the SeaWing throne is going home at lastShe cant believe its finally happening Tsunami and her fellow dragonets of destiny are journeying under the water to the great SeaWing Kingdom Stolen as an egg from the royal hatchery Tsunami is eager to meet her future subjects and reunite with her mother Queen CoralBut Tsunamis triumphant return doesnt go quite the way shed imagined Queen Coral welcomes her with open wings but a mysterious assassin has been killing off the queens heirs for years and Tsunami may be the next target The dragonets came to the SeaWings for protection but this ocean hides secrets betrayal  and perhaps even deathThe New York Times bestselling Wings of Fire series takes flight in this first graphic novel edition adapted by the author with art by Mike Holmes Synopsis The lost heir to the SeaWing throne is going home at last She cant believe its finally happening Tsunami and her fellow dragonets of destiny are journeying under the water to the great SeaWing Kingdom Stolen as an egg from the royal hatchery Tsunami is eager to meet her future subjects and reunite with her mother Queen Coral But Tsunamis triumphant return doesnt go quite the way shed imagined Queen Coral welcomes her with open wings but a mysterious assassin has been killing off the queens heirs for years and Tsunami may be the next target The dragonets came to the SeaWings for protection but this ocean hides secrets betrayal  and perhaps even death The New York Times bestselling Wings of Fire series takes flight in this first graphic novel edition adapted by the author with art by Mike Holmes About the Author Tui T Sutherland is the author of the New York Times and USA Today bestselling Wings of Fire series the Menagerie trilogy and the Pet Trouble series as well as a contributing author to the bestselling Spirit Animals and Seekers series as part of the Erin Hunter team In 2009 she was a twoday champion on Jeopardy She lives in Massachusetts with her wonderful husband two awesome sons and two very patient dogs To learn more about Tuis books visit her online at tuibookscom Mike Holmes has drawn for the comics series Bravest Warriors and Adventure Time and is the creator of the art project Mikenesses  His books include Secret Coders written by Gene Luen Yang Animal Crackers Circus Mayhem written by Scott Christian Sava and the True Story collection He and his wife Meredith live in Philadelphia with their son Oscar Heidi the dog and Ella the cat What Our Readers Are Saying Be the first to share your thoughts on this title Product Details ISBN 9780545942201 Binding Trade Paperback Publication date 02262019 Publisher SCHOLASTIC INC Pages 224 Height 60IN Width 590IN Age Range 8 to 12 Grade Range 3 to 7 Illustration Yes Illustrator Mike Holmes Author Tui T Sutherland 895 List Price 1299 Used Trade Paperback Ships in 1 to 3 days Qty Store 3 Hawthorne More copies of this ISBN New Trade Paperback 1299 This title in other editions New Hardcover 2499 1 LOCOK 1 LOCOK LOCCancel 1 LOCOK LOCCancel 1 LOCOK 1 LOCOK LOCCancel 1 LOCOK LOCCancel 1 LOCOK 1 LOCOK LOCCancel 1 LOCOK LOCCancel 1 LOCOK 1 LOCOK LOCCancel 1 LOCOK LOCCancel Help Guarantee My Account Careers About Us Security Wish List Partners Contact Us Shipping Transparency ACT MRF Sitemap  2022 POWELLSCOM Terms 1 LOCOK 1 LOCOK LOCCancel 1 LOCOK LOCCancel 1 LOCOK 1 LOCOK LOCCancel 1 LOCOK LOCCancel 1 LOCOK 1 LOCOK LOCCancel 1 LOCOK LOCCancel 1 LOCOK 1 LOCOK LOCCancel 1 LOCOK LOCCancel"}