{"Title": " Ginger Rogers: A Bio-Bibliography ", "Author": "Jocelyn Faris", "Cover Page": "https://covers.powells.com/9780313291777.jpg", "ISBN10": "0313291772  \n", "ISBN13": "9780313291777", "Page URL": "https://powells.com/book/ginger-rogers-9780313291777", "raw_text": "Ginger Rogers A BioBibliography Faris Jocelyn Hardcover 9780313291777 Powells Books Cart   my account  wish list  help  8008787323 Hello\n Login MENU Browse New Arrivals Bestsellers Featured Preorders Award Winners Audio Books See All Subjects Used Staff Picks Staff Picks Picks of the Month Bookseller Displays 50 Books for 50 Years 25 Best 21st Century SciFi  Fantasy 25 PNW Books to Read Before You Die 25 Books From the 21st Century 25 Memoirs to Read Before You Die 25 Global Books to Read Before You Die 25 Women to Read Before You Die 25 Books to Read Before You Die Gifts Gift Cards  eGift Cards Powells Souvenirs Journals and Notebooks socks Games Sell Books Blog Events Find A Store Dont Miss BIG SALE 20 off sitewide Picks of the Season What Im Giving Great Gifts Under 25 Best Books of 2022 Powells Author Events Oregon Battle of the Books Audio Books Visit Our Stores Powells Books 14 Gift Ideas From 14 of Our Favorite Authors 0 comment Every year Powells reaches out to some of our favorite authors for some muchneeded giftgiving inspiration Below are 14 writerapproved recommendations to help you find the perfect book for even your mostdifficulttobuyfor loved one Read More  Powells Staff Best Books of 2022 Fiction 1 comment Kelsey Ford 6 Haunting Native American Horror Books 1 comment 1 LOCOK 1 LOCOK LOCCancel 1 LOCOK LOCCancel Ginger Rogers A BioBibliography by Jocelyn Faris Comment on this title Synopses  Reviews ISBN13 9780313291777 ISBN10 0313291772 All Product Details View Larger Image View Larger Images 10000 New Hardcover Available at a Remote Warehouse Ships separately from other items Additional shipping charges may apply Not available for In Store Pickup More Info Qty Store 20 Remote Warehouse Synopses  Reviews Publisher Comments Though chiefly remembered as the dance partner of Fred Astaire Ginger Rogers had many other significant achievements in the entertainment world She was a dancer singer comedienne and Academy Award winning dramatic actress as well as the highest paid Hollywood star in 1942 Miss Faris provides a detailed record of Ginger Rogers life and career painting a picture of her as one of the most versatile performers in the United States The volume begins with a short biography of Ginger Rogers along with a succinct chronology of the major events in her life and career These portions of the book provide a context for the chapters that follow which contain annotated entries for her stage film radio and television performances The entries provide production information and cast listings along with excerpts from reviews and critical commentaries An extensive annotated bibliography lists books magazine and newspaper articles and movie trade publications that provide further information about Ginger Rogerss fascinating career Review This serves as an excellent research guide to the life of and work about Ginger Rogers one of Americas premiere entertainers Recommended for collections supporting research on 20th century American entertainers Reference Book Review Review useful both as a general introduction to Rogers and for the researcher needing more indepth information about her It is a good purchase for public libraries and comprehensive film and television collections ARBA 95 Synopsis Provides a short biography and detailed record of the career of Ginger Rogers Synopsis Ginger Rogers had a versatile and successful career as a dancer singer comedienne and Academy Award winning dramatic actress Here is a detailed guide to her many accomplishments in the entertainment world Though she is remembered chiefly as the dance partner of Fred Astaire her work spanned a number of media and she was one of the most famous actresses in the United States Faris provides detailed information on all of her performances Synopsis Filmography p 35157 Discography p 183198 About the Author JOCELYN FARIS is an electronics engineer for a major telecommunications company What Our Readers Are Saying Be the first to share your thoughts on this title Product Details ISBN 9780313291777 Binding Hardcover Publication date 03141994 Publisher Greenwood Series info BioBibliographies in the Performing Arts Language English Pages 312 Height 105IN Width 651IN Thickness 105 in LCCN 93041435 Series Biobibliographies in the performing arts Number of Units 1 Series Volume 102958no 49 UPC Code 9780313291777 Author Jocelyn Faris Subject BiographyEntertainment and Performing Arts Subject Motion picture actors and actresses Subject United states Subject Rogers Ginger Subject Communication Studies Subject Biography 10000 New Hardcover Available at a Remote Warehouse Ships separately from other items Additional shipping charges may apply Not available for In Store Pickup More Info Qty Store 20 Remote Warehouse Receive an email when this ISBN is available used 1 LOCOK 1 LOCOK LOCCancel 1 LOCOK LOCCancel 1 LOCOK 1 LOCOK LOCCancel 1 LOCOK LOCCancel 1 LOCOK 1 LOCOK LOCCancel 1 LOCOK LOCCancel 1 LOCOK 1 LOCOK LOCCancel 1 LOCOK LOCCancel Help Guarantee My Account Careers About Us Security Wish List Partners Contact Us Shipping Transparency ACT MRF Sitemap  2022 POWELLSCOM Terms 1 LOCOK 1 LOCOK LOCCancel 1 LOCOK LOCCancel 1 LOCOK 1 LOCOK LOCCancel 1 LOCOK LOCCancel 1 LOCOK 1 LOCOK LOCCancel 1 LOCOK LOCCancel 1 LOCOK 1 LOCOK LOCCancel 1 LOCOK LOCCancel"}