{"Title": " Great White Hope A Drama In Three Acts ", "Author": "Howard Sackler", "Cover Page": "https://covers.powells.com/9780573609602.jpg", "ISBN10": "0573609608  \n", "ISBN13": "9780573609602", "Page URL": "https://powells.com/book/great-white-hope-a-drama-in-three-acts-9780573609602", "raw_text": "Great White Hope A Drama In Three Acts Howard Sackler Pamphlet 9780573609602 Powells Books Cart   my account  wish list  help  8008787323 Hello\n Login MENU Browse New Arrivals Bestsellers Featured Preorders Award Winners Audio Books See All Subjects Used Staff Picks Staff Picks Picks of the Month Bookseller Displays 50 Books for 50 Years 25 Best 21st Century SciFi  Fantasy 25 PNW Books to Read Before You Die 25 Books From the 21st Century 25 Memoirs to Read Before You Die 25 Global Books to Read Before You Die 25 Women to Read Before You Die 25 Books to Read Before You Die Gifts Gift Cards  eGift Cards Powells Souvenirs Journals and Notebooks socks Games Sell Books Blog Events Find A Store Dont Miss BIG SALE 20 off sitewide Picks of the Season What Im Giving Great Gifts Under 25 Best Books of 2022 Powells Author Events Oregon Battle of the Books Audio Books Visit Our Stores Powells Books 14 Gift Ideas From 14 of Our Favorite Authors 0 comment Every year Powells reaches out to some of our favorite authors for some muchneeded giftgiving inspiration Below are 14 writerapproved recommendations to help you find the perfect book for even your mostdifficulttobuyfor loved one Read More  Powells Staff Best Books of 2022 Fiction 1 comment Kelsey Ford 6 Haunting Native American Horror Books 1 comment 1 LOCOK 1 LOCOK LOCCancel 1 LOCOK LOCCancel Great White Hope A Drama In Three Acts by Howard Sackler Comment on this title Synopses  Reviews ISBN13 9780573609602 ISBN10 0573609608 All Product Details View Larger Image View Larger Images 1460 New Pamphlet Available at a Remote Warehouse Ships separately from other items Additional shipping charges may apply Not available for In Store Pickup More Info Qty Store 20 Remote Warehouse Synopses  Reviews Publisher Comments Tragic Drama  Characters 8 male 3 female extras wdoubling Winner of Pulitzer Prize and the Tony Award A great part a tragic hero cheated degraded and at last brutally beaten Mr Sackler has used his hero a figure based on the first Black heavyweight champion of the world Jack Johnson played by James Earl Jones as a symbol in part of Black aspirationHas an epic scope and rangeIt picks up the Johnson story soon after the Australian day in 1908 when Johnson whipped Tommy Burns and takes it to Havana in 1915 when Jess Willard the Great White Hope won it back for the Whites at least for a timeThe New York Times A highly theatrical and hugely rewarding eveningDaily News Great theatre Broadway at its very bestAssociated Press What Our Readers Are Saying Be the first to share your thoughts on this title Product Details ISBN 9780573609602 Binding Pamphlet Publication date 11172010 Publisher SAMUEL FRENCH INC Pages 136 Height 29IN Width 500IN UPC Code 2800573609604 Author Howard Sackler Subject DramaAmerican Anthology Subject DRAMA  General 1460 New Pamphlet Available at a Remote Warehouse Ships separately from other items Additional shipping charges may apply Not available for In Store Pickup More Info Qty Store 20 Remote Warehouse Receive an email when this ISBN is available used 1 LOCOK 1 LOCOK LOCCancel 1 LOCOK LOCCancel 1 LOCOK 1 LOCOK LOCCancel 1 LOCOK LOCCancel 1 LOCOK 1 LOCOK LOCCancel 1 LOCOK LOCCancel 1 LOCOK 1 LOCOK LOCCancel 1 LOCOK LOCCancel Help Guarantee My Account Careers About Us Security Wish List Partners Contact Us Shipping Transparency ACT MRF Sitemap  2022 POWELLSCOM Terms 1 LOCOK 1 LOCOK LOCCancel 1 LOCOK LOCCancel 1 LOCOK 1 LOCOK LOCCancel 1 LOCOK LOCCancel 1 LOCOK 1 LOCOK LOCCancel 1 LOCOK LOCCancel 1 LOCOK 1 LOCOK LOCCancel 1 LOCOK LOCCancel"}