{"Title": " Paleo Diet Revised Edition Lose Weight & Get Healthy by Eating the Foods You Were Designed to Eat ", "Author": "Loren Cordain", "Cover Page": "https://powells-covers-2.s3.amazonaws.com/9780470913024.jpg", "ISBN10": "0470913029  \n", "ISBN13": "9780470913024", "Page URL": "https://powells.com/book/paleo-diet-revised-edition-lose-weight-get-healthy-by-eating-the-foods-you-were-designed-to-eat-9780470913024", "raw_text": "Paleo Diet Revised Edition Lose Weight  Get Healthy by Eating the Foods You Were Designed to Eat Loren Cordain Trade Paperback 9780470913024 Powells Books Cart   my account  wish list  help  8008787323 Hello\n Login MENU Browse New Arrivals Bestsellers Featured Preorders Award Winners Audio Books See All Subjects Used Staff Picks Staff Picks Picks of the Month Bookseller Displays 50 Books for 50 Years 25 Best 21st Century SciFi  Fantasy 25 PNW Books to Read Before You Die 25 Books From the 21st Century 25 Memoirs to Read Before You Die 25 Global Books to Read Before You Die 25 Women to Read Before You Die 25 Books to Read Before You Die Gifts Gift Cards  eGift Cards Powells Souvenirs Journals and Notebooks socks Games Sell Books Blog Events Find A Store Dont Miss BIG SALE 20 off sitewide Picks of the Season What Im Giving Great Gifts Under 25 Best Books of 2022 Powells Author Events Oregon Battle of the Books Audio Books Visit Our Stores Powells Books 14 Gift Ideas From 14 of Our Favorite Authors 0 comment Every year Powells reaches out to some of our favorite authors for some muchneeded giftgiving inspiration Below are 14 writerapproved recommendations to help you find the perfect book for even your mostdifficulttobuyfor loved one Read More  Powells Staff Best Books of 2022 Fiction 1 comment Kelsey Ford 6 Haunting Native American Horror Books 1 comment 1 LOCOK 1 LOCOK LOCCancel 1 LOCOK LOCCancel Paleo Diet Revised Edition Lose Weight  Get Healthy by Eating the Foods You Were Designed to Eat by Loren Cordain Comment on this title Synopses  Reviews ISBN13 9780470913024 ISBN10 0470913029 Condition Standard All Product Details View Larger Image View Larger Images 895 List Price 1699 Used Trade Paperback Ships in 1 to 3 days Qty Store 2 Burnside Synopses  Reviews Publisher Comments AT LAST THE UPDATED EDITION OF THE BESTSELLING DIET BOOK The Paleo Diet helps you lose fat improve your health and feel great Why Because the Paleo Diet works with your genetics to help you realize your natural birthright of vibrant health and wellness Robb Wolf author of the bestselling The Paleo Solution Loren Cordains extensive research demonstrates how modern westernized diets drastically depart from the original diet humans consumed for millions of years In The Paleo Diet and The Paleo Diet Cookbook Dr Cordain shows how diets high in grains dairy vegetable oils salt and refined sugars are at odds with our genetic legacy and then shares his uncomplicated strategy for losing weight and getting healthy Arthur De Vany PhD author of The New Evolution Diet Healthy delicious and simple the Paleo Diet is the diet you were designed to eat If you want to lose weightup to seventyfive pounds in six monthsor if you want to attain optimal health The Paleo Diet will change your life now Dr Loren Cordain the worlds leading expert on Paleolithic nutrition demonstrates how by eating all the lean meats and fish fresh fruits and nonstarchy vegetables you want you can lose weight and prevent and treat heart disease cancer osteoporosis metabolic syndrome and many other illnesses Incorporating all the latest breakthroughs in Paleo nutrition research this new edition of the bestselling The Paleo Diet includes six weeks of meal plans to get you started on the Paleo path to weight loss weight control increased energy and lifelong health Synopsis Eat for better health and weight loss the Paleo way with this revised edition of the bestselling guideover 100000 copies sold to date Healthy delicious and simple the Paleo Diet is the diet we were designed to eat If you want to lose weightup to 75 pounds in six monthsor if you want to attain optimal health The Paleo Diet will work wonders Dr Loren Cordain demonstrates how by eating your fill of satisfying and delicious lean meats and fish fresh fruits snacks and nonstarchy vegetables you can lose weight and prevent and treat heart disease cancer osteoporosis metabolic syndrome and many other illnesses Breakthrough nutrition program based on eating the foods we were genetically designed to eatlean meats and fish and other foods that made up the diet of our Paleolithic ancestors This revised edition features new weightloss material and recipes plus the latest information drawn from breaking Paleolithic research Six weeks of Paleo meal plans to jumpstart a healthy and enjoyable new way of eating as well as dozens of recipes This bestselling guide written by the worlds leading expert on Paleolithic eating has been adopted as a bible of the CrossFit movement The Paleo Diet is the only diet proven by nature to fight disease provide maximum energy and keep you naturally thin strong and activewhile enjoying every satisfying and delicious bite Synopsis Read the book that started the Paleo Diet revolution written by the authority Loren Cordain PhD\u00a0 The book explains the science as well as the specifics of the successful and respected Paleo Diet About the Author LOREN CORDAIN PhD is one of the top global researchers in the area of evolutionary medicine Generally acknowledged as the worlds leading expert on the Paleolithic diet he is a professor in the Health and Exercise Science Department at Colorado State University Dr Cordain and his research have been featured on Dateline NBC and in the New York Times the Wall Street Journal and other media He is the author of The Paleo Diet and The Paleo Diet Cookbook among other books and makes regular media and speaking appearances worldwide Table of Contents Preface to the Revised Edition Acknowledgments Part One Understanding the Paleo Diet Introduction 1 Not Just Another LowCarb Diet 2 The Ground Rules for the Paleo Diet 3 How Our Diet Went Wrong and What You Can Do about It Part Two Losing Weight and Preventing and Healing Diseases 4 Losing Weight the Paleo Diet Way 5 Metabolic Syndrome Diseases of Civilization 6 Food as Medicine\u00a0 How Paleo Diets Improve Health and WellBeing Part Three The Paleo Diet Program 7 Eating Great What to Eat What to Avoid 8 The Paleo Diet Users Manual 9 The Meal Plans for the Three Levels of the Paleo Diet 10 Paleo Recipes 11 Paleo Exercise 12 Living the Paleo Diet Appendix A AcidBase Values of Common Foods 100gram portions Appendix B Comparison of the Total Fat in Domestic and Wild Meats Appendix C Practical Implementation of Parts of the Paleo Diet on a Global Scale Resources Bibliography Index What Our Readers Are Saying Be the first to share your thoughts on this title Product Details ISBN 9780470913024 Binding Trade Paperback Publication date 12072010 Publisher John Wiley  Sons Series info Paleo Edition Rev Ed Pages 288 Height 80IN Width 610IN Thickness 100 Number of Units 1 Copyright Year 2010 Author Loren Cordain Author Cordain Author Loren Cordain Subject paleo paleo diet paleo eating Paleolithic stone age diet stone age eating stone age foods primal diet primal cookbook primal eating evolution diet evolution diets caveman diet caveman cookbook lowcarb low carbohydrate lowcarb lowcarb di Subject Diets Subject Health and MedicineDiet and Nutrition 895 List Price 1699 Used Trade Paperback Ships in 1 to 3 days Qty Store 2 Burnside More copies of this ISBN New Trade Paperback 1699 Used Trade Paperback 995 1 LOCOK 1 LOCOK LOCCancel 1 LOCOK LOCCancel 1 LOCOK 1 LOCOK LOCCancel 1 LOCOK LOCCancel 1 LOCOK 1 LOCOK LOCCancel 1 LOCOK LOCCancel 1 LOCOK 1 LOCOK LOCCancel 1 LOCOK LOCCancel Help Guarantee My Account Careers About Us Security Wish List Partners Contact Us Shipping Transparency ACT MRF Sitemap  2022 POWELLSCOM Terms 1 LOCOK 1 LOCOK LOCCancel 1 LOCOK LOCCancel 1 LOCOK 1 LOCOK LOCCancel 1 LOCOK LOCCancel 1 LOCOK 1 LOCOK LOCCancel 1 LOCOK LOCCancel 1 LOCOK 1 LOCOK LOCCancel 1 LOCOK LOCCancel"}