{"Title": " On the Plain of Snakes: A Mexican Journey ", "Author": "Paul Theroux", "Cover Page": "https://powells-covers-2.s3.amazonaws.com/9780544866478.jpg", "ISBN10": "0544866479  \n", "ISBN13": "9780544866478", "Page URL": "https://powells.com/book/-9780544866478", "raw_text": "On the Plain of Snakes A Mexican Journey Paul Theroux Hardcover 9780544866478 Powells Books Cart   my account  wish list  help  8008787323 Hello\n Login MENU Browse New Arrivals Bestsellers Featured Preorders Award Winners Audio Books See All Subjects Used Staff Picks Staff Picks Picks of the Month Bookseller Displays 50 Books for 50 Years 25 Best 21st Century SciFi  Fantasy 25 PNW Books to Read Before You Die 25 Books From the 21st Century 25 Memoirs to Read Before You Die 25 Global Books to Read Before You Die 25 Women to Read Before You Die 25 Books to Read Before You Die Gifts Gift Cards  eGift Cards Powells Souvenirs Journals and Notebooks socks Games Sell Books Blog Events Find A Store Dont Miss BIG SALE 20 off sitewide Picks of the Season What Im Giving Great Gifts Under 25 Best Books of 2022 Powells Author Events Oregon Battle of the Books Audio Books Visit Our Stores Powells Books 14 Gift Ideas From 14 of Our Favorite Authors 0 comment Every year Powells reaches out to some of our favorite authors for some muchneeded giftgiving inspiration Below are 14 writerapproved recommendations to help you find the perfect book for even your mostdifficulttobuyfor loved one Read More  Powells Staff Best Books of 2022 Fiction 1 comment Kelsey Ford 6 Haunting Native American Horror Books 1 comment 1 LOCOK 1 LOCOK LOCCancel 1 LOCOK LOCCancel On the Plain of Snakes A Mexican Journey by Paul Theroux Comment on this title Synopses  Reviews ISBN13 9780544866478 ISBN10 0544866479 Condition Standard DustJacket Standard All Product Details View Larger Image View Larger Images 2100 List Price 3000 Used Hardcover Ships in 1 to 3 days Qty Store 2 Burnside 2 Cedar Hills 6 Local Warehouse From Powellscom Powells Picks of the Month Hot new releases and undertheradar gems for adults and kids Staff Pick Prodigious travel writer Paul Theroux never fails to entertain and inform but his journey through Mexico is particularly prescient An insightful compassionate and nuanced exploration of an oftvilified country and people  On the Plain of Snakes is necessary reading for anyone seeking to make sense of our current cultural flash point Recommended By Emily B Powellscom Synopses  Reviews Publisher Comments Legendary travel writer Paul Theroux drives the entire length of the USMexico border then goes deep into the hinterland on the back roads of Chiapas and Oaxaca to uncover the rich layered world behind todays brutal headlines Paul Theroux has spent his life crisscrossing the globe in search of the histories and peoples that give life to the places they call home Now as immigration debates boil around the world Theroux has set out to explore a country key to understanding our current discourse Mexico Just south of the Arizona border in the desert region of Sonora he finds a place brimming with vitality yet visibly marked by both the US Border Patrol looming to the north and mounting discord from within With the same humanizing sensibility he employed in Deep South Theroux stops to talk with residents visits Zapotec mill workers in the highlands and attends a Zapatista party meeting communing with people of all stripes who remain south of the border even as their families brave the journey north From the writer praised for his curiosity and affection for humanity in all its forms  New York Times Book Review  On the Plain of Snakes is an exploration of a region in conflict Review Paul Theroux is an undisputed master of travel literature He has traversed Mexico with such dedication that he knows its roads as he knows the lines on the palm of his hand His curiosity does not recognize borders Nor is he a stranger among us he is Don Pablo a wise man who never stops learning Juan Villoro journalist playwright and author of Herralde Prizewinner The Witness Review Illuminating literate and timely  a mustread for those interested in whats going on inside Mexico Kirkus Reviews Starred Review Review A darkedged but ultimately hopeful travelogue    Therouxs usual excellent mix of vivid reportage and empathetic rumination is energized by a new spark of political commitment Armchair travelers will find an astute familiar guide in Theroux Publishers Weekly About the Author Paul Theroux is the author of many highly acclaimed books His novels include The Lower River and The Mosquito Coast  and his renowned travel books include Ghost Train to the Eastern Star and Dark Star Safari  He lives in Hawaii and Cape Cod What Our Readers Are Saying Be the first to share your thoughts on this title Product Details ISBN 9780544866478 Binding Hardcover Publication date 10082019 Publisher HOUGHTON MIFFLIN HARCOURT Pages 448 Author Paul Theroux 2100 List Price 3000 Used Hardcover Ships in 1 to 3 days Qty Store 2 Burnside 2 Cedar Hills 6 Local Warehouse This title in other editions New Trade Paperback Starting from 1799 1 LOCOK 1 LOCOK LOCCancel 1 LOCOK LOCCancel 1 LOCOK 1 LOCOK LOCCancel 1 LOCOK LOCCancel 1 LOCOK 1 LOCOK LOCCancel 1 LOCOK LOCCancel 1 LOCOK 1 LOCOK LOCCancel 1 LOCOK LOCCancel Help Guarantee My Account Careers About Us Security Wish List Partners Contact Us Shipping Transparency ACT MRF Sitemap  2022 POWELLSCOM Terms 1 LOCOK 1 LOCOK LOCCancel 1 LOCOK LOCCancel 1 LOCOK 1 LOCOK LOCCancel 1 LOCOK LOCCancel 1 LOCOK 1 LOCOK LOCCancel 1 LOCOK LOCCancel 1 LOCOK 1 LOCOK LOCCancel 1 LOCOK LOCCancel"}