{"Title": " Collapse How Societies Choose to Fail or Succeed ", "Author": "Jared Diamond", "Cover Page": "https://covers.powells.com/9780670033379.jpg", "ISBN10": "0670033375  \n", "ISBN13": "9780670033379", "Page URL": "https://powells.com/book/collapse-how-societies-choose-to-fail-or-succeed-9780670033379", "raw_text": "Collapse How Societies Choose to Fail or Succeed Jared Diamond Hardcover 9780670033379 Powells Books Cart   my account  wish list  help  8008787323 Hello\n Login MENU Browse New Arrivals Bestsellers Featured Preorders Award Winners Audio Books See All Subjects Used Staff Picks Staff Picks Picks of the Month Bookseller Displays 50 Books for 50 Years 25 Best 21st Century SciFi  Fantasy 25 PNW Books to Read Before You Die 25 Books From the 21st Century 25 Memoirs to Read Before You Die 25 Global Books to Read Before You Die 25 Women to Read Before You Die 25 Books to Read Before You Die Gifts Gift Cards  eGift Cards Powells Souvenirs Journals and Notebooks socks Games Sell Books Blog Events Find A Store Dont Miss BIG SALE 20 off sitewide Picks of the Season What Im Giving Great Gifts Under 25 Best Books of 2022 Powells Author Events Oregon Battle of the Books Audio Books Visit Our Stores Powells Books 14 Gift Ideas From 14 of Our Favorite Authors 0 comment Every year Powells reaches out to some of our favorite authors for some muchneeded giftgiving inspiration Below are 14 writerapproved recommendations to help you find the perfect book for even your mostdifficulttobuyfor loved one Read More  Powells Staff Best Books of 2022 Fiction 1 comment Kelsey Ford 6 Haunting Native American Horror Books 1 comment 1 LOCOK 1 LOCOK LOCCancel 1 LOCOK LOCCancel Collapse How Societies Choose to Fail or Succeed by Jared Diamond Comment on this title Synopses  Reviews Read an Excerpt ISBN13 9780670033379 ISBN10 0670033375 Condition Standard DustJacket Standard All Product Details View Larger Image View Larger Images 995 List Price 2995 Used Hardcover Ships in 1 to 3 days Qty Store 1 Local Warehouse Synopses  Reviews Publisher Comments Ive set myself the modest task of trying to explain the broad pattern of human history on all the continents for the last 13000 years Why did history take such different evolutionary courses for peoples of different continents This problem has fascinated me for a long time but its now ripe for a new synthesis because of recent advances in many fields seemingly remote from history including molecular biology plant and animal genetics and biogeography archaeology and linguistics  Jared Diamond Who has looked on the ancient Maya or classical Mediterranean cities and not wondered why they were abandoned Or whether they hold a message for us In this fascinating book Jared Diamond seeks to understand the fates of past societies that collapsed for ecological reasons combining the most important policy debate of our generation with the romance and mystery of lost worlds Citizens of first world societies look around and tend not to see signs of imminent ecological collapse the supermarkets are full of food water gushes from our faucets we live amidst trees and green grass Actually though many past civilizations  with far smaller populations and less potent destructive technologies than those of today  have inadvertently committed ecological suicide the Polynesian societies on Easter Island and other Pacific islands or the Anasazi civiliation for example Ecocide asks why some societies make disastrous decisions and how can we in the modern world learn better problem solving Ecocide is an ecological history of human societies that considers why societies in some regions have been more vulnerable than those in other regions and also compares the trajectories of pastcivilizations with likely trajectories of our own Why did Greenland fail where Iceland succeeded What links Rwanda and Australia What can contemporary Montana learn from the ancient Mayans and modern Chinese Review Diamond casts his critical but acute and inclusive gaze on the issue of why civilizations fail to see collapse coming A thoughtprovoking book containing not a single page of dense prose Booklist Review  Collapse  may well become a seminal workIt will challenge and make you think  long after you have turned that last 500thplus page Robert S Desowitz Scientific American Review Mr Diamond  who has academic training in physiology geography and evolutionary biology  is a lucid writer with an ability to make arcane scientific concepts readily accessible to the lay reader and his case studies of failed cultures are never less than compelling Michiko Kakutani The New York Times Review In a world that celebrates live journalism we are increasingly in need of bigpicture authors like Jared DiamondIn his extraordinarily panoramic Collapse  he moves his wide lens to yet another telling phenomenon failed nations of both the distant and the recent past Robert D Kaplan The Washington Post Review Though abuse of the environment is the common theme running through Collapse  the book is replete with other fascinating stories a treasure trove of historical anecdotesAny reader of Collapse will leave the book convinced that we must take steps now to save our planet Boston Globe Review Taken together Guns Germs and Steel and Collapse represent one of the most significant projects embarked upon by any intellectual of our generation They are magnificent books extraordinary in erudition and originality Gregg Easterbrook The New York Times Book Review Review Diamonds most influential gift may be his ability to write about geopolitical and environmental systems in ways that dont just educate and provoke but entertainDiamond vividly writes of countries in current decline Seattle Times Review In a book characterized by good writing several chapters stand outDiamond packs the book with plenty of examples of how hubris racism and misplaced belief in cultural superiority lead to disaster Pittsburgh PostGazette Review Macrohistory that leads to sweeping conclusions is unfashionable in 2005 That Diamond can be unfashionable cerebral unafraid of ridicule and a bestselling author in this soundbite videogame era is downright amazing Cleveland Plain Dealer Review Perhaps Collapse willdo something to shake Americans out of their collective apathy If not it might at least help future generations understand what the person who cut down the last tree on the North American continent was thinking as he did it San Francisco Chronicle Review  Collapse is an important book that raises profound and troubling questions Its also a demanding book densely packed with material and no light read But Diamond writes well enough to make the journey enjoyable Houston Chronicle Review For a writer of Diamonds stature and acclaim to produce such a frustrating book is a squandered opportunity and a waste of a precious resource Minneapolis Star Tribune Review Diamond keeps his most important promise providing a pageturner filled with wellpatterned information for a thoughtful reader Each tale is dramatic like a novel about people careening toward hazards they ought to see but willfully ignore San Diego UnionTribune Synopsis A study of the downfall of some of historys greatest civilizations written by the Pulitzer Prizewinning author of Guns Germs and Steel includes coverage of such cultures as the Anasazi the Maya and the Viking colony on Greenland tracing patterns of environmental damage climate change poor political choices and other factors that were pivotal to their demise 250000 first printing Synopsis In his millioncopy bestseller Guns Germs and Steel  Jared Diamond examined how and why Western civilizations developed the technologies and immunities that allowed them to dominate much of the world Now in this brilliant companion volume Diamond probes the other side of the equation What caused some of the great civilizations of the past to collapse into ruin and what can we learn from their fates As in Guns Germs and Steel  Diamond weaves an allencompassing global thesis through a series of fascinating historicalcultural narratives Moving from the Polynesian cultures on Easter Island to the flourishing American civilizations of the Anasazi and the Maya and finally to the doomed Viking colony on Greenland Diamond traces the fundamental pattern of catastrophe Environmental damage climate change rapid population growth and unwise political choices were all factors in the demise of these societies but other societies found solutions and persisted Similar problems face us today and have already brought disaster to Rwanda and Haiti even as China and Australia are trying to cope in innovative ways Despite our own societys apparently inexhaustible wealth and unrivaled political power ominous warning signs have begun to emerge even in ecologically robust areas like Montana Brilliant illuminating and immensely absorbing Collapse is destined to take its place as one of the essential books of our time raising the urgent question How can our world best avoid committing ecological suicide Look out for Jared Diamonds latest book The World Until Yesterday  coming from Viking in January 2013 Synopsis In his millioncopy bestseller Guns Germs and Steel  Jared Diamond examined how and why Western civilizations developed the technologies and immunities that allowed them to dominate much of the world Now in this brilliant companion volume Diamond probes the other side of the equation What caused some of the great civilizations of the past to collapse into ruin and what can we learn from their fates As in Guns Germs and Steel  Diamond weaves an allencompassing global thesis through a series of fascinating historicalcultural narratives Moving from the Polynesian cultures on Easter Island to the flourishing American civilizations of the Anasazi and the Maya and finally to the doomed Viking colony on Greenland Diamond traces the fundamental pattern of catastrophe Environmental damage climate change rapid population growth and unwise political choices were all factors in the demise of these societies but other societies found solutions and persisted Similar problems face us today and have already brought disaster to Rwanda and Haiti even as China and Australia are trying to cope in innovative ways Despite our own societys apparently inexhaustible wealth and unrivaled political power ominous warning signs have begun to emerge even in ecologically robust areas like Montana Brilliant illuminating and immensely absorbing Collapse is destined to take its place as one of the essential books of our time raising the urgent question How can our world best avoid committing ecological suicide Read by Christopher Murney About the Author Jared Diamond is a professor of geography at the University of California Los Angeles Among Dr Diamonds many awards are the National Medal of Science the Tyler Prize for Environmental Achievement and a MacArthur Foundation Fellowship Table of Contents List of Maps xiii Prologue A Tale of Two Farms 1 Part One MODERN MONTANA 25 Chapter 1 Under Montanas Big Sky 27 Part Two PAST SOCIETIES 77 Chapter 2 Twilight at Easter 79 Chapter 3 The Last People Alive Pitcairn and Henderson Islands 120 Chapter 4 The Ancient Ones The Anasazi and Their Neighbors 136 Chapter 5 The Maya Collapses 157 Chapter 6 The Viking Prelude and Fugues 178 Chapter 7 Norse Greenlands Flowering 211 Chapter 8 Norse Greenlands End 248 Chapter 9 Opposite Paths to Success 277 Part Three MODERN SOCIETIES 309 Chapter 10 Malthus in Africa Rwandas Genocide 311 Chapter 11 One Island Two Peoples Two Histories The Dominican Republic and Haiti 329 Chapter 12 China Lurching Giant 358 Chapter 13 Mining Australia 378 Part Four PRACTICAL LESSONS 417 Chapter 14 Why Do Some Societies Make Disastrous Decisions 419 Chapter 15 Big Businesses and the Environment Different Conditions Different Outcomes 441 Chapter 16 The World as a Polder What Does It All Mean to Us Today 486 Acknowledgments 526 Further Readings 529 Index 561 Illustration Credits 576 5 2 What Our Readers Are Saying Share your thoughts on this title Average customer rating 5 2 comments  kdengstrom  January 10 2010 Diamond is an intellectual master of multiple academic disciplines yet still able to clearly explain his cleverly distilled conclusions He comes close to proselytizing towards the end of the book but his theme  the fate of our civilization  is often worth his temporary loss of objective voice Highly recommended Was this comment helpful  Yes  No 3 of 6 readers found this comment helpful report this\ncomment  Josh Milthorpe  January 01 2010 Through concrete examples drawn from diverse human societies both ancient and modern Collapse constructs a framework to help us explore the most critical question facing humanity what causes human societies to fail Instead of doomsday predictions Diamond offers a thoughtful contribution that  hopefully  will help our globalised modern society to avoid the pitfalls of the past Was this comment helpful  Yes  No 5 of 8 readers found this comment helpful report this\ncomment Product Details ISBN 9780670033379 Binding Hardcover Publication date 01012005 Publisher PENGUIN PUTNAM TRADE Pages 592 Height 85 in Width 56 in Thickness 11 in Age Range from 18 and up Grade Range from 12 Number of Units 1 Copyright Year 2005 UPC Code 2800670033371 Author Jared Diamond Author ared Diamond Author J Subject Social history Subject Social change Subject Historical geography Subject Environmental policy Subject World HistoryWestern Civilization 995 List Price 2995 Used Hardcover Ships in 1 to 3 days Qty Store 1 Local Warehouse More copies of this ISBN Signed Used Hardcover 1295 Used Hardcover Starting from 1095 This title in other editions Used Book Club Paperback Starting from 850 Used Trade Paperback Starting from 750 1 LOCOK 1 LOCOK LOCCancel 1 LOCOK LOCCancel 1 LOCOK 1 LOCOK LOCCancel 1 LOCOK LOCCancel 1 LOCOK 1 LOCOK LOCCancel 1 LOCOK LOCCancel 1 LOCOK 1 LOCOK LOCCancel 1 LOCOK LOCCancel Help Guarantee My Account Careers About Us Security Wish List Partners Contact Us Shipping Transparency ACT MRF Sitemap  2022 POWELLSCOM Terms 1 LOCOK 1 LOCOK LOCCancel 1 LOCOK LOCCancel 1 LOCOK 1 LOCOK LOCCancel 1 LOCOK LOCCancel 1 LOCOK 1 LOCOK LOCCancel 1 LOCOK LOCCancel 1 LOCOK 1 LOCOK LOCCancel 1 LOCOK LOCCancel"}