{"Title": " Joy of Gay Sex Fully Revised & Expanded Third Edition ", "Author": "Silverstein, Charles", "Cover Page": "https://covers.powells.com/9780060012748.jpg", "ISBN10": "0060012749  \n", "ISBN13": "9780060012748", "Page URL": "https://powells.com/book/joy-of-gay-sex-fully-revised-expanded-third-edition-9780060012748", "raw_text": "The Joy of Gay Sex  Charles Silverstein and Felice Picano and Joseph Phillips Trade Paperback 9780060012748 Powells Books Cart   my account  wish list  help  8008787323 Hello\n Login MENU Browse New Arrivals Bestsellers Featured Preorders Award Winners Audio Books See All Subjects Used Staff Picks Staff Picks Picks of the Month Bookseller Displays 50 Books for 50 Years 25 Best 21st Century SciFi  Fantasy 25 PNW Books to Read Before You Die 25 Books From the 21st Century 25 Memoirs to Read Before You Die 25 Global Books to Read Before You Die 25 Women to Read Before You Die 25 Books to Read Before You Die Gifts Gift Cards  eGift Cards Powells Souvenirs Journals and Notebooks socks Games Sell Books Blog Events Find A Store Dont Miss BIG SALE 20 off sitewide Picks of the Season What Im Giving Great Gifts Under 25 Best Books of 2022 Powells Author Events Oregon Battle of the Books Audio Books Visit Our Stores Powells Books 14 Gift Ideas From 14 of Our Favorite Authors 0 comment Every year Powells reaches out to some of our favorite authors for some muchneeded giftgiving inspiration Below are 14 writerapproved recommendations to help you find the perfect book for even your mostdifficulttobuyfor loved one Read More  Powells Staff Best Books of 2022 Fiction 1 comment Kelsey Ford 6 Haunting Native American Horror Books 1 comment 1 LOCOK 1 LOCOK LOCCancel 1 LOCOK LOCCancel Joy of Gay Sex Fully Revised  Expanded Third Edition by Silverstein Charles Comment on this title Synopses  Reviews ISBN13 9780060012748 ISBN10 0060012749 All Product Details View Larger Image View Larger Images 2199 New Trade Paperback Ships in 1 to 3 days Qty Store 1 Burnside 1 Hawthorne 5 Local Warehouse Synopses  Reviews Publisher Comments Culturally induced fears have given many people phobias about their assholes This bias against the anus is unreasonable True it is used for elimination but so is the penis  yet that objection has not made the latter organ any less attractive The anus is not only an avenue for elimination but also a sexual organ It is highly sensitive as it is lined with particularly responsive nerve endings Moreover the anus is close to the prostate gland and its stimulation is highly pleasurable All trace of shit can be banished if one takes an enema before intercourse Every drugstore sells disposable enemas or convenient bulbshaped plastic ones Most men who use them regularly keep them in their shower Daily use of enemas however should be avoided as it could create psychological dependence andor physical damage to the small intestines People who are just beginning to experiment with anal sex sometimes fear that sticking a large cock up the anus will tear the skin proper lubrication and relaxation however will prevent pain or damage see First Time More experienced men often worry that by repeatedly getting fucked they will lose muscle tone in their asshole There is no research on this problem but it seems that many of these worries are probably unfounded and may cover up feelings of guilt see Guilt One occasionally finds gay men who disparage achieving sexual pleasure through their anuses This might be a result of low selfesteem caused by the archaic notion that only women get fucked This is both an insult to their own bodies and historically wrong since men have found pleasure in their assholes since the time of the cavemen as weve learned from pictographs Barebacking  fucking without a condom  is the single most dangerous sex practice there is see Dangerous Sex As a method of sexual gratification its as old as recorded history Until the arrival of AIDS gay men never used condoms when fucking In fact pulling out before you came was considered rude Until the mid1980s condoms were deemed kinky a sex toy among gay men see Condoms The AIDS epidemic caused a change in our way of having sex As of December 2000 775000 people in the United States had been diagnosed with AIDS the figure for HIV disease is much higher Onehalf million have died see HIV Disease The worldwide statistics are even more alarming Since we know so much about the transmission of the virus fucking someone without a condom is equivalent to two men playing Russian roulette with each other Younger men seem to be more attracted to barebacking Perhaps these risktaking men havent watched the slow death of lovers and friends For them AIDS is history like their learning about the Vietnam War Its simply not in their experience as it is for an older generation of gay men Thats too bad because its a statistical certainty that some of them are going to pay a price  the diagnosis of HIV disease It would be a mistake however to look at barebacking only from a moral perspective Recent research informs us that emotional problems influence a gay mans sexual behavior including his contribution in transmitting the HIV Depression is the main culprit Gay men who are depressed including both acute and chronic depression are far more likely to participate in unsafe sex see Depression Safe Sex Menwith impulsive personalities especially excitement seekers are another category of psychologically impaired gay men They generally describe themselves as spontaneous a claim that is untrue A man who is spontaneous can make voluntary choices about his behavior an impulsive man cannot Both depression and impulsiveness can be effectively treated by both medication and psychotherapy If you have a friend who is endangering his life by barebacking ask yourself whether psychological problems might be the cause If so taking a moral approach wont change his behavior nor will accusing him of stupidity Help him to make an appointment with a shrink but only one well versed in gay sex and HIV research How does a responsible gay man like you fulfill his sexual desires but not endanger himself and other gay men If youre going to fuck carry condoms Have them in your night table in your bedroom Insist that your sex partner use one if hes going to fuck you  Put the condom on or put your clothes on Ignore the entreaties of a man who says You can fuck me without a condom especially since you can be sure that he said the same thing to the man who fucked him last night and the night before and see Sexually Transmitted Diseases If for some reason  either you are under the influence of alcohol or recreational drugs or a mix of both  you do bareback be sure to get tested about a month later see Booze and Highs Drug Abuse Drugs and SexIf you test negative get tested again in two more months If you believe that the man who fucked you might be HIVpositive treatment with AZT is available There may be a day when condoms are no longer necessary because AIDS scientists have successfully produced a vaccine Thats still years off In the meantime lovers who are both HIVnegative and who never trick out need not worry about the HIV or STDs Synopsis For a new century and a new generation of readers comes a fully revised and expanded edition of a classic guide to gay sex love and life Featuring 50 new illustrations One of the touchstones of the emerging gay consciousness when it was first published in the 70s and a standard reference for gay men throughout the 80s and 90s The Joy of Gay Sex has informed countless men about the ins and outs of gay life love and pleasure A full decade has now passed since the last update and while the gay community has seen improved treatments for AIDS more positive media coverage new forums for the expression of community and more favorable laws there continues to be an urgent need for this books brand of positive and responsible advice Invaluable not only as a sex guide but as a resource on building selfesteem and a coming out guide for young gay men The Joy of Gay Sex addresses the many emotional and relationshiporiented issues in gay life from longterm couples and onenight stands to loneliness and growing older It also serves as a general reference on a number of diverse topics including living wills and insurance Synopsis For a new century and a new generation of readers comes a fully revised and expanded edition of a classic guide to gay sex love and life Invaluable as a sex guide a resource on building selfesteem and a trusted aid for coming out of the closet The Joy of Gay Sex covers the ins and outs of gay life alphabetically from anus to wrestling Noted psychologist Dr Charles Silverstein has collaborated once again with critically acclaimed novelist Felice Picano on this third edition updating every single entry and adding nearly thirty new entries The authors provide positive and responsible advice on safe sex in all its varieties on emotional and relationshiporiented issues such as longterm couples loneliness and growing older and on scores of diverse topics ranging from spirituality to online dating With fifty new line drawings by acclaimed illustrator Joseph Phillips this landmark reference is a necessary addition to every gay mans bookshelf About the Author Dr Charles Silverstein is a licensed psychologist in private practice in New York City He is best known for his presentation before the Nomenclature Committee of the American Psychiatric Association that led to the removal of homosexuality as a mental illness from the organizations Diagnostic and Statistical Manual What Our Readers Are Saying Be the first to share your thoughts on this title Product Details ISBN 9780060012748 Binding Trade Paperback Publication date 01312006 Publisher HARPERCOLLINS PUBLISHERS Edition 3ED Pages 352 Height 80IN Width 740IN Thickness 75 Number of Units 1 Copyright Year 2004 UPC Code 2800060012740 Author Charles Silverstein Author Felice Picano Author Charles Silverstein and Felice Picano Author Joseph ILT Phillips Author Felice Picano Author Charles Silverstein Illustrator Joseph Phillips Illustrator Joseph Phillips Illustrator Joseph Phillips Illustrator Joseph Phillips Subject Gay and LesbianGeneral Subject Homosexuality male Subject Sex instruction for gay men 2199 New Trade Paperback Ships in 1 to 3 days Qty Store 1 Burnside 1 Hawthorne 5 Local Warehouse Receive an email when this ISBN is available used 1 LOCOK 1 LOCOK LOCCancel 1 LOCOK LOCCancel 1 LOCOK 1 LOCOK LOCCancel 1 LOCOK LOCCancel 1 LOCOK 1 LOCOK LOCCancel 1 LOCOK LOCCancel 1 LOCOK 1 LOCOK LOCCancel 1 LOCOK LOCCancel Help Guarantee My Account Careers About Us Security Wish List Partners Contact Us Shipping Transparency ACT MRF Sitemap  2022 POWELLSCOM Terms 1 LOCOK 1 LOCOK LOCCancel 1 LOCOK LOCCancel 1 LOCOK 1 LOCOK LOCCancel 1 LOCOK LOCCancel 1 LOCOK 1 LOCOK LOCCancel 1 LOCOK LOCCancel 1 LOCOK 1 LOCOK LOCCancel 1 LOCOK LOCCancel"}