{"Title": " Childhood The Biography of a Place ", "Author": "Harry Crews, Tobias Wolff", "Cover Page": "/Portals/0/Images/NoImageAvailable.gif", "ISBN10": "0143135333  \n", "ISBN13": "9780143135333", "Page URL": "https://powells.com/book/childhood-the-biography-of-a-place-9780143135333", "raw_text": "Childhood The Biography of a Place Harry Crews Tobias Wolff Trade Paperback 9780143135333 Powells Books Cart   my account  wish list  help  8008787323 Hello\n Login MENU Browse New Arrivals Bestsellers Featured Preorders Award Winners Audio Books See All Subjects Used Staff Picks Staff Picks Picks of the Month Bookseller Displays 50 Books for 50 Years 25 Best 21st Century SciFi  Fantasy 25 PNW Books to Read Before You Die 25 Books From the 21st Century 25 Memoirs to Read Before You Die 25 Global Books to Read Before You Die 25 Women to Read Before You Die 25 Books to Read Before You Die Gifts Gift Cards  eGift Cards Powells Souvenirs Journals and Notebooks socks Games Sell Books Blog Events Find A Store Dont Miss BIG SALE 20 off sitewide Picks of the Season What Im Giving Great Gifts Under 25 Best Books of 2022 Powells Author Events Oregon Battle of the Books Audio Books Visit Our Stores Powells Books 14 Gift Ideas From 14 of Our Favorite Authors 0 comment Every year Powells reaches out to some of our favorite authors for some muchneeded giftgiving inspiration Below are 14 writerapproved recommendations to help you find the perfect book for even your mostdifficulttobuyfor loved one Read More  Powells Staff Best Books of 2022 Fiction 1 comment Kelsey Ford 6 Haunting Native American Horror Books 1 comment 1 LOCOK 1 LOCOK LOCCancel 1 LOCOK LOCCancel Childhood The Biography of a Place by Harry Crews Tobias Wolff Comment on this title Synopses  Reviews ISBN13 9780143135333 ISBN10 0143135333 All Product Details View Larger Image View Larger Images 1600 New Trade Paperback Ships in 1 to 3 days Qty Store 8 Burnside 1 Cedar Hills 6 Hawthorne Synopses  Reviews Synopsis The highly acclaimed memoir of one of the most original American storytellers of the rural South A Penguin Classic Harry Crews grew up as the son of a sharecropper in Georgia at a time when the rest of the country was just beginning to feel the real hurt of the Great Depression but it had been living in Bacon County for years Yet what he conveys in this moving brutal autobiography of his first six years of life is an elegiac sense of community and roots from a rural South that had rarely been represented in this way Interweaving his own memories including his bout with polio and a fascination with the Sears Roebuck catalog with the tales of relatives and friends he recreates a childhood of tenderness and violence comedy and tragedy Synopsis  One of the Finest Memoirs Ever Written  The New Yorker The highly acclaimed memoir of one of the most original American storytellers of the rural South A Penguin Classic Harry Crews grew up as the son of a sharecropper in Georgia at a time when the rest of the country was just beginning to feel the real hurt of the Great Depression but it had been living in Bacon County for years Yet what he conveys in this moving brutal autobiography of his first six years of life is an elegiac sense of community and roots from a rural South that had rarely been represented in this way Interweaving his own memories including his bout with polio and a fascination with the Sears Roebuck catalog with the tales of relatives and friends he recreates a childhood of tenderness and violence comedy and tragedy What Our Readers Are Saying Be the first to share your thoughts on this title Product Details ISBN 9780143135333 Binding Trade Paperback Publication date 03152022 Publisher PENGUIN PUTNAM TRADE Pages 192 Height 63IN Width 504IN Oth Tobias Wolff Author Harry Crews Author Tobias Wolff 1600 New Trade Paperback Ships in 1 to 3 days Qty Store 8 Burnside 1 Cedar Hills 6 Hawthorne Receive an email when this ISBN is available used 1 LOCOK 1 LOCOK LOCCancel 1 LOCOK LOCCancel 1 LOCOK 1 LOCOK LOCCancel 1 LOCOK LOCCancel 1 LOCOK 1 LOCOK LOCCancel 1 LOCOK LOCCancel 1 LOCOK 1 LOCOK LOCCancel 1 LOCOK LOCCancel Help Guarantee My Account Careers About Us Security Wish List Partners Contact Us Shipping Transparency ACT MRF Sitemap  2022 POWELLSCOM Terms 1 LOCOK 1 LOCOK LOCCancel 1 LOCOK LOCCancel 1 LOCOK 1 LOCOK LOCCancel 1 LOCOK LOCCancel 1 LOCOK 1 LOCOK LOCCancel 1 LOCOK LOCCancel 1 LOCOK 1 LOCOK LOCCancel 1 LOCOK LOCCancel"}