{"Title": " Golden Spruce A True Story of Myth Madness & Greed ", "Author": "John Vaillant", "Cover Page": "https://covers.powells.com/9780393328646.jpg", "ISBN10": "0393328643  \n", "ISBN13": "9780393328646", "Page URL": "https://powells.com/book/golden-spruce-a-true-story-of-myth-madness-greed-9780393328646", "raw_text": "Golden Spruce A True Story of Myth Madness  Greed John Vaillant Trade Paperback 9780393328646 Powells Books Cart   my account  wish list  help  8008787323 Hello\n Login MENU Browse New Arrivals Bestsellers Featured Preorders Award Winners Audio Books See All Subjects Used Staff Picks Staff Picks Picks of the Month Bookseller Displays 50 Books for 50 Years 25 Best 21st Century SciFi  Fantasy 25 PNW Books to Read Before You Die 25 Books From the 21st Century 25 Memoirs to Read Before You Die 25 Global Books to Read Before You Die 25 Women to Read Before You Die 25 Books to Read Before You Die Gifts Gift Cards  eGift Cards Powells Souvenirs Journals and Notebooks socks Games Sell Books Blog Events Find A Store Dont Miss BIG SALE 20 off sitewide Picks of the Season What Im Giving Great Gifts Under 25 Best Books of 2022 Powells Author Events Oregon Battle of the Books Audio Books Visit Our Stores Powells Books 14 Gift Ideas From 14 of Our Favorite Authors 0 comment Every year Powells reaches out to some of our favorite authors for some muchneeded giftgiving inspiration Below are 14 writerapproved recommendations to help you find the perfect book for even your mostdifficulttobuyfor loved one Read More  Powells Staff Best Books of 2022 Fiction 1 comment Kelsey Ford 6 Haunting Native American Horror Books 1 comment 1 LOCOK 1 LOCOK LOCCancel 1 LOCOK LOCCancel Golden Spruce A True Story of Myth Madness  Greed by John Vaillant Comment on this title Synopses  Reviews Read an Excerpt ISBN13 9780393328646 ISBN10 0393328643 Condition Standard All Product Details View Larger Image View Larger Images 1195 List Price 1795 Used Trade Paperback Ships in 1 to 3 days Qty Store 1 Hawthorne Synopses  Reviews Publisher Comments As vividly as Jon Krakauer put readers on Everest John Vaillant takes us into the heart of North Americas last great forest where trees grow to eighteen feet in diameter sunlight never touches the ground and the chainsaws are always at work When a shattered kayak and camping gear are found on an uninhabited island they reignite a mystery surrounding a shocking act of protest Five months earlier loggerturnedactivist Grant Hadwin had plunged naked into a river in British Columbias Queen Charlotte Islands towing a chainsaw When his nights work was done a unique Sitka spruce 165 feet tall and covered with luminous golden needles teetered on its stump Two days later it fell The tree a fascinating puzzle to scientists was sacred to the Haida a fierce seafaring tribe based in the Queen Charlottes Vaillant recounts the bloody history of the Haida and the early fur trade and provides harrowing details of the logging industry whose omnivorous violence would claim both Hadwin and the golden spruce Review This tragic tale goes right to the heart of the conflicts among loggers native rights activists and environmentalists and induces us to more deeply consider the consequences of our habits of destruction Booklist Starred Review Review Mr Vaillant is absolutely spellbinding when conjuring up the world of the golden spruce His descriptions of the Queen Charlotte Islands with their misty murky light and hushed cathedrallike forests are haunting The chapters on logging painstakingly researched make high drama out of the grueling highly dangerous job of bringing down some of the biggest trees on earth The New York Times Review Make some more space on the shelf of Essential Northwest Books John Vaillant has crafted a debut book that is a stunning look at this regions history and environment Seattle PostIntelligencer Review A scrupulously researched narrative worthy of comparison to Jon Krakauers Into the Wild  Entertainment Weekly Editors Choice Review The case of the golden spruce is a fascinating ecomystery that cuts right to the heart of modern settlement of the Pacific Northwest The Oregonian Review Vaillants startandstop narrative yields whiplash here and there but he ably covers all the basesVaillants tale of how it got to be so is of unfailing interest Kirkus Reviews Review A gracefully written ambitiously researched and enthralling story of ecological majesty and human greed It should enter that pantheon of memorable books that capture our regions character a pageturner of a debut The Seattle Times Review Only a writer of Vaillants skill could capture both aspects of their dying world in such a powerful way Sebastian Junger author of The Perfect Storm Synopsis A tale of obsession so fierce that a man kills the thing he loves most the only giant golden spruce on earth Synopsis A tale of obsession so fierce that a man kills the thing he loves most the only giant golden spruce on earthn  Synopsis When a shattered kayak and camping gear are found on an uninhabited island in the Pacific Northwest they reignite a mystery surrounding a shocking act of protest Five months earlier loggerturnedactivist Grant Hadwin had plunged naked into a river in British Columbias Queen Charlotte Islands towing a chainsaw When his nights work was done a unique Sitka spruce 165 feet tall and covered with luminous golden needles teetered on its stump Two days later it fell About the Author John Vaillant has written for The New Yorker  The Atlantic  Outside National Geographic Adventure  and Mens Journal among others He lives in Vancouver with his wife and children Of particular interest to Vaillant are stories that explore collisions between human ambition and the natural world His work in this and other fields has taken him to five continents and five oceans The Golden Spruce is his first book 5 1 What Our Readers Are Saying Share your thoughts on this title Average customer rating 5 1 comments  rdavisusf  January 01 2010 view all comments by rdavisusf A great combination of history and narrative Was this comment helpful  Yes  No 2 of 2 readers found this comment helpful report this\ncomment Product Details ISBN 9780393328646 Binding Trade Paperback Publication date 05172006 Publisher W W NORTON  CO Pages 288 Height 78IN Width 552IN Thickness 75 Number of Units 1 Illustration Yes Copyright Year 2005 UPC Code 2800393328648 Author John Vaillant Subject Nature StudiesTrees 1195 List Price 1795 Used Trade Paperback Ships in 1 to 3 days Qty Store 1 Hawthorne More copies of this ISBN New Trade Paperback Starting from 1695 Used Trade Paperback Starting from 850 1 LOCOK 1 LOCOK LOCCancel 1 LOCOK LOCCancel 1 LOCOK 1 LOCOK LOCCancel 1 LOCOK LOCCancel 1 LOCOK 1 LOCOK LOCCancel 1 LOCOK LOCCancel 1 LOCOK 1 LOCOK LOCCancel 1 LOCOK LOCCancel Help Guarantee My Account Careers About Us Security Wish List Partners Contact Us Shipping Transparency ACT MRF Sitemap  2022 POWELLSCOM Terms 1 LOCOK 1 LOCOK LOCCancel 1 LOCOK LOCCancel 1 LOCOK 1 LOCOK LOCCancel 1 LOCOK LOCCancel 1 LOCOK 1 LOCOK LOCCancel 1 LOCOK LOCCancel 1 LOCOK 1 LOCOK LOCCancel 1 LOCOK LOCCancel"}