{"Title": " Hoof 'n Mouth Disease: Biblical Monologues and How to Do Them ", "Author": "Thorn, Edward W.", "Cover Page": "https://covers.powells.com/9780788011672.jpg", "ISBN10": "0788011677  \n", "ISBN13": "9780788011672", "Page URL": "https://powells.com/book/hoof-n-mouth-disease-9780788011672", "raw_text": "Hoof n Mouth Disease Biblical Monologues and How to Do Them Thorn Edward W SpiralComb 9780788011672 Powells Books Cart   my account  wish list  help  8008787323 Hello\n Login MENU Browse New Arrivals Bestsellers Featured Preorders Award Winners Audio Books See All Subjects Used Staff Picks Staff Picks Picks of the Month Bookseller Displays 50 Books for 50 Years 25 Best 21st Century SciFi  Fantasy 25 PNW Books to Read Before You Die 25 Books From the 21st Century 25 Memoirs to Read Before You Die 25 Global Books to Read Before You Die 25 Women to Read Before You Die 25 Books to Read Before You Die Gifts Gift Cards  eGift Cards Powells Souvenirs Journals and Notebooks socks Games Sell Books Blog Events Find A Store Dont Miss BIG SALE 20 off sitewide Picks of the Season What Im Giving Great Gifts Under 25 Best Books of 2022 Powells Author Events Oregon Battle of the Books Audio Books Visit Our Stores Powells Books 14 Gift Ideas From 14 of Our Favorite Authors 0 comment Every year Powells reaches out to some of our favorite authors for some muchneeded giftgiving inspiration Below are 14 writerapproved recommendations to help you find the perfect book for even your mostdifficulttobuyfor loved one Read More  Powells Staff Best Books of 2022 Fiction 1 comment Kelsey Ford 6 Haunting Native American Horror Books 1 comment 1 LOCOK 1 LOCOK LOCCancel 1 LOCOK LOCCancel Hoof n Mouth Disease Biblical Monologues and How to Do Them by Thorn Edward W Comment on this title Synopses  Reviews ISBN13 9780788011672 ISBN10 0788011677 All Product Details View Larger Image View Larger Images 2095 New SpiralComb Available at a Remote Warehouse Ships separately from other items Additional shipping charges may apply Not available for In Store Pickup More Info Qty Store 20 Remote Warehouse Synopses  Reviews Synopsis  Edward Thorn has written an excellent manual His sermons blend well the horizons of the Bible and the contemporary culture scape Even pastors who never try a monologue sermon will enjoy reading this book and be enriched by the monologues from the Foreword by Dr Raymond Bailey former faculty member Southern Baptist Theological Seminary Louisville Kentucky The preacher who faces weekly the difficult task of speaking to a congregation is invariably in quest of help and not only the kind to be sought in prayer He or she is likely to have more than passing interest in the hermeneutical issues and to appreciate whatever springs of fresh water might well up from the sources of inspiration The work of Dr Ed Thorn Hoof N Mouth Disease  speaks exactly to the situation of the preacher with helpful insight into the task and some very concrete instances of how to do so creatively and interestingly Dr Thorn is well read in communication theory and has experimented successfully with narrative preaching in which the preacher assumes a character from the Bible and imaginatively speaks from that perspective The book gives abundant samples of the approach along with some models of how to incorporate the process into more traditional sermon structures as well These monologue sermons contain much that is both bold and provocative humorous and stirring Walter P Weaver Chairman Humanities Division Florida Southern College In a day when the laity are anxious to hear the biblical story and pastors are searching for creative ways to share the biblical story comes this delightful book of biblical monologues Hoof N Mouth Disease  by Ed Thorn It is classic David L Brazelton Superintendent Tampa District United Methodist Church Edward William Thorn  PhD graduated from Crozer Theological Seminary and was ordained in the United Methodist Church He served as pastor in the Southern New Jersey and Eastern Ohio conferences While a pastor in Ohio he earned the MA degree in speech from Akron University He taught speech at Chicago City College and later earned a PhD in Rhetoric from Indiana University Dr Thorn taught at Indiana University from 1970 to 1973 Subsequently he taught in the Mass Communications department at Florida Southern College for twenty years Since retirement in 1993 he has been the pastor of churches in Brooksville Perry and Plant City Florida Synopsis Storytelling is older than the Bible The Bible consists of stories that arose out of an oral tradition and Jesus was a master storyteller The monologue is a form of preaching that captures the eyes ears and brains of the congregation Stories and actions are more easily recalled than propositions or paralleled points in a sermon Mention any character in the Bible and people will see a mental image of a favorite story not the theme of a moralistic sermon This book will help pastors use the monologue form to connect with their congregation in a vital and vibrant way What Our Readers Are Saying Be the first to share your thoughts on this title Product Details ISBN 9780788011672 Binding SpiralComb Publication date 01011998 Publisher CSS Publishing Company Language English Pages 203 Height 81IN Width 603IN Thickness 81 in LCCN 97026640 Number of Units 1 Illustration Yes Copyright Year 1998 UPC Code 2800788011674 Author Edward W Thorn Author Raymond Bailey Foreword Raymond Bailey Subject Religion  Program Resources Subject Biographical preaching Subject Sermons Subject Monologue sermons Subject DramaReligious Drama 2095 New SpiralComb Available at a Remote Warehouse Ships separately from other items Additional shipping charges may apply Not available for In Store Pickup More Info Qty Store 20 Remote Warehouse Receive an email when this ISBN is available used 1 LOCOK 1 LOCOK LOCCancel 1 LOCOK LOCCancel 1 LOCOK 1 LOCOK LOCCancel 1 LOCOK LOCCancel 1 LOCOK 1 LOCOK LOCCancel 1 LOCOK LOCCancel 1 LOCOK 1 LOCOK LOCCancel 1 LOCOK LOCCancel Help Guarantee My Account Careers About Us Security Wish List Partners Contact Us Shipping Transparency ACT MRF Sitemap  2022 POWELLSCOM Terms 1 LOCOK 1 LOCOK LOCCancel 1 LOCOK LOCCancel 1 LOCOK 1 LOCOK LOCCancel 1 LOCOK LOCCancel 1 LOCOK 1 LOCOK LOCCancel 1 LOCOK LOCCancel 1 LOCOK 1 LOCOK LOCCancel 1 LOCOK LOCCancel"}