{"Title": " City Planning: A Very Short Introduction ", "Author": "Carl Abbott", "Cover Page": "https://powells-covers-2.s3.amazonaws.com/9780190944346.jpg", "ISBN10": "019094434X  \n", "ISBN13": "9780190944346", "Page URL": "https://powells.com/book/city-planning-9780190944346", "raw_text": "City Planning A Very Short Introduction Carl Abbott Trade Paperback 9780190944346 Powells Books Cart   my account  wish list  help  8008787323 Hello\n Login MENU Browse New Arrivals Bestsellers Featured Preorders Award Winners Audio Books See All Subjects Used Staff Picks Staff Picks Picks of the Month Bookseller Displays 50 Books for 50 Years 25 Best 21st Century SciFi  Fantasy 25 PNW Books to Read Before You Die 25 Books From the 21st Century 25 Memoirs to Read Before You Die 25 Global Books to Read Before You Die 25 Women to Read Before You Die 25 Books to Read Before You Die Gifts Gift Cards  eGift Cards Powells Souvenirs Journals and Notebooks socks Games Sell Books Blog Events Find A Store Dont Miss BIG SALE 20 off sitewide Picks of the Season What Im Giving Great Gifts Under 25 Best Books of 2022 Powells Author Events Oregon Battle of the Books Audio Books Visit Our Stores Powells Books 14 Gift Ideas From 14 of Our Favorite Authors 0 comment Every year Powells reaches out to some of our favorite authors for some muchneeded giftgiving inspiration Below are 14 writerapproved recommendations to help you find the perfect book for even your mostdifficulttobuyfor loved one Read More  Powells Staff Best Books of 2022 Fiction 1 comment Kelsey Ford 6 Haunting Native American Horror Books 1 comment 1 LOCOK 1 LOCOK LOCCancel 1 LOCOK LOCCancel City Planning A Very Short Introduction by Carl Abbott Comment on this title Synopses  Reviews ISBN13 9780190944346 ISBN10 019094434X All Product Details View Larger Image View Larger Images 1195 New Trade Paperback Ships in 1 to 3 days Qty Store 3 Burnside Synopses  Reviews Synopsis City planning is a practice and a profession It is also a set of goals andsometimes utopianaspirations Formal thought about the shaping of cities as physical spaces and social environments calls on the same range of disciplines and approaches that we use for understanding cities themselves from art and literature through the social and natural sciences Surrounding the core profession of city planning also known as urban or town planning are related fields of architecture landscape design engineering geography political science and policy sociology and social work In addition the legions of community and environmental activists influence debates and controversies within the field This Very Short Introduction is organized around eight key aspects of city planning street layout congestion and decentralization the response to suburbanization the conservation and regeneration of older districts cities as natural systems cities and regions social class and ethnicity and disasters and resilience The underlying assumption throughout is that decisions that we make today about cities and metropolitan regions are best understood as the continuation of past efforts to solve fundamental problems that have shifted and evolved over multiple generations At its best city planning utilizes technical tools to achieve goals set by community action and political debate Carl Abbotts addition to Oxfords longrunning Very Short Introduction series is a brief but concentrated look at past decisions about the management of urban growth and their effects on the creation of the twentyfirst century city What Our Readers Are Saying Be the first to share your thoughts on this title Product Details ISBN 9780190944346 Binding Trade Paperback Publication date 10222020 Publisher Oxford University Press USA Language English Pages 168 Height 20IN Width 430IN LCCN 2020016793 Illustration Yes Author Carl Abbott Author Abbott 1195 New Trade Paperback Ships in 1 to 3 days Qty Store 3 Burnside Receive an email when this ISBN is available used 1 LOCOK 1 LOCOK LOCCancel 1 LOCOK LOCCancel 1 LOCOK 1 LOCOK LOCCancel 1 LOCOK LOCCancel 1 LOCOK 1 LOCOK LOCCancel 1 LOCOK LOCCancel 1 LOCOK 1 LOCOK LOCCancel 1 LOCOK LOCCancel Help Guarantee My Account Careers About Us Security Wish List Partners Contact Us Shipping Transparency ACT MRF Sitemap  2022 POWELLSCOM Terms 1 LOCOK 1 LOCOK LOCCancel 1 LOCOK LOCCancel 1 LOCOK 1 LOCOK LOCCancel 1 LOCOK LOCCancel 1 LOCOK 1 LOCOK LOCCancel 1 LOCOK LOCCancel 1 LOCOK 1 LOCOK LOCCancel 1 LOCOK LOCCancel"}