{"Title": " Little Feminist Board Book Set ", "Author": "Emily Kleinman", "Cover Page": "https://powells-covers-2.s3.amazonaws.com/9780735353817.jpg", "ISBN10": "0735353816  \n", "ISBN13": "9780735353817", "Page URL": "https://powells.com/book/little-feminist-board-book-set-9780735353817", "raw_text": "Little Feminist Board Book Set Galison Lydia Ortiz Emily Kleinman Board Book 9780735353817 Powells Books Cart   my account  wish list  help  8008787323 Hello\n Login MENU Browse New Arrivals Bestsellers Featured Preorders Award Winners Audio Books See All Subjects Used Staff Picks Staff Picks Picks of the Month Bookseller Displays 50 Books for 50 Years 25 Best 21st Century SciFi  Fantasy 25 PNW Books to Read Before You Die 25 Books From the 21st Century 25 Memoirs to Read Before You Die 25 Global Books to Read Before You Die 25 Women to Read Before You Die 25 Books to Read Before You Die Gifts Gift Cards  eGift Cards Powells Souvenirs Journals and Notebooks socks Games Sell Books Blog Events Find A Store Dont Miss BIG SALE 20 off sitewide Picks of the Season What Im Giving Great Gifts Under 25 Best Books of 2022 Powells Author Events Oregon Battle of the Books Audio Books Visit Our Stores Powells Books 14 Gift Ideas From 14 of Our Favorite Authors 0 comment Every year Powells reaches out to some of our favorite authors for some muchneeded giftgiving inspiration Below are 14 writerapproved recommendations to help you find the perfect book for even your mostdifficulttobuyfor loved one Read More  Powells Staff Best Books of 2022 Fiction 1 comment Kelsey Ford 6 Haunting Native American Horror Books 1 comment 1 LOCOK 1 LOCOK LOCCancel 1 LOCOK LOCCancel Little Feminist Board Book Set by Emily Kleinman and Lydia Ortiz Comment on this title Synopses  Reviews ISBN13 9780735353817 ISBN10 0735353816 All Product Details View Larger Image View Larger Images 1499 New Board Book Ships in 1 to 3 days Qty Store 20 Local Warehouse From Powellscom Powells Picks of the Month Hot new releases and undertheradar gems for adults and kids We adore board books and the little readers who cherish and bang eat drool on and throw them Here are 22 of our favorite board books  some classics some new releases all destined to become the gems you\nread night after night The people in these books are funny brave strong resilient clever and kind Just like you Staff Pick Its never too early to teach your little feminists about the great icons that came before them Little Feminist Board Book Set is the perfect place to start Separated into five mini board books that highlight female artists activists leaders and pioneers each book features a brief bio paired with a vibrant illustration Recommended By Kate L Powellscom Synopses  Reviews Publisher Comments Mudpuppys Little Feminist Board Book Set is comprised of colorfully illustrated portraits of real women who have made a historical impact on the world Illustrations by Lydia Ortiz and words by Emily Kleinman introduce children to these important people in history with images that are fun for youngsters and also realistic The Board Book Set includes 4 mini board books Pioneers Artists Leaders and Activists  Size 4 x 4 x 4  Includes Artists Maya Angelou Lucille Ball Frida Kahlo and Ella Fitzgerald  Includes Leaders Cleopatra Queen Elizabeth I Indira Gandhi and Hillary Clinton  Includes Activists Harriet Tubman Rosa Parks Gloria Steinem and Malala Yousafza  Includes Pioneers Marie Curie Sally Ride Amelia Earhart and Billie Jean King 1 1 What Our Readers Are Saying Share your thoughts on this title Average customer rating 1 1 comments  carolthecat  December 14 2017 I will be buying this for my grand daughter Never to early for her to learn how she has the rights she was born withNot all that long ago girls were discouraged from learning to read After all we might get dangerous ideas like having the right to vote Was this comment helpful  Yes  No 4 of 30 readers found this comment helpful report this\ncomment Product Details ISBN 9780735353817 Binding Board Book Publication date 12012017 Publisher Mudpuppy Age Range to 5 Grade Range P to K Illustration Yes Author Emily Kleinman Illustrator Lydia Ortiz 1499 New Board Book Ships in 1 to 3 days Qty Store 20 Local Warehouse Receive an email when this ISBN is available used 1 LOCOK 1 LOCOK LOCCancel 1 LOCOK LOCCancel 1 LOCOK 1 LOCOK LOCCancel 1 LOCOK LOCCancel 1 LOCOK 1 LOCOK LOCCancel 1 LOCOK LOCCancel 1 LOCOK 1 LOCOK LOCCancel 1 LOCOK LOCCancel Help Guarantee My Account Careers About Us Security Wish List Partners Contact Us Shipping Transparency ACT MRF Sitemap  2022 POWELLSCOM Terms 1 LOCOK 1 LOCOK LOCCancel 1 LOCOK LOCCancel 1 LOCOK 1 LOCOK LOCCancel 1 LOCOK LOCCancel 1 LOCOK 1 LOCOK LOCCancel 1 LOCOK LOCCancel 1 LOCOK 1 LOCOK LOCCancel 1 LOCOK LOCCancel"}