{"Title": " Langenscheidts Pocket Portuguese Dictionary ", "Author": "Langenscheidt", "Cover Page": "https://powells-covers-2.s3.amazonaws.com/9780887291104.jpg", "ISBN10": "0887291104  \n", "ISBN13": "9780887291104", "Page URL": "https://powells.com/book/langenscheidts-pocket-portuguese-dictionary-9780887291104", "raw_text": "Langenscheidts Pocket Portuguese Dictionary Langenscheidt Flexible 9780887291104 Powells Books Cart   my account  wish list  help  8008787323 Hello\n Login MENU Browse New Arrivals Bestsellers Featured Preorders Award Winners Audio Books See All Subjects Used Staff Picks Staff Picks Picks of the Month Bookseller Displays 50 Books for 50 Years 25 Best 21st Century SciFi  Fantasy 25 PNW Books to Read Before You Die 25 Books From the 21st Century 25 Memoirs to Read Before You Die 25 Global Books to Read Before You Die 25 Women to Read Before You Die 25 Books to Read Before You Die Gifts Gift Cards  eGift Cards Powells Souvenirs Journals and Notebooks socks Games Sell Books Blog Events Find A Store Dont Miss BIG SALE 20 off sitewide Picks of the Season What Im Giving Great Gifts Under 25 Best Books of 2022 Powells Author Events Oregon Battle of the Books Audio Books Visit Our Stores Powells Books 14 Gift Ideas From 14 of Our Favorite Authors 0 comment Every year Powells reaches out to some of our favorite authors for some muchneeded giftgiving inspiration Below are 14 writerapproved recommendations to help you find the perfect book for even your mostdifficulttobuyfor loved one Read More  Powells Staff Best Books of 2022 Fiction 1 comment Kelsey Ford 6 Haunting Native American Horror Books 1 comment 1 LOCOK 1 LOCOK LOCCancel 1 LOCOK LOCCancel Langenscheidts Pocket Portuguese Dictionary by Langenscheidt Comment on this title ISBN13 9780887291104 ISBN10 0887291104 Condition Standard All Product Details View Larger Image View Larger Images 850 List Price 1395 Used Flexible Ships in 1 to 3 days Qty Store 1 Burnside What Our Readers Are Saying Be the first to share your thoughts on this title Product Details ISBN 9780887291104 Binding Flexible Publication date 07011985 Publisher LANGENSCHEIDT PUBLISHERS INC Series info Langenscheidts Pocket Dictionaries Pages xvi 640 p Height 618 in Width 45 in Thickness 13 in Series Langenscheidts Pocket Dictionaries Number of Units 1 Copyright Year 1989 UPC Code 2800887291106 Author Langenscheidt Author Langenscheidt Staff Author Langenscheidt Subject Portuguese language Subject English language Subject English language  Dictionaries  Portuguese Subject Portuguese language  English Subject English language  Portuguese 850 List Price 1395 Used Flexible Ships in 1 to 3 days Qty Store 1 Burnside More copies of this ISBN Used Flexible 895 1 LOCOK 1 LOCOK LOCCancel 1 LOCOK LOCCancel 1 LOCOK 1 LOCOK LOCCancel 1 LOCOK LOCCancel 1 LOCOK 1 LOCOK LOCCancel 1 LOCOK LOCCancel 1 LOCOK 1 LOCOK LOCCancel 1 LOCOK LOCCancel Help Guarantee My Account Careers About Us Security Wish List Partners Contact Us Shipping Transparency ACT MRF Sitemap  2022 POWELLSCOM Terms 1 LOCOK 1 LOCOK LOCCancel 1 LOCOK LOCCancel 1 LOCOK 1 LOCOK LOCCancel 1 LOCOK LOCCancel 1 LOCOK 1 LOCOK LOCCancel 1 LOCOK LOCCancel 1 LOCOK 1 LOCOK LOCCancel 1 LOCOK LOCCancel"}