{"Title": " Bob's Burgers 2023 Day-To-Day Calendar ", "Author": "Twentieth Century Studios Inc", "Cover Page": "https://powells-covers-2.s3.amazonaws.com/9780789342201.jpg", "ISBN10": "0789342200  \n", "ISBN13": "9780789342201", "Page URL": "https://powells.com/book/bobs-burgers-2023-day-to-day-calendar-9780789342201", "raw_text": "Bobs Burgers 2023 DayToDay Calendar Twentieth Century Studios Inc Other 9780789342201 Powells Books Cart   my account  wish list  help  8008787323 Hello\n Login MENU Browse New Arrivals Bestsellers Featured Preorders Award Winners Audio Books See All Subjects Used Staff Picks Staff Picks Picks of the Month Bookseller Displays 50 Books for 50 Years 25 Best 21st Century SciFi  Fantasy 25 PNW Books to Read Before You Die 25 Books From the 21st Century 25 Memoirs to Read Before You Die 25 Global Books to Read Before You Die 25 Women to Read Before You Die 25 Books to Read Before You Die Gifts Gift Cards  eGift Cards Powells Souvenirs Journals and Notebooks socks Games Sell Books Blog Events Find A Store Dont Miss BIG SALE 20 off sitewide Picks of the Season What Im Giving Great Gifts Under 25 Best Books of 2022 Powells Author Events Oregon Battle of the Books Audio Books Visit Our Stores Powells Books 14 Gift Ideas From 14 of Our Favorite Authors 0 comment Every year Powells reaches out to some of our favorite authors for some muchneeded giftgiving inspiration Below are 14 writerapproved recommendations to help you find the perfect book for even your mostdifficulttobuyfor loved one Read More  Powells Staff Best Books of 2022 Fiction 1 comment Kelsey Ford 6 Haunting Native American Horror Books 1 comment 1 LOCOK 1 LOCOK LOCCancel 1 LOCOK LOCCancel Bobs Burgers 2023 DayToDay Calendar by Twentieth Century Studios Inc Comment on this title Synopses  Reviews ISBN13 9780789342201 ISBN10 0789342200 All Product Details View Larger Image View Larger Images 1699 New Other Ships in 1 to 3 days Qty Store 20 Local Warehouse Synopses  Reviews Synopsis Based on the EmmyR Awardwinning bighearted animated series the official Bobs Burgers 2023 DaytoDay Calendar showcases the entire Belcher family in their best moments Centering on patriarch Bob Archers H Jon Benjamin who runs his business with his wife porcelain baby collector and dinnertheatre enthusiast Linda voice by John Roberts the series also features teenage daughter Tina Dan Mintz is obsessed with boys and horses son Gene Eugen Mirman is only afraid of snakes and youngest daughter Louise 30 Rocks Kristen Schaal never ever takes off her bunny ears Ever Tearoff pages blank on reverse Daydate reference on each page Official major world holidays Ecoconscious plastic easel backer for desk or tabletop display What Our Readers Are Saying Be the first to share your thoughts on this title Product Details ISBN 9780789342201 Binding Other Publication date 12062022 Publisher Universe Publishing Language English Pages 320 Height 157IN Width 543IN Author Twentieth Century Studios Inc 1699 New Other Ships in 1 to 3 days Qty Store 20 Local Warehouse Receive an email when this ISBN is available used 1 LOCOK 1 LOCOK LOCCancel 1 LOCOK LOCCancel 1 LOCOK 1 LOCOK LOCCancel 1 LOCOK LOCCancel 1 LOCOK 1 LOCOK LOCCancel 1 LOCOK LOCCancel 1 LOCOK 1 LOCOK LOCCancel 1 LOCOK LOCCancel Help Guarantee My Account Careers About Us Security Wish List Partners Contact Us Shipping Transparency ACT MRF Sitemap  2022 POWELLSCOM Terms 1 LOCOK 1 LOCOK LOCCancel 1 LOCOK LOCCancel 1 LOCOK 1 LOCOK LOCCancel 1 LOCOK LOCCancel 1 LOCOK 1 LOCOK LOCCancel 1 LOCOK LOCCancel 1 LOCOK 1 LOCOK LOCCancel 1 LOCOK LOCCancel"}