{"Title": " Worlding Dance ", "Author": "Susan Leigh Foster", "Cover Page": "https://covers.powells.com/9780230298385.jpg", "ISBN10": "0230298389  \n", "ISBN13": "9780230298385", "Page URL": "https://powells.com/book/worlding-dance-9780230298385", "raw_text": "Worlding Dance Leigh Foster Susan Trade Paperback 9780230298385 Powells Books Cart   my account  wish list  help  8008787323 Hello\n Login MENU Browse New Arrivals Bestsellers Featured Preorders Award Winners Audio Books See All Subjects Used Staff Picks Staff Picks Picks of the Month Bookseller Displays 50 Books for 50 Years 25 Best 21st Century SciFi  Fantasy 25 PNW Books to Read Before You Die 25 Books From the 21st Century 25 Memoirs to Read Before You Die 25 Global Books to Read Before You Die 25 Women to Read Before You Die 25 Books to Read Before You Die Gifts Gift Cards  eGift Cards Powells Souvenirs Journals and Notebooks socks Games Sell Books Blog Events Find A Store Dont Miss BIG SALE 20 off sitewide Picks of the Season What Im Giving Great Gifts Under 25 Best Books of 2022 Powells Author Events Oregon Battle of the Books Audio Books Visit Our Stores Powells Books 14 Gift Ideas From 14 of Our Favorite Authors 0 comment Every year Powells reaches out to some of our favorite authors for some muchneeded giftgiving inspiration Below are 14 writerapproved recommendations to help you find the perfect book for even your mostdifficulttobuyfor loved one Read More  Powells Staff Best Books of 2022 Fiction 1 comment Kelsey Ford 6 Haunting Native American Horror Books 1 comment 1 LOCOK 1 LOCOK LOCCancel 1 LOCOK LOCCancel Worlding Dance by Susan Leigh Foster Comment on this title Synopses  Reviews ISBN13 9780230298385 ISBN10 0230298389 Condition Standard All Product Details View Larger Image View Larger Images 2700 List Price 8499 Used Trade Paperback Ships in 1 to 3 days Qty Store 1 Burnside Synopses  Reviews Publisher Comments What world has been constructed for dancing through the term world dance What kinds of worlds do we as scholars create for a given dance when we undertake to describe and analyze it This book now in paperback\u00a0makes new epistemological\u00a0space for the analysis of the worlds dance by offering a variety of new analytic approaches About the Author SUSAN LEIGH FOSTER Choreographer and Scholar\u00a0is Professor in the Department of World Arts and Cultures at the University of California\u00a0USA She is author of Reading Dancing Choreography and Narrative  and Dances that Describe Themselves  She is also editor of Choreographing History and Corporealities  and coeditor of the journal Discourses in Dance  Table of Contents Acknowledgements Notes on Contributors Worlding Dance  An Introduction SLFoster The Power of Classification LHammergren Mobilizing in the Archive Santee Smiths Kahawi  JSMurphy A Materialist Reading of the Bharata Natyam Dancing Body The Possibility of the Unruly Spectator PSrinivasan Raceing Choreographic Copyright AKraut Choreographies and Choreographers SLFoster Redstained Feet Probing the Ground On Which Women Dance in Contemporary Bengal AChatterjea Artistic Utopias Michio Ito and the Trope of the International YWong Worlding Dance and Dancing Out There in the World MESavigliano Works Cited Index What Our Readers Are Saying Be the first to share your thoughts on this title Product Details ISBN 9780230298385 Binding Trade Paperback Publication date 06102009 Publisher Palgrave MacMillan Series info Studies in International Performance Pages 209 Height 60IN Width 550IN Author Susan Leigh Foster Ed S Foster Subject DRAMA  General Subject Social history 2700 List Price 8499 Used Trade Paperback Ships in 1 to 3 days Qty Store 1 Burnside More copies of this ISBN New Trade Paperback 10195 1 LOCOK 1 LOCOK LOCCancel 1 LOCOK LOCCancel 1 LOCOK 1 LOCOK LOCCancel 1 LOCOK LOCCancel 1 LOCOK 1 LOCOK LOCCancel 1 LOCOK LOCCancel 1 LOCOK 1 LOCOK LOCCancel 1 LOCOK LOCCancel Help Guarantee My Account Careers About Us Security Wish List Partners Contact Us Shipping Transparency ACT MRF Sitemap  2022 POWELLSCOM Terms 1 LOCOK 1 LOCOK LOCCancel 1 LOCOK LOCCancel 1 LOCOK 1 LOCOK LOCCancel 1 LOCOK LOCCancel 1 LOCOK 1 LOCOK LOCCancel 1 LOCOK LOCCancel 1 LOCOK 1 LOCOK LOCCancel 1 LOCOK LOCCancel"}