{"Title": " Eating on the Wild Side The Missing Link to Optimum Health ", "Author": "Jo Robinson", "Cover Page": "https://covers.powells.com/9780316227933.jpg", "ISBN10": "0316227935  \n", "ISBN13": "9780316227933", "Page URL": "https://powells.com/book/eating-on-the-wild-side-the-missing-link-to-optimum-health-9780316227933", "raw_text": "Eating on the Wild Side The Missing Link to Optimum Health Jo Robinson Trade Paperback 9780316227933 Powells Books Cart   my account  wish list  help  8008787323 Hello\n Login MENU Browse New Arrivals Bestsellers Featured Preorders Award Winners Audio Books See All Subjects Used Staff Picks Staff Picks Picks of the Month Bookseller Displays 50 Books for 50 Years 25 Best 21st Century SciFi  Fantasy 25 PNW Books to Read Before You Die 25 Books From the 21st Century 25 Memoirs to Read Before You Die 25 Global Books to Read Before You Die 25 Women to Read Before You Die 25 Books to Read Before You Die Gifts Gift Cards  eGift Cards Powells Souvenirs Journals and Notebooks socks Games Sell Books Blog Events Find A Store Dont Miss BIG SALE 20 off sitewide Picks of the Season What Im Giving Great Gifts Under 25 Best Books of 2022 Powells Author Events Oregon Battle of the Books Audio Books Visit Our Stores Powells Books 14 Gift Ideas From 14 of Our Favorite Authors 0 comment Every year Powells reaches out to some of our favorite authors for some muchneeded giftgiving inspiration Below are 14 writerapproved recommendations to help you find the perfect book for even your mostdifficulttobuyfor loved one Read More  Powells Staff Best Books of 2022 Fiction 1 comment Kelsey Ford 6 Haunting Native American Horror Books 1 comment 1 LOCOK 1 LOCOK LOCCancel 1 LOCOK LOCCancel Eating on the Wild Side The Missing Link to Optimum Health by Jo Robinson Comment on this title Synopses  Reviews ISBN13 9780316227933 ISBN10 0316227935 Condition Standard All Product Details View Larger Image View Larger Images 1095 List Price 1899 Used Trade Paperback Ships in 1 to 3 days Qty Store 1 Burnside 2 Hawthorne 2 Local Warehouse Synopses  Reviews Publisher Comments Winner of the 2014 IACP Cookbook Award in the category of Food Matters\nThe next stage in the food revolution  a radical way to select fruits and vegetables and reclaim the flavor and nutrients weve lost\nEver since farmers first planted seeds 10000 years ago humans have been destroying the nutritional value of their fruits and vegetables Unwittingly weve been selecting plants that are high in starch and sugar and low in vitamins minerals fiber and antioxidants for more than 400 generations Eating on the Wild Side reveals the solution  choosing modern varieties that approach the nutritional content of wild plants but that also please the modern palate Jo Robinson explains that many of these newly identified varieties can be found in supermarkets and farmers market and introduces simple scientifically proven methods of preparation that enhance their flavor and nutrition Based on years of scientific research and filled with food history and practical advice Eating on the Wild Side will forever change the way we think about food Review The next Omnivores Dilemma  Epicuriouscom Review PhenomenalThe cure for what ails us is right here and its delicious Dan Barber chef and owner of Blue Hill and Blue Hill at Stone Barns Review Because recent studies have taught us that we should be getting our beta carotene and other healthbuilders not from pills but from wellgrown food this book is just what gardeners and cooks need The Washington Post Review If the organic movement needs a Joan of Arc I would surely nominate Jo Robinson Only Michael Pollan would come close to her superbly researched work Bill Kurtis Chairman and Founder Tallgrass Beef Company Synopsis Winner of the 2014 IACP Cookbook Award in the category of Food Matters The next stage in the food revolutiona radical way to select fruits and vegetables and reclaim the flavor and nutrients weve lost Ever since farmers first planted seeds 10000 years ago humans have been destroying the nutritional value of their fruits and vegetables Unwittingly weve been selecting plants that are high in starch and sugar and low in vitamins minerals fiber and antioxidants for more than 400 generations EATING ON THE WILD SIDE reveals the solutionchoosing modern varieties that approach the nutritional content of wild plants but that also please the modern palate Jo Robinson explains that many of these newly identified varieties can be found in supermarkets and farmers market and introduces simple scientifically proven methods of preparation that enhance their flavor and nutrition Based on years of scientific research and filled with food history and practical advice EATING ON THE WILD SIDE will forever change the way we think about food Synopsis The next stage in the food revolution a radical way to select fruits and vegetables and reclaim the flavor and nutrients weve lost Ever since farmers first planted seeds 10000 years ago humans have been destroying the nutritional value of their fruits and vegetables Unwittingly weve been selecting plants that are high in starch and sugar and low in vitamins minerals fiber and antioxidants for more than 400 generations Eating on the Wild Side reveals the solution  choosing modern varieties that approach the nutritional content of wild plants but that also please the modern palate Jo Robinson explains that many of these newly identified varieties can be found in supermarkets and farmers market and introduces simple scientifically proven methods of preparation that enhance their flavor and nutrition Based on years of scientific research and filled with food history and practical advice Eating on the Wild Side will forever change the way we think about food About the Author Jo Robinson is the author or coauthor of 14 nonfiction books She lives on Vashon Island Washington where she grows many of the extraordinary fruits and vegetables described in this book What Our Readers Are Saying Be the first to share your thoughts on this title Product Details ISBN 9780316227933 Binding Trade Paperback Publication date 05202014 Publisher LITTLE BROWN  CO Pages 416 Height 120IN Width 590IN Thickness 125 Copyright Year 2014 Author Jo Robinson Author Andie ILT Styner Author Jo Robinson Illustrator Andie Styner Illustrator Andie Styner Illustrator Andie Styner Illustrator Andie Styner Illustrator Andie Styner Illustrator Andie Styner Subject Sports and FitnessMedicine Nutrition and Psychology 1095 List Price 1899 Used Trade Paperback Ships in 1 to 3 days Qty Store 1 Burnside 2 Hawthorne 2 Local Warehouse More copies of this ISBN New Trade Paperback 1899 Used Trade Paperback Starting from 1098 1 LOCOK 1 LOCOK LOCCancel 1 LOCOK LOCCancel 1 LOCOK 1 LOCOK LOCCancel 1 LOCOK LOCCancel 1 LOCOK 1 LOCOK LOCCancel 1 LOCOK LOCCancel 1 LOCOK 1 LOCOK LOCCancel 1 LOCOK LOCCancel Help Guarantee My Account Careers About Us Security Wish List Partners Contact Us Shipping Transparency ACT MRF Sitemap  2022 POWELLSCOM Terms 1 LOCOK 1 LOCOK LOCCancel 1 LOCOK LOCCancel 1 LOCOK 1 LOCOK LOCCancel 1 LOCOK LOCCancel 1 LOCOK 1 LOCOK LOCCancel 1 LOCOK LOCCancel 1 LOCOK 1 LOCOK LOCCancel 1 LOCOK LOCCancel"}