{"Title": " Palm Springs: Mid-Century Modern Postcard Book ", "Author": "Dolly Faibyshev", "Cover Page": "https://powells-covers-2.s3.amazonaws.com/9780764345210.jpg", "ISBN10": "0764345214  \n", "ISBN13": "9780764345210", "Page URL": "https://powells.com/book/palm-springs-9780764345210", "raw_text": "Palm Springs Mid Century Modern Postcard Book Dolly Faibyshev Trade Paperback 9780764345210 Powells Books Cart   my account  wish list  help  8008787323 Hello\n Login MENU Browse New Arrivals Bestsellers Featured Preorders Award Winners Audio Books See All Subjects Used Staff Picks Staff Picks Picks of the Month Bookseller Displays 50 Books for 50 Years 25 Best 21st Century SciFi  Fantasy 25 PNW Books to Read Before You Die 25 Books From the 21st Century 25 Memoirs to Read Before You Die 25 Global Books to Read Before You Die 25 Women to Read Before You Die 25 Books to Read Before You Die Gifts Gift Cards  eGift Cards Powells Souvenirs Journals and Notebooks socks Games Sell Books Blog Events Find A Store Dont Miss BIG SALE 20 off sitewide Picks of the Season What Im Giving Great Gifts Under 25 Best Books of 2022 Powells Author Events Oregon Battle of the Books Audio Books Visit Our Stores Powells Books 14 Gift Ideas From 14 of Our Favorite Authors 0 comment Every year Powells reaches out to some of our favorite authors for some muchneeded giftgiving inspiration Below are 14 writerapproved recommendations to help you find the perfect book for even your mostdifficulttobuyfor loved one Read More  Powells Staff Best Books of 2022 Fiction 1 comment Kelsey Ford 6 Haunting Native American Horror Books 1 comment 1 LOCOK 1 LOCOK LOCCancel 1 LOCOK LOCCancel Palm Springs MidCentury Modern Postcard Book by Dolly Faibyshev Comment on this title Synopses  Reviews ISBN13 9780764345210 ISBN10 0764345214 All Product Details View Larger Image View Larger Images 000 Other Ships in 1 to 3 days Synopses  Reviews Synopsis The midcentury modern architecture of Palm Springs California is presented in 30 bright colorful postcards In Palm Springs the desert environment and the presence of Hollywood stars inspired architects to new creative heights and created perhaps the locale with the highest concentration of such structures in the United States The postcards include views of individual midcentury modern homes detailed closeups city shots and photos of such landmarks as the Palm Springs City Hall Swiss Miss House Elvis Honeymoon House Neutras Kaufmann House and the Palm Springs Aerial Tramway Valley Station The iconic features of midcentury modern structures found in these postcards include carports stone and perforated walls chalet entrances wide driveways and walls of glass  The 30 postcards are perforated for easy removal or can remain bound together as a memento of this beautiful place Whichever you choose enjoy the enduring beauty of midcentury modernism today About the Author Dolly Faibyshev began her photography career with Palm Springs  Mid Century Modern a book of photographs taken among the nestled and manicured neighborhoods of southern Californias desert landscape Since its publication Ms Faibyshev has explored themes of Americana within the spectacle of dog shows rodeos and Las Vegas Her dynamic and gently satirical photographs give viewers access to exclusive American pastimes and playgrounds She has exhibited at Verge Art Fair Art Hamptons International Art Fair the Affordable Art Fair in New York and Seattle the South Street Seaport Museum and Chelsea Market in NYC She had her first solo show in New York City in 2012 She has also been featured in Soho House Magazines photography issue and PDNs Emerging Photographer Magazine What Our Readers Are Saying Be the first to share your thoughts on this title Product Details ISBN 9780764345210 Binding Other Publication date 09282013 Publisher Schiffer Publishing Language English Pages 64 Height 60IN Width 650IN Illustration Yes UPC Code 9780764345210 Author Dolly Faibyshev Subject ArchitectureTypes 000 Other Ships in 1 to 3 days Receive an email when this ISBN is available used 1 LOCOK 1 LOCOK LOCCancel 1 LOCOK LOCCancel 1 LOCOK 1 LOCOK LOCCancel 1 LOCOK LOCCancel 1 LOCOK 1 LOCOK LOCCancel 1 LOCOK LOCCancel 1 LOCOK 1 LOCOK LOCCancel 1 LOCOK LOCCancel Help Guarantee My Account Careers About Us Security Wish List Partners Contact Us Shipping Transparency ACT MRF Sitemap  2022 POWELLSCOM Terms 1 LOCOK 1 LOCOK LOCCancel 1 LOCOK LOCCancel 1 LOCOK 1 LOCOK LOCCancel 1 LOCOK LOCCancel 1 LOCOK 1 LOCOK LOCCancel 1 LOCOK LOCCancel 1 LOCOK 1 LOCOK LOCCancel 1 LOCOK LOCCancel"}