{"Title": " Lore Olympus: Volume Two ", "Author": "Rachel Smythe", "Cover Page": "https://powells-covers-2.s3.amazonaws.com/9780593356081.jpg", "ISBN10": "059335608X  \n", "ISBN13": "9780593356081", "Page URL": "https://powells.com/book/lore-olympus-9780593356081", "raw_text": "Lore Olympus Volume Two Rachel Smythe Trade Paperback 9780593356081 Powells Books Cart   my account  wish list  help  8008787323 Hello\n Login MENU Browse New Arrivals Bestsellers Featured Preorders Award Winners Audio Books See All Subjects Used Staff Picks Staff Picks Picks of the Month Bookseller Displays 50 Books for 50 Years 25 Best 21st Century SciFi  Fantasy 25 PNW Books to Read Before You Die 25 Books From the 21st Century 25 Memoirs to Read Before You Die 25 Global Books to Read Before You Die 25 Women to Read Before You Die 25 Books to Read Before You Die Gifts Gift Cards  eGift Cards Powells Souvenirs Journals and Notebooks socks Games Sell Books Blog Events Find A Store Dont Miss BIG SALE 20 off sitewide Picks of the Season What Im Giving Great Gifts Under 25 Best Books of 2022 Powells Author Events Oregon Battle of the Books Audio Books Visit Our Stores Powells Books 14 Gift Ideas From 14 of Our Favorite Authors 0 comment Every year Powells reaches out to some of our favorite authors for some muchneeded giftgiving inspiration Below are 14 writerapproved recommendations to help you find the perfect book for even your mostdifficulttobuyfor loved one Read More  Powells Staff Best Books of 2022 Fiction 1 comment Kelsey Ford 6 Haunting Native American Horror Books 1 comment 1 LOCOK 1 LOCOK LOCCancel 1 LOCOK LOCCancel Lore Olympus Volume Two by Rachel Smythe Comment on this title Synopses  Reviews ISBN13 9780593356081 ISBN10 059335608X All Product Details View Larger Image View Larger Images 2100 New Trade Paperback Ships in 1 to 3 days Qty Store 13 Burnside 10 Cedar Hills 7 Hawthorne 20 Local Warehouse Synopses  Reviews Publisher Comments Witness what the gods do after dark in the second volume of a stylish and contemporary reimagining of one of the bestknown stories in Greek mythology featuring a brandnew exclusive short story from creator Rachel Smythe Its easy to see why the internet has fallen in love with Lore Olympus  This dazzling interpretation of the classic Greek myths is as charming as it is provocative Marissa Meyer 1 New York Times bestselling author of The Lunar Chronicles Persephone was ready to start a new life when she left the mortal realm for Olympus However she quickly discovered the dark side of her glamorous new home  from the relatively minor gossip threatening her reputation to a realmshattering violation of her safety by the conceited Apollo  and shes struggling to find her footing in the fastmoving realm of the gods Hades is also offbalance fighting against his burgeoning feelings for the young goddess of spring while maintaining his lonely rule of the Underworld As the pair are drawn ever closer they must untangle the twisted webs of their past and present to build toward a new future This edition of Smythes original Eisnernominated webcomic Lore Olympus brings Greek mythology into the modern age in a sharply perceptive and romantic graphic novel This volume collects episodes 2649 of the 1 WEBTOON comic Lore Olympus  Review Rachel Smythes Lore Olympus is a stunning reimagining of classical myth Smythe adapts the story of Persephone and Hades removing it from its dark origins and building a brandnew epic with her own complex and beautiful characters The rest of the gods nymphs and creatures of Smythes world are the icing on top Liv Albert author of Greek Mythology The Gods Goddesses and Heroes Handbook and creator of Lets Talk About Myths Baby podcast Review Sensitive and elegantBeautiful artwork and compelling characters take the forefront of this romantic techsavvy retelling of Greek mythology Booklist Review  Lore Olympus is a delicacy Funny dark sexy and lavishly illustrated it delights on every page I cant recommend it enough Kate Leth author of Marvels Patsy Walker AKA Hellcat About the Author Rachel Smythe is the creator of the Eisnernominated Lore Olympus  published via Webtoon What Our Readers Are Saying Be the first to share your thoughts on this title Product Details ISBN 9780593356081 Binding Trade Paperback Publication date 07052022 Publisher BANTAM DOUBLEDAY DELL Pages 368 Author Rachel Smythe 2100 New Trade Paperback Ships in 1 to 3 days Qty Store 13 Burnside 10 Cedar Hills 7 Hawthorne 20 Local Warehouse Receive an email when this ISBN is available used This title in other editions New Hardcover 2799 1 LOCOK 1 LOCOK LOCCancel 1 LOCOK LOCCancel 1 LOCOK 1 LOCOK LOCCancel 1 LOCOK LOCCancel 1 LOCOK 1 LOCOK LOCCancel 1 LOCOK LOCCancel 1 LOCOK 1 LOCOK LOCCancel 1 LOCOK LOCCancel Help Guarantee My Account Careers About Us Security Wish List Partners Contact Us Shipping Transparency ACT MRF Sitemap  2022 POWELLSCOM Terms 1 LOCOK 1 LOCOK LOCCancel 1 LOCOK LOCCancel 1 LOCOK 1 LOCOK LOCCancel 1 LOCOK LOCCancel 1 LOCOK 1 LOCOK LOCCancel 1 LOCOK LOCCancel 1 LOCOK 1 LOCOK LOCCancel 1 LOCOK LOCCancel"}