{"Title": " The Feature Structure of Functional Categories: A Comparative Study of Arabic Dialects ", "Author": "Elabbas Benmamoun", "Cover Page": "https://powells-covers-2.s3.amazonaws.com/9780195119954.jpg", "ISBN10": "0195119959  \n", "ISBN13": "9780195119954", "Page URL": "https://powells.com/book/the-feature-structure-of-functional-categories-9780195119954", "raw_text": "Feature Structure of Functional Categories A Comparative Study of Arabic Dialects Elabbas Benmamoun Trade Paperback 9780195119954 Powells Books Cart   my account  wish list  help  8008787323 Hello\n Login MENU Browse New Arrivals Bestsellers Featured Preorders Award Winners Audio Books See All Subjects Used Staff Picks Staff Picks Picks of the Month Bookseller Displays 50 Books for 50 Years 25 Best 21st Century SciFi  Fantasy 25 PNW Books to Read Before You Die 25 Books From the 21st Century 25 Memoirs to Read Before You Die 25 Global Books to Read Before You Die 25 Women to Read Before You Die 25 Books to Read Before You Die Gifts Gift Cards  eGift Cards Powells Souvenirs Journals and Notebooks socks Games Sell Books Blog Events Find A Store Dont Miss BIG SALE 20 off sitewide Picks of the Season What Im Giving Great Gifts Under 25 Best Books of 2022 Powells Author Events Oregon Battle of the Books Audio Books Visit Our Stores Powells Books 14 Gift Ideas From 14 of Our Favorite Authors 0 comment Every year Powells reaches out to some of our favorite authors for some muchneeded giftgiving inspiration Below are 14 writerapproved recommendations to help you find the perfect book for even your mostdifficulttobuyfor loved one Read More  Powells Staff Best Books of 2022 Fiction 1 comment Kelsey Ford 6 Haunting Native American Horror Books 1 comment 1 LOCOK 1 LOCOK LOCCancel 1 LOCOK LOCCancel The Feature Structure of Functional Categories A Comparative Study of Arabic Dialects by Elabbas Benmamoun Comment on this title Synopses  Reviews ISBN13 9780195119954 ISBN10 0195119959 All Product Details View Larger Image View Larger Images 14000 New Trade Paperback Available at a Remote Warehouse Ships separately from other items Additional shipping charges may apply Not available for In Store Pickup More Info Qty Store 20 Remote Warehouse Synopses  Reviews Publisher Comments Focusing on the relation between functional categories and lexical and phrasal categories in Arabic dialects Benmamoun proposes that universally functional categories are specified for categorial features which determine their relation with lexical categories Language variation is attributed to differences with respect to the categorial feature specifications of functional categories and how they interact with lexical categories The book brings new insights to issues related to the syntax of functional categories the relation between syntax and the morphophonological component and comparative syntax Synopsis Focusing on the relation between functional categories and lexical and phrasal categories in Arabic dialects Benmamoun proposes that universally functional categories are specified for categorial features which determine their relation with lexical categories Description Includes bibliographical references p 167173 and index Table of Contents 1 Introduction Part 1 The Feature Structure of Tense 2 The Tense Systems of Egyptian Arabic Moroccan Arabic and Standard Arabic 3 The Categorial Features of Tense 4 Checking the Categorial Features of Tense Part 2 The Feature Structure of Negation 5 Sentential Negation in the Modern Arabic Dialects 6 Negation in Standard Arabic 7 Negation and Imperatives Part 3 Agreement Asymmetries 8 Subject Verb Agreement Asymmetries 9 Agreement Asymmetries in DPs References Index What Our Readers Are Saying Be the first to share your thoughts on this title Product Details ISBN 9780195119954 Binding Trade Paperback Publication date 02242000 Publisher Oxford University Press USA Series info Oxford Studies in Comparative Syntax Paperback Language English Pages 192 Height 53IN Width 612IN Thickness 6 in LCCN 9852404 Series Oxford Studies in Comparative Syntax Hardcover Number of Units 1 Copyright Year 2002 Series Volume 16 Author Elabbas null Author Elabbas Benmamoun Subject Foreign LanguagesArabic Subject Morphology Subject Arabic language  Dialects  Syntax Subject Linguistics  Syntax  Morphology Subject Minimalist theory Linguistics Subject Linguistics  Syntax and Morphology Subject Arabic language Subject Linguistics  Syntax 14000 New Trade Paperback Available at a Remote Warehouse Ships separately from other items Additional shipping charges may apply Not available for In Store Pickup More Info Qty Store 20 Remote Warehouse Receive an email when this ISBN is available used 1 LOCOK 1 LOCOK LOCCancel 1 LOCOK LOCCancel 1 LOCOK 1 LOCOK LOCCancel 1 LOCOK LOCCancel 1 LOCOK 1 LOCOK LOCCancel 1 LOCOK LOCCancel 1 LOCOK 1 LOCOK LOCCancel 1 LOCOK LOCCancel Help Guarantee My Account Careers About Us Security Wish List Partners Contact Us Shipping Transparency ACT MRF Sitemap  2022 POWELLSCOM Terms 1 LOCOK 1 LOCOK LOCCancel 1 LOCOK LOCCancel 1 LOCOK 1 LOCOK LOCCancel 1 LOCOK LOCCancel 1 LOCOK 1 LOCOK LOCCancel 1 LOCOK LOCCancel 1 LOCOK 1 LOCOK LOCCancel 1 LOCOK LOCCancel"}