{"Title": " Portland City Walks Twenty Explorations in & Around Town ", "Author": "Laura Foster, Laura O Foster", "Cover Page": "https://powells-covers-2.s3.amazonaws.com/9780881928853.jpg", "ISBN10": "0881928852  \n", "ISBN13": "9780881928853", "Page URL": "https://powells.com/book/portland-city-walks-twenty-explorations-in-around-town-9780881928853", "raw_text": "Portland City Walks Twenty Explorations in  Around Town Laura Foster Laura O Foster Trade Paperback 9780881928853 Powells Books Cart   my account  wish list  help  8008787323 Hello\n Login MENU Browse New Arrivals Bestsellers Featured Preorders Award Winners Audio Books See All Subjects Used Staff Picks Staff Picks Picks of the Month Bookseller Displays 50 Books for 50 Years 25 Best 21st Century SciFi  Fantasy 25 PNW Books to Read Before You Die 25 Books From the 21st Century 25 Memoirs to Read Before You Die 25 Global Books to Read Before You Die 25 Women to Read Before You Die 25 Books to Read Before You Die Gifts Gift Cards  eGift Cards Powells Souvenirs Journals and Notebooks socks Games Sell Books Blog Events Find A Store Dont Miss BIG SALE 20 off sitewide Picks of the Season What Im Giving Great Gifts Under 25 Best Books of 2022 Powells Author Events Oregon Battle of the Books Audio Books Visit Our Stores Powells Books 14 Gift Ideas From 14 of Our Favorite Authors 0 comment Every year Powells reaches out to some of our favorite authors for some muchneeded giftgiving inspiration Below are 14 writerapproved recommendations to help you find the perfect book for even your mostdifficulttobuyfor loved one Read More  Powells Staff Best Books of 2022 Fiction 1 comment Kelsey Ford 6 Haunting Native American Horror Books 1 comment 1 LOCOK 1 LOCOK LOCCancel 1 LOCOK LOCCancel Portland City Walks Twenty Explorations in  Around Town by Laura Foster Laura O Foster Comment on this title Synopses  Reviews ISBN13 9780881928853 ISBN10 0881928852 Condition Standard All Product Details View Larger Image View Larger Images 1450 List Price 1995 Used Trade Paperback Ships in 1 to 3 days Qty Store 2 Burnside 1 Local Warehouse Synopses  Reviews Publisher Comments From the inspired creator of the beloved Portland Hill Walks comes a rich collection of twenty eyeopening walks exploring the backstreets and back stories of the neighborhoods of Portland and five nearby towns Laura Fosters new walking routes are easy to follow selfguided and accessible by public transportation They also include plenty of snacks and offbeat treasures along the way From Goose Hollow to Garden Home Laurelhurst to Lake Oswego Forest Grove to Vancouver walks range in length from 2 to 6 miles with alternate loops for flexibility Want to explore architecture and engineering Walks include a centuriesold farmhouse nestled in a city neighborhood and a track made from 20000 Nike athletic shoes Interested in the stories of historic Portland businesses Walks include fun facts about Captain John Couch William Lair Hill Fred Meyer Guy Carr and Michael Powell Portland City Walks lets readers peel back the layers of history as they walk the stories of a citys neighborhoods and experience its joys as never before Review In the 20 walks in her new book she skillfully combines neighborhood history and architectural description with keen observations guaranteed to capture a walkers imagination Oregonian About the Author Laura O Foster is an author and editor who specializes in writing about one of her great passions Portland Oregon She also writes childrens nonfiction books including the awardwinning Boys Who Rocked the World  and works as a freelance book editor As a teenager she left the Illinois prairie for the mountains of Wyoming where she worked in Yellowstone National Park It was there she discovered the joys of hill walking After several years hiking and biking in the mountains of Colorado and Tennessee Laura moved to Portland in 1989 where she found pedestrian nirvana a city where you can combine a hike a brewpub and a bookstore in one afternoon jaunt As in old European cities its possible to do all this in the space of a single afternoon walkabout and she finds it remarkable to be able to do all three without driving 4 1 What Our Readers Are Saying Share your thoughts on this title Average customer rating 4 1 comments  BMC  September 06 2012 I havent read the new edition but my girlfriend and I have been using the previous one to guide us on city walks all summer including three in the past week and Ive really appreciated the authors depth of knowledge of the citys history her insights and judgment about whats worth seeing and her moments of humor and commentary This isnt a dry guidebook but rather a lively gateway to a new appreciation of PDXs hidden treasures I cant wait to snag the new edition maybe at the end of our next walk in the Powells hood You can also see her in action in a couple of episodes of Oregon Public Broadcastings Oregon Field Guide archived online at OPBs website Was this comment helpful  Yes  No 2 of 2 readers found this comment helpful report this\ncomment Product Details ISBN 9780881928853 Binding Trade Paperback Publication date 10152008 Publisher WORKMAN PUBLISHING CO INC Pages 319 Height 70IN Width 600IN Thickness 69 in Number of Units 1 Illustration Yes Copyright Year 2008 UPC Code 2800881928855 Author Laura Foster Author Laura O Foster Media Run Time B Subject TravelUS Western States Subject Portland Or Subject Architecture Subject Portland Or Buildings structures etc Subject Pacific NorthwestOregon Subject United States  West  Pacific AK CA HI NV OR WA 1450 List Price 1995 Used Trade Paperback Ships in 1 to 3 days Qty Store 2 Burnside 1 Local Warehouse 1 LOCOK 1 LOCOK LOCCancel 1 LOCOK LOCCancel 1 LOCOK 1 LOCOK LOCCancel 1 LOCOK LOCCancel 1 LOCOK 1 LOCOK LOCCancel 1 LOCOK LOCCancel 1 LOCOK 1 LOCOK LOCCancel 1 LOCOK LOCCancel Help Guarantee My Account Careers About Us Security Wish List Partners Contact Us Shipping Transparency ACT MRF Sitemap  2022 POWELLSCOM Terms 1 LOCOK 1 LOCOK LOCCancel 1 LOCOK LOCCancel 1 LOCOK 1 LOCOK LOCCancel 1 LOCOK LOCCancel 1 LOCOK 1 LOCOK LOCCancel 1 LOCOK LOCCancel 1 LOCOK 1 LOCOK LOCCancel 1 LOCOK LOCCancel"}