{"Title": " Savory Baking: Recipes for Breakfast, Dinner, and Everything in Between ", "Author": "Erin Jeanne McDowell", "Cover Page": "https://powells-covers-2.s3.amazonaws.com/9780358671404.jpg", "ISBN10": "035867140X  \n", "ISBN13": "9780358671404", "Page URL": "https://powells.com/book/savory-baking-9780358671404", "raw_text": "Savory Baking Recipes for Breakfast Dinner and Everything in Between Erin Jeanne McDowell Hardcover 9780358671404 Powells Books Cart   my account  wish list  help  8008787323 Hello\n Login MENU Browse New Arrivals Bestsellers Featured Preorders Award Winners Audio Books See All Subjects Used Staff Picks Staff Picks Picks of the Month Bookseller Displays 50 Books for 50 Years 25 Best 21st Century SciFi  Fantasy 25 PNW Books to Read Before You Die 25 Books From the 21st Century 25 Memoirs to Read Before You Die 25 Global Books to Read Before You Die 25 Women to Read Before You Die 25 Books to Read Before You Die Gifts Gift Cards  eGift Cards Powells Souvenirs Journals and Notebooks socks Games Sell Books Blog Events Find A Store Dont Miss BIG SALE 20 off sitewide Picks of the Season What Im Giving Great Gifts Under 25 Best Books of 2022 Powells Author Events Oregon Battle of the Books Audio Books Visit Our Stores Powells Books 14 Gift Ideas From 14 of Our Favorite Authors 0 comment Every year Powells reaches out to some of our favorite authors for some muchneeded giftgiving inspiration Below are 14 writerapproved recommendations to help you find the perfect book for even your mostdifficulttobuyfor loved one Read More  Powells Staff Best Books of 2022 Fiction 1 comment Kelsey Ford 6 Haunting Native American Horror Books 1 comment 1 LOCOK 1 LOCOK LOCCancel 1 LOCOK LOCCancel Savory Baking Recipes for Breakfast Dinner and Everything in Between by Erin Jeanne McDowell Comment on this title Synopses  Reviews ISBN13 9780358671404 ISBN10 035867140X All Product Details View Larger Image View Larger Images 4000 New Hardcover Ships in 1 to 3 days Qty Store 3 Burnside 5 Cedar Hills 5 Hawthorne 20 Local Warehouse Synopses  Reviews Publisher Comments From the New York Times bestselling author of The Book on Pie and The Fearless Baker  a savory baking book for delicious baked goods at any time of day Savory Baking is the next best thing to a private baking and pastry class from star food stylist and baking expert Erin Jeanne McDowell given in her signature fun and reassuring style Not only are each of her recipes intensely craveable they also offer inventive inspirations and variations for endless outofthebox customizations and more flexibility Take her Buttermilk Biscuits for instance which comes together in a single bowl You can cut them in different shapes  Erin prefers squares so theres no scrap dough left And she suggests adding cheese or fresh herbs or bacon for bolder flavor Or substituting the buttermilk with sour cream or cr\u00e8me fraiche for a je ne sais quoi tang Or adding her green chile gravy when serving Or make a monkey bread made of biscuit dough Or Chapters span all day and night for freshly baked goods whenever the mood strikes Easy and Essential BakesStovetop SavoriesYeasted DoughsPizzas Flatbreads and Stuffed BreadsPastriesSnacks Bites and AppsPies and Tarts And for those who cant shake the sugar there are sweet tooth breaks throughout With Erins cando encouragement expert tips and Prep School features to get you equipped with basic techniques throughout this sweeping and beautifully photographed guide to savory baking will exponentially expand your savory baking repertoire with a ton of delicious fun Review  Savory Baking is chockfull of deliciousness and information for a novice baker up to a seasoned one The addition of variations and alternative inclusions makes for a welcome multiplier of recipes I learned so much from reading it now Im ready to attempt phyllo Carla Hall chefauthorTV personality Review Erin effortlessly crosses over from the sweet side in her fabulous ode to the savory side of baking featuring flatbreads pizzas tarts breads and more Savory Baking truly is one of the most exciting baking books Ive seen From breakfast scones buckwheat crepes and waffles with fried chicken to cheesestuffed pretzels crispy baby baguettes and bakerylevel treats like ham and cheese croissants chilecrunch goug\u00e8res and b\u00e1nh pat\u00ea s\u00f4 filled with mushrooms and garlic Erins got you covered with easytofollow instructions and spoton tips to ensure success for treats youll love any time of the day David Lebovitz author of My Paris Kitchen and Drinking French Review I dont know how anyone could thumb through Savory Baking and not wind up taking it home  every page radiates such warmth and charm If you fancy yourself more of a cook than a baker the recipes here will play to those strengths while helping you flex some pastry muscle At the same time Erin encourages seasoned bakers to build up a new arsenal of techniques  and mindsets The art of baking covers such vast territory beyond those familiar powdered sugar snowcaps Stella Parks author of BraveTart About the Author Erin Jeanne Mcdowell is an author recipe developer and awardwinning food stylist with specialized focus in baking Her first book The Fearless Baker  was named one of the Best Baking Books of 2017 by The New York Times  Shes a regular contributor to New York Times Cooking Food52 where she also serves as Baking Consultant at Large  and PureWow  She hosts weekly baking classes on Food Network Kitchen and the series Bake It Up a Notch for Food52 Erin has been featured in The New Yorker New York Magazine Food and Wine Magazine Food Network Magazine and Rachel Ray Magazine  Her work has appeared in The New York Times The Washington Post Better Homes and Gardens Magazine Fine Cooking Magazine Bake From Scratch Magazine  and Sift Magazine  She lives and works in North Bergen New Jersey What Our Readers Are Saying Be the first to share your thoughts on this title Product Details ISBN 9780358671404 Binding Hardcover Publication date 10112022 Publisher HARVESTER PRESS LTD ENGLAND Pages 384 Author Erin Jeanne McDowell 4000 New Hardcover Ships in 1 to 3 days Qty Store 3 Burnside 5 Cedar Hills 5 Hawthorne 20 Local Warehouse Receive an email when this ISBN is available used 1 LOCOK 1 LOCOK LOCCancel 1 LOCOK LOCCancel 1 LOCOK 1 LOCOK LOCCancel 1 LOCOK LOCCancel 1 LOCOK 1 LOCOK LOCCancel 1 LOCOK LOCCancel 1 LOCOK 1 LOCOK LOCCancel 1 LOCOK LOCCancel Help Guarantee My Account Careers About Us Security Wish List Partners Contact Us Shipping Transparency ACT MRF Sitemap  2022 POWELLSCOM Terms 1 LOCOK 1 LOCOK LOCCancel 1 LOCOK LOCCancel 1 LOCOK 1 LOCOK LOCCancel 1 LOCOK LOCCancel 1 LOCOK 1 LOCOK LOCCancel 1 LOCOK LOCCancel 1 LOCOK 1 LOCOK LOCCancel 1 LOCOK LOCCancel"}