{"Title": " Judson Dance Theater: Performative Traces ", "Author": "Ramsay Burt", "Cover Page": "https://covers.powells.com/9780415975742.jpg", "ISBN10": "0415975743  \n", "ISBN13": "9780415975742", "Page URL": "https://powells.com/book/judson-dance-theater-9780415975742", "raw_text": "Judson Dance Theatre Performative Traces Ramsay Burt Trade Paperback 9780415975742 Powells Books Cart   my account  wish list  help  8008787323 Hello\n Login MENU Browse New Arrivals Bestsellers Featured Preorders Award Winners Audio Books See All Subjects Used Staff Picks Staff Picks Picks of the Month Bookseller Displays 50 Books for 50 Years 25 Best 21st Century SciFi  Fantasy 25 PNW Books to Read Before You Die 25 Books From the 21st Century 25 Memoirs to Read Before You Die 25 Global Books to Read Before You Die 25 Women to Read Before You Die 25 Books to Read Before You Die Gifts Gift Cards  eGift Cards Powells Souvenirs Journals and Notebooks socks Games Sell Books Blog Events Find A Store Dont Miss BIG SALE 20 off sitewide Picks of the Season What Im Giving Great Gifts Under 25 Best Books of 2022 Powells Author Events Oregon Battle of the Books Audio Books Visit Our Stores Powells Books 14 Gift Ideas From 14 of Our Favorite Authors 0 comment Every year Powells reaches out to some of our favorite authors for some muchneeded giftgiving inspiration Below are 14 writerapproved recommendations to help you find the perfect book for even your mostdifficulttobuyfor loved one Read More  Powells Staff Best Books of 2022 Fiction 1 comment Kelsey Ford 6 Haunting Native American Horror Books 1 comment 1 LOCOK 1 LOCOK LOCCancel 1 LOCOK LOCCancel Judson Dance Theater Performative Traces by Ramsay Burt Comment on this title Synopses  Reviews ISBN13 9780415975742 ISBN10 0415975743 All Product Details View Larger Image View Larger Images 6260 New Trade Paperback Available at a Remote Warehouse Ships separately from other items Additional shipping charges may apply Not available for In Store Pickup More Info Qty Store 20 Remote Warehouse Synopses  Reviews Synopsis The Judson Dance Theatre explores the work and legacy of one of the most influential of all dance companies which first performed at the Judson Memorial Church in downtown Manhattan in the early 1960s There a group of choreographers and dancersincluding future wellknown artists Twyla Tharp Carolee Schneemann Robert Morris Trisha Brown Yvonne Rainier and otherscreated what came to be known as postmodern dance Taking their cues from the experiments of Merce Cunningham they took movements from everyday lifewalking running gymnasticsto create dances that influenced not only future dance work but also minimalism in music and art as well as the wedding of dance and speech in solo performance pieces Judsons legacy has been explored primarily in the work of dance critic Sally Banes in a book published in the 1980s Although the dancers from the socalled Judson School continue to perform and create new worksand their influence continues to grow from the US to Europe and beyondthere has not been a booklength study in the last two decades that discusses this work in a broader context of cultural trends Burt is a highly respected dance critic and historian who brings a unique new vision to his study of the Judson dancers and their work which will undoubtedly influence the discussion of these seminal figures for decades to come Performative Traces Judson Dance Theatre and Its Legacy combines history performance analysis theory and criticism to give a fresh view of the work of this seminal group of dancers It will appeal to students of dance history theory and practice as well as all interested in the avantgrade arts and performance practice in the 20th century What Our Readers Are Saying Be the first to share your thoughts on this title Product Details ISBN 9780415975742 Binding Trade Paperback Publication date 08012006 Publisher Routledge Language English Pages 244 Height 53IN Width 560IN Thickness 53 in LCCN 2006003845 Number of Units 1 Copyright Year 2006 UPC Code 2800415975744 Author Ramsay Burt Subject Modern dance Subject Judson Dance Theater  History Subject History Subject DanceBallet 6260 New Trade Paperback Available at a Remote Warehouse Ships separately from other items Additional shipping charges may apply Not available for In Store Pickup More Info Qty Store 20 Remote Warehouse Receive an email when this ISBN is available used This title in other editions New Hardcover 21333 1 LOCOK 1 LOCOK LOCCancel 1 LOCOK LOCCancel 1 LOCOK 1 LOCOK LOCCancel 1 LOCOK LOCCancel 1 LOCOK 1 LOCOK LOCCancel 1 LOCOK LOCCancel 1 LOCOK 1 LOCOK LOCCancel 1 LOCOK LOCCancel Help Guarantee My Account Careers About Us Security Wish List Partners Contact Us Shipping Transparency ACT MRF Sitemap  2022 POWELLSCOM Terms 1 LOCOK 1 LOCOK LOCCancel 1 LOCOK LOCCancel 1 LOCOK 1 LOCOK LOCCancel 1 LOCOK LOCCancel 1 LOCOK 1 LOCOK LOCCancel 1 LOCOK LOCCancel 1 LOCOK 1 LOCOK LOCCancel 1 LOCOK LOCCancel"}