{"Title": " My Abandonment ", "Author": "Peter Rock", "Cover Page": "https://covers.powells.com/9780156035521.jpg", "ISBN10": "0156035529  \n", "ISBN13": "9780156035521", "Page URL": "https://www.powells.com/book/my-abandonment-9780156035521/1-11", "raw_text": "My Abandonment Peter Rock Trade Paperback 9780156035521 Powells Books Cart   my account  wish list  help  8008787323 Hello\n Login MENU Browse New Arrivals Bestsellers Featured Preorders Award Winners Audio Books See All Subjects Used Staff Picks Staff Picks Picks of the Month Bookseller Displays 50 Books for 50 Years 25 Best 21st Century SciFi  Fantasy 25 PNW Books to Read Before You Die 25 Books From the 21st Century 25 Memoirs to Read Before You Die 25 Global Books to Read Before You Die 25 Women to Read Before You Die 25 Books to Read Before You Die Gifts Gift Cards  eGift Cards Powells Souvenirs Journals and Notebooks socks Games Sell Books Blog Events Find A Store Dont Miss BIG SALE 20 off sitewide Picks of the Season What Im Giving Great Gifts Under 25 Best Books of 2022 Powells Author Events Oregon Battle of the Books Audio Books Visit Our Stores Powells Books 14 Gift Ideas From 14 of Our Favorite Authors 0 comment Every year Powells reaches out to some of our favorite authors for some muchneeded giftgiving inspiration Below are 14 writerapproved recommendations to help you find the perfect book for even your mostdifficulttobuyfor loved one Read More  Powells Staff Best Books of 2022 Fiction 1 comment Kelsey Ford 6 Haunting Native American Horror Books 1 comment 1 LOCOK 1 LOCOK LOCCancel 1 LOCOK LOCCancel My Abandonment by Peter Rock Comment on this title Synopses  Reviews Award Excerpt ISBN13 9780156035521 ISBN10 0156035529 Condition Like New All Product Details View Larger Image View Larger Images 898 List Price 1499 Used Trade Paperback Ships in 1 to 3 days Qty Store 1 Burnside Awards 2010 Morning News Tournament of Books Nominee 2010 Powells Staff Top 5s From Powellscom 25 Books to Read Before You Die Pacific Northwest Edition A consummate selection of books written by Pacific Northwest authors Staff Pick Based on a true story My Abandonment is the story of a Portland father and his teenage daughter who actually lived for several years in a cave in Forest Park No one knew they were there but when their story came to light there was an outcry among the citys residents on behalf of the family Peter Rock a writing professor at Portlands Reed College tells their story in prose at once spare and graceful and manages to twist the story in a totally different direction than I had anticipated I did not foresee the surprise at the end I actually gasped out loud This beautifully written little gem is absolutely perfect Recommended By Dianah H Powellscom Rocks unsettling novel doesnt just linger in the mind it sets up camp and stares hard as you process the blinding love that would lead a father and daughter into a nomadic existence Lyrically written and unforgettable My Abandonment is a masterful examination of parental love and duty and the states role in mandating what those should look like and why Recommended By Rhianna W Powellscom Synopses  Reviews Publisher Comments A riveting and unsettling novel about a girl and her father who live off the grid in the shadows at the edge of civilization A thirteenyearold girl and her father live in Forest Park the enormous nature preserve in Portland Oregon They inhabit an elaborate cave shelter wash in a nearby creek store perishables at the waters edge use a makeshift septic system tend a garden even keep a library of sorts Once a week they go to the city to buy groceries attend church and otherwise merge with the civilized world But one small mistake allows a backcountry jogger to discover them which derails their entire existence ultimately provoking a deeper flight In the tradition of Jon Krakauers Into the Wild and Elizabeth Gilberts Last American Man  Peter Rocks My Abandonment  inspired by a true story and told through the startlingly sincere voice of his young protagonist Caroline is an eerie and mesmerizing book of survival and hope and a completely original novel of a remarkable and triumphant transformation Review Peter Rocks My Abandonment is an electrically charged bonedeep and tender tale of loss and partial redemption Surreal haunting elegiac James Ellroy Review This beautiful strange novel takes us into the foreign country where those called homeless are at home the city is wilderness and the greater wilderness lies beyond Fascinating and moving it tells with great tenderness how human love goes wrong Ursula K Le Guin Review Rocks insight into his characters worries and hopes propels the story to its emotional conclusion A compelling read Library Journal Review A moving evocation of life on the fringes sparking many questions about our regulated society Kirkus Reviews Starred Review About the Author Peter Rock is the author of four previous novels most recently The Bewildered  and a collection of stories The Unsettling  He teaches writing at Reed College 46 12 What Our Readers Are Saying Share your thoughts on this title Average customer rating 46 12 comments  Cristina Banuelos  September 11 2013 view all comments by Cristina Banuelos I truly was engrossed by about 34 of this book The voice of e 13 year old girl was intriguing and true Peter Rocks details of life in Forest Park the girl and her father are homeless but live in the park and their survival techniques is reason alone to enjoy this novel However the last 14 of the book seemed to veer way off The tone and feeling of the book changed dramatically I still believe its worth a read though especially for the beautiful portrayal of a father and his daughter and their survival off the grid Was this comment helpful  Yes  No 1 of 2 readers found this comment helpful report this\ncomment  HasnulKarami  January 31 2013 view all comments by HasnulKarami The story is very touching and holds a lot of steam through the first three quarters of the book Toward the end it loses a little of the magic it started with but hangs on enough to still be a really really good read I think natives to Portland will probably find it a little more interesting than those not fortunate to live there but the story is strong enough to be compelling for anyone\nOverall I would recommend this book without hesitation Was this comment helpful  Yes  No 1 of 2 readers found this comment helpful report this\ncomment  Elizabeth Erickson  January 03 2013 Wonderfully imaginative and haunting Living and moving around Portland I now see this city in a new way see people who might be homeless in a new way Was this comment helpful  Yes  No 2 of 4 readers found this comment helpful report this\ncomment  trixisandiego  January 27 2012 view all comments by trixisandiego I plowed through this book so quickly Especially after reading all the local references from forest park to bend I find it interesting how much this girl changes and adapts even though Im still not clear if she was kidnapped or not Was this comment helpful  Yes  No 2 of 4 readers found this comment helpful report this\ncomment  genagc  January 11 2012 An incredible story of survival and life on the fringe of society The journey of Caroline the narrator and heroine pushes us to question our urge to rescue and normalize those whom we tend to see as vulnerable and at risk Her voice is unwavering likely because of the extensive research conducted by author Peter Rock and the strong sense of place that comes through in every page My Abandonment is a unique and thought provoking book that stays with you long after you reluctantly put it down Was this comment helpful  Yes  No 2 of 4 readers found this comment helpful report this\ncomment  Sarah Steinberg  September 01 2011 view all comments by Sarah Steinberg I hesitated to read this book would it be melodramatic Another standard comingofage story Finally I decided to get it from the library first and give it a try Read on a long road trip throughout Oregon and Idaho I am glad I did\nThe characters are beautifully real not too kind or too selfish and they dance on the fine line between rational and crazy The settings too are so distinct that they can be smelled and tasted but without long descriptions that distract from the storyline\nThe story stuck with me and I had to buy a copy for repeat reading Was this comment helpful  Yes  No 2 of 3 readers found this comment helpful report this\ncomment  Brianna  September 01 2011 view all comments by Brianna  I really enjoyed this dark take based partially on a true occurrence Being from the north west originally I liked seeing Portland Boise and Sisters through the characters eyes and were happy to find they fit my own memories Was this comment helpful  Yes  No report this\ncomment  JDH  January 03 2011 In my mind the key to the best book is the one that stayed with me the longest after Ive read it This book was frustrating confusing and annoying while being beautifully written and compelling Was this comment helpful  Yes  No 1 of 2 readers found this comment helpful report this\ncomment  Emma Kuzda  January 01 2011 Out of all the books Ive read this year My Abandonment is the one that has stuck with me the most Its based off of a true story with the first half staying relatively true to fact I found it fascinating to read what Peter Rock imagined happened after there was no longer any news stories to fill in the rest of the pieces He managed to create a perfect combination of tragedy and triumph to leave me feeling content with his version of the story which is perfect since it does not seem likely that we will ever know how the story ends in real life Was this comment helpful  Yes  No 1 of 2 readers found this comment helpful report this\ncomment  megwest72  January 01 2011 I was amazed at how well the male author could write from the perspective of a young adolescent girl It was such a beautiful story and a real tear jerker I read it way into the night to finish it and it was worth the sleep deprivation Was this comment helpful  Yes  No 1 of 2 readers found this comment helpful report this\ncomment  AD Caroselli  June 08 2010 Surfacely Peter Rocks My Abadonment fictionalizes theinfamous recovery of a young teen and her Father from their Portland forestpark habitat But my gods if it isnt more than that Im talking about what it means to know place to allow place to form and inform you what place means when most vestiges of civilized normalcy are perveted expunged or altogether missing How do you grapple with your world how does the reader grapple with this world when the cues we usually look to are no longer there This book takes the habit of reading from under you and forces entreats coerces you to examine the contents of your habit  habitate\nWritten from the point of view of a thirteen year old girl Rock has created a voice that is the very definition of strong of depth of honesty Speaking of definition an obsession of definition pervades the book Ideal for word nerds and lovers of language a like Its a modern day bildungsroman Its a bildungsroman in the face of a society hellbent on not having any bildungsroman\nThis is just to say My Abandoment punched a hole in my face Two thumbs up Was this comment helpful  Yes  No 0 of 1 readers found this comment helpful report this\ncomment  sgreentag  May 17 2010 view all comments by sgreentag Author Peter Rock did his research for this novel based on a true story of a man and his daughter living in Forest Park in Portland OR While he couldnt know the moments they lived you feel as if he does as you make Carolines stealthy way through the days and unseen paths of her hidden world A suspenseful and empathic journey Was this comment helpful  Yes  No 2 of 4 readers found this comment helpful report this\ncomment View all 12 comments Product Details ISBN 9780156035521 Binding Trade Paperback Publication date 04022010 Publisher HOUGHTON MIFFLIN HARCOURT Pages 240 Height 800 in Width 531 in Thickness 75 Age Range 14 to 99 Grade Range 9 and up Number of Units 1 Author Peter Rock Subject Psychological fiction Subject LiteratureA to Z Subject Teenage girls 898 List Price 1499 Used Trade Paperback Ships in 1 to 3 days Qty Store 1 Burnside More copies of this ISBN New Trade Paperback 1499 Used Trade Paperback Starting from 950 This title in other editions Used Hardcover Starting from 695 1 LOCOK 1 LOCOK LOCCancel 1 LOCOK LOCCancel 1 LOCOK 1 LOCOK LOCCancel 1 LOCOK LOCCancel 1 LOCOK 1 LOCOK LOCCancel 1 LOCOK LOCCancel 1 LOCOK 1 LOCOK LOCCancel 1 LOCOK LOCCancel Help Guarantee My Account Careers About Us Security Wish List Partners Contact Us Shipping Transparency ACT MRF Sitemap  2022 POWELLSCOM Terms 1 LOCOK 1 LOCOK LOCCancel 1 LOCOK LOCCancel 1 LOCOK 1 LOCOK LOCCancel 1 LOCOK LOCCancel 1 LOCOK 1 LOCOK LOCCancel 1 LOCOK LOCCancel 1 LOCOK 1 LOCOK LOCCancel 1 LOCOK LOCCancel"}