{"Title": " Equal Rites: Discworld 3 ", "Author": "Terry Pratchett", "Cover Page": "https://covers.powells.com/9780062225696.jpg", "ISBN10": "0062225693  \n", "ISBN13": "9780062225696", "Page URL": "https://powells.com/book/-9780062225696", "raw_text": "Equal Rites Discworld 03 Terry Pratchett Mass Market 9780062225696 Powells Books Cart   my account  wish list  help  8008787323 Hello\n Login MENU Browse New Arrivals Bestsellers Featured Preorders Award Winners Audio Books See All Subjects Used Staff Picks Staff Picks Picks of the Month Bookseller Displays 50 Books for 50 Years 25 Best 21st Century SciFi  Fantasy 25 PNW Books to Read Before You Die 25 Books From the 21st Century 25 Memoirs to Read Before You Die 25 Global Books to Read Before You Die 25 Women to Read Before You Die 25 Books to Read Before You Die Gifts Gift Cards  eGift Cards Powells Souvenirs Journals and Notebooks socks Games Sell Books Blog Events Find A Store Dont Miss BIG SALE 20 off sitewide Picks of the Season What Im Giving Great Gifts Under 25 Best Books of 2022 Powells Author Events Oregon Battle of the Books Audio Books Visit Our Stores Powells Books 14 Gift Ideas From 14 of Our Favorite Authors 0 comment Every year Powells reaches out to some of our favorite authors for some muchneeded giftgiving inspiration Below are 14 writerapproved recommendations to help you find the perfect book for even your mostdifficulttobuyfor loved one Read More  Powells Staff Best Books of 2022 Fiction 1 comment Kelsey Ford 6 Haunting Native American Horror Books 1 comment 1 LOCOK 1 LOCOK LOCCancel 1 LOCOK LOCCancel Equal Rites Discworld 3 by Terry Pratchett Comment on this title Synopses  Reviews ISBN13 9780062225696 ISBN10 0062225693 All Product Details View Larger Image View Larger Images 999 New Mass Market Ships in 1 to 3 days Qty Store 19 Burnside 3 Cedar Hills 2 Hawthorne 20 Local Warehouse Staff Pick The Discworld series is clever hilarious poignant and an essential read for any scififantasy fan especially those who enjoy Douglas Adams It is also however ridiculously enormous so it can be quite overwhelming deciding where to dive in Fear not Equal Rites is the book for you But Madeline you say It says quite clearly on the listing that this is book number 3 I know I know this sounds a bit crazy but heres what you need to know the Discworld series follows several different groups of people so its quite possible to jump around within it This feminist comingofage adventure is your introduction to Granny Weatherwax and the Witches and it also features the Wizards Death and Co and the gloriously grimy city of AnkhMorpork Welcome to the Disc Recommended By Madeline S Powellscom Synopses  Reviews Publisher Comments Every world has its ruleseven a flat onecarried by four elephants riding on a giant turtle Thats why a dying wizard is searching for an eighth son of an eighth son to bestow his wizardly powers upon before meeting Deathin six minutes Unfortunately it is quicklydiscoveredthough not quite quickly enoughthat the newborn babe the wizard anoints just before bidding the Discworld adieu is in realitya girl Whats done cannot be undonedespiteold Granny Weatherwaxs attempts to bringthe child into the witchy foldand little Eskis now a wizard through and through And shes destined to bring chaos and confusion to the allmale faculty of AnkhMorporksUnseen University    who are alreadyfairly addled to begin with Synopsis In Equal Rites  New York Times bestselling author Terry Pratchett brings readers back to Discworld a fantasy universe where anything can happenand usually does A dying wizard tries to pass his staff on to the eighth son of an eighth son When it is revealed that the he is a girl named Esk the news of the\u00a0 female wizard sends the citizens of Discworld into a tailspin With their biting satire and limitless imagination it is easy to understand why 80 million Discworld books have been sold worldwide Equal Rites possesses rich characterizations a journey of awareness and even a hint of romance from master storyteller Terry Pratchett About the Author Sir Terry Pratchetts many honors include the Los Angeles Times Book Prize a Printz Honor the Boston GlobeHorn Book Award Britains Carnegie Medal the American Library Associations Margaret A Edwards Award for lasting contribution to young adult literature and the World Fantasy Lifetime Achievement Award His books have sold more than 75 million copies worldwide Knighted for his services to literature Sir Terry lives in England with his wife and many cats What Our Readers Are Saying Be the first to share your thoughts on this title Product Details ISBN 9780062225696 Binding Mass Market Publication date 01292013 Publisher HARPERCOLLINS PUBLISHERS Pages 272 Height 77IN Width 421IN Series Discworld 3 Series Number 3 Author Terence David John Pratchett Author Terry Pratchett Subject Science Fiction and FantasyFantasyEpic Subject Science Fiction and FantasyFantasy 999 New Mass Market Ships in 1 to 3 days Qty Store 19 Burnside 3 Cedar Hills 2 Hawthorne 20 Local Warehouse Receive an email when this ISBN is available used 1 LOCOK 1 LOCOK LOCCancel 1 LOCOK LOCCancel 1 LOCOK 1 LOCOK LOCCancel 1 LOCOK LOCCancel 1 LOCOK 1 LOCOK LOCCancel 1 LOCOK LOCCancel 1 LOCOK 1 LOCOK LOCCancel 1 LOCOK LOCCancel Help Guarantee My Account Careers About Us Security Wish List Partners Contact Us Shipping Transparency ACT MRF Sitemap  2022 POWELLSCOM Terms 1 LOCOK 1 LOCOK LOCCancel 1 LOCOK LOCCancel 1 LOCOK 1 LOCOK LOCCancel 1 LOCOK LOCCancel 1 LOCOK 1 LOCOK LOCCancel 1 LOCOK LOCCancel 1 LOCOK 1 LOCOK LOCCancel 1 LOCOK LOCCancel"}