{"Title": " Spin Dynamics: Basics of Nuclear Magnetic Resonance ", "Author": "Malcolm H. Levitt", "Cover Page": "https://covers.powells.com/9780470511176.jpg", "ISBN10": "0470511176  \n", "ISBN13": "9780470511176", "Page URL": "https://powells.com/book/spin-dynamics-9780470511176", "raw_text": "Spin Dynamics  Malcolm H Levitt Trade Paperback 9780470511176 Powells Books Cart   my account  wish list  help  8008787323 Hello\n Login MENU Browse New Arrivals Bestsellers Featured Preorders Award Winners Audio Books See All Subjects Used Staff Picks Staff Picks Picks of the Month Bookseller Displays 50 Books for 50 Years 25 Best 21st Century SciFi  Fantasy 25 PNW Books to Read Before You Die 25 Books From the 21st Century 25 Memoirs to Read Before You Die 25 Global Books to Read Before You Die 25 Women to Read Before You Die 25 Books to Read Before You Die Gifts Gift Cards  eGift Cards Powells Souvenirs Journals and Notebooks socks Games Sell Books Blog Events Find A Store Dont Miss BIG SALE 20 off sitewide Picks of the Season What Im Giving Great Gifts Under 25 Best Books of 2022 Powells Author Events Oregon Battle of the Books Audio Books Visit Our Stores Powells Books 14 Gift Ideas From 14 of Our Favorite Authors 0 comment Every year Powells reaches out to some of our favorite authors for some muchneeded giftgiving inspiration Below are 14 writerapproved recommendations to help you find the perfect book for even your mostdifficulttobuyfor loved one Read More  Powells Staff Best Books of 2022 Fiction 1 comment Kelsey Ford 6 Haunting Native American Horror Books 1 comment 1 LOCOK 1 LOCOK LOCCancel 1 LOCOK LOCCancel Spin Dynamics Basics of Nuclear Magnetic Resonance by Malcolm H Levitt Comment on this title Synopses  Reviews ISBN13 9780470511176 ISBN10 0470511176 All Product Details View Larger Image View Larger Images 10995 New Trade Paperback Available at a Remote Warehouse Ships separately from other items Additional shipping charges may apply Not available for In Store Pickup More Info Qty Store 20 Remote Warehouse Synopses  Reviews Publisher Comments Spin Dynamics Basics of Nuclear Magnetic Resonance Second Edition is a comprehensive and modern introduction which focuses on those essential principles and concepts needed for a thorough understanding of the subject rather than the practical aspects The quantum theory of nuclear magnets is presented within a strong physical framework supported by figures The book assumes only a basic knowledge of complex numbers and matrices and provides the reader with numerous worked examples and exercises to encourage understanding With the explicit aim of carefully developing the subject from the beginning the text starts with coverage of quarks and nucleons and progresses through to a detailed explanation of several important NMR experiments including NMR imaging COSY NOESY and TROSY Completely revised and updated the Second Edition features new material on the properties and distributions of isotopes chemical shift anisotropy and quadrupolar interactions Pake patterns spin echoes slice selection in NMR imaging and a complete new chapter on the NMR spectroscopy of quadrupolar nuclei New appendices have been included on Euler angles and coherence selection by field gradients As in the first edition all material is heavily supported by graphics much of which is new to this edition Written for undergraduates and postgraduate students taking a first course in NMR spectroscopy and for those needing an uptodate account of the subject this multidisciplinary book will appeal to chemical physical material life medical earth and environmental scientists The detailed physical insights will also make the book of interest for experienced spectroscopists and NMR researchers  An accessible and carefully written introduction designed to help students to fully understand this complex and dynamic subject  Takes a multidisciplinary approach focusing on basic principles and concepts rather than the more practical aspects  Presents a strong pedagogical approach throughout with emphasis placed on individual spins to aid understanding  Includes numerous worked examples problems further reading and additional notes Review What makes this book stand out compared to similar books is the extensive use of pictures and diagrams which will make this book more appealing to nonphysicists like chemists and biologists That this was achieved without loss of rigor is indeed an accomplishment  Doodys Reviews  November 2009 Synopsis Completely revised and updated the Second Edition of this successful textbook guides the reader through the essential principles and concepts needed for a thorough understanding of NMR spectroscopy Spin Dynamics Basics of Nuclear Magnetic Resonance Second Edition Follows a multidisciplinary approach concentrating on basic principles and concepts rather than the more practical aspects Assumes only a basic knowledge of complex numbers and matrices Takes a strong pedagogical approach starting with quarks and nucleons and moving on to cover NMR imaging COSY and NOESY Features new appendices on complex numbers euler angles average hamiltonian theory and signal selection by field gradients Now includes material on field gradients digitalization and exponentials of general matrices CSA power patterns in solids heteronuclear decoupling Pake patterns in solids and HartmannHahn crosspolarization Includes a new chapter on magicanglespinning and recoupling experiments an expanded coverage of solid state NMR and additional information on treatment of quadrupolar interaction and chemical shift anisotropy Includes numerous worked examples and problems to encourage a fuller understanding of topics and a new and expanded 8 page colour plate section Carefully and lucidly written to help students fully understand this complex and mathematically challenging subject this book is ideal for all undergraduate and postgraduate students in the field It is also an essential resource for researchers in NMR spectroscopy and quantum physics Praise from the reviews of the First Edition This is an excellent book that many teachers of NMR spectroscopy will cherish It deserves to be a classic among NMR spectroscopy texts  NMR IN BIOMEDICINE I strongly recommend this book to everyoneit is probably the best modern comprehensive description of the subject ANGEWANDTE CHEMIE INTERNATIONAL EDITION Table of Contents Preface Preface to the First Edition Introduction Part 1\u00a0Nuclear Magnetism 1\u00a0Matter 11\u00a0Atoms and Nuclei 12\u00a0Spin 13\u00a0Nuclei 14\u00a0Nuclear Spin 15\u00a0Atomic and Molecular Structure 16\u00a0States of Matter Notes Further Reading Exercises 2\u00a0Magnetism 21\u00a0The Electromagnetic Field 22\u00a0Macroscopic Magnetism 23\u00a0Microscopic Magnetism 24\u00a0Spin Precession 25\u00a0Larmor Frequency 26\u00a0SpinLattice Relaxation Nuclear Paramagnetism 27\u00a0Transverse Magnetization and Transverse Relaxation 28\u00a0NMR Signal 29\u00a0Electronic Magnetism Notes Further Reading Exercises 3\u00a0NMR Spectroscopy 31\u00a0A Simple Pulse Sequence 32\u00a0A Simple Spectrum 34\u00a0Relative Spectral Frequencies Case of Positive Gyromagnetic Ratio 35\u00a0Relative Spectral Frequencies Case of Negative Gyromagnetic Ratio 36\u00a0Inhomogeneous Broadening 37\u00a0Chemical Shifts 38\u00a0JCoupling Multiplets 39\u00a0Heteronuclear Decoupling Notes Further Reading Exercises Part 2\u00a0The NMR Experiment 4\u00a0The NMR Spectrometer 41\u00a0The Magnet 42\u00a0The Transmitter Section 43\u00a0The Duplexer 44\u00a0The Probe 45\u00a0The Receiver Section 46\u00a0Overview of the RadioFrequency Section 47\u00a0Pulsed Field Gradients Notes Further Reading 5\u00a0Fourier Transform NMR 51\u00a0A SinglePulse Experiment 52\u00a0Signal Averaging 53\u00a0MultiplePulse Experiments Phase Cycling 54\u00a0Heteronuclear Experiments 55\u00a0Pulsed Field Gradient Sequences 56\u00a0Arrayed Experiments 57\u00a0NMR Signal 58\u00a0NMR Spectrum 59\u00a0TwoDimensional Spectroscopy 510\u00a0ThreeDimensional Spectroscopy Part 3\u00a0Quantum Mechanics 6\u00a0Mathematical Techniques 61\u00a0Functions 62\u00a0Operators 63\u00a0Eigenfunctions Eigenvalues and Eigenvectors 64\u00a0Diagonalization 65\u00a0Exponential Operators 66\u00a0Cyclic Commutation Notes Further Reading Exercises 7\u00a0Review of Quantum Mechanics 71\u00a0Spinless Quantum Mechanics 72\u00a0Energy Levels 73\u00a0Natural Units 74\u00a0Superposition States and Stationary States 75\u00a0Conservation Laws 76\u00a0Angular Momentum 77\u00a0Spin 78\u00a0Spin12 79\u00a0Higher Spin Notes Further Reading Exercises Part 4\u00a0Nuclear Spin Interactions 8\u00a0Nuclear Spin Hamiltonian 81\u00a0Spin Hamiltonian Hypothesis 82\u00a0Electromagnetic Interactions 83\u00a0External and Internal Spin Interactions 84\u00a0External Magnetic Fields 85\u00a0Internal Spin Hamiltonian 86\u00a0Motional Averaging Notes Further Reading Exercises 9\u00a0Internal Spin Interactions 91\u00a0Chemical Shift 92\u00a0Electric Quadrupole Coupling 93\u00a0Direct DipoleDipole Coupling 94\u00a0JCoupling 95\u00a0SpinRotation Interaction 96\u00a0Summary of the Spin Hamiltonian Terms Notes Further Reading Exercises Part 5\u00a0Uncoupled Spins 10\u00a0Single Spin12 101\u00a0Zeeman Eigenstates 102\u00a0Measurement of Angular Momentum Quantum Indeterminacy 103\u00a0Energy Levels 104\u00a0Superposition States 105\u00a0Spin Precession 106\u00a0Rotating Frame 107\u00a0Precession in the Rotating Frame 108\u00a0RadioFrequency Pulse Notes Further Reading Exercises 11\u00a0Ensemble of Spins12 111\u00a0Spin Density Operator 112\u00a0Populations and Coherences 113\u00a0Thermal Equilibrium 114\u00a0RotatingFrame Density Operator 115\u00a0Magnetization Vector 116\u00a0Strong RadioFrequency Pulse 117\u00a0Free Precession Without Relaxation 118\u00a0Operator Transformations 119\u00a0Free Evolution with Relaxation 1110\u00a0Magnetization Vector Trajectories 1111\u00a0NMR Signal and NMR Spectrum 1112\u00a0SinglePulse Spectra Notes Further Reading Exercises 12\u00a0Experiments on NonInteracting Spins12 121\u00a0Inversion Recovery Measurement of T1 122\u00a0Spin Echoes Measurement of T2 123\u00a0Spin Locking Measurement of T1\u02c6 124\u00a0Gradient Echoes 125\u00a0Slice Selection 126\u00a0NMR Imaging Notes Further Reading Exercises 13\u00a0Quadrupolar Nuclei 131\u00a0Spin I  1 132\u00a0Spin I  32 133\u00a0Spin I  52 134\u00a0Spins I  72 135\u00a0Spins I  92 Notes Further Reading Exercises Part 6\u00a0Coupled Spins 14\u00a0Spin12 Pairs 141\u00a0Coupling Regimes 142\u00a0Zeeman Product States and Superposition States 143\u00a0SpinPair Hamiltonian 144\u00a0Pairs of Magnetically Equivalent Spins 145\u00a0Weakly Coupled Spin Pairs Notes Further Reading Exercises 15\u00a0Homonuclear AX System 151\u00a0Eigenstates and Energy Levels 152\u00a0Density Operator 153\u00a0Rotating Frame 154\u00a0Free Evolution 155\u00a0Spectrum of the AX System SpinSpin Splitting 156\u00a0Product Operators 157\u00a0Thermal Equilibrium 158\u00a0RadioFrequency Pulses 159\u00a0Free Evolution of the Product Operators 1510\u00a0Spin Echo Sandwich Notes Further Reading Exercises 16\u00a0Experiments on AX Systems 161\u00a0COSY 162\u00a0INADEQUATE 163\u00a0INEPT 164\u00a0Residual Dipolar Couplings Notes Further Reading Exercises 17\u00a0ManySpin Systems 171\u00a0Molecular Spin System 172\u00a0Spin Ensemble 173\u00a0Motionally Suppressed JCouplings 174\u00a0Chemical Equivalence 175\u00a0Magnetic Equivalence 176\u00a0Weak Coupling 177\u00a0Heteronuclear Spin Systems 178\u00a0Alphabet Notation 179\u00a0Spin Coupling Topologies Notes Further Reading Exercises 18\u00a0ManySpin Dynamics 181\u00a0Spin Hamiltonian 182\u00a0Energy Eigenstates 183\u00a0Superposition States 184\u00a0Spin Density Operator 185\u00a0Populations and Coherences 186\u00a0NMR Spectra 187\u00a0ManySpin Product Operators 188\u00a0Thermal Equilibrium 189\u00a0RadioFrequency Pulses 1810\u00a0Free Precession 1811\u00a0Spin Echo Sandwiches 1812\u00a0INEPT in an I2S System 1813\u00a0COSY in MultipleSpin Systems 1814\u00a0TOCSY Notes Further Reading Exercises Part 7\u00a0Motion and Relaxation 19\u00a0Motion 191\u00a0Motional Processes 192\u00a0Motional TimeScales 193\u00a0Motional Effects 194\u00a0Motional Averaging 195\u00a0Motional Lineshapes and TwoSite Exchange 196\u00a0Sample Spinning 197\u00a0Longitudinal Magnetization Exchange 198\u00a0Diffusion Notes Further Reading Exercises 20\u00a0Relaxation 201\u00a0Types of Relaxation 202\u00a0Relaxation Mechanisms 203\u00a0Random Field Relaxation 204\u00a0DipoleDipole Relaxation 205\u00a0SteadyState Nuclear Overhauser Effect 206\u00a0NOESY 207\u00a0ROESY 208\u00a0CrossCorrelated Relaxation Notes Further Reading Exercises Appendices Appendix A A1\u00a0Euler Angles and Frame Transformations A2\u00a0Rotations and Cyclic Commutation A3\u00a0Rotation Sandwiches A4\u00a0Spin12 Rotation Operators A5\u00a0Quadrature Detection and Spin Coherences A6\u00a0Secular Approximation A7\u00a0Quadrupolar Interaction A8\u00a0Strong Coupling A9\u00a0JCouplings and Magnetic Equivalence A10\u00a0Spin Echo Sandwiches A11\u00a0Phase Cycling A12\u00a0Coherence Selection by Pulsed Field Gradients A13\u00a0Bloch Equations A14\u00a0Chemical Exchange A15\u00a0Solomon Equations A16\u00a0CrossRelaxation Dynamics Notes Further Reading Appendix B B1\u00a0Symbols and Abbreviations B2\u00a0Answers to the Exercises What Our Readers Are Saying Be the first to share your thoughts on this title Product Details ISBN 9780470511176 Binding Trade Paperback Publication date 04012008 Publisher Wiley Language English Edition 2 Pages 744 Height 178IN Width 741IN Thickness 150 LCCN 2007022146 Number of Units 1 Illustration Yes Copyright Year 2008 UPC Code 2800470511178 Author Malcolm Levitt Author Levitt Author Malcolm H Levitt Subject Nuclear spin Subject NMR Spectroscopy  MRI  Imaging Subject Magnetism Subject PhysicsSpectroscopy Subject Nuclear magnetic resonance 10995 New Trade Paperback Available at a Remote Warehouse Ships separately from other items Additional shipping charges may apply Not available for In Store Pickup More Info Qty Store 20 Remote Warehouse Receive an email when this ISBN is available used 1 LOCOK 1 LOCOK LOCCancel 1 LOCOK LOCCancel 1 LOCOK 1 LOCOK LOCCancel 1 LOCOK LOCCancel 1 LOCOK 1 LOCOK LOCCancel 1 LOCOK LOCCancel 1 LOCOK 1 LOCOK LOCCancel 1 LOCOK LOCCancel Help Guarantee My Account Careers About Us Security Wish List Partners Contact Us Shipping Transparency ACT MRF Sitemap  2022 POWELLSCOM Terms 1 LOCOK 1 LOCOK LOCCancel 1 LOCOK LOCCancel 1 LOCOK 1 LOCOK LOCCancel 1 LOCOK LOCCancel 1 LOCOK 1 LOCOK LOCCancel 1 LOCOK LOCCancel 1 LOCOK 1 LOCOK LOCCancel 1 LOCOK LOCCancel"}