{"Title": " Hindi English English Hindi Concise Dictionary ", "Author": "Hippocrene", "Cover Page": "https://powells-covers-2.s3.amazonaws.com/9780781811675.jpg", "ISBN10": "0781811678  \n", "ISBN13": "9780781811675", "Page URL": "https://powells.com/book/hindi-english-english-hindi-concise-dictionary-9780781811675", "raw_text": "Hindi English English Hindi Concise Dictionary Hippocrene Trade Paperback 9780781811675 Powells Books Cart   my account  wish list  help  8008787323 Hello\n Login MENU Browse New Arrivals Bestsellers Featured Preorders Award Winners Audio Books See All Subjects Used Staff Picks Staff Picks Picks of the Month Bookseller Displays 50 Books for 50 Years 25 Best 21st Century SciFi  Fantasy 25 PNW Books to Read Before You Die 25 Books From the 21st Century 25 Memoirs to Read Before You Die 25 Global Books to Read Before You Die 25 Women to Read Before You Die 25 Books to Read Before You Die Gifts Gift Cards  eGift Cards Powells Souvenirs Journals and Notebooks socks Games Sell Books Blog Events Find A Store Dont Miss BIG SALE 20 off sitewide Picks of the Season What Im Giving Great Gifts Under 25 Best Books of 2022 Powells Author Events Oregon Battle of the Books Audio Books Visit Our Stores Powells Books 14 Gift Ideas From 14 of Our Favorite Authors 0 comment Every year Powells reaches out to some of our favorite authors for some muchneeded giftgiving inspiration Below are 14 writerapproved recommendations to help you find the perfect book for even your mostdifficulttobuyfor loved one Read More  Powells Staff Best Books of 2022 Fiction 1 comment Kelsey Ford 6 Haunting Native American Horror Books 1 comment 1 LOCOK 1 LOCOK LOCCancel 1 LOCOK LOCCancel Hindi English English Hindi Concise Dictionary by Hippocrene Comment on this title Synopses  Reviews ISBN13 9780781811675 ISBN10 0781811678 All Product Details View Larger Image View Larger Images 1695 New Trade Paperback Available at a Remote Warehouse Ships separately from other items Additional shipping charges may apply Not available for In Store Pickup More Info Qty Store 20 Remote Warehouse Synopses  Reviews Synopsis Hindi with over 800 million speakers is the worlds second most widely spoken language and one of only two official languages of India This essential guide provides businesspeople travelers and students with all the words theyll need to handle just about any interaction with Hindi speakers employs both native Devangar script and Romanization compact and easytocarry size for added convenience over 11000 total entries Synopsis This pocketsize 2way HindiEnglish dictionary includes over 11000 entries It employs both native Devangari script and Romanization Perfect for businesspeople travelers and students What Our Readers Are Saying Be the first to share your thoughts on this title Product Details ISBN 9780781811675 Binding Trade Paperback Publication date 11012009 Publisher HIPPOCRENE BOOKS INC Series info Hippocrene Concise Dictionary Pages 355 Height 100IN Width 400IN Thickness 100 Number of Units 1 UPC Code 9780781811675 Author Hippocrene Author Todd Scudiere Subject English language  Hindi Subject FOR038000 Subject Hindi Subject Hindi language  English 1695 New Trade Paperback Available at a Remote Warehouse Ships separately from other items Additional shipping charges may apply Not available for In Store Pickup More Info Qty Store 20 Remote Warehouse Receive an email when this ISBN is available used 1 LOCOK 1 LOCOK LOCCancel 1 LOCOK LOCCancel 1 LOCOK 1 LOCOK LOCCancel 1 LOCOK LOCCancel 1 LOCOK 1 LOCOK LOCCancel 1 LOCOK LOCCancel 1 LOCOK 1 LOCOK LOCCancel 1 LOCOK LOCCancel Help Guarantee My Account Careers About Us Security Wish List Partners Contact Us Shipping Transparency ACT MRF Sitemap  2022 POWELLSCOM Terms 1 LOCOK 1 LOCOK LOCCancel 1 LOCOK LOCCancel 1 LOCOK 1 LOCOK LOCCancel 1 LOCOK LOCCancel 1 LOCOK 1 LOCOK LOCCancel 1 LOCOK LOCCancel 1 LOCOK 1 LOCOK LOCCancel 1 LOCOK LOCCancel"}