{"Title": " Enchanted April ", "Author": "Von Arnim, Elizabeth", "Cover Page": "https://covers.powells.com/9780786172924.jpg", "ISBN10": "0786172924  \n", "ISBN13": "9780786172924", "Page URL": "https://powells.com/book/enchanted-april-9780786172924", "raw_text": "The Enchanted April  Elizabeth Von Arnim and Nadia May and   Elizabeth Compact Disc 9780786172924 Powells Books Cart   my account  wish list  help  8008787323 Hello\n Login MENU Browse New Arrivals Bestsellers Featured Preorders Award Winners Audio Books See All Subjects Used Staff Picks Staff Picks Picks of the Month Bookseller Displays 50 Books for 50 Years 25 Best 21st Century SciFi  Fantasy 25 PNW Books to Read Before You Die 25 Books From the 21st Century 25 Memoirs to Read Before You Die 25 Global Books to Read Before You Die 25 Women to Read Before You Die 25 Books to Read Before You Die Gifts Gift Cards  eGift Cards Powells Souvenirs Journals and Notebooks socks Games Sell Books Blog Events Find A Store Dont Miss BIG SALE 20 off sitewide Picks of the Season What Im Giving Great Gifts Under 25 Best Books of 2022 Powells Author Events Oregon Battle of the Books Audio Books Visit Our Stores Powells Books 14 Gift Ideas From 14 of Our Favorite Authors 0 comment Every year Powells reaches out to some of our favorite authors for some muchneeded giftgiving inspiration Below are 14 writerapproved recommendations to help you find the perfect book for even your mostdifficulttobuyfor loved one Read More  Powells Staff Best Books of 2022 Fiction 1 comment Kelsey Ford 6 Haunting Native American Horror Books 1 comment 1 LOCOK 1 LOCOK LOCCancel 1 LOCOK LOCCancel Enchanted April by Von Arnim Elizabeth Comment on this title Synopses  Reviews ISBN13 9780786172924 ISBN10 0786172924 All Product Details View Larger Image View Larger Images 1995 New Compact Disc Available at a Remote Warehouse Ships separately from other items Additional shipping charges may apply Not available for In Store Pickup More Info Qty Store 1 Remote Warehouse Synopses  Reviews Synopsis A recipe for happiness four women one medieval Italian castle plenty of wisteria and solitude as needed Four very diverse women all seeking revitalization from the dreary February rains of 1920s London rent the small medieval castle of San Salvatore nestled high above the bay of Portofino Italy Arriving at San Salvatore they find it awash with the scent of flowers its olive groves terracing down to the sunwarmed sea Each has her reasons for desiring escape Mrs Wilkins and Mrs Arbuthnot are glad to leave behind their insipid duties and unresponsive husbands The elderly Mrs Fisher wishes only to sit in the sun and replay her youthful memories and the bewitchingly beautiful Lady Caroline Dester desires to have seclusion from all her adoring suitors Amid the canopies of fragrant wisteria in the sweet sunshine and melodious silence fate has some surprises in store for all of them What Our Readers Are Saying Be the first to share your thoughts on this title Product Details ISBN 9780786172924 Binding Compact Disc Publication date 06012006 Publisher BLACKSTONE AUDIO BOOKS Series info Classic Collection Brilliance Audio Pages 7 Height 107IN Width 526IN Thickness 100 Series Classic Collection Number of Units 7 Copyright Year 2006 UPC Code 2800786172926 Author Elizabeth Von Arnim Author Nadia May Author Blackstone Audiobooks Narrator Nadia May Narrator Nadia May Author Elizabeth Narrator Nadia May Narrator Nadia May Subject LiteratureA to Z Subject British Subject Domestic fiction Subject Manwoman relationships Subject Italy 1995 New Compact Disc Available at a Remote Warehouse Ships separately from other items Additional shipping charges may apply Not available for In Store Pickup More Info Qty Store 1 Remote Warehouse Receive an email when this ISBN is available used 1 LOCOK 1 LOCOK LOCCancel 1 LOCOK LOCCancel 1 LOCOK 1 LOCOK LOCCancel 1 LOCOK LOCCancel 1 LOCOK 1 LOCOK LOCCancel 1 LOCOK LOCCancel 1 LOCOK 1 LOCOK LOCCancel 1 LOCOK LOCCancel Help Guarantee My Account Careers About Us Security Wish List Partners Contact Us Shipping Transparency ACT MRF Sitemap  2022 POWELLSCOM Terms 1 LOCOK 1 LOCOK LOCCancel 1 LOCOK LOCCancel 1 LOCOK 1 LOCOK LOCCancel 1 LOCOK LOCCancel 1 LOCOK 1 LOCOK LOCCancel 1 LOCOK LOCCancel 1 LOCOK 1 LOCOK LOCCancel 1 LOCOK LOCCancel"}