{"Title": " Walk There 50 Treks In & Around Portland ", "Author": "Laura Foster", "Cover Page": "https://covers.powells.com/9780966247398.jpg", "ISBN10": "0966247396  \n", "ISBN13": "9780966247398", "Page URL": "https://powells.com/book/walk-there-50-treks-in-around-portland-9780966247398", "raw_text": "Walk There 50 Treks In  Around Portland Laura Foster Trade Paperback 9780966247398 Powells Books Cart   my account  wish list  help  8008787323 Hello\n Login MENU Browse New Arrivals Bestsellers Featured Preorders Award Winners Audio Books See All Subjects Used Staff Picks Staff Picks Picks of the Month Bookseller Displays 50 Books for 50 Years 25 Best 21st Century SciFi  Fantasy 25 PNW Books to Read Before You Die 25 Books From the 21st Century 25 Memoirs to Read Before You Die 25 Global Books to Read Before You Die 25 Women to Read Before You Die 25 Books to Read Before You Die Gifts Gift Cards  eGift Cards Powells Souvenirs Journals and Notebooks socks Games Sell Books Blog Events Find A Store Dont Miss BIG SALE 20 off sitewide Picks of the Season What Im Giving Great Gifts Under 25 Best Books of 2022 Powells Author Events Oregon Battle of the Books Audio Books Visit Our Stores Powells Books 14 Gift Ideas From 14 of Our Favorite Authors 0 comment Every year Powells reaches out to some of our favorite authors for some muchneeded giftgiving inspiration Below are 14 writerapproved recommendations to help you find the perfect book for even your mostdifficulttobuyfor loved one Read More  Powells Staff Best Books of 2022 Fiction 1 comment Kelsey Ford 6 Haunting Native American Horror Books 1 comment 1 LOCOK 1 LOCOK LOCCancel 1 LOCOK LOCCancel Walk There 50 Treks In  Around Portland by Laura Foster Comment on this title Synopses  Reviews ISBN13 9780966247398 ISBN10 0966247396 Condition Standard All Product Details View Larger Image View Larger Images 695 Used Trade Paperback Ships in 1 to 3 days Qty Store 5 Burnside 2 Cedar Hills 3 Hawthorne 1 Local Warehouse Synopses  Reviews Publisher Comments Lived here all your life or just visiting Walk There is like a magazine subscription of where to go how to get there and the secrets you need to know when you arrive Walk There 50 treks in and around Portland and Vancouver  Metros collection of fifty eyeopening walks exploring the paths and past that make up the neighborhoods of Portland and linked cities is a series of new walking routes blended with familiar favorites each mapped with an easytofollow legend for parks viewpoints restrooms eateries and access to each walk by public transportation Each of the fifty walks come alive with colorful anecdotes the perspective of history a connection of natural areas and native flora and fauna that makes Walk There a unique pocket size guide to arriving and thriving About the Author Laura O Foster is an author and editor who specializes in writing about one of her great passions Portland Oregon She also writes childrens nonfiction books including the awardwinning Boys Who Rocked the World  and works as a freelance book editor 48 5 What Our Readers Are Saying Share your thoughts on this title Average customer rating 48 5 comments  Beth Meredith  September 14 2009 view all comments by Beth Meredith I love Laura Fosters work and Walk There has helped me to explore and understand Portland and environs Walk There takes in a broader territory than her other books and introduces interesting nooks in familiar and completely unfamiliar places We spent a whole summer taking lowcarbon hikes that required no to minimal driving If I have any criticism at all it is that I wanted even more depth of commentary about each walk For that depth check out her other two books Portland Hill Walks and Portland City Walks Between all three books there are 90 guided hikes around Portland that you can access without a car Was this comment helpful  Yes  No 3 of 4 readers found this comment helpful report this\ncomment  John Andersen  September 05 2009 view all comments by John Andersen Ive completed all 50 walks\nThis is without question the best undertaking Ive ever done to learn about the PortlandVancouver area\nLooking back Im thrilled to have discovered so many diverse neighborhoods and so many interesting homes coffee shops restaurants historical sites trees wildlife vistas and last but not least people\nIf you want to go on vacation every weekend for the next year and spend a pittance this is the book for you\nI continue revisiting many of the walks Some Ive done more than a dozen times\nThis is made possible by connecting these walks with my daily schedule of carpet cleaning I have my own business If a job is in North Portland for instance I just go a couple hours early before rush hour and catch a Walk There walk on the way\nIts a splendid start to each day\nI simply cant thank Metro enough for creating such a great little book\nMine is highly dogeared Was this comment helpful  Yes  No 8 of 9 readers found this comment helpful report this\ncomment  Lake Boggan  August 12 2009 view all comments by Lake Boggan Walk There maps win highest honor\nJuly 2009 several Metro staff attended the Environmental Science Research Institute ESRI International User Conference in San Diego The conference the worlds largest event dedicated to geographic information system GIS technology drew more than 12000 attendees Each year the conference includes a Poster Gallery a large football fieldsized room filled with more than 2000 posters competing in 16 categories\nWalk There was entered into the Best Cartographic Design Map Series or Atlas  Press Copy category by Matthew Hampton a senior transportation planner and Eric Goetze a member of Metros creative services team Eight maps from the guide were presented along with informational content about the Walk There program The maps took first place in this particular category and later went on to win best overall beating out all other firstplace finishers and prevailing over 2000 entries\nWalk There is an exceptional guide book Was this comment helpful  Yes  No 8 of 10 readers found this comment helpful report this\ncomment  Manelly  June 30 2009 view all comments by Manelly What a fun book easy to carry compact and colorful with maps and reliable directions This is how I am discovering the quaint and lovely neighborhoods in Portland and the region beyond Was this comment helpful  Yes  No 9 of 9 readers found this comment helpful report this\ncomment  Lake Boggan  May 18 2009 view all comments by Lake Boggan Laura Foster is the walkingest woman in Portland Walking isnt a sport for Laura Foster Its what humans are meant to doWalk There If you need to get somewhere then just walk there Laura is retrowalking in a big way No new shoes no new duds just walk like you are supposed to and notice your world while you are walking You will live longer and grow stronger Do try to join Laura Foster on one of her many walking tours She teaches history while she leads walks Was this comment helpful  Yes  No 11 of 12 readers found this comment helpful report this\ncomment View all 5 comments Product Details ISBN 9780966247398 Binding Trade Paperback Publication date 04012009 Publisher METRO PORTLAND OREGON Copyright Year 2009 UPC Code 2800966247390 Author Laura Foster 695 Used Trade Paperback Ships in 1 to 3 days Qty Store 5 Burnside 2 Cedar Hills 3 Hawthorne 1 Local Warehouse This title in other editions Used Trade Paperback 650 1 LOCOK 1 LOCOK LOCCancel 1 LOCOK LOCCancel 1 LOCOK 1 LOCOK LOCCancel 1 LOCOK LOCCancel 1 LOCOK 1 LOCOK LOCCancel 1 LOCOK LOCCancel 1 LOCOK 1 LOCOK LOCCancel 1 LOCOK LOCCancel Help Guarantee My Account Careers About Us Security Wish List Partners Contact Us Shipping Transparency ACT MRF Sitemap  2022 POWELLSCOM Terms 1 LOCOK 1 LOCOK LOCCancel 1 LOCOK LOCCancel 1 LOCOK 1 LOCOK LOCCancel 1 LOCOK LOCCancel 1 LOCOK 1 LOCOK LOCCancel 1 LOCOK LOCCancel 1 LOCOK 1 LOCOK LOCCancel 1 LOCOK LOCCancel"}