{"Title": " Measure & Construction of the Japanese House ", "Author": "Engel, Heino", "Cover Page": "https://powells-covers-2.s3.amazonaws.com/9780804814928.jpg", "ISBN10": "0804814929  \n", "ISBN13": "9780804814928", "Page URL": "https://powells.com/book/measure-construction-of-the-japanese-house-9780804814928", "raw_text": "Measure  Construction of the Japanese House Heino Engel Trade Paperback 9780804814928 Powells Books Cart   my account  wish list  help  8008787323 Hello\n Login MENU Browse New Arrivals Bestsellers Featured Preorders Award Winners Audio Books See All Subjects Used Staff Picks Staff Picks Picks of the Month Bookseller Displays 50 Books for 50 Years 25 Best 21st Century SciFi  Fantasy 25 PNW Books to Read Before You Die 25 Books From the 21st Century 25 Memoirs to Read Before You Die 25 Global Books to Read Before You Die 25 Women to Read Before You Die 25 Books to Read Before You Die Gifts Gift Cards  eGift Cards Powells Souvenirs Journals and Notebooks socks Games Sell Books Blog Events Find A Store Dont Miss BIG SALE 20 off sitewide Picks of the Season What Im Giving Great Gifts Under 25 Best Books of 2022 Powells Author Events Oregon Battle of the Books Audio Books Visit Our Stores Powells Books 14 Gift Ideas From 14 of Our Favorite Authors 0 comment Every year Powells reaches out to some of our favorite authors for some muchneeded giftgiving inspiration Below are 14 writerapproved recommendations to help you find the perfect book for even your mostdifficulttobuyfor loved one Read More  Powells Staff Best Books of 2022 Fiction 1 comment Kelsey Ford 6 Haunting Native American Horror Books 1 comment 1 LOCOK 1 LOCOK LOCCancel 1 LOCOK LOCCancel Measure  Construction of the Japanese House by Engel Heino Comment on this title Synopses  Reviews ISBN13 9780804814928 ISBN10 0804814929 All Product Details View Larger Image View Larger Images 000 Trade Paperback Ships in 1 to 3 days Synopses  Reviews Publisher Comments A remarkable classic work on traditional Japanese architecture and its general integrative quality the order of space and form the flexibility of partitions and room functions and other important or unique qualities The author describes in detail and with numerous architectural plans and drawings the influence of the anatomy of the Japanese human body on traditional units of measurement and on house construction This work is not simply a description of the features of the Japanese house but an invitation to probe the possibilities of utilizing this architectural achievement of the Japanese    in modern living and building according to the author who further believes that the unique features of the Japanese house are better suited to serve as a pattern for contemporary housing than any other form of residential structure Synopsis A study of Japanese architectural form system and component applied to modern living and contemporary homes Synopsis A remarkable classic work on traditional Japanese architecture and its general integrative quality the order of space and form the flexibility of partitions and room functions and other important or unique qualities The author describes in detail and with numerous architectural plans and drawings the influence of the anatomy of the Japanese human body on traditional units of measurement and on house construction This work is not simply a description of the features of the Japanese house but an invitation to probe the possibilities of utilizing this architectural achievement of the Japanese    in modern living and building according to the author who further believes that the unique features of the Japanese house are better suited to serve as a pattern for contemporary housing than any other form of residential structure About the Author andltbandgtHeino Engelandltbandgt studied architecture in Germany immediately following the end of World War II then traveled through Egypt and Arabia spent more than a year in India Burma Malaysia and Thailand before arriving in Japan There in his own words he realized that the Japanese house is as invaluable an experience for the contemporary architect as are the ancient Acropolis of Athens in Greece and the modern highrise office towers of the United States He remained in Japan for three years concentrating on the study of the Japanese house people life language and culture and also becoming a member of the Architectural Institute of Japan What Our Readers Are Saying Be the first to share your thoughts on this title Product Details ISBN 9780804814928 Binding Trade Paperback Publication date 12151989 Publisher TUTTLE PUBLISHING Series info Books to Span the East  West Pages 152 Height 50IN Width 760IN Thickness 50 Series Books to Span the East  West Number of Units 1 Illustration Yes Copyright Year 1985 Series Volume no 7 UPC Code 2800804814920 Author Heinrich Engel Author Heino Engel Author Heino Engel Subject Japan  traditional Japanese architecture  Japanese homes Subject Architecture Domestic  Japan Subject Architecture domestic Subject General Architecture Subject House construction Subject Historic preservation Subject Japan Subject House construction  Japan Subject PHOTOGRAPHY  General 000 Trade Paperback Ships in 1 to 3 days Receive an email when this ISBN is available used 1 LOCOK 1 LOCOK LOCCancel 1 LOCOK LOCCancel 1 LOCOK 1 LOCOK LOCCancel 1 LOCOK LOCCancel 1 LOCOK 1 LOCOK LOCCancel 1 LOCOK LOCCancel 1 LOCOK 1 LOCOK LOCCancel 1 LOCOK LOCCancel Help Guarantee My Account Careers About Us Security Wish List Partners Contact Us Shipping Transparency ACT MRF Sitemap  2022 POWELLSCOM Terms 1 LOCOK 1 LOCOK LOCCancel 1 LOCOK LOCCancel 1 LOCOK 1 LOCOK LOCCancel 1 LOCOK LOCCancel 1 LOCOK 1 LOCOK LOCCancel 1 LOCOK LOCCancel 1 LOCOK 1 LOCOK LOCCancel 1 LOCOK LOCCancel"}