{"Title": " Henry & Mudge & the Funny Lunch ", "Author": "Cynthia Rylant", "Cover Page": "https://covers.powells.com/9780689834448.jpg", "ISBN10": "0689834446  \n", "ISBN13": "9780689834448", "Page URL": "https://powells.com/book/henry-mudge-the-funny-lunch-9780689834448", "raw_text": "Henry  Mudge  the Funny Lunch Cynthia Rylant Trade Paperback 9780689834448 Powells Books Cart   my account  wish list  help  8008787323 Hello\n Login MENU Browse New Arrivals Bestsellers Featured Preorders Award Winners Audio Books See All Subjects Used Staff Picks Staff Picks Picks of the Month Bookseller Displays 50 Books for 50 Years 25 Best 21st Century SciFi  Fantasy 25 PNW Books to Read Before You Die 25 Books From the 21st Century 25 Memoirs to Read Before You Die 25 Global Books to Read Before You Die 25 Women to Read Before You Die 25 Books to Read Before You Die Gifts Gift Cards  eGift Cards Powells Souvenirs Journals and Notebooks socks Games Sell Books Blog Events Find A Store Dont Miss BIG SALE 20 off sitewide Picks of the Season What Im Giving Great Gifts Under 25 Best Books of 2022 Powells Author Events Oregon Battle of the Books Audio Books Visit Our Stores Powells Books 14 Gift Ideas From 14 of Our Favorite Authors 0 comment Every year Powells reaches out to some of our favorite authors for some muchneeded giftgiving inspiration Below are 14 writerapproved recommendations to help you find the perfect book for even your mostdifficulttobuyfor loved one Read More  Powells Staff Best Books of 2022 Fiction 1 comment Kelsey Ford 6 Haunting Native American Horror Books 1 comment 1 LOCOK 1 LOCOK LOCCancel 1 LOCOK LOCCancel Henry  Mudge  the Funny Lunch by Cynthia Rylant Comment on this title Synopses  Reviews ISBN13 9780689834448 ISBN10 0689834446 Condition Standard All Product Details View Larger Image View Larger Images 350 List Price 499 Used Trade Paperback Ships in 1 to 3 days Qty Store 1 Burnside Synopses  Reviews Publisher Comments Every year Henry and his dad with help from Mudge of course make Henrys mother a funny lunch for Mothers Day Shopping for their juicy crunchy surprise is fun and preparing it is even more fun But sharing it with Henrys mother is the most fun of all Review School Library Journal Bravo Henry and Mudge May they go on forever Synopsis Henry and his dog Mudge with help from Henrys dad are all set to make Henrys mother a funny crunchy lunch for Mothers Day in this ReadytoRead book of their adventures This year Henry and Mudge are out to make the best Mothers Day lunch ever It has to be juicy crunchy and perfect for family sharing When they select a gorgeous golden pineapple the menu is shaping up to be anything but dull Dad is helping them carve something almost too pretty to eat So how will Henry ever stop Mudge from devouring the surprise before Mom sees it About the Author Cynthia Rylant is the author of more than 100 books for young people including the beloved Henry and Mudge Annie and Snowball Brownie andamp Pearl and Mr Putter andamp Tabby series Her novel andltiandgtMissing Mayandltiandgt received the Newbery Medal She lives in Lake Oswego Oregon Visit her at CynthiaRylantcomSuand231ie Stevenson is the acclaimed author and illustrator of more than fifty books for children and is best known as the illustrator of the popular Henry and Mudge books by Cynthia Rylant She lives on Cape Cod Massachusetts with her little cocker spaniel Gracie Kids QA Read the Kids QA with Cynthia Rylant What Our Readers Are Saying Be the first to share your thoughts on this title Product Details ISBN 9780689834448 Binding Trade Paperback Publication date 04012005 Publisher SIMON  SCHUSTER TRADE Series info ReadyToRead Level 2 Reading Together Pages 40 Height 12IN Width 608IN Thickness 25 Series ReadyToRead Level 2 Reading Together Age Range 5 to 7 Grade Range K to 2 Number of Units 1 Illustration Yes Copyright Year 2005 Series Volume 24 UPC Code 2800689834440 Author Cynthia Rylant Author Sucie Stevenson Author Carolyn Bracken Author Su Author Suandccedil Author Suandccedil Stevenson Author Carolyn ILT Bracken Author ie Stevenson Illustrator Carolyn Bracken Author ie Author Su Stevenson Subject Dogs Subject Children s humor Subject Childrens 48  Fiction  General Subject Food Subject Fathers and sons 350 List Price 499 Used Trade Paperback Ships in 1 to 3 days Qty Store 1 Burnside More copies of this ISBN New Trade Paperback 499 1 LOCOK 1 LOCOK LOCCancel 1 LOCOK LOCCancel 1 LOCOK 1 LOCOK LOCCancel 1 LOCOK LOCCancel 1 LOCOK 1 LOCOK LOCCancel 1 LOCOK LOCCancel 1 LOCOK 1 LOCOK LOCCancel 1 LOCOK LOCCancel Help Guarantee My Account Careers About Us Security Wish List Partners Contact Us Shipping Transparency ACT MRF Sitemap  2022 POWELLSCOM Terms 1 LOCOK 1 LOCOK LOCCancel 1 LOCOK LOCCancel 1 LOCOK 1 LOCOK LOCCancel 1 LOCOK LOCCancel 1 LOCOK 1 LOCOK LOCCancel 1 LOCOK LOCCancel 1 LOCOK 1 LOCOK LOCCancel 1 LOCOK LOCCancel"}