{"Title": " An Anthology of Aquatic Life ", "Author": "Sam Hume", "Cover Page": "https://powells-covers-2.s3.amazonaws.com/9780744059823.jpg", "ISBN10": "0744059828  \n", "ISBN13": "9780744059823", "Page URL": "https://powells.com/book/an-anthology-of-aquatic-life-9780744059823", "raw_text": "Anthology of Aquatic Life Sam Hume Hardcover 9780744059823 Powells Books Cart   my account  wish list  help  8008787323 Hello\n Login MENU Browse New Arrivals Bestsellers Featured Preorders Award Winners Audio Books See All Subjects Used Staff Picks Staff Picks Picks of the Month Bookseller Displays 50 Books for 50 Years 25 Best 21st Century SciFi  Fantasy 25 PNW Books to Read Before You Die 25 Books From the 21st Century 25 Memoirs to Read Before You Die 25 Global Books to Read Before You Die 25 Women to Read Before You Die 25 Books to Read Before You Die Gifts Gift Cards  eGift Cards Powells Souvenirs Journals and Notebooks socks Games Sell Books Blog Events Find A Store Dont Miss BIG SALE 20 off sitewide Picks of the Season What Im Giving Great Gifts Under 25 Best Books of 2022 Powells Author Events Oregon Battle of the Books Audio Books Visit Our Stores Powells Books 14 Gift Ideas From 14 of Our Favorite Authors 0 comment Every year Powells reaches out to some of our favorite authors for some muchneeded giftgiving inspiration Below are 14 writerapproved recommendations to help you find the perfect book for even your mostdifficulttobuyfor loved one Read More  Powells Staff Best Books of 2022 Fiction 1 comment Kelsey Ford 6 Haunting Native American Horror Books 1 comment 1 LOCOK 1 LOCOK LOCCancel 1 LOCOK LOCCancel An Anthology of Aquatic Life by Sam Hume Comment on this title Synopses  Reviews ISBN13 9780744059823 ISBN10 0744059828 All Product Details View Larger Image View Larger Images 2199 New Hardcover Ships in 1 to 3 days Qty Store 34 Burnside 15 Cedar Hills 19 Hawthorne 20 Local Warehouse From Powellscom Picks of the Season Discover new releases and undertheradar gems for adults and kids Synopses  Reviews Publisher Comments Dive into the wondrous world of water and discover the stories of more than 100 incredible aquatic lifeforms The underwater world is so much bigger than young minds can fathom and there is always more to learn An Anthology of Aquatic Life is a stunning ocean encyclopedia for young readers to explore with reference pages packed with fascinating information little learners will be captivated as they discover the facts stories and myths behind their favourite sealife animals From the deepest widest ocean to the tiniest puddle this beautiful compendium takes young readers on an enthralling journey through the aquatic world meeting amazing animals ingenious plants and much more along the way Stunning photography and gorgeous illustrations complement storybook descriptions about each lifeform and children can uncover hundreds of fascinating facts as they read Did you know that elephant seals can hold their breath underwater for more than an hour or that the brown basilisk reptile can run across water Discover the science of how plants have learnt to live feed and breathe in water and take a look at the unique challenges of distinct ecosystems on feature spreads about rivers lakes wetlands and more Celebrate your childs curiosity as they  Explore detailed photographs and striking illustrations of nature in action  Reveal fun facts and myths about how a range of animals and plants adapt to their environments  Uncover more than 100 aquatic lifeforms each with stunning images and captivating information This ocean encyclopedia for children is the perfect blend of storybook style text with out of this world illustrations which makes it a fantastic sea life book for children who are obsessed with the underwater world Encourage young readers to go on a journey to explore a world of information making this the ideal first reference book for kids aged 79 to enjoy for hours on end whether reading with the family or reading alone this fun fact book also doubles up as the perfect gift for curious kids who love to learn Explore the diversity of the animal kingdom whilst uncovering  Stunning Jacket Detail gold foil holographic foil  metallic gold edges  Stunning photography  illustrations inside  A beautiful book for the whole family to treasure  A quality gift to be passed down through the generations About the Author Sam Hume is a wildlife filmmaker whose work has featured on the BBC  Springwatch Big Blue Live  Apple TV  Tiny World  and ITV  A Year On Planet Earth in production He studied Zoology at St Andrews University where he was the senior aquarist of the local aquarium  training harbor seals and managing captive breeding of thornback rays Today Sam lives in Somerset with his wife and a large menagerie of strange animals including two daughters This is his first book for children What Our Readers Are Saying Be the first to share your thoughts on this title Product Details ISBN 9780744059823 Binding Hardcover Publication date 11012022 Publisher DK PUBLISHING INC Pages 224 Age Range 7 and up Grade Range 2 and up Author Sam Hume 2199 New Hardcover Ships in 1 to 3 days Qty Store 34 Burnside 15 Cedar Hills 19 Hawthorne 20 Local Warehouse Receive an email when this ISBN is available used 1 LOCOK 1 LOCOK LOCCancel 1 LOCOK LOCCancel 1 LOCOK 1 LOCOK LOCCancel 1 LOCOK LOCCancel 1 LOCOK 1 LOCOK LOCCancel 1 LOCOK LOCCancel 1 LOCOK 1 LOCOK LOCCancel 1 LOCOK LOCCancel Help Guarantee My Account Careers About Us Security Wish List Partners Contact Us Shipping Transparency ACT MRF Sitemap  2022 POWELLSCOM Terms 1 LOCOK 1 LOCOK LOCCancel 1 LOCOK LOCCancel 1 LOCOK 1 LOCOK LOCCancel 1 LOCOK LOCCancel 1 LOCOK 1 LOCOK LOCCancel 1 LOCOK LOCCancel 1 LOCOK 1 LOCOK LOCCancel 1 LOCOK LOCCancel"}