{"Title": " Finding the Mother Tree: Discovering the Wisdom of the Forest ", "Author": "Suzanne Simard", "Cover Page": "https://powells-covers-2.s3.amazonaws.com/9780525656098.jpg", "ISBN10": "052565609X  \n", "ISBN13": "9780525656098", "Page URL": "https://powells.com/book/finding-the-mother-tree-9780525656098", "raw_text": "Finding the Mother Tree Discovering the Wisdom of the Forest Suzanne Simard Hardcover 9780525656098 Powells Books Cart   my account  wish list  help  8008787323 Hello\n Login MENU Browse New Arrivals Bestsellers Featured Preorders Award Winners Audio Books See All Subjects Used Staff Picks Staff Picks Picks of the Month Bookseller Displays 50 Books for 50 Years 25 Best 21st Century SciFi  Fantasy 25 PNW Books to Read Before You Die 25 Books From the 21st Century 25 Memoirs to Read Before You Die 25 Global Books to Read Before You Die 25 Women to Read Before You Die 25 Books to Read Before You Die Gifts Gift Cards  eGift Cards Powells Souvenirs Journals and Notebooks socks Games Sell Books Blog Events Find A Store Dont Miss BIG SALE 20 off sitewide Picks of the Season What Im Giving Great Gifts Under 25 Best Books of 2022 Powells Author Events Oregon Battle of the Books Audio Books Visit Our Stores Powells Books 14 Gift Ideas From 14 of Our Favorite Authors 0 comment Every year Powells reaches out to some of our favorite authors for some muchneeded giftgiving inspiration Below are 14 writerapproved recommendations to help you find the perfect book for even your mostdifficulttobuyfor loved one Read More  Powells Staff Best Books of 2022 Fiction 1 comment Kelsey Ford 6 Haunting Native American Horror Books 1 comment 1 LOCOK 1 LOCOK LOCCancel 1 LOCOK LOCCancel Finding the Mother Tree Discovering the Wisdom of the Forest by Suzanne Simard Comment on this title Synopses  Reviews View Video ISBN13 9780525656098 ISBN10 052565609X Condition Standard DustJacket Standard All Product Details View Larger Image View Larger Images 1995 List Price 3000 Used Hardcover Ships in 1 to 3 days Qty Store 1 Cedar Hills Synopses  Reviews Publisher Comments From the worlds leading forest ecologist who forever changed how people view trees and their connections to one another and to other living things in the forest  a moving deeply personal journey of discovery Suzanne Simard is a pioneer on the frontier of plant communication and intelligence shes been compared to Rachel Carson hailed as a scientist who conveys complex technical ideas in a way that is dazzling and profound Her work has influenced filmmakers the Tree of Souls of James Camerons Avatar  and her TED talks have been viewed by more than 10 million people worldwide Now in her first book Simard brings us into her world the intimate world of the trees in which she brilliantly illuminates the fascinating and vital truths  that trees are not simply the source of timber or pulp but are a complicated interdependent circle of life that forests are social cooperative creatures connected through underground networks by which trees communicate their vitality and vulnerabilities with communal lives not that different from our own Simard writes  in inspiring illuminating and accessible ways  how trees living side by side for hundreds of years have evolved how they perceive one another learn and adapt their behaviors recognize neighbors and remember the past how they have agency about the future elicit warnings and mount defenses compete and cooperate with one another with sophistication characteristics ascribed to human intelligence traits that are the essence of civil societies  and at the center of it all the Mother Trees the mysterious powerful forces that connect and sustain the others that surround them Simard writes of her own life born and raised into a logging world in the rainforests of British Columbia of her days as a child spent cataloging the trees from the forest and how she came to love and respect themembarking on a journey of discovery and struggle And as she writes of her scientific quest she writes of her own journey  of love and loss of observation and change of risk and reward making us understand how deeply human scientific inquiry exists beyond data and technology that it is about understanding who we are and our place in the world and in writing of her own life we come to see the true connectedness of the Mother Tree that nurtures the forest in the profound ways that families and human societies do and how these inseparable bonds enable all our survival Review This book promises to change our understanding about what is really going on in the forest and other pressing mysteries about the real world Michael Pollan Review It completely overturned my view of nature Kristin Ohlson New York Times bestselling author Review What Simard is revealing here has implications and potential on the scale of mapping the human genome Simard is one of this planets most insightful and eloquent translators John Vaillant bestselling author of The Tiger Jaguars Children and The Golden Spruce Review This book will have profound implications for our human relationships with the natural world The insights presented by Dr Simard point toward a complete paradigm shift in the ways we humans interact with forests trees and other species Nancy Jean Turner professor of ethnobotany at the University of Victoria author of The Earths Blanket Video Watch the Powells virtual event with Dr Suzanne Simard and Aaron Scott About the Author Suzanne Simard was born in the Monashee Mountains of British Columbia and was educated at the University of British Columbia and Oregon State University She is Professor of Forest Ecology in the University of British Columbias Faculty of Forestry What Our Readers Are Saying Be the first to share your thoughts on this title Product Details ISBN 9780525656098 Binding Hardcover Publication date 05042021 Publisher Knopf Publishing Group Pages 368 Height 103IN Width 625IN LCCN 2020029993 Author Suzanne Simard 1995 List Price 3000 Used Hardcover Ships in 1 to 3 days Qty Store 1 Cedar Hills More copies of this ISBN New Hardcover 3000 1 LOCOK 1 LOCOK LOCCancel 1 LOCOK LOCCancel 1 LOCOK 1 LOCOK LOCCancel 1 LOCOK LOCCancel 1 LOCOK 1 LOCOK LOCCancel 1 LOCOK LOCCancel 1 LOCOK 1 LOCOK LOCCancel 1 LOCOK LOCCancel Help Guarantee My Account Careers About Us Security Wish List Partners Contact Us Shipping Transparency ACT MRF Sitemap  2022 POWELLSCOM Terms 1 LOCOK 1 LOCOK LOCCancel 1 LOCOK LOCCancel 1 LOCOK 1 LOCOK LOCCancel 1 LOCOK LOCCancel 1 LOCOK 1 LOCOK LOCCancel 1 LOCOK LOCCancel 1 LOCOK 1 LOCOK LOCCancel 1 LOCOK LOCCancel"}