{"Title": " Gardening in the Pacific Northwest Complete Homeowners Guide ", "Author": "Paul Bonine", "Cover Page": "https://powells-covers-2.s3.amazonaws.com/9781604693331.jpg", "ISBN10": "1604693339  \n", "ISBN13": "9781604693331", "Page URL": "https://powells.com/book/gardening-in-the-pacific-northwest-complete-homeowners-guide-9781604693331", "raw_text": "Growing the Northwest Garden  Paul Bonine Trade Paperback 9781604693331 Powells Books Cart   my account  wish list  help  8008787323 Hello\n Login MENU Browse New Arrivals Bestsellers Featured Preorders Award Winners Audio Books See All Subjects Used Staff Picks Staff Picks Picks of the Month Bookseller Displays 50 Books for 50 Years 25 Best 21st Century SciFi  Fantasy 25 PNW Books to Read Before You Die 25 Books From the 21st Century 25 Memoirs to Read Before You Die 25 Global Books to Read Before You Die 25 Women to Read Before You Die 25 Books to Read Before You Die Gifts Gift Cards  eGift Cards Powells Souvenirs Journals and Notebooks socks Games Sell Books Blog Events Find A Store Dont Miss BIG SALE 20 off sitewide Picks of the Season What Im Giving Great Gifts Under 25 Best Books of 2022 Powells Author Events Oregon Battle of the Books Audio Books Visit Our Stores Powells Books 14 Gift Ideas From 14 of Our Favorite Authors 0 comment Every year Powells reaches out to some of our favorite authors for some muchneeded giftgiving inspiration Below are 14 writerapproved recommendations to help you find the perfect book for even your mostdifficulttobuyfor loved one Read More  Powells Staff Best Books of 2022 Fiction 1 comment Kelsey Ford 6 Haunting Native American Horror Books 1 comment 1 LOCOK 1 LOCOK LOCCancel 1 LOCOK LOCCancel Gardening in the Pacific Northwest Complete Homeowners Guide by Paul Bonine Comment on this title Synopses  Reviews ISBN13 9781604693331 ISBN10 1604693339 All Product Details View Larger Image View Larger Images 2495 New Trade Paperback Ships in 1 to 3 days Qty Store 8 Burnside 3 Cedar Hills 3 Hawthorne 20 Local Warehouse Staff Pick With a focus on perennials for veggie growing look elsewhere this is the perfect option for a beginning gardener looking to take advantage of our regions wonderful climate Pictures of and info on specific plants will ensure you make good choices to create and maintain a beautiful yard Recommended By Eva F Powellscom Synopses  Reviews Publisher Comments The climate of the Pacific Northwest presents its gardeners with a unique set of opportunitiesample rain great soil and moderate temperaturesand challengesbrief summer heat wet winters and everpresent slugs and snails Growing the Northwest Garden tackles these problems in a fresh and comprehensive way This practical handbook includes everything a home gardener needs to successfully garden in the region It explores popular gardening styles like Japanese gardens herbaceous and mixed borders tropical gardens rock gardens and woodland gardens Synopsis A gardener s plant choice and garden style are inextricably linked to the place they call home In order to grow a flourishing garden every gardener must know the specifics of their region s climate soil and geography Gardening in the Pacific Northwest is comprehensive enthusiastic and accessible to gardeners of all levels It features information on site and plant selection soil preparation and maintenance and basic design principles Plant profiles highlight the region s best perennials annuals trees shrubs and bulbs Color photographs throughout show wonderful examples of Pacific Northwest garden style Gardening in the Pacific Northwest is for home gardeners in Oregon Washington and British Columbia  Synopsis A musthave growing guide for home gardeners in Oregon Washington and British Columbia A gardeners plant choices and garden style are inextricably linked to the place they call home In order to grow a flourishing garden every gardener must know the specifics of their regions climate soil and geography Gardening in the Pacific Northwest  by regional gardening experts Paul Bonine and Amy Campion is comprehensive enthusiastic and accessible to gardeners of all levels It features information on site and plant selection soil preparation and maintenance and basic design principles Plant profiles highlight the regions best perennials annuals trees shrubs and bulbs Color photographs throughout show wonderful examples of Northwest garden style Synopsis A musthave growing guide for gardeners in the Pacific Northwest A gardeners plant choices and garden style are inextricably linked to the place they call home In order to grow a flourishing garden every gardener must know the specifics of their regions climate soil and geography Gardening in the Pacific Northwest  by regional gardening experts Paul Bonine and Amy Campion is comprehensive enthusiastic and accessible to gardeners of all levels It features information on site and plant selection soil preparation and maintenance and basic design principles Plant profiles highlight the regions best perennials shrubs trees and vines Color photographs throughout show wonderful examples of Northwest garden style About the Author Paul Bonine is a garden writer lecturer and coowner of the wholesale and retail specialty plant nursery Xera Plants in Portland Oregon A lifelong plantsman Paul has worked in the nursery industry for nearly twenty years and has consulted for NPR the Sunset Western Garden Book  and the Oregonian  What Our Readers Are Saying Be the first to share your thoughts on this title Product Details ISBN 9781604693331 Binding Trade Paperback Publication date 12272017 Publisher Timber Press OR Pages 320 Height 80IN Width 750IN Illustration Yes Author Paul Bonine Author Amy Campion Subject GARDENING  Ornamental Plants 2495 New Trade Paperback Ships in 1 to 3 days Qty Store 8 Burnside 3 Cedar Hills 3 Hawthorne 20 Local Warehouse Receive an email when this ISBN is available used 1 LOCOK 1 LOCOK LOCCancel 1 LOCOK LOCCancel 1 LOCOK 1 LOCOK LOCCancel 1 LOCOK LOCCancel 1 LOCOK 1 LOCOK LOCCancel 1 LOCOK LOCCancel 1 LOCOK 1 LOCOK LOCCancel 1 LOCOK LOCCancel Help Guarantee My Account Careers About Us Security Wish List Partners Contact Us Shipping Transparency ACT MRF Sitemap  2022 POWELLSCOM Terms 1 LOCOK 1 LOCOK LOCCancel 1 LOCOK LOCCancel 1 LOCOK 1 LOCOK LOCCancel 1 LOCOK LOCCancel 1 LOCOK 1 LOCOK LOCCancel 1 LOCOK LOCCancel 1 LOCOK 1 LOCOK LOCCancel 1 LOCOK LOCCancel"}