{"Title": " Power of Now A Guide to Spiritual Enlightenment ", "Author": "Eckhart Tolle", "Cover Page": "https://powells-covers-2.s3.amazonaws.com/9781577311522.jpg", "ISBN10": "1577311523  \n", "ISBN13": "9781577311522", "Page URL": "https://powells.com/book/power-of-now-a-guide-to-spiritual-enlightenment-9781577311522", "raw_text": "Power of Now A Guide to Spiritual Enlightenment Eckhart Tolle Hardcover 9781577311522 Powells Books Cart   my account  wish list  help  8008787323 Hello\n Login MENU Browse New Arrivals Bestsellers Featured Preorders Award Winners Audio Books See All Subjects Used Staff Picks Staff Picks Picks of the Month Bookseller Displays 50 Books for 50 Years 25 Best 21st Century SciFi  Fantasy 25 PNW Books to Read Before You Die 25 Books From the 21st Century 25 Memoirs to Read Before You Die 25 Global Books to Read Before You Die 25 Women to Read Before You Die 25 Books to Read Before You Die Gifts Gift Cards  eGift Cards Powells Souvenirs Journals and Notebooks socks Games Sell Books Blog Events Find A Store Dont Miss BIG SALE 20 off sitewide Picks of the Season What Im Giving Great Gifts Under 25 Best Books of 2022 Powells Author Events Oregon Battle of the Books Audio Books Visit Our Stores Powells Books 14 Gift Ideas From 14 of Our Favorite Authors 0 comment Every year Powells reaches out to some of our favorite authors for some muchneeded giftgiving inspiration Below are 14 writerapproved recommendations to help you find the perfect book for even your mostdifficulttobuyfor loved one Read More  Powells Staff Best Books of 2022 Fiction 1 comment Kelsey Ford 6 Haunting Native American Horror Books 1 comment 1 LOCOK 1 LOCOK LOCCancel 1 LOCOK LOCCancel Power of Now A Guide to Spiritual Enlightenment by Eckhart Tolle Comment on this title Synopses  Reviews ISBN13 9781577311522 ISBN10 1577311523 Condition Standard DustJacket Standard All Product Details View Larger Image View Larger Images 895 List Price 2695 Used Hardcover Ships in 1 to 3 days Qty Store 2 Local Warehouse Synopses  Reviews Publisher Comments Eckhart Tolle is emerging as one of todays most inspiring teachers In The Power of Now  already a wordofmouth bestseller in Canada the author describes his transition from despair to selfrealization soon after his 29th birthday Tolle took another ten years to understand this transformation during which time he evolved a philosophy that has parallels in Buddhism relaxation techniques and meditation theory but is also eminently practical In The Power of Now he shows readers how to recognize themselves as the creators of their own pain and how to have a painfree existence by living fully in the present Accessing the deepest self the true self can be learned he says by freeing ourselves from the conflicting unreasonable demands of the mind and living present fully and intensely in the Now Synopsis Tolle shows readers how to recognize themselves as the creators of their own pain and how to have a painfree existence by living fully in the present Accessing the deepest self the true self can be learned he says by freeing ourselves from the conflicting unreasonable demands of the mind and living present fully and intensely in the Now About the Author Eckhart Tolle was born in Germany where he spent the first thirteen years of his life After graduating from the University of London he was a research scholar and supervisor at Cambridge University At age twentynine a profound spiritual transformation virtually dissolved his old identity and radically changed the course of his life The next few years were devoted to understanding integrating and deepening that transformation which marked the beginning of an intense inward journey For the past ten years Eckhart has been a counselor and spiritual teacher Through this book his teaching is now available throughout the world He is currently traveling extensively bringing not only his teaching but his presence to a growing number of audiences He has lived in Vancouver British Columbia since 1996 5 3 What Our Readers Are Saying Share your thoughts on this title Average customer rating 5 3 comments  Marc Allen  January 30 2013 view all comments by Marc Allen This is the best book I have ever read Ive continued to go back to it and reread and reflect upon it for over a decade now and it has lightened my life Eckhart Tolle in my opinion is the finest teacher on the planet  certainly the finest teacher and greatest writer I have ever found His audios and videos are excellent as well I cant recommend him highly enough Was this comment helpful  Yes  No 1 of 2 readers found this comment helpful report this\ncomment  Vickie Nerbes  January 02 2011 If you are looking for a book to change your life positively this is it Was this comment helpful  Yes  No 0 of 2 readers found this comment helpful report this\ncomment  anonymous  February 23 2009 Here and Now\nAfter reading happiness books like Finding Happiness in a Frustrating World I felt like I had a good handle on what science had uncovered about how to live a happy life and have to say that I am MUCH happier for having read them But while the field of positive psychology has made some great contributions to my happiness levels its books like The Power of Now A Guide to Spiritual Enlightenment that come along and let you know theres STILL more you can learn\nA key concept of the book if Im explaining it right is that you will start to experience a certain kind of enlightenment when you learn to leave your analytical mind behind In other words instead of thinking try just observing your thinking And when you do this you also need to realize that all this thinking noise that goes on in your head all day long is not really who you are an enlightening concept indeed\nTo that end the book is set up in a question and answer format to help you get to understand these kinds of concepts While it might seem ridiculous to some it really isnt Case in point we all talk to ourselves or have witnessed others talking to themselves at times maybe during a sporting event perhaps If you ask someone who they are talking to they will usually say Im talking to myself And this by definition means that there have to be two selves an I talking to myself and so justifies the idea of two selves a you and a thinking you in the book\nWell if these seem to be the kind of concepts youre ready to explore this is your book It raises some good questions and certainly brings up one that you cant argue with all we have is the here and now As the book so astutely points out Nothing ever happened in the past it happened in the Now Nothing ever happened in the future it will happen in the Now And learning to live in the now IS the point of the whole book Was this comment helpful  Yes  No 8 of 11 readers found this comment helpful report this\ncomment Product Details ISBN 9781577311522 Binding Hardcover Publication date 09271999 Publisher NEW WORLD LIBRARY Pages 208 Height 85IN Width 632IN Thickness 100 Number of Units 1 Copyright Year 1999 Series Volume 23 UPC Code 2801577311524 Foreword Russell E Dicarlo Author Russell E Dicarlo Author Eckhart Tolle Preface Marc Allen Author Marc Allen Author Eckhart Tolle Subject Spiritual life Subject Religion WesternInspirational 895 List Price 2695 Used Hardcover Ships in 1 to 3 days Qty Store 2 Local Warehouse More copies of this ISBN New Hardcover 2695 Used Hardcover Starting from 1095 This title in other editions New Trade Paperback 1700 Used Compact Disc Starting from 1695 Used Trade Paperback Starting from 650 1 LOCOK 1 LOCOK LOCCancel 1 LOCOK LOCCancel 1 LOCOK 1 LOCOK LOCCancel 1 LOCOK LOCCancel 1 LOCOK 1 LOCOK LOCCancel 1 LOCOK LOCCancel 1 LOCOK 1 LOCOK LOCCancel 1 LOCOK LOCCancel Help Guarantee My Account Careers About Us Security Wish List Partners Contact Us Shipping Transparency ACT MRF Sitemap  2022 POWELLSCOM Terms 1 LOCOK 1 LOCOK LOCCancel 1 LOCOK LOCCancel 1 LOCOK 1 LOCOK LOCCancel 1 LOCOK LOCCancel 1 LOCOK 1 LOCOK LOCCancel 1 LOCOK LOCCancel 1 LOCOK 1 LOCOK LOCCancel 1 LOCOK LOCCancel"}