{"Title": " Sweet Success: A Simple Recipe to Turn Your Passion Into Profit ", "Author": "Candace Nelson", "Cover Page": "https://powells-covers-2.s3.amazonaws.com/9781400231508.jpg", "ISBN10": "1400231507  \n", "ISBN13": "9781400231508", "Page URL": "https://powells.com/book/sweet-success-9781400231508", "raw_text": "Sweet Success A Simple Recipe to Turn your Passion into Profits Candace Nelson Hardcover 9781400231508 Powells Books Cart   my account  wish list  help  8008787323 Hello\n Login MENU Browse New Arrivals Bestsellers Featured Preorders Award Winners Audio Books See All Subjects Used Staff Picks Staff Picks Picks of the Month Bookseller Displays 50 Books for 50 Years 25 Best 21st Century SciFi  Fantasy 25 PNW Books to Read Before You Die 25 Books From the 21st Century 25 Memoirs to Read Before You Die 25 Global Books to Read Before You Die 25 Women to Read Before You Die 25 Books to Read Before You Die Gifts Gift Cards  eGift Cards Powells Souvenirs Journals and Notebooks socks Games Sell Books Blog Events Find A Store Dont Miss BIG SALE 20 off sitewide Picks of the Season What Im Giving Great Gifts Under 25 Best Books of 2022 Powells Author Events Oregon Battle of the Books Audio Books Visit Our Stores Powells Books 14 Gift Ideas From 14 of Our Favorite Authors 0 comment Every year Powells reaches out to some of our favorite authors for some muchneeded giftgiving inspiration Below are 14 writerapproved recommendations to help you find the perfect book for even your mostdifficulttobuyfor loved one Read More  Powells Staff Best Books of 2022 Fiction 1 comment Kelsey Ford 6 Haunting Native American Horror Books 1 comment 1 LOCOK 1 LOCOK LOCCancel 1 LOCOK LOCCancel Sweet Success A Simple Recipe to Turn Your Passion Into Profit by Candace Nelson Comment on this title Synopses  Reviews ISBN13 9781400231508 ISBN10 1400231507 All Product Details View Larger Image View Larger Images 2899 New Hardcover Ships in 1 to 3 days Qty Store 1 Burnside 6 Local Warehouse Synopses  Reviews Synopsis LEARN THE RECIPE FOR STARTING A SUCCESSFUL BUSINESS For the first time ever founder of Sprinkles cupcakes Candace Nelson is sharing the recipe for success in her new book Sweet Success She will walk you through the steps she took to build a globally beloved brand so you can do it too Although she deals in frosting theres no sugarcoating here Candace pushes back the kitchen door to reveal mistakes misses and lessons learned the hard way Readers will learn how to Obtain the key ingredients to any successful business Craft the mindset of an entrepreneur Learn the secret recipe for packaging a product for profit Turn kitchen experiments into top selling products Cultivate a community of brand evangelists Step into a personal brand to amplify the business Know where to put marketing dollars most effectively And much more In a time of unprecedented disruption and innovation people are rethinking career and professional purpose Its never been a better time to start a business Sweet Success dispels the myth that entrepreneurship is reserved for an elite few and is a mustread for anyone with a passion needing a place to start or a push along the way At a career crossroads instead of going to business school like her peers Candace Nelson reflected on what she really wanted to doand did what nobody including Candace herself would have expected She poured her passion and life savings into creating the worlds first cupcake bakery Today Sprinkles Cupcakes and its Cupcake ATMs have become a globally recognized brand celebration mainstay and inspiration for entrepreneurs everywhere What Our Readers Are Saying Be the first to share your thoughts on this title Product Details ISBN 9781400231508 Binding Hardcover Publication date 11082022 Publisher HarperCollins Leadership Language English Pages 240 Height 91IN Width 621IN LCCN 2022943561 Illustration Yes Author Candace Nelson 2899 New Hardcover Ships in 1 to 3 days Qty Store 1 Burnside 6 Local Warehouse Receive an email when this ISBN is available used 1 LOCOK 1 LOCOK LOCCancel 1 LOCOK LOCCancel 1 LOCOK 1 LOCOK LOCCancel 1 LOCOK LOCCancel 1 LOCOK 1 LOCOK LOCCancel 1 LOCOK LOCCancel 1 LOCOK 1 LOCOK LOCCancel 1 LOCOK LOCCancel Help Guarantee My Account Careers About Us Security Wish List Partners Contact Us Shipping Transparency ACT MRF Sitemap  2022 POWELLSCOM Terms 1 LOCOK 1 LOCOK LOCCancel 1 LOCOK LOCCancel 1 LOCOK 1 LOCOK LOCCancel 1 LOCOK LOCCancel 1 LOCOK 1 LOCOK LOCCancel 1 LOCOK LOCCancel 1 LOCOK 1 LOCOK LOCCancel 1 LOCOK LOCCancel"}