{"Title": " Coastal Gardening in the Pacific Northwest: From Northern California to British Columbia ", "Author": "Carla Albright", "Cover Page": "https://covers.powells.com/9781589793170.jpg", "ISBN10": "158979317X  \n", "ISBN13": "9781589793170", "Page URL": "https://powells.com/book/coastal-gardening-in-the-pacific-northwest-9781589793170", "raw_text": "Coastal Gardening in the Pacific Northwest From Northern California to British Columbia Carla Albright Trade Paperback 9781589793170 Powells Books Cart   my account  wish list  help  8008787323 Hello\n Login MENU Browse New Arrivals Bestsellers Featured Preorders Award Winners Audio Books See All Subjects Used Staff Picks Staff Picks Picks of the Month Bookseller Displays 50 Books for 50 Years 25 Best 21st Century SciFi  Fantasy 25 PNW Books to Read Before You Die 25 Books From the 21st Century 25 Memoirs to Read Before You Die 25 Global Books to Read Before You Die 25 Women to Read Before You Die 25 Books to Read Before You Die Gifts Gift Cards  eGift Cards Powells Souvenirs Journals and Notebooks socks Games Sell Books Blog Events Find A Store Dont Miss BIG SALE 20 off sitewide Picks of the Season What Im Giving Great Gifts Under 25 Best Books of 2022 Powells Author Events Oregon Battle of the Books Audio Books Visit Our Stores Powells Books 14 Gift Ideas From 14 of Our Favorite Authors 0 comment Every year Powells reaches out to some of our favorite authors for some muchneeded giftgiving inspiration Below are 14 writerapproved recommendations to help you find the perfect book for even your mostdifficulttobuyfor loved one Read More  Powells Staff Best Books of 2022 Fiction 1 comment Kelsey Ford 6 Haunting Native American Horror Books 1 comment 1 LOCOK 1 LOCOK LOCCancel 1 LOCOK LOCCancel Coastal Gardening in the Pacific Northwest From Northern California to British Columbia by Carla Albright Comment on this title Synopses  Reviews ISBN13 9781589793170 ISBN10 158979317X All Product Details View Larger Image View Larger Images 1995 New Trade Paperback Available at a Remote Warehouse Ships separately from other items Additional shipping charges may apply Not available for In Store Pickup More Info Qty Store 20 Remote Warehouse Synopses  Reviews Publisher Comments Part howto guide part workbook and part plant encyclopedia Coastal Gardening in the Pacific Northwest From Northern California to British Columbia is the musthave reference book for both experienced gardeners moving to the coast and novice gardeners currently living near the shore Along with basic information about soil construction plant selection and watering needs Coastal Gardening in the Pacific Northwest includes a workbook that will help you record the unique elements of the coastwind salt spray and sun exposureand design the garden of your dreams Master Gardener Carla Albright provides valuable suggestions for vegetables roses trees shrubs and perennials hearty enough to thrive on the coast as well as plants that are best avoided Tips for choosing plants and controlling disease and insects will help you keep your coastal gardening looking its best Ready for a break Put down your trowel and take a trip to some of the coastal public gardens listed in the travel guide These beautiful gardens will provide you with endless ideas that you can try in your own garden 5 1 What Our Readers Are Saying Share your thoughts on this title Average customer rating 5 1 comments  Rebecca  April 27 2007 An excellent resource for anyone living in the Pacific Northwest Helpful tips and a wealth of information I use it regularly Was this comment helpful  Yes  No 2 of 2 readers found this comment helpful report this\ncomment Product Details ISBN 9781589793170 Binding Trade Paperback Publication date 02282007 Publisher Taylor Trade Publishing Language English Pages 256 Height 47IN Width 702IN Thickness 47 in LCCN 2006032030 Number of Units 1 Copyright Year 2007 UPC Code 2801589793172 Author Carla Albright Subject Northwest pacific Subject Seaside gardening  Northwest Pacific Subject California Northern Subject Coastal plants  Northwest Pacific 1995 New Trade Paperback Available at a Remote Warehouse Ships separately from other items Additional shipping charges may apply Not available for In Store Pickup More Info Qty Store 20 Remote Warehouse Receive an email when this ISBN is available used 1 LOCOK 1 LOCOK LOCCancel 1 LOCOK LOCCancel 1 LOCOK 1 LOCOK LOCCancel 1 LOCOK LOCCancel 1 LOCOK 1 LOCOK LOCCancel 1 LOCOK LOCCancel 1 LOCOK 1 LOCOK LOCCancel 1 LOCOK LOCCancel Help Guarantee My Account Careers About Us Security Wish List Partners Contact Us Shipping Transparency ACT MRF Sitemap  2022 POWELLSCOM Terms 1 LOCOK 1 LOCOK LOCCancel 1 LOCOK LOCCancel 1 LOCOK 1 LOCOK LOCCancel 1 LOCOK LOCCancel 1 LOCOK 1 LOCOK LOCCancel 1 LOCOK LOCCancel 1 LOCOK 1 LOCOK LOCCancel 1 LOCOK LOCCancel"}