{"Title": " Three Bears of the Pacific Northwest ", "Author": "Richard Vaughan", "Cover Page": "https://powells-covers-2.s3.amazonaws.com/9781632170767.jpg", "ISBN10": "1632170760  \n", "ISBN13": "9781632170767", "Page URL": "https://powells.com/book/three-bears-of-the-pacific-northwest-9781632170767", "raw_text": "Three Bears of the Pacific Northwest Crews Marcia and Vaughan Richard and Trammell Jeremiah Other 9781632170767 Powells Books Cart   my account  wish list  help  8008787323 Hello\n Login MENU Browse New Arrivals Bestsellers Featured Preorders Award Winners Audio Books See All Subjects Used Staff Picks Staff Picks Picks of the Month Bookseller Displays 50 Books for 50 Years 25 Best 21st Century SciFi  Fantasy 25 PNW Books to Read Before You Die 25 Books From the 21st Century 25 Memoirs to Read Before You Die 25 Global Books to Read Before You Die 25 Women to Read Before You Die 25 Books to Read Before You Die Gifts Gift Cards  eGift Cards Powells Souvenirs Journals and Notebooks socks Games Sell Books Blog Events Find A Store Dont Miss BIG SALE 20 off sitewide Picks of the Season What Im Giving Great Gifts Under 25 Best Books of 2022 Powells Author Events Oregon Battle of the Books Audio Books Visit Our Stores Powells Books 14 Gift Ideas From 14 of Our Favorite Authors 0 comment Every year Powells reaches out to some of our favorite authors for some muchneeded giftgiving inspiration Below are 14 writerapproved recommendations to help you find the perfect book for even your mostdifficulttobuyfor loved one Read More  Powells Staff Best Books of 2022 Fiction 1 comment Kelsey Ford 6 Haunting Native American Horror Books 1 comment 1 LOCOK 1 LOCOK LOCCancel 1 LOCOK LOCCancel Three Bears of the Pacific Northwest by Richard Vaughan and Marcia Crews and Jeremiah Trammell Comment on this title Synopses  Reviews ISBN13 9781632170767 ISBN10 1632170760 All Product Details View Larger Image View Larger Images 1099 New Board Book Ships in 1 to 3 days Qty Store 3 Burnside 1 Hawthorne From Powellscom Little Locals Journey through the Northwest with some of our favorite regional board books Synopses  Reviews Publisher Comments Based on the bestselling childrens picture book this story follows two bears on a journey to help a little blue bear find his way home in this board book adaption of Three Bears of the Pacific Northwest Jeremiah Trammells vibrant art will delight toddlers as they follow little blue bear on his adventure Review With fantastic backdrops and up close glimpses of our beautiful Cascadian lands Three Bears of the Pacific Northwest  tells a complete and captivating story Wild Tales of Review A very fun and educational adventure Unleashing Readers Review A perfect tale of three bears minus Goldilocks having an adventure through the Cascade mountains and the Salish Sea The Petite Stag About the Author Marcia Crews has written more than 100 childrens books in Australia and the United States She lives in Tacoma WA Richard Vaughan is the author of more than 20 childrens books including Eagle Boy  He lives in San Marcos CA Jeremiah Trammell is an illustrator whose work has appeared in over five childrens books including The Giant Cabbage  He lives in Seattle What Our Readers Are Saying Be the first to share your thoughts on this title Product Details ISBN 9781632170767 Binding Board Book Publication date 08092016 Publisher Little Bigfoot Pages 20 Height 60IN Width 640IN Age Range to 3 Grade Range P to P Illustration Yes Author Marcia Crews Illustrator Jeremiah Trammell Author Richard Vaughan 1099 New Board Book Ships in 1 to 3 days Qty Store 3 Burnside 1 Hawthorne Receive an email when this ISBN is available used 1 LOCOK 1 LOCOK LOCCancel 1 LOCOK LOCCancel 1 LOCOK 1 LOCOK LOCCancel 1 LOCOK LOCCancel 1 LOCOK 1 LOCOK LOCCancel 1 LOCOK LOCCancel 1 LOCOK 1 LOCOK LOCCancel 1 LOCOK LOCCancel Help Guarantee My Account Careers About Us Security Wish List Partners Contact Us Shipping Transparency ACT MRF Sitemap  2022 POWELLSCOM Terms 1 LOCOK 1 LOCOK LOCCancel 1 LOCOK LOCCancel 1 LOCOK 1 LOCOK LOCCancel 1 LOCOK LOCCancel 1 LOCOK 1 LOCOK LOCCancel 1 LOCOK LOCCancel 1 LOCOK 1 LOCOK LOCCancel 1 LOCOK LOCCancel"}