{"Title": " Black Sun (Between Earth and Sky Book 1) ", "Author": "Rebecca Roanhorse", "Cover Page": "https://powells-covers-2.s3.amazonaws.com/9781534437685.jpg", "ISBN10": "1534437681  \n", "ISBN13": "9781534437685", "Page URL": "https://powells.com/book/-9781534437685", "raw_text": "Black Sun Between Earth  Sky Book 1 Rebecca Roanhorse Trade Paperback 9781534437685 Powells Books Cart   my account  wish list  help  8008787323 Hello\n Login MENU Browse New Arrivals Bestsellers Featured Preorders Award Winners Audio Books See All Subjects Used Staff Picks Staff Picks Picks of the Month Bookseller Displays 50 Books for 50 Years 25 Best 21st Century SciFi  Fantasy 25 PNW Books to Read Before You Die 25 Books From the 21st Century 25 Memoirs to Read Before You Die 25 Global Books to Read Before You Die 25 Women to Read Before You Die 25 Books to Read Before You Die Gifts Gift Cards  eGift Cards Powells Souvenirs Journals and Notebooks socks Games Sell Books Blog Events Find A Store Dont Miss BIG SALE 20 off sitewide Picks of the Season What Im Giving Great Gifts Under 25 Best Books of 2022 Powells Author Events Oregon Battle of the Books Audio Books Visit Our Stores Powells Books 14 Gift Ideas From 14 of Our Favorite Authors 0 comment Every year Powells reaches out to some of our favorite authors for some muchneeded giftgiving inspiration Below are 14 writerapproved recommendations to help you find the perfect book for even your mostdifficulttobuyfor loved one Read More  Powells Staff Best Books of 2022 Fiction 1 comment Kelsey Ford 6 Haunting Native American Horror Books 1 comment 1 LOCOK 1 LOCOK LOCCancel 1 LOCOK LOCCancel Black Sun Between Earth and Sky Book 1 by Rebecca Roanhorse Comment on this title Synopses  Reviews ISBN13 9781534437685 ISBN10 1534437681 All Product Details View Larger Image View Larger Images 1799 New Trade Paperback Ships in 1 to 3 days Qty Store 6 Burnside 7 Cedar Hills 4 Hawthorne 20 Local Warehouse Synopses  Reviews Publisher Comments From the New York Times bestselling author of Star Wars Resistance Reborn comes the engrossing and vibrant Tochi Onyebuchi author of Riot Baby  first book in the Between Earth and Sky trilogy inspired by the civilizations of the PreColumbian Americas and woven into a tale of celestial prophecies political intrigue and forbidden magic A god will return When the earth and sky converge Under the black sun In the holy city of Tova the winter solstice is usually a time for celebration and renewal but this year it coincides with a solar eclipse a rare celestial even proscribed by the Sun Priest as an unbalancing of the world Meanwhile a ship launches from a distant city bound for Tova and set to arrive on the solstice The captain of the ship Xiala is a disgraced Teek whose song can calm the waters around her as easily as it can warp a mans mind Her ship carries one passenger Described as harmless the passenger Serapio is a young man blind scarred and cloaked in destiny As Xiala well knows when a man is described as harmless he usually ends up being a villain Crafted with unforgettable characters Rebecca Roanhorse has created a brilliant world that shows the full panoply of human grace and depravity Ken Liu awardwinning author of The Grace of Kings  This epic adventure explores the decadence of power amidst the weight of history and the struggle of individuals swimming against the confines of society and their broken pasts in this absolutely tremendous SA Chakraborty nationally bestselling author of The City of Brass  and most original series debut of the decade Review Readers are in for intricate worldbuilding engrossing adventure and stunning backdrops The Washington Post Review Rebecca Roanhorseis one of the Indigenous novelists reshaping North American science fiction horror and fantasy  genres in which Native writers have long been overlooked The New York Times About the Author Rebecca Roanhorse is the New York Times bestselling author of Trail of Lightning Storm of Locusts Black Sun  and Star Wars Resistance Reborn  She has won the Nebula Hugo and Locus Awards for her fiction and was the recipient of the 2018 Astounding formerly Campbell Award for Best New Writer The next book in her Between Earth and Sky series Fevered Star is out in March 2022 She lives in New Mexico with her family What Our Readers Are Saying Be the first to share your thoughts on this title Product Details ISBN 9781534437685 Binding Trade Paperback Publication date 06292021 Publisher Saga Press Pages 496 Height 130IN Width 600IN Series Between Earth  Sky Book 1 Author Rebecca Roanhorse 1799 New Trade Paperback Ships in 1 to 3 days Qty Store 6 Burnside 7 Cedar Hills 4 Hawthorne 20 Local Warehouse Receive an email when this ISBN is available used 1 LOCOK 1 LOCOK LOCCancel 1 LOCOK LOCCancel 1 LOCOK 1 LOCOK LOCCancel 1 LOCOK LOCCancel 1 LOCOK 1 LOCOK LOCCancel 1 LOCOK LOCCancel 1 LOCOK 1 LOCOK LOCCancel 1 LOCOK LOCCancel Help Guarantee My Account Careers About Us Security Wish List Partners Contact Us Shipping Transparency ACT MRF Sitemap  2022 POWELLSCOM Terms 1 LOCOK 1 LOCOK LOCCancel 1 LOCOK LOCCancel 1 LOCOK 1 LOCOK LOCCancel 1 LOCOK LOCCancel 1 LOCOK 1 LOCOK LOCCancel 1 LOCOK LOCCancel 1 LOCOK 1 LOCOK LOCCancel 1 LOCOK LOCCancel"}