{"Title": " Lady in the Van ", "Author": "Alan Bennett", "Cover Page": "https://powells-covers-2.s3.amazonaws.com/9781781255407.jpg", "ISBN10": "1781255407  \n", "ISBN13": "9781781255407", "Page URL": "https://powells.com/book/lady-in-the-van-9781781255407", "raw_text": "Lady in the Van Alan Bennett Mass Market 9781781255407 Powells Books Cart   my account  wish list  help  8008787323 Hello\n Login MENU Browse New Arrivals Bestsellers Featured Preorders Award Winners Audio Books See All Subjects Used Staff Picks Staff Picks Picks of the Month Bookseller Displays 50 Books for 50 Years 25 Best 21st Century SciFi  Fantasy 25 PNW Books to Read Before You Die 25 Books From the 21st Century 25 Memoirs to Read Before You Die 25 Global Books to Read Before You Die 25 Women to Read Before You Die 25 Books to Read Before You Die Gifts Gift Cards  eGift Cards Powells Souvenirs Journals and Notebooks socks Games Sell Books Blog Events Find A Store Dont Miss BIG SALE 20 off sitewide Picks of the Season What Im Giving Great Gifts Under 25 Best Books of 2022 Powells Author Events Oregon Battle of the Books Audio Books Visit Our Stores Powells Books 14 Gift Ideas From 14 of Our Favorite Authors 0 comment Every year Powells reaches out to some of our favorite authors for some muchneeded giftgiving inspiration Below are 14 writerapproved recommendations to help you find the perfect book for even your mostdifficulttobuyfor loved one Read More  Powells Staff Best Books of 2022 Fiction 1 comment Kelsey Ford 6 Haunting Native American Horror Books 1 comment 1 LOCOK 1 LOCOK LOCCancel 1 LOCOK LOCCancel Lady in the Van by Alan Bennett Comment on this title Synopses  Reviews ISBN13 9781781255407 ISBN10 1781255407 Condition Standard All Product Details View Larger Image View Larger Images 650 List Price 1495 Used Mass Market Ships in 1 to 3 days Qty Store 1 Burnside Synopses  Reviews Synopsis New edition of the classic memoir to tie in with the major new film starring Maggie Smith In 1974 the homeless Miss Shepherd moved her broken down van into Alan Bennetts garden Deeply eccentric and stubborn to her bones Miss Shepherd was not an easy tenant And Bennett despite inviting her in the first place was a reluctant landlord And yet she lived there for fifteen years This account of those years was first published in 1989 in the London Review of Books The play premiered in 1999 directed by Nicholas Hytner and starring Dame Maggie Smith who reprise their roles in this new film adaptation Shot on location at Bennetts house Alex Jennings plays the author alongside household names including Frances de la Tour Jim Broadbent and Dominic Cooper What Our Readers Are Saying Be the first to share your thoughts on this title Product Details ISBN 9781781255407 Binding Mass Market Publication date 10292015 Publisher PROFILE BOOKS Pages 113 Height 50IN Width 430IN Author Alan Bennett 650 List Price 1495 Used Mass Market Ships in 1 to 3 days Qty Store 1 Burnside This title in other editions New Trade Paperback Starting from 1727 1 LOCOK 1 LOCOK LOCCancel 1 LOCOK LOCCancel 1 LOCOK 1 LOCOK LOCCancel 1 LOCOK LOCCancel 1 LOCOK 1 LOCOK LOCCancel 1 LOCOK LOCCancel 1 LOCOK 1 LOCOK LOCCancel 1 LOCOK LOCCancel Help Guarantee My Account Careers About Us Security Wish List Partners Contact Us Shipping Transparency ACT MRF Sitemap  2022 POWELLSCOM Terms 1 LOCOK 1 LOCOK LOCCancel 1 LOCOK LOCCancel 1 LOCOK 1 LOCOK LOCCancel 1 LOCOK LOCCancel 1 LOCOK 1 LOCOK LOCCancel 1 LOCOK LOCCancel 1 LOCOK 1 LOCOK LOCCancel 1 LOCOK LOCCancel"}