{"Title": " Knitting for Radical Self-Care: A Modern Guide ", "Author": "Brandi Cheyenne Harper", "Cover Page": "https://powells-covers-2.s3.amazonaws.com/9781419744884.jpg", "ISBN10": "1419744887  \n", "ISBN13": "9781419744884", "Page URL": "https://powells.com/book/knitting-for-radical-self-care-9781419744884", "raw_text": "Knitting for Radical SelfCare A Modern Guide Brandi Cheyenne Harper Hardcover 9781419744884 Powells Books Cart   my account  wish list  help  8008787323 Hello\n Login MENU Browse New Arrivals Bestsellers Featured Preorders Award Winners Audio Books See All Subjects Used Staff Picks Staff Picks Picks of the Month Bookseller Displays 50 Books for 50 Years 25 Best 21st Century SciFi  Fantasy 25 PNW Books to Read Before You Die 25 Books From the 21st Century 25 Memoirs to Read Before You Die 25 Global Books to Read Before You Die 25 Women to Read Before You Die 25 Books to Read Before You Die Gifts Gift Cards  eGift Cards Powells Souvenirs Journals and Notebooks socks Games Sell Books Blog Events Find A Store Dont Miss BIG SALE 20 off sitewide Picks of the Season What Im Giving Great Gifts Under 25 Best Books of 2022 Powells Author Events Oregon Battle of the Books Audio Books Visit Our Stores Powells Books 14 Gift Ideas From 14 of Our Favorite Authors 0 comment Every year Powells reaches out to some of our favorite authors for some muchneeded giftgiving inspiration Below are 14 writerapproved recommendations to help you find the perfect book for even your mostdifficulttobuyfor loved one Read More  Powells Staff Best Books of 2022 Fiction 1 comment Kelsey Ford 6 Haunting Native American Horror Books 1 comment 1 LOCOK 1 LOCOK LOCCancel 1 LOCOK LOCCancel Knitting for Radical SelfCare A Modern Guide by Brandi Cheyenne Harper Comment on this title Synopses  Reviews ISBN13 9781419744884 ISBN10 1419744887 All Product Details View Larger Image View Larger Images 2499 New Hardcover Ships in 1 to 3 days Qty Store 8 Burnside 1 Cedar Hills 6 Hawthorne 20 Local Warehouse Synopses  Reviews Publisher Comments From knitting expert Brandi Harper a musthave pattern book for modern knitters with essays on selfcare and sourcing creativity There is no such thing as being kindof a knitter  the wobbly scarves and that oversized sweater you tried to shrink all count too Each contribution that you make to the world through knitting is meaningful but maybe youve slowed your commitment to this craft or you cant seem to find the time to be creative Theres a lot to be distracted by and the path forward isnt always clear Brandi Harper aims to bring those challenges to the forefront and help you unearth the immense benefits that knitting has to offer In her debut book Knitting for Radical SelfCare  Harper offers tips and suggestions for carving out time for creativity alongside beautiful patterns to try yourself The book includes ten original patterns inspired by revolutionary women of color and Harper will speak to these women and their immense impact on her life and our world The patterns include detailed instructions alongside her original prose all designed to inspire About the Author Brandi Harper is an upandcoming knitter designer and teacher whose work has been featured on Ravelry and in Vogue Knitting  She has also collaborated with Purl Soho and A Verb for Keeping Warm She lives in Brooklyn What Our Readers Are Saying Be the first to share your thoughts on this title Product Details ISBN 9781419744884 Binding Hardcover Publication date 01042022 Publisher HARRY N ABRAMS INC Pages 160 Author Brandi Cheyenne Harper 2499 New Hardcover Ships in 1 to 3 days Qty Store 8 Burnside 1 Cedar Hills 6 Hawthorne 20 Local Warehouse More copies of this ISBN Used Hardcover 1750 1 LOCOK 1 LOCOK LOCCancel 1 LOCOK LOCCancel 1 LOCOK 1 LOCOK LOCCancel 1 LOCOK LOCCancel 1 LOCOK 1 LOCOK LOCCancel 1 LOCOK LOCCancel 1 LOCOK 1 LOCOK LOCCancel 1 LOCOK LOCCancel Help Guarantee My Account Careers About Us Security Wish List Partners Contact Us Shipping Transparency ACT MRF Sitemap  2022 POWELLSCOM Terms 1 LOCOK 1 LOCOK LOCCancel 1 LOCOK LOCCancel 1 LOCOK 1 LOCOK LOCCancel 1 LOCOK LOCCancel 1 LOCOK 1 LOCOK LOCCancel 1 LOCOK LOCCancel 1 LOCOK 1 LOCOK LOCCancel 1 LOCOK LOCCancel"}