{"Title": " How to Connect (Mindfulness Essentials #8) ", "Author": "Thich Nhat Hanh", "Cover Page": "https://powells-covers-2.s3.amazonaws.com/9781946764546.jpg", "ISBN10": "194676454X  \n", "ISBN13": "9781946764546", "Page URL": "https://powells.com/book/how-to-connect-mindfulness-essentials-8-9781946764546", "raw_text": "How to Connect Thich Nhat Hanh Jason DeAntonis Trade Paperback 9781946764546 Powells Books Cart   my account  wish list  help  8008787323 Hello\n Login MENU Browse New Arrivals Bestsellers Featured Preorders Award Winners Audio Books See All Subjects Used Staff Picks Staff Picks Picks of the Month Bookseller Displays 50 Books for 50 Years 25 Best 21st Century SciFi  Fantasy 25 PNW Books to Read Before You Die 25 Books From the 21st Century 25 Memoirs to Read Before You Die 25 Global Books to Read Before You Die 25 Women to Read Before You Die 25 Books to Read Before You Die Gifts Gift Cards  eGift Cards Powells Souvenirs Journals and Notebooks socks Games Sell Books Blog Events Find A Store Dont Miss BIG SALE 20 off sitewide Picks of the Season What Im Giving Great Gifts Under 25 Best Books of 2022 Powells Author Events Oregon Battle of the Books Audio Books Visit Our Stores Powells Books 14 Gift Ideas From 14 of Our Favorite Authors 0 comment Every year Powells reaches out to some of our favorite authors for some muchneeded giftgiving inspiration Below are 14 writerapproved recommendations to help you find the perfect book for even your mostdifficulttobuyfor loved one Read More  Powells Staff Best Books of 2022 Fiction 1 comment Kelsey Ford 6 Haunting Native American Horror Books 1 comment 1 LOCOK 1 LOCOK LOCCancel 1 LOCOK LOCCancel How to Connect Mindfulness Essentials 8 by Thich Nhat Hanh and Jason DeAntonis Comment on this title Synopses  Reviews ISBN13 9781946764546 ISBN10 194676454X All Product Details View Larger Image View Larger Images 995 New Trade Paperback Ships in 1 to 3 days Qty Store 5 Burnside 1 Cedar Hills 3 Hawthorne 20 Local Warehouse From Powellscom Powells Picks of the Month Hot new releases and undertheradar gems for adults and kids Synopses  Reviews Publisher Comments We can restore our\ninherent connection to nature each other our ancestors and ourselves\nand remember our fundamental gift of belonging The eighth book in the bestselling Mindfulness Essentials series\na backtobasics collection from worldrenowned Zen master Thich Nhat\nHanh that introduces everyone to the essentials of mindfulness practice We are here to awaken from the illusion of our separateness Thich Nhat Hanh With our world experiencing the deep effects of loneliness environmental detachment and digital overload this pocketsized How To book reminds us of our crucial need to connect to\nourselves our ancestors and our planet Written with characteristic\nsimplicity and kindness these wise meditations teach us how to\nremember at any time our fundamental gift of belonging Illustrated with playful sumiink drawings by California artist Jason DeAntonis Review Thich Nhat Hanh shows us the connection between personal inner peace and peace on earth His Holiness the Dalai Lama Review Thich Nhat Hanh is a holy\nman for he is humble and devout He is a scholar of immense\nintellectual capacity His ideas for peace if applied would build a\nmonument to ecumenism to world brotherhood to humanity Dr Martin Luther King Jr Review Thich Nhat Hanhs work on\nand off the page has proven to be the antidote to our modern pain and\nsorrows His books help me be more human more me than I was before Ocean Vuong author of\nOn Earth Were Briefly Gorgeous About the Author Thich Nhat Hanh is one of the most revered Zen teachers in the world today His bestselling books include Be Free Where You Are and Happiness  He lives in Plum Village in southwest France Nhat Hanh has been teaching the art of mindful living for more than 70 years Jason DeAntonis is an awardwinning polymathic Bay Area artist known for his fine carpentry and detailed woodwork He has also worked in sculpture costume design glass blowing painting printmaking and book illustration His work has appeared in Parallax Press books Mindfulness in the Garden and the Mindfulness Essentials series among others He lives in Berkeley California What Our Readers Are Saying Be the first to share your thoughts on this title Product Details ISBN 9781946764546 Binding Trade Paperback Publication date 07282020 Publisher PARALLAX PRESS Series Number 8 Illustrator Jason DeAntonis Author Thich Nhat Hanh 995 New Trade Paperback Ships in 1 to 3 days Qty Store 5 Burnside 1 Cedar Hills 3 Hawthorne 20 Local Warehouse Receive an email when this ISBN is available used 1 LOCOK 1 LOCOK LOCCancel 1 LOCOK LOCCancel 1 LOCOK 1 LOCOK LOCCancel 1 LOCOK LOCCancel 1 LOCOK 1 LOCOK LOCCancel 1 LOCOK LOCCancel 1 LOCOK 1 LOCOK LOCCancel 1 LOCOK LOCCancel Help Guarantee My Account Careers About Us Security Wish List Partners Contact Us Shipping Transparency ACT MRF Sitemap  2022 POWELLSCOM Terms 1 LOCOK 1 LOCOK LOCCancel 1 LOCOK LOCCancel 1 LOCOK 1 LOCOK LOCCancel 1 LOCOK LOCCancel 1 LOCOK 1 LOCOK LOCCancel 1 LOCOK LOCCancel 1 LOCOK 1 LOCOK LOCCancel 1 LOCOK LOCCancel"}