{"Title": " The Louvre: All the Paintings ", "Author": "Grebe, Anja", "Cover Page": "https://powells-covers-2.s3.amazonaws.com/9781579128869.jpg", "ISBN10": "1579128866  \n", "ISBN13": "9781579128869", "Page URL": "https://powells.com/book/the-louvre-9781579128869", "raw_text": "Louvre All the Paintings Erich Lessing Anja Grebe Vincent Pomar De Hardcover 9781579128869 Powells Books Cart   my account  wish list  help  8008787323 Hello\n Login MENU Browse New Arrivals Bestsellers Featured Preorders Award Winners Audio Books See All Subjects Used Staff Picks Staff Picks Picks of the Month Bookseller Displays 50 Books for 50 Years 25 Best 21st Century SciFi  Fantasy 25 PNW Books to Read Before You Die 25 Books From the 21st Century 25 Memoirs to Read Before You Die 25 Global Books to Read Before You Die 25 Women to Read Before You Die 25 Books to Read Before You Die Gifts Gift Cards  eGift Cards Powells Souvenirs Journals and Notebooks socks Games Sell Books Blog Events Find A Store Dont Miss BIG SALE 20 off sitewide Picks of the Season What Im Giving Great Gifts Under 25 Best Books of 2022 Powells Author Events Oregon Battle of the Books Audio Books Visit Our Stores Powells Books 14 Gift Ideas From 14 of Our Favorite Authors 0 comment Every year Powells reaches out to some of our favorite authors for some muchneeded giftgiving inspiration Below are 14 writerapproved recommendations to help you find the perfect book for even your mostdifficulttobuyfor loved one Read More  Powells Staff Best Books of 2022 Fiction 1 comment Kelsey Ford 6 Haunting Native American Horror Books 1 comment 1 LOCOK 1 LOCOK LOCCancel 1 LOCOK LOCCancel The Louvre All the Paintings by Grebe Anja Comment on this title Synopses  Reviews View Video ISBN13 9781579128869 ISBN10 1579128866 Condition Standard DustJacket Standard Accompanying Material Missing All Product Details View Larger Image View Larger Images 5000 List Price 7500 Used Hardcover Ships in 1 to 3 days Qty Store 1 Burnside Synopses  Reviews Publisher Comments An historic publishing event Endorsed by the Louvre and for the first time ever every painting from the worlds most popular museum is available in one stunning book All 3022 paintings on display in the permanent painting collection of the Louvre are presented in full color in this striking slipcased book The Louvre is the worlds most visited art museum with 85 million visitors annually and houses the most celebrated and important paintings of all time For the first time ever The Louvre All the Paintings collects all 3022 paintings currently on display in the permanent collection in one beautifully curated volumeOrganized and divided into the four main painting collections of the museum the Italian School the Northern School the Spanish School and the French School the paintings are then presented chronologically by the artists date of birthFour hundred of the most iconic and significant paintings are illuminated with 300word discussions by art historians Anja Grebe and Vincent Pomar\u00e8de on the key attributes of the work what to look for when viewing the painting the artists inspirations and techniques biographical information on the artist the artists impact on the history of art and more All 3022 paintings are fully annotated with the name of the painting and artist the date of the work the birth and death dates of the artist the medium that was used the size of the painting the Louvre catalog number and the room in the Louvre in which the painting is found The DVDROM is easily browsable by artist date school art historical genre or location in the Louvre This last feature allows readers to tour the Louvre and its contents room by room as if they were actually walking through the building DVDROM System Requirements DVDROM runs on a PC Windows 2000XP or later and MAC OSX 1048 or later running the following browser software Internet Explorer 7 or 8 Firefox 36 and above or Safari 50 and above Synopsis Since first opening its doors in 1793 the Louvre has become one of the largest and most famous museums in the world and with 83 million visitors per year it is also the most visited Louvre 400 Masterpieces showcases a selection of works from this great institution from the most famous  the Venus de Milo and Mona Lisa  to lesserknown gems With a foreword by the institutions director Henri Loyrette the book is organized according to the museums eight departments Near Eastern Antiquities Egyptian Antiquities Greek Etruscan and Roman Antiquities Islamic Art Sculptures Decorative Arts Paintings and Prints and Drawings The ninth and final chapter tells the history of this one time imperial palace as seen through its architecture With its appealing format and carefully selected images many newly photographed Louvre 400 Masterpieces is the perfect book for museum visitors art lovers and Francophiles Synopsis A historic publishing event For the first time ever all 3022 paintings from the worlds most popular museum are collected into a striking slipcased book and DVDROM set From the Da Vincis Mona Lisa to Vermeers The Lacemaker  the Louvre houses many of the most celebrated and important paintings of all time The Louvre All the Paintings allows you to view every painting currently on display in the permanent collection of the museum from your home Organized and divided into the four main painting collections of the museumthe Italian School the Northern School the Spanish School and the French Schoolthe paintings are then presented chronologically by the artists date of birth Four hundred of the most iconic and significant paintings are illuminated with 300word discussions by art historians Anja Grebe and Vincent Pomar on the key attributes of the work what to look for when viewing the painting the artists inspirations and techniques biographical information on the artist the artists impact on the history of art and more The DVDROM is easily browsable by artist date school art historical genre or location in the Louvre This last feature allows readers to tour the Louvre and its contents room by room as if they were actually walking through the building DVDROM System Requirements DVDROM runs on a PC Windows 2000XP or later and MAC OSX 1048 or later running the following browser software Internet Explorer 7 or 8 Firefox 36 and above or Safari 50 and above Description Please note that used and sale books may not include additional media study guides CDs DVDs solutions manuals etc as described in the publisher comments Video About the Author Vincent Pomar\u00e9de has been the General Curator and Director of the Painting Department at the Louvre since 2003 He was previously the Director of the Mus\u00e9e des Beauxarts de Lyon and the deputy to the director of conservation at the Inspectorate General of Listed and Controlled Museums He is also the author of numerous books including most recently Delacroix Liberty Leading the People 2004 1001 Paintings of the Louvre 2005  and Corot Memory of Mortefontaine 2010  Erich Lessing has been documenting the culture and fine arts of Europe and the Near East for more than fifty years He is arguably todays leading independent photographer of the arts in the Western World He created the Erich Lessing Culture and Fine Arts Archive which is an extensive image library featuring over 40000 high resolution images from over 500 museums and private collections throughout the world including a thorough coverage of such institutions as The Louvre and the Mus\u00e9e dOrsay in Paris the Kunsthistorisches Museum in Vienna the Uffizi in Florence the Pinacoteca di Brera in Milan the Prado in Madrid and many more Having worked as a photographer all over the world for more than six decades he has published more than 40 books with his art photography He lives in Vienna and travels regularly to Paris and other art capitals of the world Anja Grebe teaches Art History at the University of ErlangenNurembergGermany She is taking part in numerous international research projects and exhibitions and has published extensively on medieval and modern art history Her most recent publications include a history of book illumination and a biography of Albrecht D\u00fcrer She lives in Erlangen Germany Henri Loyrette has been the President and Director of the Mus\u00e9e du Louvre since April 2001 Prior to his appointment at the Louvre Loyrette served as Director of the Mus\u00e9e dOrsay from 1994 to 2001 and Curator at the Mus\u00e9e dOrsay from 1978 to 1999 With a masters degree in history Loyrette was a scholar at the French Academy in Rome from 1975 to 1977 A member of the Acad\u00e9mie des BeauxArts since 1997 Loyrette is also a trustee of the Soci\u00e9t\u00e9 de lHistoire de lArt Francais and Cit\u00e9 de la Musique What Our Readers Are Saying Be the first to share your thoughts on this title Product Details ISBN 9781579128869 Binding Hardcover Publication date 11152011 Publisher RUNNING PRESS Accompanying Material DVD Pages 784 Height 240IN Width 1100IN Thickness 250 Illustration Yes Copyright Year 2011 Author Erich Lessing Author Anja Grebe Oth Henri Loyrette Oth Vincent Pomarede Author Vincent Pomar De  Vincent Pomaraede Subject ArchitectureArchitects Subject ArtMuseums and Collections Subject ART  Collections Catalogs Exhibitions 5000 List Price 7500 Used Hardcover Ships in 1 to 3 days Qty Store 1 Burnside More copies of this ISBN New Hardcover 7500 Used Hardcover 6000 1 LOCOK 1 LOCOK LOCCancel 1 LOCOK LOCCancel 1 LOCOK 1 LOCOK LOCCancel 1 LOCOK LOCCancel 1 LOCOK 1 LOCOK LOCCancel 1 LOCOK LOCCancel 1 LOCOK 1 LOCOK LOCCancel 1 LOCOK LOCCancel Help Guarantee My Account Careers About Us Security Wish List Partners Contact Us Shipping Transparency ACT MRF Sitemap  2022 POWELLSCOM Terms 1 LOCOK 1 LOCOK LOCCancel 1 LOCOK LOCCancel 1 LOCOK 1 LOCOK LOCCancel 1 LOCOK LOCCancel 1 LOCOK 1 LOCOK LOCCancel 1 LOCOK LOCCancel 1 LOCOK 1 LOCOK LOCCancel 1 LOCOK LOCCancel"}