{"Title": " Teenage Mutant Ninja Turtles The Ultimate Collection Volume 3 ", "Author": "Kevin Eastman, Peter Laird, Eric Talbot", "Cover Page": "https://powells-covers-2.s3.amazonaws.com/9781684053308.jpg", "ISBN10": "1684053307  \n", "ISBN13": "9781684053308", "Page URL": "https://www.powells.com/book/teenage-mutant-ninja-turtles-the-ultimate-collection-volume-3-9781684053308", "raw_text": "Teenage Mutant Ninja Turtles The Ultimate Collection Vol 3 Kevin B Eastman Trade Paperback 9781684053308 Powells Books Cart   my account  wish list  help  8008787323 Hello\n Login MENU Browse New Arrivals Bestsellers Featured Preorders Award Winners Audio Books See All Subjects Used Staff Picks Staff Picks Picks of the Month Bookseller Displays 50 Books for 50 Years 25 Best 21st Century SciFi  Fantasy 25 PNW Books to Read Before You Die 25 Books From the 21st Century 25 Memoirs to Read Before You Die 25 Global Books to Read Before You Die 25 Women to Read Before You Die 25 Books to Read Before You Die Gifts Gift Cards  eGift Cards Powells Souvenirs Journals and Notebooks socks Games Sell Books Blog Events Find A Store Dont Miss BIG SALE 20 off sitewide Picks of the Season What Im Giving Great Gifts Under 25 Best Books of 2022 Powells Author Events Oregon Battle of the Books Audio Books Visit Our Stores Powells Books 14 Gift Ideas From 14 of Our Favorite Authors 0 comment Every year Powells reaches out to some of our favorite authors for some muchneeded giftgiving inspiration Below are 14 writerapproved recommendations to help you find the perfect book for even your mostdifficulttobuyfor loved one Read More  Powells Staff Best Books of 2022 Fiction 1 comment Kelsey Ford 6 Haunting Native American Horror Books 1 comment 1 LOCOK 1 LOCOK LOCCancel 1 LOCOK LOCCancel Teenage Mutant Ninja Turtles The Ultimate Collection Volume 3 by Kevin Eastman Peter Laird Eric Talbot Comment on this title Synopses  Reviews ISBN13 9781684053308 ISBN10 1684053307 All Product Details View Larger Image View Larger Images 2999 New Trade Paperback Available at a Remote Warehouse Ships separately from other items Additional shipping charges may apply Not available for In Store Pickup More Info Qty Store 17 Remote Warehouse Staff Pick Sometimes you just want to laugh and remember why its all good eat pizza with pals and say cowabunga If nows not that time you know where to find these renaissance turtles and their sage pops Splinter Recommended By Dana S Powellscom Synopses  Reviews Synopsis A thorough look back at the TMNTs comic book origins with their first stories plus insightful annotations from cocreators Kevin Eastman and Peter Laird Rediscover the underground roots of Teenage Mutant Ninja Turtles  with this special collection of Mirage Studios issues 12 14 15 17 and 1921 including the stories Survivalists The Unmentionables Dome Doom and the multipart Return to New York With over 280 pages of mutatedmartial arts action along with annotations following each issue this volume is perfect for fans to relive the glorious days of the Turtles origins as well as an excellent place for new readers to see where the TMNT phenomenon began What Our Readers Are Saying Be the first to share your thoughts on this title Product Details ISBN 9781684053308 Binding Trade Paperback Publication date 10022018 Publisher IDW PUBLISHING Series info Teenage Mutant Ninja Turtles Pages 292 Height 90IN Width 760IN LCCN False Series Number 3 Age Range 13 to 17 Grade Range 8 to 12 Illustration Yes  Eric Talbot Author Kevin Eastman Author Eric Talbot Author Peter Laird 2999 New Trade Paperback Available at a Remote Warehouse Ships separately from other items Additional shipping charges may apply Not available for In Store Pickup More Info Qty Store 17 Remote Warehouse Receive an email when this ISBN is available used 1 LOCOK 1 LOCOK LOCCancel 1 LOCOK LOCCancel 1 LOCOK 1 LOCOK LOCCancel 1 LOCOK LOCCancel 1 LOCOK 1 LOCOK LOCCancel 1 LOCOK LOCCancel 1 LOCOK 1 LOCOK LOCCancel 1 LOCOK LOCCancel Help Guarantee My Account Careers About Us Security Wish List Partners Contact Us Shipping Transparency ACT MRF Sitemap  2022 POWELLSCOM Terms 1 LOCOK 1 LOCOK LOCCancel 1 LOCOK LOCCancel 1 LOCOK 1 LOCOK LOCCancel 1 LOCOK LOCCancel 1 LOCOK 1 LOCOK LOCCancel 1 LOCOK LOCCancel 1 LOCOK 1 LOCOK LOCCancel 1 LOCOK LOCCancel"}