{"Title": " Ann Lovejoy Handbook Of Northwest Garden 1st Edition ", "Author": "Ann Lovejoy", "Cover Page": "https://covers.powells.com/9781570611988.jpg", "ISBN10": "157061198X  \n", "ISBN13": "9781570611988", "Page URL": "https://powells.com/book/ann-lovejoy-handbook-of-northwest-garden-1st-edition-9781570611988", "raw_text": "Ann Lovejoy Handbook Of Northwest Garden 1st Edition Ann Lovejoy Trade Paperback 9781570611988 Powells Books Cart   my account  wish list  help  8008787323 Hello\n Login MENU Browse New Arrivals Bestsellers Featured Preorders Award Winners Audio Books See All Subjects Used Staff Picks Staff Picks Picks of the Month Bookseller Displays 50 Books for 50 Years 25 Best 21st Century SciFi  Fantasy 25 PNW Books to Read Before You Die 25 Books From the 21st Century 25 Memoirs to Read Before You Die 25 Global Books to Read Before You Die 25 Women to Read Before You Die 25 Books to Read Before You Die Gifts Gift Cards  eGift Cards Powells Souvenirs Journals and Notebooks socks Games Sell Books Blog Events Find A Store Dont Miss BIG SALE 20 off sitewide Picks of the Season What Im Giving Great Gifts Under 25 Best Books of 2022 Powells Author Events Oregon Battle of the Books Audio Books Visit Our Stores Powells Books 14 Gift Ideas From 14 of Our Favorite Authors 0 comment Every year Powells reaches out to some of our favorite authors for some muchneeded giftgiving inspiration Below are 14 writerapproved recommendations to help you find the perfect book for even your mostdifficulttobuyfor loved one Read More  Powells Staff Best Books of 2022 Fiction 1 comment Kelsey Ford 6 Haunting Native American Horror Books 1 comment 1 LOCOK 1 LOCOK LOCCancel 1 LOCOK LOCCancel Ann Lovejoy Handbook Of Northwest Garden 1st Edition by Ann Lovejoy Comment on this title Synopses  Reviews ISBN13 9781570611988 ISBN10 157061198X Condition Standard All Product Details View Larger Image View Larger Images 1395 List Price 2795 Used Trade Paperback Ships in 1 to 3 days Qty Store 1 Burnside 1 Cedar Hills Synopses  Reviews Synopsis In her latest book Ann Lovejoy covers every corner of natural gardening in the Pacific Northwest All the steps are here in detail from landscaping and design to soil prep and planting beds She explains organic approaches to ground covers lawns shrubs trees and more all with an eye to building a beautiful and sustainable garden thats friendly to people pets and wildlife and that flourishes without chemical fertilizers and pest controls 100 color photographs enhance this complete and practical manual of ornamental gardening What Our Readers Are Saying Be the first to share your thoughts on this title Product Details ISBN 9781570611988 Binding Trade Paperback Publication date 10012003 Publisher SASQUATCH BOOKS Edition 1ED Pages 416 Height 900 Width 600 Number of Units 1 Series Volume v 4 UPC Code 2801570611980 Photographer Janet Loughrey Author Janet Loughrey Author Ann Lovejoy Subject Natural landscaping Subject GARDENING  RegionalGeneral Subject Organic gardening 1395 List Price 2795 Used Trade Paperback Ships in 1 to 3 days Qty Store 1 Burnside 1 Cedar Hills More copies of this ISBN Used Trade Paperback 995 1 LOCOK 1 LOCOK LOCCancel 1 LOCOK LOCCancel 1 LOCOK 1 LOCOK LOCCancel 1 LOCOK LOCCancel 1 LOCOK 1 LOCOK LOCCancel 1 LOCOK LOCCancel 1 LOCOK 1 LOCOK LOCCancel 1 LOCOK LOCCancel Help Guarantee My Account Careers About Us Security Wish List Partners Contact Us Shipping Transparency ACT MRF Sitemap  2022 POWELLSCOM Terms 1 LOCOK 1 LOCOK LOCCancel 1 LOCOK LOCCancel 1 LOCOK 1 LOCOK LOCCancel 1 LOCOK LOCCancel 1 LOCOK 1 LOCOK LOCCancel 1 LOCOK LOCCancel 1 LOCOK 1 LOCOK LOCCancel 1 LOCOK LOCCancel"}