{"Title": " German Short Stories for Beginners 20 Captivating Short Stories to Learn German & Grow Your Vocabulary the Fun Way ", "Author": "Lingo Mastery", "Cover Page": "https://powells-covers-2.s3.amazonaws.com/9781797643267.jpg", "ISBN10": "1797643266  \n", "ISBN13": "9781797643267", "Page URL": "https://powells.com/book/german-short-stories-for-beginners-20-captivating-short-stories-to-learn-german-grow-your-vocabulary-the-fun-way-9781797643267", "raw_text": "German Short Stories For Beginners 20 Captivating Short Stories To Learn German  Grow Your Vocabulary The Fun Way Lingo Mastery Trade Paperback 9781797643267 Powells Books Cart   my account  wish list  help  8008787323 Hello\n Login MENU Browse New Arrivals Bestsellers Featured Preorders Award Winners Audio Books See All Subjects Used Staff Picks Staff Picks Picks of the Month Bookseller Displays 50 Books for 50 Years 25 Best 21st Century SciFi  Fantasy 25 PNW Books to Read Before You Die 25 Books From the 21st Century 25 Memoirs to Read Before You Die 25 Global Books to Read Before You Die 25 Women to Read Before You Die 25 Books to Read Before You Die Gifts Gift Cards  eGift Cards Powells Souvenirs Journals and Notebooks socks Games Sell Books Blog Events Find A Store Dont Miss BIG SALE 20 off sitewide Picks of the Season What Im Giving Great Gifts Under 25 Best Books of 2022 Powells Author Events Oregon Battle of the Books Audio Books Visit Our Stores Powells Books 14 Gift Ideas From 14 of Our Favorite Authors 0 comment Every year Powells reaches out to some of our favorite authors for some muchneeded giftgiving inspiration Below are 14 writerapproved recommendations to help you find the perfect book for even your mostdifficulttobuyfor loved one Read More  Powells Staff Best Books of 2022 Fiction 1 comment Kelsey Ford 6 Haunting Native American Horror Books 1 comment 1 LOCOK 1 LOCOK LOCCancel 1 LOCOK LOCCancel German Short Stories for Beginners 20 Captivating Short Stories to Learn German  Grow Your Vocabulary the Fun Way by Lingo Mastery Comment on this title Synopses  Reviews ISBN13 9781797643267 ISBN10 1797643266 All Product Details View Larger Image View Larger Images 1495 New Trade Paperback Available at a Remote Warehouse Ships separately from other items Additional shipping charges may apply Not available for In Store Pickup More Info Qty Store 20 Remote Warehouse Synopses  Reviews Synopsis Do you know what the hardest thing for a German learner is Finding PROPER reading material that they can handlewhich is precisely the reason weve written this book Teachers love giving out tough expertlevel literature to their students books that present many new problems to the reader and force them to search for words in a dictionary every five minutes  its not entertaining useful or motivating for the student at all and many soon give up on learning at all In this book we have compiled 20 easytoread compelling and fun stories that will allow you to expand your vocabulary and give you the tools to improve your grasp of the wonderful German tongue How German Short Stories for Beginners works Each story is interesting and entertaining with realistic dialogues and daytoday situations The summaries follow a synopsis in German and in English of what you just read both to review the lesson and for you to see if you understood what the tale was about At the end of those summaries youll be provided with a list of the most relevant vocabulary involved in the lesson as well as slang and sayings that you may not have understood at first glance Finally youll be provided with a set of tricky questions in German providing you with the chance to prove that you learned something in the story Dont worry if you dont know the answer to any  we will provide them immediately after but no cheating We want you to feel comfortable while learning the tongue after all no language should be a barrier for you to travel around the world and expand your social circles So look no further Pick up your copy of German Short Stories for Beginners and start learning German right now This book has been written by a native German author and is recommended for A2 level learners What Our Readers Are Saying Be the first to share your thoughts on this title Product Details ISBN 9781797643267 Binding Trade Paperback Publication date 02202019 Publisher Independently Published Series info Easy German Stories Pages 168 Height 36IN Width 598IN Series Number 1 Author Lingo Mastery 1495 New Trade Paperback Available at a Remote Warehouse Ships separately from other items Additional shipping charges may apply Not available for In Store Pickup More Info Qty Store 20 Remote Warehouse Receive an email when this ISBN is available used 1 LOCOK 1 LOCOK LOCCancel 1 LOCOK LOCCancel 1 LOCOK 1 LOCOK LOCCancel 1 LOCOK LOCCancel 1 LOCOK 1 LOCOK LOCCancel 1 LOCOK LOCCancel 1 LOCOK 1 LOCOK LOCCancel 1 LOCOK LOCCancel Help Guarantee My Account Careers About Us Security Wish List Partners Contact Us Shipping Transparency ACT MRF Sitemap  2022 POWELLSCOM Terms 1 LOCOK 1 LOCOK LOCCancel 1 LOCOK LOCCancel 1 LOCOK 1 LOCOK LOCCancel 1 LOCOK LOCCancel 1 LOCOK 1 LOCOK LOCCancel 1 LOCOK LOCCancel 1 LOCOK 1 LOCOK LOCCancel 1 LOCOK LOCCancel"}