{"Title": " Rebels at Sea Privateering in the American Revolution ", "Author": "Eric Jay Dolin", "Cover Page": "https://powells-covers-2.s3.amazonaws.com/9781631498251.jpg", "ISBN10": "1631498258  \n", "ISBN13": "9781631498251", "Page URL": "https://powells.com/book/rebels-at-sea-privateering-in-the-american-revolution-9781631498251", "raw_text": "Rebels at Sea Privateering in the American Revolution Eric Jay Dolin Hardcover 9781631498251 Powells Books Cart   my account  wish list  help  8008787323 Hello\n Login MENU Browse New Arrivals Bestsellers Featured Preorders Award Winners Audio Books See All Subjects Used Staff Picks Staff Picks Picks of the Month Bookseller Displays 50 Books for 50 Years 25 Best 21st Century SciFi  Fantasy 25 PNW Books to Read Before You Die 25 Books From the 21st Century 25 Memoirs to Read Before You Die 25 Global Books to Read Before You Die 25 Women to Read Before You Die 25 Books to Read Before You Die Gifts Gift Cards  eGift Cards Powells Souvenirs Journals and Notebooks socks Games Sell Books Blog Events Find A Store Dont Miss BIG SALE 20 off sitewide Picks of the Season What Im Giving Great Gifts Under 25 Best Books of 2022 Powells Author Events Oregon Battle of the Books Audio Books Visit Our Stores Powells Books 14 Gift Ideas From 14 of Our Favorite Authors 0 comment Every year Powells reaches out to some of our favorite authors for some muchneeded giftgiving inspiration Below are 14 writerapproved recommendations to help you find the perfect book for even your mostdifficulttobuyfor loved one Read More  Powells Staff Best Books of 2022 Fiction 1 comment Kelsey Ford 6 Haunting Native American Horror Books 1 comment 1 LOCOK 1 LOCOK LOCCancel 1 LOCOK LOCCancel Rebels at Sea Privateering in the American Revolution by Eric Jay Dolin Comment on this title Synopses  Reviews ISBN13 9781631498251 ISBN10 1631498258 All Product Details View Larger Image View Larger Images 3250 New Hardcover Ships in 1 to 3 days Qty Store 8 Burnside 1 Cedar Hills 3 Hawthorne 13 Local Warehouse Synopses  Reviews Synopsis The heroic story of the founding of the US Navy during the Revolution has been told before yet missing from most maritime histories of Americas first war is the ragtag fleet of private vessels from 20foot whaleboats to 40cannon menofwar that truly revealed the new nations characterabove all its ambition and entrepreneurial ethos In Rebels at Sea  bestselling historian Eric Jay Dolin corrects that significant omission and contends that privateers though often seen as profiteers at best and pirates at worst were in fact critical to the Revolutions outcome Armed with cannons swivel guns muskets and pikesas well as government documents granting them the right to seize enemy shipsthousands of privateers tormented the British on the broad Atlantic and in bays and harbors on both sides of the ocean Abounding with tales of daring maneuvers and deadly encounters Rebels at Sea presents the American Revolution as we have rarely seen it before Synopsis The heroic story of the founding of the US Navy during the Revolution has been told many times yet largely missing from maritime histories of Americas first war is the ragtag fleet of private vessels that truly revealed the new nations characterabove all its ambition and entrepreneurial ethos In Rebels at Sea  bestselling historian Eric Jay Dolin corrects that significant omission and contends that privateers as they were called were in fact critical to the American victory Privateers were privately owned vessels mostly refitted merchant ships that were granted permission by the new government to seize British merchantmen and men of war As Dolin stirringly demonstrates at a time when the young Continental Navy numbered no more than about sixty vessels all told privateers rushed to fill the gaps Nearly 2000 set sail over the course of the war with tens of thousands of Americans serving on them and capturing some 1800 British ships Privateers came in all shapes and sizes from twentyfive foot long whaleboats to fullrigged ships more than 100 feet long Bristling with cannons swivel guns muskets and pikes they tormented their foes on the broad Atlantic and in bays and harbors on both sides of the ocean The men who owned the ships as well as their captains and crew would divide the profits of a successful cruiseand suffer all the more if their ship was captured or sunk with privateersmen facing hellish conditions on British prison hulks where they were treated not as enemy combatants but as pirates Some Americans viewed them similarly as cynical opportunists whose only aim was loot Yet Dolin shows that privateersmen were as patriotic as their fellow Americans and moreover that they greatly contributed to the wars success diverting critical British resources to protecting their shipping playing a key role in bringing France into the war on the side of the United States providing muchneeded supplies at home and bolstering the new nations confidence that it might actually defeat the most powerful military force in the world Creating an entirely new pantheon of Revolutionary heroes Dolin reclaims such forgotten privateersmen as Captain Jonathan Haraden and Lieutenant William Gray putting their exploits and sacrifices at the very center of the conflict Abounding in tales of daring maneuvers and deadly encounters Rebels at Sea presents this nations first war as we have rarely seen it before What Our Readers Are Saying Be the first to share your thoughts on this title Product Details ISBN 9781631498251 Binding Hardcover Publication date 05312022 Publisher W W NORTON  CO Pages 352 Height 116IN Width 650IN Illustration Yes Author Eric Jay Dolin 3250 New Hardcover Ships in 1 to 3 days Qty Store 8 Burnside 1 Cedar Hills 3 Hawthorne 13 Local Warehouse Receive an email when this ISBN is available used 1 LOCOK 1 LOCOK LOCCancel 1 LOCOK LOCCancel 1 LOCOK 1 LOCOK LOCCancel 1 LOCOK LOCCancel 1 LOCOK 1 LOCOK LOCCancel 1 LOCOK LOCCancel 1 LOCOK 1 LOCOK LOCCancel 1 LOCOK LOCCancel Help Guarantee My Account Careers About Us Security Wish List Partners Contact Us Shipping Transparency ACT MRF Sitemap  2022 POWELLSCOM Terms 1 LOCOK 1 LOCOK LOCCancel 1 LOCOK LOCCancel 1 LOCOK 1 LOCOK LOCCancel 1 LOCOK LOCCancel 1 LOCOK 1 LOCOK LOCCancel 1 LOCOK LOCCancel 1 LOCOK 1 LOCOK LOCCancel 1 LOCOK LOCCancel"}