{"Title": " Spear ", "Author": "Nicola Griffith", "Cover Page": "https://powells-covers-2.s3.amazonaws.com/9781250819321.jpg", "ISBN10": "1250819326  \n", "ISBN13": "9781250819321", "Page URL": "https://powells.com/book/spear-9781250819321", "raw_text": "Spear Nicola Griffith Hardcover 9781250819321 Powells Books Cart   my account  wish list  help  8008787323 Hello\n Login MENU Browse New Arrivals Bestsellers Featured Preorders Award Winners Audio Books See All Subjects Used Staff Picks Staff Picks Picks of the Month Bookseller Displays 50 Books for 50 Years 25 Best 21st Century SciFi  Fantasy 25 PNW Books to Read Before You Die 25 Books From the 21st Century 25 Memoirs to Read Before You Die 25 Global Books to Read Before You Die 25 Women to Read Before You Die 25 Books to Read Before You Die Gifts Gift Cards  eGift Cards Powells Souvenirs Journals and Notebooks socks Games Sell Books Blog Events Find A Store Dont Miss BIG SALE 20 off sitewide Picks of the Season What Im Giving Great Gifts Under 25 Best Books of 2022 Powells Author Events Oregon Battle of the Books Audio Books Visit Our Stores Powells Books 14 Gift Ideas From 14 of Our Favorite Authors 0 comment Every year Powells reaches out to some of our favorite authors for some muchneeded giftgiving inspiration Below are 14 writerapproved recommendations to help you find the perfect book for even your mostdifficulttobuyfor loved one Read More  Powells Staff Best Books of 2022 Fiction 1 comment Kelsey Ford 6 Haunting Native American Horror Books 1 comment 1 LOCOK 1 LOCOK LOCCancel 1 LOCOK LOCCancel Spear by Nicola Griffith Comment on this title Synopses  Reviews ISBN13 9781250819321 ISBN10 1250819326 All Product Details View Larger Image View Larger Images 1999 New Hardcover Ships in 1 to 3 days Qty Store 3 Burnside 3 Cedar Hills 9 Hawthorne 5 Local Warehouse From Powellscom Powells Picks of the Month Hot new releases and undertheradar gems for adults and kids Synopses  Reviews Publisher Comments Spectacular  Ive been waiting years for this book to exist Maria Dahvana Headley author of Beowulf A New Translation If Le Guin wrote a Camelot story I imagine it would feel like Spear  humane intelligent and deeply beautiful Its a new story with very old bones a strange place that feels like home Alix E Harrow author of A Spindle Splintered She left all she knew to find who she could be    She grows up in the wild wood in a cave with her mother but visions of a faraway lake drift to her on the spring breeze scented with promise And when she hears a traveler speak of Artos king of Caer Leon she decides her future lies at his court So brimming with magic and eager to test her strength she breaks her covenant with her mother and sets out on her bony gelding for Caer Leon With her stolen hunting spear and mended armour she is an unlikely hero not a chosen one but one who forges her own bright path Aflame with determination she begins a journey of magic and mystery love lust and fights to death On her adventures she will steal the hearts of beautiful women fight warriors and sorcerers and make a place to call home The legendary author of Hild returns with an unforgettable hero and a queer Arthurian masterpiece for the modern era Nicola Griffiths Spear is a spellbinding vision of the Camelot weve longed for a Camelot that belongs to us all Review Nicola Griffith braids the Percival tales to her own ferocious imagination and the results are spellbinding Her novel is a reclamation of the touchstones of Arthurian myth  skewering received notions with the sharp point of her pen If that sounds too theoretical let me also say that its a screamingly hot canonqueering epic filled with bloody battles and worldshaking magic Spear is an unprecedented and spectacular investigation of the Matter of Britain Ive been waiting years for this book about the once and future everyone else to exist Maria Dahvana Headley author of The Mere Wife and Beowulf A New Translation Review A mesmerizing tale that manages to be both epic and immersive in a short intimate span Spear gives us a vivid hero a daring quest and a cleareyed reimaging of Arthurian legend Malka Older author of State Tectonics Review This fresh emotionally immediate queer spin on the medieval tale of Percival and the Holy Grail reaffirms Griffith as a consummate storyteller Publishers Weekly About the Author Nicola Griffith sheher is a dual UKUS citizen living in Seattle She is the author of awardwinning novels including Hild and Ammonite  and her shorter work has appeared in Nature New Scientist New York Times  etc She is the founder and cohost of CripLit holds a PhD from Anglia Ruskin University and enjoys a ferocious bout of wheelchair boxing She is married to novelist and screenwriter Kelley Eskridge What Our Readers Are Saying Be the first to share your thoughts on this title Product Details ISBN 9781250819321 Binding Hardcover Publication date 04192022 Publisher TORDOTCOM Pages 192 Author Nicola Griffith 1999 New Hardcover Ships in 1 to 3 days Qty Store 3 Burnside 3 Cedar Hills 9 Hawthorne 5 Local Warehouse Receive an email when this ISBN is available used 1 LOCOK 1 LOCOK LOCCancel 1 LOCOK LOCCancel 1 LOCOK 1 LOCOK LOCCancel 1 LOCOK LOCCancel 1 LOCOK 1 LOCOK LOCCancel 1 LOCOK LOCCancel 1 LOCOK 1 LOCOK LOCCancel 1 LOCOK LOCCancel Help Guarantee My Account Careers About Us Security Wish List Partners Contact Us Shipping Transparency ACT MRF Sitemap  2022 POWELLSCOM Terms 1 LOCOK 1 LOCOK LOCCancel 1 LOCOK LOCCancel 1 LOCOK 1 LOCOK LOCCancel 1 LOCOK LOCCancel 1 LOCOK 1 LOCOK LOCCancel 1 LOCOK LOCCancel 1 LOCOK 1 LOCOK LOCCancel 1 LOCOK LOCCancel"}