{"Title": " Mooncakes ", "Author": "Suzanne Walker, Wendy Xu", "Cover Page": "https://powells-covers-2.s3.amazonaws.com/9781549303043.jpg", "ISBN10": "154930304X  \n", "ISBN13": "9781549303043", "Page URL": "https://powells.com/book/-9781549303043", "raw_text": "Mooncakes Suzanne Walker Trade Paperback 9781549303043 Powells Books Cart   my account  wish list  help  8008787323 Hello\n Login MENU Browse New Arrivals Bestsellers Featured Preorders Award Winners Audio Books See All Subjects Used Staff Picks Staff Picks Picks of the Month Bookseller Displays 50 Books for 50 Years 25 Best 21st Century SciFi  Fantasy 25 PNW Books to Read Before You Die 25 Books From the 21st Century 25 Memoirs to Read Before You Die 25 Global Books to Read Before You Die 25 Women to Read Before You Die 25 Books to Read Before You Die Gifts Gift Cards  eGift Cards Powells Souvenirs Journals and Notebooks socks Games Sell Books Blog Events Find A Store Dont Miss BIG SALE 20 off sitewide Picks of the Season What Im Giving Great Gifts Under 25 Best Books of 2022 Powells Author Events Oregon Battle of the Books Audio Books Visit Our Stores Powells Books 14 Gift Ideas From 14 of Our Favorite Authors 0 comment Every year Powells reaches out to some of our favorite authors for some muchneeded giftgiving inspiration Below are 14 writerapproved recommendations to help you find the perfect book for even your mostdifficulttobuyfor loved one Read More  Powells Staff Best Books of 2022 Fiction 1 comment Kelsey Ford 6 Haunting Native American Horror Books 1 comment 1 LOCOK 1 LOCOK LOCCancel 1 LOCOK LOCCancel Mooncakes by Suzanne Walker Wendy Xu Comment on this title Synopses  Reviews ISBN13 9781549303043 ISBN10 154930304X All Product Details View Larger Image View Larger Images 1499 New Trade Paperback Ships in 1 to 3 days Qty Store 1 Hawthorne Staff Pick Nova a witch runs into a werewolf fighting a horse demon Plot twist The werewolf is her childhood crush Tam I love the diversity in this book Nova uses a hearing aid Tam is nonbinary and the main characters are Asian Nova and Tam are trying to discover who wants to harness wolf magic and use it for evil I loved reading how their friendship grew because it was so sweet and made me smile Sometimes you need a sweet romantic story about magical beings kicking butt Recommended By Rose H Powellscom Synopses  Reviews Synopsis  This sweet spellbinding story will appeal to fans of magic and romance  School Library Journal starred review A story of love and demons family and witchcraft Nova Huang knows more about magic than your average teen witch She works at her grandmothers bookshop where she helps them loan out spell books and investigate any supernatural occurrences in their New England town One fateful night she follows reports of a white wolf into the woods and she comes across the unexpected her childhood crush Tam Lang battling a horse demon in the woods As a werewolf Tam has been wandering from place to place for years unable to call any townhome Pursued by dark forces eager to claim the magic of wolves and out of options Tam turns to Nova for help Their latent feelings are rekindled against the backdrop of witchcraft untested magic occult rituals and family ties both new and old in this enchanting tale of selfdiscovery Synopsis  This sweet spellbinding story will appeal to fans of magic and romance  School Library Journal starred review 2019 Goodreads Choice Award Finalist 2019 Cybils Award Finalist 2020 Hugo Award Nominee A 2020 ALA Rainbow Top Ten Book A story of love and demons family and witchcraft Nova Huang knows more about magic than your average teen witch She works at her grandmothers bookshop where she helps them loan out spell books and investigate any supernatural occurrences in their New England town One fateful night she follows reports of a white wolf into the woods and she comes across the unexpected her childhood crush Tam Lang battling a horse demon in the woods As a werewolf Tam has been wandering from place to place for years unable to call any townhome Pursued by dark forces eager to claim the magic of wolves and out of options Tam turns to Nova for help Their latent feelings are rekindled against the backdrop of witchcraft untested magic occult rituals and family ties both new and old in this enchanting tale of selfdiscovery Synopsis If Mooncakes were a spell it would be a housewarming charm that settles with care into the softest parts of a home and makes the houseplants grow I wish I could live inside this book  New York Times bestselling author Casey McQuiston A story of love and demons family and witchcraft Nova Huang knows more about magic than your average teen witch She works at her grandmothers bookshop where she helps them loan out spell books and investigate any supernatural occurrences in their New England town One fateful night she follows reports of a white wolf into the woods and she comes across the unexpected her childhood crush Tam Lang battling a horse demon in the woods As a werewolf Tam has been wandering from place to place for years unable to call any townhome Pursued by dark forces eager to claim the magic of wolves and out of options Tam turns to Nova for help Their latent feelings are rekindled against the backdrop of witchcraft untested magic occult rituals and family ties both new and old in this enchanting tale of selfdiscovery 2019 Goodreads Choice Award Finalist 2019 Cybils Award Finalist 2020 Hugo Award Nominee A 2020 ALA Rainbow Top Ten Book What Our Readers Are Saying Be the first to share your thoughts on this title Product Details ISBN 9781549303043 Binding Trade Paperback Publication date 10152019 Publisher ONI PRESS  LION FORGE Pages 256 Height 60IN Width 600IN Age Range 13 to 16 Grade Range 8 to 11 Illustration Yes Oth Wendy Xu Author Suzanne Walker Author Wendy Xu 1499 New Trade Paperback Ships in 1 to 3 days Qty Store 1 Hawthorne Receive an email when this ISBN is available used 1 LOCOK 1 LOCOK LOCCancel 1 LOCOK LOCCancel 1 LOCOK 1 LOCOK LOCCancel 1 LOCOK LOCCancel 1 LOCOK 1 LOCOK LOCCancel 1 LOCOK LOCCancel 1 LOCOK 1 LOCOK LOCCancel 1 LOCOK LOCCancel Help Guarantee My Account Careers About Us Security Wish List Partners Contact Us Shipping Transparency ACT MRF Sitemap  2022 POWELLSCOM Terms 1 LOCOK 1 LOCOK LOCCancel 1 LOCOK LOCCancel 1 LOCOK 1 LOCOK LOCCancel 1 LOCOK LOCCancel 1 LOCOK 1 LOCOK LOCCancel 1 LOCOK LOCCancel 1 LOCOK 1 LOCOK LOCCancel 1 LOCOK LOCCancel"}