{"Title": " Why We're Polarized ", "Author": "Ezra Klein", "Cover Page": "https://powells-covers-2.s3.amazonaws.com/9781476700328.jpg", "ISBN10": "147670032X  \n", "ISBN13": "9781476700328", "Page URL": "https://powells.com/book/why-were-polarized-9781476700328", "raw_text": "Why Were Polarized Ezra Klein Hardcover 9781476700328 Powells Books Cart   my account  wish list  help  8008787323 Hello\n Login MENU Browse New Arrivals Bestsellers Featured Preorders Award Winners Audio Books See All Subjects Used Staff Picks Staff Picks Picks of the Month Bookseller Displays 50 Books for 50 Years 25 Best 21st Century SciFi  Fantasy 25 PNW Books to Read Before You Die 25 Books From the 21st Century 25 Memoirs to Read Before You Die 25 Global Books to Read Before You Die 25 Women to Read Before You Die 25 Books to Read Before You Die Gifts Gift Cards  eGift Cards Powells Souvenirs Journals and Notebooks socks Games Sell Books Blog Events Find A Store Dont Miss BIG SALE 20 off sitewide Picks of the Season What Im Giving Great Gifts Under 25 Best Books of 2022 Powells Author Events Oregon Battle of the Books Audio Books Visit Our Stores Powells Books 14 Gift Ideas From 14 of Our Favorite Authors 0 comment Every year Powells reaches out to some of our favorite authors for some muchneeded giftgiving inspiration Below are 14 writerapproved recommendations to help you find the perfect book for even your mostdifficulttobuyfor loved one Read More  Powells Staff Best Books of 2022 Fiction 1 comment Kelsey Ford 6 Haunting Native American Horror Books 1 comment 1 LOCOK 1 LOCOK LOCCancel 1 LOCOK LOCCancel Why Were Polarized by Ezra Klein Comment on this title Synopses  Reviews ISBN13 9781476700328 ISBN10 147670032X All Product Details View Larger Image View Larger Images 2800 New Hardcover Ships in 1 to 3 days Qty Store 20 Local Warehouse Staff Pick If you want to understand the politics of the moment this is the essential book Period Full stop Recommended By Keith M Powellscom Synopses  Reviews Publisher Comments Discover how American politics became a toxic system why we participate in it and what it means for our future  from journalist political commentator and cofounder of Vox  Ezra Klein After Election Day 2016 both supporters and opponents of the soontobe president hailed his victory as a historically unprecedented event Most Americans could agree that no candidate like Donald Trump had ever been elected President before But political journalist Ezra Klein makes the case that the 2016 election wasnt surprising at all In fact Trumps electoral victory followed the exact same template as previous elections by capturing a nearly identical percentage of voter demographics as previous Republican candidates Over the past 50 years in America our partisan identities have merged with our racial religious geographic ideological and cultural identities Those merged identities have attained a weight that is breaking much in our politics and tearing at the bonds that hold this country together In this groundbreaking book Klein shows how and why American politics polarized around identity in the 20th century and what that polarization did to the way we see the world and each other And he traces the feedback loops between our polarized political identities and our polarized political institutions that are driving our political system towards crisis Neither a polemic nor a lament Klein offers a clear framework for understanding everything from Trumps rise to the Democratic Partys leftward shift to the politicization of everyday culture A revelatory book that will change how you look at politics and perhaps at yourself Review A sharp explanation of how American politics has become so discordant    Deeply insightful    A clear useful guide through the current chaotic political landscape Kirkus Reviews Starred Review Review Something has gone terribly wrong with American politics in the last decade or so and Klein gives us the clearest and most comprehensive analysis I have seen He shows how we entered the realm of political mega identity politics and how feedback loops between our tribal psychology and our rapidly evolving media ecosystem may be driving our democracy over a cliff Jonathan Haidt Thomas Cooley Professor of Ethical Leadership New York UniversityStern School of Business author of The Righteous Mind Coauthor of The Coddling of the American Mind Review  Why Were Polarized makes the compelling case that the centurieslong battle to perfect our union means we were built to be split Kleins provocative question is whether Americas democratic systems and institutions can bear up under the weight of our divides Rebecca Traister New York Times bestselling author of Good and Mad About the Author Ezra Klein is the editoratlarge and cofounder of Vox  the awardwinning explanatory news organization Launched in 2014 Vox reaches over 50 million people across its platforms each month Klein is also the host of the podcast The Ezra Klein Show  cohost of the Weeds podcast and an executive producer on Voxs Netflix show Explained  Previously Klein was a columnist and editor at The Washington Post  a policy analyst at MSNBC and a contributor to Bloomberg  Hes written for The New Yorker and The New York Review of Books  and appeared on Face the Nation  The Daily Show  PBS NewsHour  and many more 2 1 What Our Readers Are Saying Share your thoughts on this title Average customer rating 2 1 comments  Doug Korty  November 17 2022 view all comments by Doug Korty Ezra Klein and this book are very popular I am not sure why He did a good deal of research for the book but it is not impressive either in it analysis or in its conclusions There is no discussion at all of the Republican goal and strategy of cutting taxes on the wealthy This is clearly their top priority from 1980 to 2009 the top 5 of income receivers gained 15 trillion due to Republican tax cuts and federal deficits increased by the same amount 963 of federal deficits from 1950 to 2009 came during Republican administrations almost all during Reagan and the two Bush years due to tax cuts and increased military spending Deficits during Obamas 8 years were due to his inheriting a financial crisis the worst recession since the 30s two wars and the Republican tax structure Deficits fell during his years The title of this book implies equal guilt in the polarization this is not true Republicans have gone much further to the right than Democrats have gone to the Left In fact Democrats have done far too little to fight the battle against the Right\nThis isnt a terrible book but there are many better books eg mwirdemocracyandpoliticsblogspot Was this comment helpful  Yes  No 2 of 2 readers found this comment helpful report this\ncomment Product Details ISBN 9781476700328 Binding Hardcover Publication date 01282020 Publisher SIMON  SCHUSTER TRADE Pages 336 Author Ezra Klein 2800 New Hardcover Ships in 1 to 3 days Qty Store 20 Local Warehouse Receive an email when this ISBN is available used This title in other editions New Trade Paperback Starting from 1700 1 LOCOK 1 LOCOK LOCCancel 1 LOCOK LOCCancel 1 LOCOK 1 LOCOK LOCCancel 1 LOCOK LOCCancel 1 LOCOK 1 LOCOK LOCCancel 1 LOCOK LOCCancel 1 LOCOK 1 LOCOK LOCCancel 1 LOCOK LOCCancel Help Guarantee My Account Careers About Us Security Wish List Partners Contact Us Shipping Transparency ACT MRF Sitemap  2022 POWELLSCOM Terms 1 LOCOK 1 LOCOK LOCCancel 1 LOCOK LOCCancel 1 LOCOK 1 LOCOK LOCCancel 1 LOCOK LOCCancel 1 LOCOK 1 LOCOK LOCCancel 1 LOCOK LOCCancel 1 LOCOK 1 LOCOK LOCCancel 1 LOCOK LOCCancel"}