{"Title": " Lonely Planet German Phrasebook & Dictionary 7th edition ", "Author": "Lonely Planet", "Cover Page": "https://powells-covers-2.s3.amazonaws.com/9781786574527.jpg", "ISBN10": "1786574527  \n", "ISBN13": "9781786574527", "Page URL": "https://powells.com/book/lonely-planet-german-phrasebook-dictionary-7th-edition-9781786574527", "raw_text": "Lonely Planet German Phrasebook  Dictionary Lonely Planet Trade Paperback 9781786574527 Powells Books Cart   my account  wish list  help  8008787323 Hello\n Login MENU Browse New Arrivals Bestsellers Featured Preorders Award Winners Audio Books See All Subjects Used Staff Picks Staff Picks Picks of the Month Bookseller Displays 50 Books for 50 Years 25 Best 21st Century SciFi  Fantasy 25 PNW Books to Read Before You Die 25 Books From the 21st Century 25 Memoirs to Read Before You Die 25 Global Books to Read Before You Die 25 Women to Read Before You Die 25 Books to Read Before You Die Gifts Gift Cards  eGift Cards Powells Souvenirs Journals and Notebooks socks Games Sell Books Blog Events Find A Store Dont Miss BIG SALE 20 off sitewide Picks of the Season What Im Giving Great Gifts Under 25 Best Books of 2022 Powells Author Events Oregon Battle of the Books Audio Books Visit Our Stores Powells Books 14 Gift Ideas From 14 of Our Favorite Authors 0 comment Every year Powells reaches out to some of our favorite authors for some muchneeded giftgiving inspiration Below are 14 writerapproved recommendations to help you find the perfect book for even your mostdifficulttobuyfor loved one Read More  Powells Staff Best Books of 2022 Fiction 1 comment Kelsey Ford 6 Haunting Native American Horror Books 1 comment 1 LOCOK 1 LOCOK LOCCancel 1 LOCOK LOCCancel Lonely Planet German Phrasebook  Dictionary 7th edition by Lonely Planet Comment on this title Synopses  Reviews ISBN13 9781786574527 ISBN10 1786574527 All Product Details View Larger Image View Larger Images 999 New Trade Paperback Ships in 1 to 3 days Qty Store 1 Hawthorne 11 Local Warehouse Synopses  Reviews Synopsis Lonely Planet The worlds 1 phrasebook publisher Lonely Planet German Phrasebook  Dictionary is your handy passport to culturally enriching travels with the most relevant and useful German phrases and vocabulary for all your travel needs Learn how to order the perfect beer match it with the tastiest wurst  and ask around for what traditional souvenirs are the best to buy and where to buy them all with your trusted travel companion With language tools in your back pocket you can truly get to the heart of wherever you go so begin your journey now Get More From Your Trip with EasytoFind Phrases for Every Travel Situation Feel at ease with essential tips on culture manners idioms and multiple meanings Order with confidence explain food allergies and try new foods with the menu decoder Save time and hassles with vital phrases at your fingertips Never get stuck for words with the 3500word twoway quickreference dictionary Be prepared for both common and emergency travel situations with practical phrases and terminology Meet friends with conversation starter phrases Get your message across with easytouse pronunciation guides Inside Lonely Planet German Phrasebook  Dictionary  Fullcolour throughout Userfriendly layout organised by travel scenario categories Survival phrases inside front cover for ataglance onthefly cues Convenient features 5 Phrases to Learn Before You Go 10 Ways to Start a Sentence 10 Phrases to Sound like a Local Listen For  phrases you may hear Look For  phrases you may see on signs Shortcuts  easytoremember alternatives to the full phrases QA  suggested answers to questions asked Covers Basics  time dates numbers amounts pronunciation reading tips grammar rules Practical  travel with kids disabled travellers sightseeing business banking post office internet phones repairs bargaining accommodation directions border crossing transport Social  meeting people interests feelings opinions going out romance culture activities weather Safe Travel  emergencies police doctor chemist dentist symptoms conditions Food  ordering at the market at the bar dishes ingredients The Perfect Choice Lonely Planet German Phrasebook  Dictionary  a pocketsized comprehensive language guide provides onthego language assistance great for language students and travellers looking to interact with locals and immerse themselves in local culture Looking for just the basics Check out Lonely Planets Fast Talk German a pocketsized essential language guide designed to get you talking quickly perfect for a quick trip experience Authors Written and researched by Lonely Planet Gunter Muehl Birgit Jordan Mario Kaiser About Lonely Planet Started in 1973 Lonely Planet is the worlds leading travel guide publisher with guidebooks to every destination on the planet and has been connecting travellers and locals for over 25 years with phrasebooks for 120 languages more than any other publisher With an awardwinning website a suite of mobile and digital travel products and a dedicated traveller community Lonely Planet enables curious travellers to experience the world and to truly get to the heart of the places they find themselves The world awaits 1 phrasebook publisher Source Nielsen Bookscan UK US  AUS Synopsis Lonely Planet German Phrasebook  Dictionary is your passport to the most relevant German phrases and vocabulary for all your travel needs Learn how to order the perfect beer match it with the tastiest wurst  and ask around for what traditional souvenirs are the best to buy and where to buy them all with your trusted travel companion With language tools in your back pocket you can truly get to the heart of wherever you go so begin your journey now Get More From Your Trip with EasytoFind Phrases for Every Travel Situation Feel at ease with essential tips on culture manners idioms and multiple meanings Order with confidence explain food allergies and try new foods with the menu decoder Save time and hassles with vital phrases at your fingertips Never get stuck for words with the 3500word twoway quickreference dictionary Be prepared for both common and emergency travel situations with practical phrases and terminology Meet friends with conversation starter phrases Get your message across with easytouse pronunciation guides Inside Lonely Planet German Phrasebook  Dictionary  Fullcolour throughout Userfriendly layout organised by travel scenario categories Survival phrases inside front cover for ataglance onthefly cues Convenient features 5 Phrases to Learn Before You Go 10 Ways to Start a Sentence 10 Phrases to Sound like a Local Listen For  phrases you may hear Look For  phrases you may see on signs Shortcuts  easytoremember alternatives to the full phrases QA  suggested answers to questions asked Covers Basics  time dates numbers amounts pronunciation reading tips grammar rules Practical  travel with kids disabled travellers sightseeing business banking post office internet phones repairs bargaining accommodation directions border crossing transport Social  meeting people interests feelings opinions going out romance culture activities weather Safe Travel  emergencies police doctor chemist dentist symptoms conditions Food  ordering at the market at the bar dishes ingredients The Perfect Choice Lonely Planet German Phrasebook  Dictionary  a pocketsized comprehensive language guide provides onthego language assistance Great for language students and travellers looking to interact with locals and immerse themselves in local culture Looking for just the basics Check out Lonely Planets Fast Talk German a pocketsized essential language guide designed to get you talking quickly perfect for a quick trip experience About Lonely Planet Started in 1973 Lonely Planet is the worlds leading travel guide publisher with guidebooks to every destination on the planet and has been connecting travellers and locals for over 25 years with phrasebooks for 120 languages What Our Readers Are Saying Be the first to share your thoughts on this title Product Details ISBN 9781786574527 Binding Trade Paperback Publication date 09182018 Publisher LONELY PLANET PUBLICATIONS Series info Phrasebook Pages 272 Height 60IN Width 370IN Illustration Yes Copyright Year 2018 Author Lonely Planet Author Birgit Jordan Author Gunter Muehl Author Mario Kaiser 999 New Trade Paperback Ships in 1 to 3 days Qty Store 1 Hawthorne 11 Local Warehouse Receive an email when this ISBN is available used 1 LOCOK 1 LOCOK LOCCancel 1 LOCOK LOCCancel 1 LOCOK 1 LOCOK LOCCancel 1 LOCOK LOCCancel 1 LOCOK 1 LOCOK LOCCancel 1 LOCOK LOCCancel 1 LOCOK 1 LOCOK LOCCancel 1 LOCOK LOCCancel Help Guarantee My Account Careers About Us Security Wish List Partners Contact Us Shipping Transparency ACT MRF Sitemap  2022 POWELLSCOM Terms 1 LOCOK 1 LOCOK LOCCancel 1 LOCOK LOCCancel 1 LOCOK 1 LOCOK LOCCancel 1 LOCOK LOCCancel 1 LOCOK 1 LOCOK LOCCancel 1 LOCOK LOCCancel 1 LOCOK 1 LOCOK LOCCancel 1 LOCOK LOCCancel"}