{"Title": " Carry On ", "Author": "Rainbow Rowell", "Cover Page": "https://powells-covers-2.s3.amazonaws.com/9781250049551.jpg", "ISBN10": "1250049555  \n", "ISBN13": "9781250049551", "Page URL": "https://powells.com/book/-9781250049551", "raw_text": "Carry On Rainbow Rowell Hardcover 9781250049551 Powells Books Cart   my account  wish list  help  8008787323 Hello\n Login MENU Browse New Arrivals Bestsellers Featured Preorders Award Winners Audio Books See All Subjects Used Staff Picks Staff Picks Picks of the Month Bookseller Displays 50 Books for 50 Years 25 Best 21st Century SciFi  Fantasy 25 PNW Books to Read Before You Die 25 Books From the 21st Century 25 Memoirs to Read Before You Die 25 Global Books to Read Before You Die 25 Women to Read Before You Die 25 Books to Read Before You Die Gifts Gift Cards  eGift Cards Powells Souvenirs Journals and Notebooks socks Games Sell Books Blog Events Find A Store Dont Miss BIG SALE 20 off sitewide Picks of the Season What Im Giving Great Gifts Under 25 Best Books of 2022 Powells Author Events Oregon Battle of the Books Audio Books Visit Our Stores Powells Books 14 Gift Ideas From 14 of Our Favorite Authors 0 comment Every year Powells reaches out to some of our favorite authors for some muchneeded giftgiving inspiration Below are 14 writerapproved recommendations to help you find the perfect book for even your mostdifficulttobuyfor loved one Read More  Powells Staff Best Books of 2022 Fiction 1 comment Kelsey Ford 6 Haunting Native American Horror Books 1 comment 1 LOCOK 1 LOCOK LOCCancel 1 LOCOK LOCCancel Carry On by Rainbow Rowell Comment on this title Synopses  Reviews ISBN13 9781250049551 ISBN10 1250049555 Condition Standard DustJacket Standard All Product Details View Larger Image View Larger Images 1250 List Price 1999 Used Hardcover Ships in 1 to 3 days Qty Store 1 Local Warehouse From Powellscom Staff Top Fives 2015 Our favorite books of the year Staff Pick First came Rainbow Rowells book Fangirl  whose main character  Cath  lives and breathes the fictional world of Simon Snow boy magician Now we meet Simon himself along with his dastardly yet handsome vampire roommate Basil Once again Rowell is magic telling a story thats sarcastic and sweet in all the right places Recommended By The Dot Powellscom Synopses  Reviews Publisher Comments Simon Snow is the worst Chosen One whos ever been chosen\u00a0Thats what his roommate Baz says And Baz might be evil and a vampire and a complete git but hes probably right Half the time Simon cant even make his wand work and the other half he starts something on fire His mentors avoiding him his girlfriend broke up with him and theres a magiceating monster running around wearing Simons face Baz would be having a field day with all this if he were hereits their last year at the Watford School of Magicks and Simons infuriating nemesis didnt even bother to show up Review Stock up on copies  this one begs to be reread Booklist starred review Review Its a brilliantly addictive genuinely romantic story about teenagers who cant be neatly sorted into houses coping with stress and loss and the confusion of just trying to be who they are Its as if Rowell turned the Harry Potter books inside out and is showing us the marvelous subversive stuffing inside Time Magazine Synopsis Carry On  The Rise and Fall of Simon Snow is a ghost story a love story and a mystery It has just as much kissing and talking as youd expect from a Rainbow Rowell story  but far far more monsters About the Author Rainbow Rowell writes books Sometimes she writes about adults  Attachments and Landline  Sometimes she writes about teenagers  Eleanor  Park  Fangirl and Carry On  But she always writes about people who talk a lot And people who feel like theyre screwing up And people who fall in love When shes not writing Rainbow is reading comic books planning Disney World trips and arguing about things that dont really matter in the big scheme of things She lives in Nebraska with her husband and two sons 4 2 What Our Readers Are Saying Share your thoughts on this title Average customer rating 4 2 comments  Anais  October 11 2019 view all comments by Anais Whether its choosing a family or being the worst Chosen One to ever live the question of choice in the face of destiny constantly claws its way to the surface throughout Rainbow Rowells Carry On 2013 Set in the meta environment of an alternate universe character writing fanfiction about her universes Harry Potter the screwsubtext versions of canonically straight characters Carry On launches immediately into a rewrite of the final book in the series relying on readers to fill in the rest\nCentered around the worst Chosen One Simon and his suspected vampire of a roommate Baz the book opens with a world plagued by a powerful magic thief which Simon is destined to defeat He did not choose to be a Chosen One though just as Baz did not choose to be positioned against Simon As the magical war rushes toward a seemingly destined track both boys must react or risk the destruction of everything they love\nAs a response to the heteronormativity of Harry Potter Carry On offers readers another choice to consider in the worldrisking wizardschool genre crafted as fanfiction one of the leading access points for LGBTQIA readers to recreate media to see reflections of themselves While the first half reads as expositoryheavy the popularity of Carry On demonstrated a readership for more LGBTQIA literature in the mainstream and set a trilogy in motion Was this comment helpful  Yes  No report this\ncomment  Alysha A  September 21 2018 view all comments by Alysha A Let me start off by saying I enjoyed reading Carry On Was it the best writing Ive ever read No Did it have its fair share of cheesycringey moments Yes But would I recommend it to a friend especially one looking for a book that has characters that arent strictly heterosexual Definitely When I first opened up the book and started reading I was shocked at the similarities it held to Harry Potter It felt as though it was ripping off a story I love but as I continued reading I was able to see that it was a different take on the genre that so many have connected to Carry On provides a different perspective on fantasy and on the norm and is able to reach out to new audiences and form connections with groups who are underrepresented It was a truly readable experience and each page drifted by easily As a reader I was engrossed in the text and the plot and found myself rooting for the unlikely character the book positions you first to hate Carry On is a dynamic novel that challenges the norm and for the I respect what the author Rainbow Rowell set out to accomplish and I recommend this book to anyone who felt like Harry Potter just wasnt enough Was this comment helpful  Yes  No report this\ncomment Product Details ISBN 9781250049551 Binding Hardcover Publication date 10062015 Publisher ST MARTINS GRIFFIN Series info Simon Snow Pages 522 Height 850 Width 575 Thickness 150 Series Number 1 Author Rainbow Rowell Subject Children sScience Fiction and Fantasy 1250 List Price 1999 Used Hardcover Ships in 1 to 3 days Qty Store 1 Local Warehouse More copies of this ISBN Used Hardcover 1395 This title in other editions New Trade Paperback Starting from 1099 Used Trade Paperback Starting from 750 1 LOCOK 1 LOCOK LOCCancel 1 LOCOK LOCCancel 1 LOCOK 1 LOCOK LOCCancel 1 LOCOK LOCCancel 1 LOCOK 1 LOCOK LOCCancel 1 LOCOK LOCCancel 1 LOCOK 1 LOCOK LOCCancel 1 LOCOK LOCCancel Help Guarantee My Account Careers About Us Security Wish List Partners Contact Us Shipping Transparency ACT MRF Sitemap  2022 POWELLSCOM Terms 1 LOCOK 1 LOCOK LOCCancel 1 LOCOK LOCCancel 1 LOCOK 1 LOCOK LOCCancel 1 LOCOK LOCCancel 1 LOCOK 1 LOCOK LOCCancel 1 LOCOK LOCCancel 1 LOCOK 1 LOCOK LOCCancel 1 LOCOK LOCCancel"}