{"Title": " Love Our Cities: How a City-Wide Volunteer Day Can Unite and Transform Your Community ", "Author": "Jeff Pishney", "Cover Page": "https://powells-covers-2.s3.amazonaws.com/9781636980133.jpg", "ISBN10": "1636980139  \n", "ISBN13": "9781636980133", "Page URL": "https://powells.com/book/love-our-cities-9781636980133", "raw_text": "Love Our Cities How a CityWide Volunteer Day Can Unite and Transform Your Community Jeff Pishney and Jung Trade Paperback 9781636980133 Powells Books Cart   my account  wish list  help  8008787323 Hello\n Login MENU Browse New Arrivals Bestsellers Featured Preorders Award Winners Audio Books See All Subjects Used Staff Picks Staff Picks Picks of the Month Bookseller Displays 50 Books for 50 Years 25 Best 21st Century SciFi  Fantasy 25 PNW Books to Read Before You Die 25 Books From the 21st Century 25 Memoirs to Read Before You Die 25 Global Books to Read Before You Die 25 Women to Read Before You Die 25 Books to Read Before You Die Gifts Gift Cards  eGift Cards Powells Souvenirs Journals and Notebooks socks Games Sell Books Blog Events Find A Store Dont Miss BIG SALE 20 off sitewide Picks of the Season What Im Giving Great Gifts Under 25 Best Books of 2022 Powells Author Events Oregon Battle of the Books Audio Books Visit Our Stores Powells Books 14 Gift Ideas From 14 of Our Favorite Authors 0 comment Every year Powells reaches out to some of our favorite authors for some muchneeded giftgiving inspiration Below are 14 writerapproved recommendations to help you find the perfect book for even your mostdifficulttobuyfor loved one Read More  Powells Staff Best Books of 2022 Fiction 1 comment Kelsey Ford 6 Haunting Native American Horror Books 1 comment 1 LOCOK 1 LOCOK LOCCancel 1 LOCOK LOCCancel Love Our Cities How a CityWide Volunteer Day Can Unite and Transform Your Community by Jeff Pishney and Jung Comment on this title Synopses  Reviews ISBN13 9781636980133 ISBN10 1636980139 All Product Details View Larger Image View Larger Images 1795 New Trade Paperback Release Date 4112023 Synopses  Reviews Synopsis Love Our Cities operates from a simple idea come alongside those who want to make a difference in their cities so they can come alongside individuals in their communities to make things better Founding members of the nonprofit organization Love Our Cities Jeff Pishney and Eric Jung have seen how a citywide volunteer day can catalyze community improvementby engaging individuals with the city they inhabit Each chapter of Love Our Cities addresses their method behind the madness why it works and the practical next steps that anyone can use to kick off citywide volunteer efforts Jeff Pishney and Eric Jung understand that the best way to support a community is to meet the specific needs of that area By using their past experiences investing in Modesto and other cities they provide a clear actionable approach to enact citywide change Their volunteer days have been uniquely successful in connecting ongoing initiatives building networks and growing community buyin for programs and organizations already on the ground Their message in Love Our Cities is broken into four parts Part One depicts their journey from the initial Love Modesto efforts in 2009 to the 100some cities participating in their Love Our Cities network in 2020 Part Two explains at the elements that are necessary to know prior to any community engagement in order to create a solid foundation for longterm successPart Three examines the nuts and bolts of running a citywide volunteer dayPart Four takes it to the next leveldescribing how successful citywide volunteer days have changed the game and outlining what a yearround city movement might look like By shining a spotlight on the cities theyve partnered with over the years Jeff Pishney and Eric Jung hope that their communityminded approach in Love Our Cities encourages readers to dream about their own citys potentialand how they can make a difference What Our Readers Are Saying Be the first to share your thoughts on this title Product Details ISBN 9781636980133 Binding Trade Paperback Publication date 04112023 Publisher Morgan James Publishing Language English Pages 248 Height 56IN Width 600IN Author Jung Author Jeff Pishney 1795 New Trade Paperback Release Date 4112023 Receive an email when this ISBN is available used 1 LOCOK 1 LOCOK LOCCancel 1 LOCOK LOCCancel 1 LOCOK 1 LOCOK LOCCancel 1 LOCOK LOCCancel 1 LOCOK 1 LOCOK LOCCancel 1 LOCOK LOCCancel 1 LOCOK 1 LOCOK LOCCancel 1 LOCOK LOCCancel Help Guarantee My Account Careers About Us Security Wish List Partners Contact Us Shipping Transparency ACT MRF Sitemap  2022 POWELLSCOM Terms 1 LOCOK 1 LOCOK LOCCancel 1 LOCOK LOCCancel 1 LOCOK 1 LOCOK LOCCancel 1 LOCOK LOCCancel 1 LOCOK 1 LOCOK LOCCancel 1 LOCOK LOCCancel 1 LOCOK 1 LOCOK LOCCancel 1 LOCOK LOCCancel"}