{"Title": " Snow Day: A Graphic Novel (Mr Wolf's Class #5) ", "Author": "Aron Nels Steinke", "Cover Page": "https://powells-covers-2.s3.amazonaws.com/9781338746754.jpg", "ISBN10": "1338746758  \n", "ISBN13": "9781338746754", "Page URL": "https://powells.com/book/snow-day-9781338746754", "raw_text": "Snow Day A Graphic Novel Mr Wolfs Class 5 Aron Nels Steinke Trade Paperback 9781338746754 Powells Books Cart   my account  wish list  help  8008787323 Hello\n Login MENU Browse New Arrivals Bestsellers Featured Preorders Award Winners Audio Books See All Subjects Used Staff Picks Staff Picks Picks of the Month Bookseller Displays 50 Books for 50 Years 25 Best 21st Century SciFi  Fantasy 25 PNW Books to Read Before You Die 25 Books From the 21st Century 25 Memoirs to Read Before You Die 25 Global Books to Read Before You Die 25 Women to Read Before You Die 25 Books to Read Before You Die Gifts Gift Cards  eGift Cards Powells Souvenirs Journals and Notebooks socks Games Sell Books Blog Events Find A Store Dont Miss BIG SALE 20 off sitewide Picks of the Season What Im Giving Great Gifts Under 25 Best Books of 2022 Powells Author Events Oregon Battle of the Books Audio Books Visit Our Stores Powells Books 14 Gift Ideas From 14 of Our Favorite Authors 0 comment Every year Powells reaches out to some of our favorite authors for some muchneeded giftgiving inspiration Below are 14 writerapproved recommendations to help you find the perfect book for even your mostdifficulttobuyfor loved one Read More  Powells Staff Best Books of 2022 Fiction 1 comment Kelsey Ford 6 Haunting Native American Horror Books 1 comment 1 LOCOK 1 LOCOK LOCCancel 1 LOCOK LOCCancel Snow Day A Graphic Novel Mr Wolfs Class 5 by Aron Nels Steinke Comment on this title Synopses  Reviews ISBN13 9781338746754 ISBN10 1338746758 All Product Details View Larger Image View Larger Images 999 New Trade Paperback Ships in 1 to 3 days Qty Store 6 Burnside 1 Cedar Hills 4 Hawthorne Synopses  Reviews Publisher Comments A blizzard is coming to Hazelwood Elementary Its snowing and theres excitement in the air because the school day might end early Students and teachers alike are looking forward to seeing what happens Meanwhile Abdi is distracted and worried because his brother is having surgery Hes supposed to go home with Henry but they miss the bus and end up having an unexpected adventure with Mr Wolf About the Author Aron Nels Steinke is the Eisner Awardwinning creator of the Mr Wolfs Class series and cocreator of The Zoo Box  Hes an elementary school teacher by day and a cartoonist by night He lives in Portland Oregon with his family What Our Readers Are Saying Be the first to share your thoughts on this title Product Details ISBN 9781338746754 Binding Trade Paperback Publication date 04052022 Publisher SCHOLASTIC INC Pages 176 Height 47IN Width 598IN Series Number 5 Age Range 8 to 12 Grade Range 3 to 7 Illustration Yes Author Aron Nels Steinke 999 New Trade Paperback Ships in 1 to 3 days Qty Store 6 Burnside 1 Cedar Hills 4 Hawthorne Receive an email when this ISBN is available used 1 LOCOK 1 LOCOK LOCCancel 1 LOCOK LOCCancel 1 LOCOK 1 LOCOK LOCCancel 1 LOCOK LOCCancel 1 LOCOK 1 LOCOK LOCCancel 1 LOCOK LOCCancel 1 LOCOK 1 LOCOK LOCCancel 1 LOCOK LOCCancel Help Guarantee My Account Careers About Us Security Wish List Partners Contact Us Shipping Transparency ACT MRF Sitemap  2022 POWELLSCOM Terms 1 LOCOK 1 LOCOK LOCCancel 1 LOCOK LOCCancel 1 LOCOK 1 LOCOK LOCCancel 1 LOCOK LOCCancel 1 LOCOK 1 LOCOK LOCCancel 1 LOCOK LOCCancel 1 LOCOK 1 LOCOK LOCCancel 1 LOCOK LOCCancel"}