{"Title": " Surpassing Certainty: What My Twenties Taught Me ", "Author": "Janet Mock", "Cover Page": "https://powells-covers-2.s3.amazonaws.com/9781501145803.jpg", "ISBN10": "1501145800  \n", "ISBN13": "9781501145803", "Page URL": "https://powells.com/book/surpassing-certainty-9781501145803", "raw_text": "Surpassing Certainty What My Twenties Taught Me Janet Mock Trade Paperback 9781501145803 Powells Books Cart   my account  wish list  help  8008787323 Hello\n Login MENU Browse New Arrivals Bestsellers Featured Preorders Award Winners Audio Books See All Subjects Used Staff Picks Staff Picks Picks of the Month Bookseller Displays 50 Books for 50 Years 25 Best 21st Century SciFi  Fantasy 25 PNW Books to Read Before You Die 25 Books From the 21st Century 25 Memoirs to Read Before You Die 25 Global Books to Read Before You Die 25 Women to Read Before You Die 25 Books to Read Before You Die Gifts Gift Cards  eGift Cards Powells Souvenirs Journals and Notebooks socks Games Sell Books Blog Events Find A Store Dont Miss BIG SALE 20 off sitewide Picks of the Season What Im Giving Great Gifts Under 25 Best Books of 2022 Powells Author Events Oregon Battle of the Books Audio Books Visit Our Stores Powells Books 14 Gift Ideas From 14 of Our Favorite Authors 0 comment Every year Powells reaches out to some of our favorite authors for some muchneeded giftgiving inspiration Below are 14 writerapproved recommendations to help you find the perfect book for even your mostdifficulttobuyfor loved one Read More  Powells Staff Best Books of 2022 Fiction 1 comment Kelsey Ford 6 Haunting Native American Horror Books 1 comment 1 LOCOK 1 LOCOK LOCCancel 1 LOCOK LOCCancel Surpassing Certainty What My Twenties Taught Me by Janet Mock Comment on this title Synopses  Reviews ISBN13 9781501145803 ISBN10 1501145800 Condition Standard All Product Details View Larger Image View Larger Images 1195 List Price 1699 Used Trade Paperback Ships in 1 to 3 days Qty Store 1 Burnside Synopses  Reviews Publisher Comments A defining chronicle of strength and spirit  Kirkus Reviews  Surpassing Certainty is a portrait of a young woman searching for her purpose and place in the world  without a road map to guide her This memoir should be required reading for your 20s  Cosmopolitan  A few months before her twentieth birthday Janet Mock is adjusting to her days as a firstgeneration college student at the University of Hawaii and her nights as a dancer at a strip club Finally content in her body after her teenage transition she vacillates between flaunting and concealing herself as she navigates dating and disclosure sex and intimacy and most important letting herself be truly seen Under the neon lights of Club Nu Janet meets Troy a yeoman stationed at Pearl Harbor naval base who becomes her first The pleasures and perils of their relationship serve as a backdrop for Janets progression through all the universal growing pains  falling in and out of love living away from home and figuring out what she wants to do with her life Fueled by her dreams and an inimitable drive Janet makes her way through New York City intent on building a career in the highly competitive world of magazine publishing  within the unique context of being trans a woman and a person of color Hers is a timely glimpse about the barriers many face  and a muchneeded guide on how to make a way out of no way Long before she became one of the worlds most respected media figures and lauded leaders for equality and justice Janet learned how to advocate for herself before becoming an advocate for others In this honest and timely appraisal of what it means to be true to yourself  Booklist  Surpassing Certainty offers an exquisitely packaged gift of her experiencesthat signals something greater  Bitch Magazine  Review Brimming with liberated selfdiscovery Mocks conversational memoir is smoothly written with plenty of insight and personal perspectiveA defining chronicle of strength and spirit particularly remarkable for younger readers Kirkus Reviews About the Author Janet Mock is a writer TV host and advocate tackling stigma through storytelling With a Masters in journalism from New York University the Honolulu native began her career as an editor at Peoplecom and went on to write cover stories for Marie Claire  Interview  and The Advocate as well as essays for The New Yorker  The New York Times  and Lenny  She produced HBOs The Trans List  hosts the podcast Never Before  and serves as a columnist for Allure  Called a fearless new voice and trailblazing leader who changed my way of thinking by Oprah Winfrey Janet was a featured speaker at the historic Womens March on Washington She is the author of Surpassing Certainty and the New York Times bestseller Redefining Realness  Find out more at JanetMockcom What Our Readers Are Saying Be the first to share your thoughts on this title Product Details ISBN 9781501145803 Binding Trade Paperback Publication date 05012018 Publisher SIMON  SCHUSTER TRADE Pages 256 Height 90IN Width 540IN Author Janet Mock 1195 List Price 1699 Used Trade Paperback Ships in 1 to 3 days Qty Store 1 Burnside More copies of this ISBN New Trade Paperback 1695 This title in other editions Used Hardcover 995 1 LOCOK 1 LOCOK LOCCancel 1 LOCOK LOCCancel 1 LOCOK 1 LOCOK LOCCancel 1 LOCOK LOCCancel 1 LOCOK 1 LOCOK LOCCancel 1 LOCOK LOCCancel 1 LOCOK 1 LOCOK LOCCancel 1 LOCOK LOCCancel Help Guarantee My Account Careers About Us Security Wish List Partners Contact Us Shipping Transparency ACT MRF Sitemap  2022 POWELLSCOM Terms 1 LOCOK 1 LOCOK LOCCancel 1 LOCOK LOCCancel 1 LOCOK 1 LOCOK LOCCancel 1 LOCOK LOCCancel 1 LOCOK 1 LOCOK LOCCancel 1 LOCOK LOCCancel 1 LOCOK 1 LOCOK LOCCancel 1 LOCOK LOCCancel"}