{"Title": " Portland ABC: A Larry Gets Lost Book ", "Author": "John Skewes", "Cover Page": "https://covers.powells.com/9781570619205.jpg", "ISBN10": "1570619204  \n", "ISBN13": "9781570619205", "Page URL": "https://powells.com/book/portland-abc-9781570619205", "raw_text": "Portland ABC John Skewes Hardcover 9781570619205 Powells Books Cart   my account  wish list  help  8008787323 Hello\n Login MENU Browse New Arrivals Bestsellers Featured Preorders Award Winners Audio Books See All Subjects Used Staff Picks Staff Picks Picks of the Month Bookseller Displays 50 Books for 50 Years 25 Best 21st Century SciFi  Fantasy 25 PNW Books to Read Before You Die 25 Books From the 21st Century 25 Memoirs to Read Before You Die 25 Global Books to Read Before You Die 25 Women to Read Before You Die 25 Books to Read Before You Die Gifts Gift Cards  eGift Cards Powells Souvenirs Journals and Notebooks socks Games Sell Books Blog Events Find A Store Dont Miss BIG SALE 20 off sitewide Picks of the Season What Im Giving Great Gifts Under 25 Best Books of 2022 Powells Author Events Oregon Battle of the Books Audio Books Visit Our Stores Powells Books 14 Gift Ideas From 14 of Our Favorite Authors 0 comment Every year Powells reaches out to some of our favorite authors for some muchneeded giftgiving inspiration Below are 14 writerapproved recommendations to help you find the perfect book for even your mostdifficulttobuyfor loved one Read More  Powells Staff Best Books of 2022 Fiction 1 comment Kelsey Ford 6 Haunting Native American Horror Books 1 comment 1 LOCOK 1 LOCOK LOCCancel 1 LOCOK LOCCancel Portland ABC A Larry Gets Lost Book by John Skewes Comment on this title Synopses  Reviews ISBN13 9781570619205 ISBN10 1570619204 Condition Standard All Product Details View Larger Image View Larger Images 1050 List Price 1499 Used Hardcover Ships in 1 to 3 days Qty Store 1 Cedar Hills Synopses  Reviews Publisher Comments This modern colorful alphabet book comes on the heels of the regional bestselling Larry Gets Lost in Portland Larry and his friend Pete see Portland from A Art Museum to Z Portland Zoo and everything in between H is for Hawthorne Bridge P is for Powells Books and W is for Willamette River  children can learn their ABCs and about their hometown How many letters can you find around you Review  Portland ABC will certainly bid for heavy rotation in Rose City Montessori classrooms and progressive playdatesThe artistwriters bold alphabetic take on Portland makes use of local icons like Voodoo Donuts and the Hawthorne Bridge Portland Monthly Synopsis The bestselling Larry Gets Lost series heads to Portland in this colorful ABC book featuring vibrant retro illustrations of this great American city and the perpetually lost pup Larry This modern colorful alphabet book comes on the heels of the regional bestselling Larry Gets Lost in Portland Larry and his friend Pete see Portland from A Art Museum to Z Portland Zoo and everything in between H is for Hawthorne Bridge P is for Powells Books and W is for Willamette Riverchildren can learn their ABCs and about their hometown How many letters can you find around you About the Author John Skewes is a professional illustrator living in Seattle He began work as a product designer and character artist for Disney Consumer Products before leaving to start his own company Retrodyne Industries in 2001 His clients include Warner Bros HannaBarbera Fox Pixar and Simon  Schuster As the creator and illustrator of the awardwinning Larry Gets Lost childrens book series John has followed Larry from the southern tip of Texas to tiny Nome Alaska and has been lost several times himself He has illustrated over 20 childrens books including the Flintstones  Tom and Jerry  and Alvin and the Chipmunks  4 1 What Our Readers Are Saying Share your thoughts on this title Average customer rating 4 1 comments  writer girl  March 21 2014 I was so happy to find that the P was for my very favorite place in portlandPOWELLS Was this comment helpful  Yes  No 3 of 5 readers found this comment helpful report this\ncomment Product Details ISBN 9781570619205 Binding Hardcover Publication date 03182014 Publisher SASQUATCH BOOKS Pages 32 Series Larry Gets Lost Age Range 2 to 5 Grade Range P to K Illustration Yes Authorillustrator John Skewes Subject Children s Picture BooksConcepts General 1050 List Price 1499 Used Hardcover Ships in 1 to 3 days Qty Store 1 Cedar Hills More copies of this ISBN New Hardcover 1499 1 LOCOK 1 LOCOK LOCCancel 1 LOCOK LOCCancel 1 LOCOK 1 LOCOK LOCCancel 1 LOCOK LOCCancel 1 LOCOK 1 LOCOK LOCCancel 1 LOCOK LOCCancel 1 LOCOK 1 LOCOK LOCCancel 1 LOCOK LOCCancel Help Guarantee My Account Careers About Us Security Wish List Partners Contact Us Shipping Transparency ACT MRF Sitemap  2022 POWELLSCOM Terms 1 LOCOK 1 LOCOK LOCCancel 1 LOCOK LOCCancel 1 LOCOK 1 LOCOK LOCCancel 1 LOCOK LOCCancel 1 LOCOK 1 LOCOK LOCCancel 1 LOCOK LOCCancel 1 LOCOK 1 LOCOK LOCCancel 1 LOCOK LOCCancel"}