{"Title": " Id Like to Play Alone Please Essays ", "Author": "Tom Segura", "Cover Page": "https://powells-covers-2.s3.amazonaws.com/9781538704639.jpg", "ISBN10": "1538704633  \n", "ISBN13": "9781538704639", "Page URL": "https://powells.com/book/id-like-to-play-alone-please-essays-9781538704639", "raw_text": "Id Like to Play Alone Please Essays Tom Segura Hardcover 9781538704639 Powells Books Cart   my account  wish list  help  8008787323 Hello\n Login MENU Browse New Arrivals Bestsellers Featured Preorders Award Winners Audio Books See All Subjects Used Staff Picks Staff Picks Picks of the Month Bookseller Displays 50 Books for 50 Years 25 Best 21st Century SciFi  Fantasy 25 PNW Books to Read Before You Die 25 Books From the 21st Century 25 Memoirs to Read Before You Die 25 Global Books to Read Before You Die 25 Women to Read Before You Die 25 Books to Read Before You Die Gifts Gift Cards  eGift Cards Powells Souvenirs Journals and Notebooks socks Games Sell Books Blog Events Find A Store Dont Miss BIG SALE 20 off sitewide Picks of the Season What Im Giving Great Gifts Under 25 Best Books of 2022 Powells Author Events Oregon Battle of the Books Audio Books Visit Our Stores Powells Books 14 Gift Ideas From 14 of Our Favorite Authors 0 comment Every year Powells reaches out to some of our favorite authors for some muchneeded giftgiving inspiration Below are 14 writerapproved recommendations to help you find the perfect book for even your mostdifficulttobuyfor loved one Read More  Powells Staff Best Books of 2022 Fiction 1 comment Kelsey Ford 6 Haunting Native American Horror Books 1 comment 1 LOCOK 1 LOCOK LOCCancel 1 LOCOK LOCCancel Id Like to Play Alone Please Essays by Tom Segura Comment on this title Synopses  Reviews ISBN13 9781538704639 ISBN10 1538704633 All Product Details View Larger Image View Larger Images 2900 New Hardcover Ships in 1 to 3 days Qty Store 6 Burnside 1 Cedar Hills 1 Hawthorne Synopses  Reviews Publisher Comments From Tom Segura the massively successful standup comedian and cohost of charttopping podcasts 2 Bears 1 Cave and Your Moms House hilarious reallife stories of parenting celebrity encounters youthful mistakes misanthropy and so much more Tom Segura is known for his twisted takes and irreverent comedic voice But after a few years of crazy tours and churning out podcasts weekly all while parenting two young children he desperately needs a second to himself Its not that he hates his friends and family  hes not a monster  hes just beat which is why his sons ruthless first full sentence Id like to play alone please has since become his mantra In this collection of stories Tom combines his signature curmudgeonly humor with a revealing look at some of the ridiculous situations that shaped him and the ludicrous characters who always seem to seek him out The stories feature hilarious anecdotes about Toms time on the road including some surreal encounters with celebrities at airports his unfiltered South American family the trials and tribulations of parenting young children with bizarrely morbid interests and perhaps most memorably experiences with his dad who like any good Baby Boomer father loves to talk about his bowel movements and share graphic Vietnam stories at inappropriate moments All of this is enough to make anyone want some peace and quiet Id Like to Play Alone Please will have readers laughing out loud and nodding in agreement with Seguras message in a world where everyone is increasingly insane sometimes you just need to be alone About the Author Tom Segura is a comedian originally from Cincinnati Ohio Well known for his Netflix specials Ball Hog Disgraceful Completely Normal  and Mostly Stories  Segura has also made feature film appearances that include Instant Family Countdown Flinch  and The Opening Act  among others Tom is one of the top selling touring acts in the world having sold hundreds of thousands of tickets on multiple international tours Additionally he cohosts two of the most popular comedy podcasts Your Moms House with his wife comedian Christina P and Two Bears One Cave with fellow comedian Bert Kreischer Segura also producers multiple podcasts under his YMH Studios brand What Our Readers Are Saying Be the first to share your thoughts on this title Product Details ISBN 9781538704639 Binding Hardcover Publication date 06142022 Publisher HACHETTE BOOK GROUP Pages 240 Height 100IN Width 630IN Illustration Yes Author TOM SEGURA 2900 New Hardcover Ships in 1 to 3 days Qty Store 6 Burnside 1 Cedar Hills 1 Hawthorne Receive an email when this ISBN is available used This title in other editions New Trade Paperback 1899 1 LOCOK 1 LOCOK LOCCancel 1 LOCOK LOCCancel 1 LOCOK 1 LOCOK LOCCancel 1 LOCOK LOCCancel 1 LOCOK 1 LOCOK LOCCancel 1 LOCOK LOCCancel 1 LOCOK 1 LOCOK LOCCancel 1 LOCOK LOCCancel Help Guarantee My Account Careers About Us Security Wish List Partners Contact Us Shipping Transparency ACT MRF Sitemap  2022 POWELLSCOM Terms 1 LOCOK 1 LOCOK LOCCancel 1 LOCOK LOCCancel 1 LOCOK 1 LOCOK LOCCancel 1 LOCOK LOCCancel 1 LOCOK 1 LOCOK LOCCancel 1 LOCOK LOCCancel 1 LOCOK 1 LOCOK LOCCancel 1 LOCOK LOCCancel"}