{"Title": " Art of Construction Projects & Principles for Beginning Engineers & Architects ", "Author": "Mario Salvadori", "Cover Page": "https://covers.powells.com/9781556520808.jpg", "ISBN10": "1556520808  \n", "ISBN13": "9781556520808", "Page URL": "https://powells.com/book/art-of-construction-projects-principles-for-beginning-engineers-architects-9781556520808", "raw_text": "Art of Construction Projects  Principles for Beginning Engineers  Architects Mario Salvadori Trade Paperback 9781556520808 Powells Books Cart   my account  wish list  help  8008787323 Hello\n Login MENU Browse New Arrivals Bestsellers Featured Preorders Award Winners Audio Books See All Subjects Used Staff Picks Staff Picks Picks of the Month Bookseller Displays 50 Books for 50 Years 25 Best 21st Century SciFi  Fantasy 25 PNW Books to Read Before You Die 25 Books From the 21st Century 25 Memoirs to Read Before You Die 25 Global Books to Read Before You Die 25 Women to Read Before You Die 25 Books to Read Before You Die Gifts Gift Cards  eGift Cards Powells Souvenirs Journals and Notebooks socks Games Sell Books Blog Events Find A Store Dont Miss BIG SALE 20 off sitewide Picks of the Season What Im Giving Great Gifts Under 25 Best Books of 2022 Powells Author Events Oregon Battle of the Books Audio Books Visit Our Stores Powells Books 14 Gift Ideas From 14 of Our Favorite Authors 0 comment Every year Powells reaches out to some of our favorite authors for some muchneeded giftgiving inspiration Below are 14 writerapproved recommendations to help you find the perfect book for even your mostdifficulttobuyfor loved one Read More  Powells Staff Best Books of 2022 Fiction 1 comment Kelsey Ford 6 Haunting Native American Horror Books 1 comment 1 LOCOK 1 LOCOK LOCCancel 1 LOCOK LOCCancel Art of Construction Projects  Principles for Beginning Engineers  Architects by Mario Salvadori Comment on this title Synopses  Reviews ISBN13 9781556520808 ISBN10 1556520808 Condition Standard All Product Details View Larger Image View Larger Images 650 List Price 1695 Used Trade Paperback Ships in 1 to 3 days Qty Store 1 Burnside Synopses  Reviews Publisher Comments Students discover the basic principles necessary to build all types of structures used in everyday life including bridges skyscrapers and other architectural gems Line art illustrations help to explain projects that demonstrate how these principles keep structures solid Perfect for kids who wonder why and love to figure things out All projects are easily done with materials found aroundthehouse Review A top choice for serious architecture students\u00a0  School Library Journal Review An extraordinary book \u00a0 Chicago Tribune Review Loaded with projects this book introduces maturing minds to the principles that guide architects and engineers as they design and construct buildings and bridges\u00a0  School Shop About the Author Mario Salvadori  author of Why Buildings Stand Up and many other books was an internationally known architect mathematician and teacher whose career spanned more than 60 years A longtime resident of New York City Dr Salvadori died in June 1997 What Our Readers Are Saying Be the first to share your thoughts on this title Product Details ISBN 9781556520808 Binding Trade Paperback Publication date 03012000 Publisher INDEPENDENT PUBLISHERS GROUP Series info Ziggurat Book Pages 160 Height 42IN Width 748IN Thickness 50 Age Range 9 and up Grade Range 4 and up Illustration Yes Copyright Year 1990 UPC Code 2801556520800 Author Mario G Salvadori Author Mario Salvadori Author Christopher Ragus Author Saralinda Hooker Subject Structural analysis Subject Models and modelmaking Subject Juvenile literature Subject Childrens 912  Art  Art Instruction Subject Architecture Subject Handicraft Subject Civil EngineeringGeneral Subject Building materials Subject Structural analysis engineering Subject Engineering Subject Civil 650 List Price 1695 Used Trade Paperback Ships in 1 to 3 days Qty Store 1 Burnside More copies of this ISBN Used Trade Paperback 795 1 LOCOK 1 LOCOK LOCCancel 1 LOCOK LOCCancel 1 LOCOK 1 LOCOK LOCCancel 1 LOCOK LOCCancel 1 LOCOK 1 LOCOK LOCCancel 1 LOCOK LOCCancel 1 LOCOK 1 LOCOK LOCCancel 1 LOCOK LOCCancel Help Guarantee My Account Careers About Us Security Wish List Partners Contact Us Shipping Transparency ACT MRF Sitemap  2022 POWELLSCOM Terms 1 LOCOK 1 LOCOK LOCCancel 1 LOCOK LOCCancel 1 LOCOK 1 LOCOK LOCCancel 1 LOCOK LOCCancel 1 LOCOK 1 LOCOK LOCCancel 1 LOCOK LOCCancel 1 LOCOK 1 LOCOK LOCCancel 1 LOCOK LOCCancel"}