{"Title": " I Made an Accident: Collages and Poems ", "Author": "Kevin Sampsell", "Cover Page": "https://powells-covers-2.s3.amazonaws.com/9781955904070.jpg", "ISBN10": "1955904073  \n", "ISBN13": "9781955904070", "Page URL": "https://powells.com/book/i-made-an-accident-9781955904070", "raw_text": "I Made an Accident Kevin Sampsell Trade Paperback 9781955904070 Powells Books Cart   my account  wish list  help  8008787323 Hello\n Login MENU Browse New Arrivals Bestsellers Featured Preorders Award Winners Audio Books See All Subjects Used Staff Picks Staff Picks Picks of the Month Bookseller Displays 50 Books for 50 Years 25 Best 21st Century SciFi  Fantasy 25 PNW Books to Read Before You Die 25 Books From the 21st Century 25 Memoirs to Read Before You Die 25 Global Books to Read Before You Die 25 Women to Read Before You Die 25 Books to Read Before You Die Gifts Gift Cards  eGift Cards Powells Souvenirs Journals and Notebooks socks Games Sell Books Blog Events Find A Store Dont Miss BIG SALE 20 off sitewide Picks of the Season What Im Giving Great Gifts Under 25 Best Books of 2022 Powells Author Events Oregon Battle of the Books Audio Books Visit Our Stores Powells Books 14 Gift Ideas From 14 of Our Favorite Authors 0 comment Every year Powells reaches out to some of our favorite authors for some muchneeded giftgiving inspiration Below are 14 writerapproved recommendations to help you find the perfect book for even your mostdifficulttobuyfor loved one Read More  Powells Staff Best Books of 2022 Fiction 1 comment Kelsey Ford 6 Haunting Native American Horror Books 1 comment 1 LOCOK 1 LOCOK LOCCancel 1 LOCOK LOCCancel I Made an Accident Collages and Poems by Kevin Sampsell Comment on this title Synopses  Reviews ISBN13 9781955904070 ISBN10 1955904073 All Product Details View Larger Image View Larger Images 2495 New Trade Paperback Ships in 1 to 3 days Qty Store 46 Burnside 10 Cedar Hills 7 Hawthorne 20 Local Warehouse From Powellscom Powells Picks of the Month Hot new releases and undertheradar gems for adults and kids Staff Pick The collages and poems in I Made an Accident are dreamy and nightmarish sometimes at the same time often funny just as often disturbing  and always quirky and imaginative in that Kevin Sampsell way The perfect kind of peculiar Recommended By Gigi L Powellscom Synopses  Reviews Publisher Comments In 2014 after the release of his debut novel celebrated writer and visionary publisher Kevin Sampsell switched gears and turned to a new creative obsession making collage art Initially influenced by the wild cutup language of William S Burroughs Sampsell soon discovered countless modern collagists that inspired him to take his art further and further from where it started Years later he finds himself at the center of a growing movement of 21st Century cut and paste I Made an Accident showcases over 200 of Sampsells collages exploring a range of styles hilarious sight gags subtle cultural jabs elegant mysteries colorful surprises fragmented hauntings and gloriously strange accidents Combined with Sampsells sharp and lively poems this book is a feast for the eyes and brain and a nonstop entertainment About the Author Kevin Sampsell is the author of a memoir  A Common Pornography  a novel  This Is Between Us  and other books He lives in Portland Oregon and runs the influential small press Future Tense Books An awardwinning bookseller he has worked at Powells City of Books since 1997 His collages have appeared on album covers book covers and in many publications like Kolaj Magazine The Rumpus The Weird Show Chicago Quarterly Review Black Candies Ohio Edit Entropy Watershed Review Queen Mobs Teahouse  and elsewhere He is the cocurator of Sharp Hands Gallery a website featuring international collage artists Twitter and Instagram kevinsampsell Tumblr https kevinsampsellcollagestumblrcom https wwwsharphandsgallerycom What Our Readers Are Saying Be the first to share your thoughts on this title Product Details ISBN 9781955904070 Binding Trade Paperback Publication date 07192022 Publisher Clash Books Pages 192 Height 63IN Width 583IN Author Kevin Sampsell 2495 New Trade Paperback Ships in 1 to 3 days Qty Store 46 Burnside 10 Cedar Hills 7 Hawthorne 20 Local Warehouse Receive an email when this ISBN is available used More copies of this ISBN Signed New Trade Paperback 2495 1 LOCOK 1 LOCOK LOCCancel 1 LOCOK LOCCancel 1 LOCOK 1 LOCOK LOCCancel 1 LOCOK LOCCancel 1 LOCOK 1 LOCOK LOCCancel 1 LOCOK LOCCancel 1 LOCOK 1 LOCOK LOCCancel 1 LOCOK LOCCancel Help Guarantee My Account Careers About Us Security Wish List Partners Contact Us Shipping Transparency ACT MRF Sitemap  2022 POWELLSCOM Terms 1 LOCOK 1 LOCOK LOCCancel 1 LOCOK LOCCancel 1 LOCOK 1 LOCOK LOCCancel 1 LOCOK LOCCancel 1 LOCOK 1 LOCOK LOCCancel 1 LOCOK LOCCancel 1 LOCOK 1 LOCOK LOCCancel 1 LOCOK LOCCancel"}