{"Title": " Portland Stair Walks Explore Portland Oregons Public Stairways ", "Author": "Laura O Foster", "Cover Page": "https://covers.powells.com/9781621063452.jpg", "ISBN10": "1621063453  \n", "ISBN13": "9781621063452", "Page URL": "https://powells.com/book/portland-stair-walks-explore-portland-oregons-public-stairways-9781621063452", "raw_text": "Portland Stair Walks Explore Portland Oregons Public Stairways Laura O Foster Trade Paperback 9781621063452 Powells Books Cart   my account  wish list  help  8008787323 Hello\n Login MENU Browse New Arrivals Bestsellers Featured Preorders Award Winners Audio Books See All Subjects Used Staff Picks Staff Picks Picks of the Month Bookseller Displays 50 Books for 50 Years 25 Best 21st Century SciFi  Fantasy 25 PNW Books to Read Before You Die 25 Books From the 21st Century 25 Memoirs to Read Before You Die 25 Global Books to Read Before You Die 25 Women to Read Before You Die 25 Books to Read Before You Die Gifts Gift Cards  eGift Cards Powells Souvenirs Journals and Notebooks socks Games Sell Books Blog Events Find A Store Dont Miss BIG SALE 20 off sitewide Picks of the Season What Im Giving Great Gifts Under 25 Best Books of 2022 Powells Author Events Oregon Battle of the Books Audio Books Visit Our Stores Powells Books 14 Gift Ideas From 14 of Our Favorite Authors 0 comment Every year Powells reaches out to some of our favorite authors for some muchneeded giftgiving inspiration Below are 14 writerapproved recommendations to help you find the perfect book for even your mostdifficulttobuyfor loved one Read More  Powells Staff Best Books of 2022 Fiction 1 comment Kelsey Ford 6 Haunting Native American Horror Books 1 comment 1 LOCOK 1 LOCOK LOCCancel 1 LOCOK LOCCancel Portland Stair Walks Explore Portland Oregons Public Stairways by Laura O Foster Comment on this title Synopses  Reviews ISBN13 9781621063452 ISBN10 1621063453 All Product Details View Larger Image View Larger Images 1695 New Trade Paperback Ships in 1 to 3 days Qty Store 16 Burnside 12 Cedar Hills 7 Hawthorne 20 Local Warehouse Synopses  Reviews Publisher Comments With Portland Stair Walks in hand youve got 18 walking and biking adventures from 2 to 17 miles Routes explore public stairs paths hidden from Google Earth pedestrianbike bridges mountain peaks floating walkways river beaches and even a tunnel or two in one of Americas most topographically gifted cities Maps easytouse directions stories opinions newest trails and stairsyour guide has been honing her forensic pedestrian ways for 30 years in Portland and this book packs it all up And of course every route passes by places to eat and drink because after all this is Portland Go with a friend a new lover an old spouse or a child or parent of any age On a Portland stair walk theres always much to laugh over wonder about and appreciate Synopsis Why is it so satisfying to walk up and down stairs Maybe its the new layer of discovery with each step upa new faroff view and a new closeup look at the plants and buildings Maybe its the fleeting proximity one has to passing strangers Maybe its the great feeling of propelling yourself upward and then floating downward Maybe its the best workout you can get without putting on gym clothes Whatever the reason stairs are an excellent way to get yourself up or down a landscape and Portland Oregon has a whole lot of them built into our public sidewalk and trail infrastructures With Portland Stair Walks as your guide youll have 18 urban adventures on foot or even bike with 142 staircases 22 hidden paths 26 bridges 2 tunnels 1 island 1 floating sidewalk 1 aerial tram and several beaches And youll enjoy views of 2 rivers 16 river bridges 4 volcanos 3 creeks many city vistas and innumerable small details that make the city and its history come alive Stairloving pedestrians rejoice About the Author Laura O Foster writes about Portland Oregon and the nearby Columbia River Gorge National Scenic Area She also writes for Friends of the Columbia Gorge Travel Oregon BikePortland and Portland Parks  Recreation A former urbanwalks guide for the Multnomah Athletic Club she leads occasional walking tours for nonprofits and local government agencies Her explorations of Portlands stairs and hidden paths have been featured on Oregon Field Guide  Oregon Art Beat  and AM Northwest  Her work has been featured in Portland Monthly  Willamette Week  the Portland Tribune  the Oregonian and KBOOs Between the Covers  She has been a Portlander since 1989 What Our Readers Are Saying Be the first to share your thoughts on this title Product Details ISBN 9781621063452 Binding Trade Paperback Publication date 03152019 Publisher MICROCOSM PUBLISHING Pages 256 Height 60IN Width 500IN Illustration Yes Author Laura O Foster Author Laura O Foster 1695 New Trade Paperback Ships in 1 to 3 days Qty Store 16 Burnside 12 Cedar Hills 7 Hawthorne 20 Local Warehouse Receive an email when this ISBN is available used 1 LOCOK 1 LOCOK LOCCancel 1 LOCOK LOCCancel 1 LOCOK 1 LOCOK LOCCancel 1 LOCOK LOCCancel 1 LOCOK 1 LOCOK LOCCancel 1 LOCOK LOCCancel 1 LOCOK 1 LOCOK LOCCancel 1 LOCOK LOCCancel Help Guarantee My Account Careers About Us Security Wish List Partners Contact Us Shipping Transparency ACT MRF Sitemap  2022 POWELLSCOM Terms 1 LOCOK 1 LOCOK LOCCancel 1 LOCOK LOCCancel 1 LOCOK 1 LOCOK LOCCancel 1 LOCOK LOCCancel 1 LOCOK 1 LOCOK LOCCancel 1 LOCOK LOCCancel 1 LOCOK 1 LOCOK LOCCancel 1 LOCOK LOCCancel"}