{"Title": " Black & Decker Complete Guide to Northwest Coast Gardening ", "Author": "Lynn M Steiner", "Cover Page": "https://covers.powells.com/9781589236561.jpg", "ISBN10": "1589236564  \n", "ISBN13": "9781589236561", "Page URL": "https://powells.com/book/black-decker-complete-guide-to-northwest-coast-gardening-9781589236561", "raw_text": "Black  Decker Complete Guide to Northwest Coast Gardening Lynn M Steiner Trade Paperback 9781589236561 Powells Books Cart   my account  wish list  help  8008787323 Hello\n Login MENU Browse New Arrivals Bestsellers Featured Preorders Award Winners Audio Books See All Subjects Used Staff Picks Staff Picks Picks of the Month Bookseller Displays 50 Books for 50 Years 25 Best 21st Century SciFi  Fantasy 25 PNW Books to Read Before You Die 25 Books From the 21st Century 25 Memoirs to Read Before You Die 25 Global Books to Read Before You Die 25 Women to Read Before You Die 25 Books to Read Before You Die Gifts Gift Cards  eGift Cards Powells Souvenirs Journals and Notebooks socks Games Sell Books Blog Events Find A Store Dont Miss BIG SALE 20 off sitewide Picks of the Season What Im Giving Great Gifts Under 25 Best Books of 2022 Powells Author Events Oregon Battle of the Books Audio Books Visit Our Stores Powells Books 14 Gift Ideas From 14 of Our Favorite Authors 0 comment Every year Powells reaches out to some of our favorite authors for some muchneeded giftgiving inspiration Below are 14 writerapproved recommendations to help you find the perfect book for even your mostdifficulttobuyfor loved one Read More  Powells Staff Best Books of 2022 Fiction 1 comment Kelsey Ford 6 Haunting Native American Horror Books 1 comment 1 LOCOK 1 LOCOK LOCCancel 1 LOCOK LOCCancel Black  Decker Complete Guide to Northwest Coast Gardening by Lynn M Steiner Comment on this title Synopses  Reviews ISBN13 9781589236561 ISBN10 1589236564 Condition Like New All Product Details View Larger Image View Larger Images 1398 List Price 2499 Used Trade Paperback Ships in 1 to 3 days Qty Store 2 Burnside 2 Hawthorne Synopses  Reviews Publisher Comments The Complete Guide to Northwest Coast Gardening takes a practical howto approach to gardening that shows the novice to intermediate home gardener exactly how to get started Customized for readers who live in northern California western Oregon western Washington and southwestern British Columbia the book features all the vegetable and ornamental plants that are most popular in this region Beautiful photos and detailed information make this complete book a musthave for budding gardeners Review Adding to Black and Deckers line of DIY books The Complete Guide to Gardening is divided into seven regionspecific volumes All include the same instructions and general information but Steiner  Rain Gardens  PrairieStyle Gardens  tailors the plant suggestions and climate data Strengths include an excellent introduction on the importance of botanical names soil type and soil pH as well as definitions of key terms such as herbaceous and dioecious Easytofollow instructions and copious color photographs cover the preparation planting care and maintenance of various garden types other topics include the basics of good design and propagating methods Steiner does mention some of the benefits of using native plants but it would have been helpful to highlight them so they could be recognized at a glance She also mentions the importance of avoiding invasive plants the information is not regionspecific but checking invasiveplantatlasorg is suggested A handy reference card listing websites of state extension offices and native plants is also included VERDICT  Overall these books provide a very good introduction to and broad overview of gardening with excellent stepbystep instructions The handy index of plants common names is also helpful for beginners  Library Journal About the Author Lynn Steiner was a longtime editor writer and photographer for Northern Gardener magazine Her articles and photographs have appeared in the Minneapolis Star Tribune  Gardening HowTo  and Sunsets Midwestern Landscaping Book  She lives with her husband two teenage sons a golden retriever and two cats on a turnofthecentury farmstead in Stillwater  Minnesota  What Our Readers Are Saying Be the first to share your thoughts on this title Product Details ISBN 9781589236561 Binding Trade Paperback Publication date 01012012 Publisher Not Avail Series info Black  Decker Complete Guide To Pages 240 Height 60IN Width 820IN Thickness 75 Illustration Yes Author Lynn M Steiner Author Lynn M Steiner Author Lynn Steiner Author Lynn Steiner Subject Landscaping Subject Outdoor Living 1398 List Price 2499 Used Trade Paperback Ships in 1 to 3 days Qty Store 2 Burnside 2 Hawthorne 1 LOCOK 1 LOCOK LOCCancel 1 LOCOK LOCCancel 1 LOCOK 1 LOCOK LOCCancel 1 LOCOK LOCCancel 1 LOCOK 1 LOCOK LOCCancel 1 LOCOK LOCCancel 1 LOCOK 1 LOCOK LOCCancel 1 LOCOK LOCCancel Help Guarantee My Account Careers About Us Security Wish List Partners Contact Us Shipping Transparency ACT MRF Sitemap  2022 POWELLSCOM Terms 1 LOCOK 1 LOCOK LOCCancel 1 LOCOK LOCCancel 1 LOCOK 1 LOCOK LOCCancel 1 LOCOK LOCCancel 1 LOCOK 1 LOCOK LOCCancel 1 LOCOK LOCCancel 1 LOCOK 1 LOCOK LOCCancel 1 LOCOK LOCCancel"}