{"Title": " Venus in the Blind Spot ", "Author": "Junji Ito", "Cover Page": "https://powells-covers-2.s3.amazonaws.com/9781974715473.jpg", "ISBN10": "1974715477  \n", "ISBN13": "9781974715473", "Page URL": "https://powells.com/book/venus-in-the-blind-spot-9781974715473", "raw_text": "Venus in the Blind Spot Junji Ito Hardcover 9781974715473 Powells Books Cart   my account  wish list  help  8008787323 Hello\n Login MENU Browse New Arrivals Bestsellers Featured Preorders Award Winners Audio Books See All Subjects Used Staff Picks Staff Picks Picks of the Month Bookseller Displays 50 Books for 50 Years 25 Best 21st Century SciFi  Fantasy 25 PNW Books to Read Before You Die 25 Books From the 21st Century 25 Memoirs to Read Before You Die 25 Global Books to Read Before You Die 25 Women to Read Before You Die 25 Books to Read Before You Die Gifts Gift Cards  eGift Cards Powells Souvenirs Journals and Notebooks socks Games Sell Books Blog Events Find A Store Dont Miss BIG SALE 20 off sitewide Picks of the Season What Im Giving Great Gifts Under 25 Best Books of 2022 Powells Author Events Oregon Battle of the Books Audio Books Visit Our Stores Powells Books 14 Gift Ideas From 14 of Our Favorite Authors 0 comment Every year Powells reaches out to some of our favorite authors for some muchneeded giftgiving inspiration Below are 14 writerapproved recommendations to help you find the perfect book for even your mostdifficulttobuyfor loved one Read More  Powells Staff Best Books of 2022 Fiction 1 comment Kelsey Ford 6 Haunting Native American Horror Books 1 comment 1 LOCOK 1 LOCOK LOCCancel 1 LOCOK LOCCancel Venus in the Blind Spot by Junji Ito Comment on this title Synopses  Reviews ISBN13 9781974715473 ISBN10 1974715477 All Product Details View Larger Image View Larger Images 2299 New Hardcover Ships in 1 to 3 days Qty Store 7 Burnside 1 Cedar Hills 2 Hawthorne 20 Local Warehouse Synopses  Reviews Synopsis A best of collection of creepy tales from Eisner award winner and legendary horror master Junji Ito This ultimate collection presents the most remarkable short works of Junji Itos career featuring an adaptation of Rampo Edogawas classic horror story Human Chair and fan favorite The Enigma of Amigara Fault In a deluxe presentation with special color pages and color illustrations from his most recent longform manga No Longer Human every page invites readers to revel in a world of terror What Our Readers Are Saying Be the first to share your thoughts on this title Product Details ISBN 9781974715473 Binding Hardcover Publication date 08182020 Publisher VIZ MEDIA Pages 272 Height 100IN Width 600IN Series Venus in the Blind Spot Illustration Yes Author Junji Ito 2299 New Hardcover Ships in 1 to 3 days Qty Store 7 Burnside 1 Cedar Hills 2 Hawthorne 20 Local Warehouse Receive an email when this ISBN is available used 1 LOCOK 1 LOCOK LOCCancel 1 LOCOK LOCCancel 1 LOCOK 1 LOCOK LOCCancel 1 LOCOK LOCCancel 1 LOCOK 1 LOCOK LOCCancel 1 LOCOK LOCCancel 1 LOCOK 1 LOCOK LOCCancel 1 LOCOK LOCCancel Help Guarantee My Account Careers About Us Security Wish List Partners Contact Us Shipping Transparency ACT MRF Sitemap  2022 POWELLSCOM Terms 1 LOCOK 1 LOCOK LOCCancel 1 LOCOK LOCCancel 1 LOCOK 1 LOCOK LOCCancel 1 LOCOK LOCCancel 1 LOCOK 1 LOCOK LOCCancel 1 LOCOK LOCCancel 1 LOCOK 1 LOCOK LOCCancel 1 LOCOK LOCCancel"}