{"Title": " Lonely Planet Brazilian Portuguese Phrasebook 5th edition ", "Author": "Lonely Planet", "Cover Page": "https://powells-covers-2.s3.amazonaws.com/9781743211816.jpg", "ISBN10": "1743211813  \n", "ISBN13": "9781743211816", "Page URL": "https://powells.com/book/lonely-planet-brazilian-portuguese-phrasebook-5th-edition-9781743211816", "raw_text": "Lonely Planet Brazilian Portuguese Phrasebook  Dictionary 5th Edition Lonely Planet Trade Paperback 9781743211816 Powells Books Cart   my account  wish list  help  8008787323 Hello\n Login MENU Browse New Arrivals Bestsellers Featured Preorders Award Winners Audio Books See All Subjects Used Staff Picks Staff Picks Picks of the Month Bookseller Displays 50 Books for 50 Years 25 Best 21st Century SciFi  Fantasy 25 PNW Books to Read Before You Die 25 Books From the 21st Century 25 Memoirs to Read Before You Die 25 Global Books to Read Before You Die 25 Women to Read Before You Die 25 Books to Read Before You Die Gifts Gift Cards  eGift Cards Powells Souvenirs Journals and Notebooks socks Games Sell Books Blog Events Find A Store Dont Miss BIG SALE 20 off sitewide Picks of the Season What Im Giving Great Gifts Under 25 Best Books of 2022 Powells Author Events Oregon Battle of the Books Audio Books Visit Our Stores Powells Books 14 Gift Ideas From 14 of Our Favorite Authors 0 comment Every year Powells reaches out to some of our favorite authors for some muchneeded giftgiving inspiration Below are 14 writerapproved recommendations to help you find the perfect book for even your mostdifficulttobuyfor loved one Read More  Powells Staff Best Books of 2022 Fiction 1 comment Kelsey Ford 6 Haunting Native American Horror Books 1 comment 1 LOCOK 1 LOCOK LOCCancel 1 LOCOK LOCCancel Lonely Planet Brazilian Portuguese Phrasebook 5th edition by Lonely Planet Comment on this title Synopses  Reviews ISBN13 9781743211816 ISBN10 1743211813 All Product Details View Larger Image View Larger Images 899 New Trade Paperback Ships in 1 to 3 days Qty Store 1 Burnside 1 Hawthorne Synopses  Reviews Synopsis Lonely Planet The worlds leading travel guide publisher With Lonely Planets Brazilian Portuguese Phrasebook let no barriers  language or culture  get in your way Our phrasebooks give you a comprehensive mix of practical and social words and phrases in more than 120 languages Chat with the locals and discover their culture  a guaranteed way to enrich your travel experience Order the right meal with our menu decoder Never get stuck for words with our 3500word twoway dictionary We make language easy with shortcuts key phrases  common QAs Feel at ease with essential tips on culture  manners Coverage includes Basic language tools such as pronunciation phrases for getting out and about being social food safe travel sustainable travel and more and two dictionaries Authors Written and researched by Lonely Planet and Marcia Monje de Castro About Lonely Planet Started in 1973 Lonely Planet has become the worlds leading travel guide publisher with guidebooks to every destination on the planet as well as an awardwinning website a suite of mobile and digital travel products and a dedicated traveller community Lonely Planets mission is to enable curious travellers to experience the world and to truly get to the heart of the places they find themselves in TripAdvisor Travelers Choice Awards 2012 and 2013 winner in Favorite Travel Guide category Lonely Planet guides are quite simply like no other The New York Times Lonely Planet Its on everyones bookshelves its in every travellers hands Its on mobile phones Its on the Internet Its everywhere and its telling entire generations of people how to travel the world Fairfax Media Australia What Our Readers Are Saying Be the first to share your thoughts on this title Product Details ISBN 9781743211816 Binding Trade Paperback Publication date 01152014 Publisher LONELY PLANET PUBLICATIONS Series info Lonely Planet Phrasebook and Dictionary Pages 260 Height 50IN Width 390IN Thickness 25 Illustration Yes Copyright Year 2014 Author Lonely Planet Author Lonely Planet Publications cor Corporate author Lonely Planet Publications Corporate author Lonely Planet Publications Corporate author Lonely Planet Publications Corporate author Lonely Planet Publications Author Marcia Monje de Castro Author Lonely Planet Corporate author Lonely Planet Publications Corporate author Lonely Planet Publications Corporate author Lonely Planet Publications Subject Foreign LanguagesPortuguese 899 New Trade Paperback Ships in 1 to 3 days Qty Store 1 Burnside 1 Hawthorne Receive an email when this ISBN is available used 1 LOCOK 1 LOCOK LOCCancel 1 LOCOK LOCCancel 1 LOCOK 1 LOCOK LOCCancel 1 LOCOK LOCCancel 1 LOCOK 1 LOCOK LOCCancel 1 LOCOK LOCCancel 1 LOCOK 1 LOCOK LOCCancel 1 LOCOK LOCCancel Help Guarantee My Account Careers About Us Security Wish List Partners Contact Us Shipping Transparency ACT MRF Sitemap  2022 POWELLSCOM Terms 1 LOCOK 1 LOCOK LOCCancel 1 LOCOK LOCCancel 1 LOCOK 1 LOCOK LOCCancel 1 LOCOK LOCCancel 1 LOCOK 1 LOCOK LOCCancel 1 LOCOK LOCCancel 1 LOCOK 1 LOCOK LOCCancel 1 LOCOK LOCCancel"}