{"Title": " Dig Shuck Shake: Fish and Seafood Recipes from the Pacific Northwest ", "Author": "John Nelson", "Cover Page": "https://powells-covers-2.s3.amazonaws.com/9781423637905.jpg", "ISBN10": "1423637909  \n", "ISBN13": "9781423637905", "Page URL": "https://powells.com/book/-9781423637905", "raw_text": "Dig Shuck Shake Fish  Seafood Recipes from the Pacific Northwest John Nelson Hardcover 9781423637905 Powells Books Cart   my account  wish list  help  8008787323 Hello\n Login MENU Browse New Arrivals Bestsellers Featured Preorders Award Winners Audio Books See All Subjects Used Staff Picks Staff Picks Picks of the Month Bookseller Displays 50 Books for 50 Years 25 Best 21st Century SciFi  Fantasy 25 PNW Books to Read Before You Die 25 Books From the 21st Century 25 Memoirs to Read Before You Die 25 Global Books to Read Before You Die 25 Women to Read Before You Die 25 Books to Read Before You Die Gifts Gift Cards  eGift Cards Powells Souvenirs Journals and Notebooks socks Games Sell Books Blog Events Find A Store Dont Miss BIG SALE 20 off sitewide Picks of the Season What Im Giving Great Gifts Under 25 Best Books of 2022 Powells Author Events Oregon Battle of the Books Audio Books Visit Our Stores Powells Books 14 Gift Ideas From 14 of Our Favorite Authors 0 comment Every year Powells reaches out to some of our favorite authors for some muchneeded giftgiving inspiration Below are 14 writerapproved recommendations to help you find the perfect book for even your mostdifficulttobuyfor loved one Read More  Powells Staff Best Books of 2022 Fiction 1 comment Kelsey Ford 6 Haunting Native American Horror Books 1 comment 1 LOCOK 1 LOCOK LOCCancel 1 LOCOK LOCCancel Dig Shuck Shake Fish and Seafood Recipes from the Pacific Northwest by John Nelson Comment on this title Synopses  Reviews ISBN13 9781423637905 ISBN10 1423637909 Condition Like New All Product Details View Larger Image View Larger Images 1098 List Price 1899 Used Hardcover Ships in 1 to 3 days Qty Store 7 Burnside 5 Cedar Hills 2 Hawthorne Synopses  Reviews Publisher Comments Spotlight on a way of life in the Pacific Northwest John Nelsons stories of growing up on the docks and his practical techniques for preparing and cooking a variety of seafood in Pacific Northwest style makes this more than a recipe book It is a snapshot of the fishing culture that resides alongside the docks of Oregon and Washington Nelsons thorough yet personable instruction makes it so even the most timid cook will feel at ease creating delectable seafood dishes the most experienced of cooks will feel challenged and every guest completely satisfied With recipes reflecting kitchens from Scandinavia Asia Germany South America and more Dig  Shuck  Shake captures a distinctive style of authentic Pacific Northwest cooking About the Author John Nelson grew up in the Pacific Northwest among relatives who worked in the commercial fishing industry He is a Northwestern food and beverage professional and personality He worked as head chef in four of his own restaurants until 2005 He has been an executive chefinstructor at the Cascade Culinary Institute and is a restaurant consultant He currently works with a 125yearold seafood retailer and lives in Eugene Oregon What Our Readers Are Saying Be the first to share your thoughts on this title Product Details ISBN 9781423637905 Binding Hardcover Publication date 03142017 Publisher GIBBS SMITH PUBLISHERS Pages 128 Height 80IN Width 820IN Illustration Yes Copyright Year 2017 Author John Nelson 1098 List Price 1899 Used Hardcover Ships in 1 to 3 days Qty Store 7 Burnside 5 Cedar Hills 2 Hawthorne More copies of this ISBN Used Hardcover 1350 1 LOCOK 1 LOCOK LOCCancel 1 LOCOK LOCCancel 1 LOCOK 1 LOCOK LOCCancel 1 LOCOK LOCCancel 1 LOCOK 1 LOCOK LOCCancel 1 LOCOK LOCCancel 1 LOCOK 1 LOCOK LOCCancel 1 LOCOK LOCCancel Help Guarantee My Account Careers About Us Security Wish List Partners Contact Us Shipping Transparency ACT MRF Sitemap  2022 POWELLSCOM Terms 1 LOCOK 1 LOCOK LOCCancel 1 LOCOK LOCCancel 1 LOCOK 1 LOCOK LOCCancel 1 LOCOK LOCCancel 1 LOCOK 1 LOCOK LOCCancel 1 LOCOK LOCCancel 1 LOCOK 1 LOCOK LOCCancel 1 LOCOK LOCCancel"}