{"Title": " Things to Look Forward To: 52 Large and Small Joys for Today and Every Day ", "Author": "Sophie Blackall", "Cover Page": "https://powells-covers-2.s3.amazonaws.com/9781797214481.jpg", "ISBN10": "1797214489  \n", "ISBN13": "9781797214481", "Page URL": "https://powells.com/book/things-to-look-forward-to-9781797214481", "raw_text": "Things to Look Forward to  Hardcover 9781797214481 Powells Books Cart   my account  wish list  help  8008787323 Hello\n Login MENU Browse New Arrivals Bestsellers Featured Preorders Award Winners Audio Books See All Subjects Used Staff Picks Staff Picks Picks of the Month Bookseller Displays 50 Books for 50 Years 25 Best 21st Century SciFi  Fantasy 25 PNW Books to Read Before You Die 25 Books From the 21st Century 25 Memoirs to Read Before You Die 25 Global Books to Read Before You Die 25 Women to Read Before You Die 25 Books to Read Before You Die Gifts Gift Cards  eGift Cards Powells Souvenirs Journals and Notebooks socks Games Sell Books Blog Events Find A Store Dont Miss BIG SALE 20 off sitewide Picks of the Season What Im Giving Great Gifts Under 25 Best Books of 2022 Powells Author Events Oregon Battle of the Books Audio Books Visit Our Stores Powells Books 14 Gift Ideas From 14 of Our Favorite Authors 0 comment Every year Powells reaches out to some of our favorite authors for some muchneeded giftgiving inspiration Below are 14 writerapproved recommendations to help you find the perfect book for even your mostdifficulttobuyfor loved one Read More  Powells Staff Best Books of 2022 Fiction 1 comment Kelsey Ford 6 Haunting Native American Horror Books 1 comment 1 LOCOK 1 LOCOK LOCCancel 1 LOCOK LOCCancel Things to Look Forward To 52 Large and Small Joys for Today and Every Day by Sophie Blackall Comment on this title Synopses  Reviews ISBN13 9781797214481 ISBN10 1797214489 All Product Details View Larger Image View Larger Images 2295 New Hardcover Ships in 1 to 3 days Qty Store 13 Burnside 2 Cedar Hills 1 Hawthorne 14 Local Warehouse Staff Pick What a wonderful gift this book makes We all need something to look forward to and our seemingly mundane daytoday routines are full of magic we forget to see Send this book in a care package to a faraway loved one gift it to a friend who may be struggling or simply give it to yourself Recommended By Charlotte S Powellscom Synopses  Reviews Publisher Comments Everyone needs things to look forward to big things and small things on good days and on bad days whether we actively create delight for ourselves or simply allow it to enter our lives In these pages beloved author and illustrator Sophie Blackall has gathered a collection of joys for all of us  reminders that every day the sun comes up and new babies are born She includes suggestions that you bake muffins for a friend or draw a face on an egg and put it in the fridge where it will smile at you each time you open the door With wisdom whimsy and compassion the 52 illustrated ideas in this book offer moments of uplift and serendipity for yourself and your loved ones A message of hope and solace in hard times and of joyful anticipation at times of new beginnings  whether youre grieving a loss or starting a new chapter  and for all the days in between  Things to Look Forward to is full of gentle reminders of the objects occasions gestures and ideas that warm our hearts There is always something bright on the horizon and sometimes that horizon can be a lot closer than we think BELOVED AUTHOR Sophie Blackall is a worldrenowned twotime Caldecott awardwinning childrens book author and illustrator Whether your kids grew up with Ivy  Bean and If You Come to Earth  or youre discovering Blackalls empathetic voice and gorgeous artwork for the first time youre sure to fall in love with her new book for adults and folks of all ages UPLIFTING AND HOPEFUL We all need a little reassurance that things will get better  this book offers just that and so much more It reminds us that while looking forward is important sometimes we can take matters into our own hands and create our own joy when we need it most THE PERFECT GIFT Not only a promise of solace in tough times this book is also a celebration of joyful new beginningsafter all who has more to look forward to than parents of new babies or recent grads Youll want to give Things to Look Forward t o to the grieving and the embarking alike Perfect for new moms new graduates those going through breakups or suffering a loss and anyone who could use a little extra joy in life just because Perfect for  Those going through hard times and those experiencing joyous life events  Parents or aunts uncles grandparents who have bought Sophie Blackalls books for their children and fallen in love with her artwork  Shoppers looking for the perfect grad gift or baby shower gift  People looking for a way to express sympathy with someone who is struggling or grieving Review Infused with whimsy and hope each page serves as a heartening reminder that even the smallest moments can be rewarding This is the perfect pickmeup Publishers Weekly Review A full moon a new word coffee childrens book illustrator Blackall shares some of her favorite small pleasures reminding grownups theres always something good ahead People About the Author Sophie Blackall is an Australian illustrator based in New York Blackall has illustrated more than forty childrens books including Finding Winnie  for which she won the 2016 Randolph Caldecott Medal and Hello Lighthouse  which won the Caldecott Medal in 2019 She is the illustrator of the longrunning Ivy  Bean series of early reader chapter books and the author of the picture book If You Come to Earth  also from Chronicle Books What Our Readers Are Saying Be the first to share your thoughts on this title Product Details ISBN 9781797214481 Binding Hardcover Publication date 04192022 Publisher Chronicle Books Pages 128 Height 63IN Width 784IN Authorillustrator Sophie Blackall 2295 New Hardcover Ships in 1 to 3 days Qty Store 13 Burnside 2 Cedar Hills 1 Hawthorne 14 Local Warehouse Receive an email when this ISBN is available used 1 LOCOK 1 LOCOK LOCCancel 1 LOCOK LOCCancel 1 LOCOK 1 LOCOK LOCCancel 1 LOCOK LOCCancel 1 LOCOK 1 LOCOK LOCCancel 1 LOCOK LOCCancel 1 LOCOK 1 LOCOK LOCCancel 1 LOCOK LOCCancel Help Guarantee My Account Careers About Us Security Wish List Partners Contact Us Shipping Transparency ACT MRF Sitemap  2022 POWELLSCOM Terms 1 LOCOK 1 LOCOK LOCCancel 1 LOCOK LOCCancel 1 LOCOK 1 LOCOK LOCCancel 1 LOCOK LOCCancel 1 LOCOK 1 LOCOK LOCCancel 1 LOCOK LOCCancel 1 LOCOK 1 LOCOK LOCCancel 1 LOCOK LOCCancel"}