{"Title": " Angels in America A Gay Fantasia on National Themes ", "Author": "Tony Kushner", "Cover Page": "https://powells-covers-2.s3.amazonaws.com/9781559363846.jpg", "ISBN10": "1559363843  \n", "ISBN13": "9781559363846", "Page URL": "https://powells.com/book/angels-in-america-a-gay-fantasia-on-national-themes-9781559363846", "raw_text": "Angels in America A Gay Fantasia on National Themes Tony Kushner Trade Paperback 9781559363846 Powells Books Cart   my account  wish list  help  8008787323 Hello\n Login MENU Browse New Arrivals Bestsellers Featured Preorders Award Winners Audio Books See All Subjects Used Staff Picks Staff Picks Picks of the Month Bookseller Displays 50 Books for 50 Years 25 Best 21st Century SciFi  Fantasy 25 PNW Books to Read Before You Die 25 Books From the 21st Century 25 Memoirs to Read Before You Die 25 Global Books to Read Before You Die 25 Women to Read Before You Die 25 Books to Read Before You Die Gifts Gift Cards  eGift Cards Powells Souvenirs Journals and Notebooks socks Games Sell Books Blog Events Find A Store Dont Miss BIG SALE 20 off sitewide Picks of the Season What Im Giving Great Gifts Under 25 Best Books of 2022 Powells Author Events Oregon Battle of the Books Audio Books Visit Our Stores Powells Books 14 Gift Ideas From 14 of Our Favorite Authors 0 comment Every year Powells reaches out to some of our favorite authors for some muchneeded giftgiving inspiration Below are 14 writerapproved recommendations to help you find the perfect book for even your mostdifficulttobuyfor loved one Read More  Powells Staff Best Books of 2022 Fiction 1 comment Kelsey Ford 6 Haunting Native American Horror Books 1 comment 1 LOCOK 1 LOCOK LOCCancel 1 LOCOK LOCCancel Angels in America A Gay Fantasia on National Themes by Tony Kushner Comment on this title Synopses  Reviews ISBN13 9781559363846 ISBN10 1559363843 Condition Standard All Product Details View Larger Image View Larger Images 1250 List Price 1795 Used Trade Paperback Ships in 1 to 3 days Qty Store 2 Burnside 2 Cedar Hills Synopses  Reviews Publisher Comments Winner of the Pulitzer Prize for Drama Angels in America A Gay Fantasia on National Themes includes Part One Millennium Approaches and Part Two Perestroika Glorious A monumental subversive altogether remarkable masterwork\u0085Details of specific catastrophes may have changed since this Reaganera AIDS epic won the Pulitzer and the Tony but the real cosmic and human obsessionspower religion sex responsibility the future of the worldare as perilous yet as fallingdown funny as ever Linda Winer Newsday A vast miraculous play provocative witty and deeply upsetting a searching and radical rethinking of American political drama  Frank Rich New York Times A victory for theater for the transforming power of the imagination to turn devastation into beauty  John Lahr New Yorker An enormously impressive work of the imagination and intellect a towering example of what theater stretched to its full potential can achieve  Philadelphia Inquirer Angels in America is the finest drama of our time speaking to us of an entire era of life and death as no other play within memory It ranks as nothing less than one of the greatest plays of the twentieth century  John Heilpern New York Observer Some playwrights want to change the world Some want to revolutionize theater Tony Kushner is that rarity of rarities a writer who has the promise to do both  New York Times This new edition of Tony Kushners masterpiece is published with the authors recent changes and a new introduction in celebration of the twentieth anniversary of its original production One of the most honored American plays in history Angels in America was awarded two Tony Awards for Best Play and the Pulitzer Prize for Drama It was made into an Emmy Awardwinning HBO film directed by Mike Nichols This twopart epic subtitled A Gay Fantasia on National Themes has received hundreds of performances worldwide in more than twentysix languages Tony Kushner s plays include Angels in America  Hydriotaphia or the Death of Dr Brown  The Illusion  adapted from the play by Pierre Cornelle Slavs  A Bright Room Called Day  HomebodyKabul  Caroline or Change  a musical with composer Jeanine Tesori and The Intelligent Homosexuals Guide to Capitalism and Socialism with a Key to the Scriptures  He wrote the screenplays for Mike Nicholss film of Angels in America and for Steven Spielbergs Munich and Lincoln  His books include The Art of Maurice Sendak 1980 to the Present Brundibar  with illustrations by Maurice Sendak and Wrestling with Zion Progressive JewishAmerican Responses to the IsraeliPalestinian Conflict  coedited with Alisa Solomon Among many honors Kushner is the recipient of a Pulitzer Prize two Tony Awards three Obie Awards two Evening Standard Awards an Olivier Award an Emmy Award two Oscar nominations and the Steinberg Distinguished Playwright Award He is a member of the American Academy of Arts and Letters In 2012 he was awarded a National Medal of Arts by President Barack Obama He lives in Manhattan with his husband Mark Harris Review  Angels in America has proved to be a watershed drama the most lyrical and ambitious augury of an era since Tennessee Williams The Glass Menagerie  John Lahr New Yorker A vast miraculous play provocative witty and deeply upsetting a searching and radical rethinking of American political drama Frank Rich New York Times Daring and dazzling The most ambitious America play of our time an epic that ranges from earth to heaven focuses on politics sex and religion transports us to Washington the Kremlin the South Bronx Salt Lake City and Antarctica deals with Jews Mormons WASPs blacks switches between realism and fantasy from the tragedy of AIDS to the camp comedy of drag queens to the death or at least absconding of God Angels in America is the broadest deepest most searching American play of our time  Jack Kroll Newsweek Few plays have captured the spirit of an age more powerfully than Angels in America and the passage of time has not clipped Angels wings Paul Taylor Independent London Something rare dangerous and harrowing\u0085a roman candle hurled into a drawing room Nicholas de Jongh London Evening Standard  Angels breaks all the rules to achieve the astonishing integrity of its vision\u0085It is a play that has remained utterly ofthemoment Jeremy Gerard Bloomberg The most influential American play of the last two decades Patrick Healy New York Times That Angels came so close to the burning heart of the Zeitgeist left Kushner fearing he would never get there again But in fact he has been there so often that he seems to have passed right through it Angels  so much a cry in the dark about AIDS when it was written seems now to be as much about the Earths potentially fatal illness as gay mens Jesse Green New York The greatest American play of the waning years of the twentieth century Chris Jones Chicago Tribune Synopsis A revised edition of one of the most influential plays of our time published with a new forward by the author and debuting in celebration of Signature Theatre Companys Tony Kushner season Synopsis A 20th anniversary revised edition of this modern classic Synopsis A revised and complete edition of this modern classic featuring a new foreword from author Tony Kushner Synopsis Winner of the Pulitzer Prize for Drama Angels in America A Gay Fantasia on National Themes Part One Millennium Approaches Part Two Perestroika A vast miraculous play provocative witty and deeply upsetting a searching and radical rethinking of American political drama  Frank Rich New York Times  Angels in America is the finest drama of our time speaking to us of an entire era of life and death as no other play within memory It ranks as nothing less than one of the greatest plays of the twentieth century  John Heilpern New York Observer A victory for theater for the transforming power of the imagination to turn devastation into beauty  John Lahr New Yorker  Angels in America is the broadest deepest most searching American play of our time  Jack Kroll Newsweek This new edition of Tony Kushners masterpiece is published with the authors recent changes and a new introduction in celebration of the twentieth anniversary of its original production One of the most honored American plays in history Angels in America was awarded two Tony Awards for Best Play and the Pulitzer Prize for Drama It was made into an Emmy Awardwinning HBO film directed by Mike Nichols This twopart epic subtitled A Gay Fantasia on National Themes has received hundreds of performances worldwide in more than twentysix languages About the Author Tony Kushner s plays include Angels in America  Hydriotaphia or the Death of Dr Brown  The Illusion  adapted from the play by Pierre Cornelle Slavs  A Bright Room Called Day  HomebodyKabul  Caroline or Change  a musical with composer Jeanine Tesori and The Intelligent Homosexuals Guide to Capitalism and Socialism with a Key to the Scriptures  He wrote the screenplays for Mike Nicholss film of Angels in America and for Steven Spielbergs Munich and Lincoln  His books include The Art of Maurice Sendak 1980 to the Present Brundibar  with illustrations by Maurice Sendak and Wrestling with Zion Progressive JewishAmerican Responses to the IsraeliPalestinian Conflict  coedited with Alisa Solomon Among many honors Kushner is the recipient of a Pulitzer Prize two Tony Awards three Obie Awards two Evening Standard Awards an Olivier Award an Emmy Award two Oscar nominations and the Steinberg Distinguished Playwright Award He is a member of the American Academy of Arts and Letters In 2012 he was awarded a National Medal of Arts by President Barack Obama He lives in Manhattan with his husband Mark Harris What Our Readers Are Saying Be the first to share your thoughts on this title Product Details ISBN 9781559363846 Binding Trade Paperback Publication date 12242013 Publisher Theatre Communications Group Pages 304 Height 100IN Width 540IN Thickness 100 Number of Units 1 Author Tony Kushner Subject DramaAmerican Anthology 1250 List Price 1795 Used Trade Paperback Ships in 1 to 3 days Qty Store 2 Burnside 2 Cedar Hills More copies of this ISBN New Trade Paperback 1795 Used Trade Paperback 895 1 LOCOK 1 LOCOK LOCCancel 1 LOCOK LOCCancel 1 LOCOK 1 LOCOK LOCCancel 1 LOCOK LOCCancel 1 LOCOK 1 LOCOK LOCCancel 1 LOCOK LOCCancel 1 LOCOK 1 LOCOK LOCCancel 1 LOCOK LOCCancel Help Guarantee My Account Careers About Us Security Wish List Partners Contact Us Shipping Transparency ACT MRF Sitemap  2022 POWELLSCOM Terms 1 LOCOK 1 LOCOK LOCCancel 1 LOCOK LOCCancel 1 LOCOK 1 LOCOK LOCCancel 1 LOCOK LOCCancel 1 LOCOK 1 LOCOK LOCCancel 1 LOCOK LOCCancel 1 LOCOK 1 LOCOK LOCCancel 1 LOCOK LOCCancel"}