{"Title": " Saga: Volume 3 ", "Author": "Brian K Vaughan", "Cover Page": "https://covers.powells.com/9781607069317.jpg", "ISBN10": "1607069318  \n", "ISBN13": "9781607069317", "Page URL": "https://powells.com/book/saga-9781607069317", "raw_text": "Saga Volume 3 Brian K Vaughan Fiona Staples Trade Paperback 9781607069317 Powells Books Cart   my account  wish list  help  8008787323 Hello\n Login MENU Browse New Arrivals Bestsellers Featured Preorders Award Winners Audio Books See All Subjects Used Staff Picks Staff Picks Picks of the Month Bookseller Displays 50 Books for 50 Years 25 Best 21st Century SciFi  Fantasy 25 PNW Books to Read Before You Die 25 Books From the 21st Century 25 Memoirs to Read Before You Die 25 Global Books to Read Before You Die 25 Women to Read Before You Die 25 Books to Read Before You Die Gifts Gift Cards  eGift Cards Powells Souvenirs Journals and Notebooks socks Games Sell Books Blog Events Find A Store Dont Miss BIG SALE 20 off sitewide Picks of the Season What Im Giving Great Gifts Under 25 Best Books of 2022 Powells Author Events Oregon Battle of the Books Audio Books Visit Our Stores Powells Books 14 Gift Ideas From 14 of Our Favorite Authors 0 comment Every year Powells reaches out to some of our favorite authors for some muchneeded giftgiving inspiration Below are 14 writerapproved recommendations to help you find the perfect book for even your mostdifficulttobuyfor loved one Read More  Powells Staff Best Books of 2022 Fiction 1 comment Kelsey Ford 6 Haunting Native American Horror Books 1 comment 1 LOCOK 1 LOCOK LOCCancel 1 LOCOK LOCCancel Saga Volume 3 by Brian K Vaughan and Fiona Staples Comment on this title Synopses  Reviews ISBN13 9781607069317 ISBN10 1607069318 Condition Standard All Product Details View Larger Image View Larger Images 1050 List Price 1499 Used Trade Paperback Ships in 1 to 3 days Qty Store 2 Cedar Hills 5 Hawthorne Synopses  Reviews Publisher Comments The Eisner Harvey and Hugo Awardwinning phenomenon continues as new parents Marko and Alana travel to an alien world to visit their hero while the familys pursuers finally close in on their targets Original Synopsis Winner of the 2013 Hugo award for Best Graphic Story When two soldiers from opposite sides of a neverending galactic war fall in love they risk everything to bring a fragile new life into a dangerous old universe From New York Times be What Our Readers Are Saying Be the first to share your thoughts on this title Product Details ISBN 9781607069317 Binding Trade Paperback Publication date 03252014 Publisher IMAGE COMICS Pages 144 Series Saga Age Range 16 and up Grade Range 11 and up Illustration Yes Author Brian K Vaughan Illustrator Fiona Staples 1050 List Price 1499 Used Trade Paperback Ships in 1 to 3 days Qty Store 2 Cedar Hills 5 Hawthorne More copies of this ISBN New Trade Paperback 1499 Used Trade Paperback 1095 1 LOCOK 1 LOCOK LOCCancel 1 LOCOK LOCCancel 1 LOCOK 1 LOCOK LOCCancel 1 LOCOK LOCCancel 1 LOCOK 1 LOCOK LOCCancel 1 LOCOK LOCCancel 1 LOCOK 1 LOCOK LOCCancel 1 LOCOK LOCCancel Help Guarantee My Account Careers About Us Security Wish List Partners Contact Us Shipping Transparency ACT MRF Sitemap  2022 POWELLSCOM Terms 1 LOCOK 1 LOCOK LOCCancel 1 LOCOK LOCCancel 1 LOCOK 1 LOCOK LOCCancel 1 LOCOK LOCCancel 1 LOCOK 1 LOCOK LOCCancel 1 LOCOK LOCCancel 1 LOCOK 1 LOCOK LOCCancel 1 LOCOK LOCCancel"}