{"Title": " The Further Adventures of Hank the Cowdog ", "Author": "John R. Erickson", "Cover Page": "https://powells-covers-2.s3.amazonaws.com/9781591886020.jpg", "ISBN10": "1591886023  \n", "ISBN13": "9781591886020", "Page URL": "https://powells.com/book/the-further-adventures-of-hank-the-cowdog-9781591886020", "raw_text": "Further Adventures of Hank the Cowdog John R Erickson Compact Disc 9781591886020 Powells Books Cart   my account  wish list  help  8008787323 Hello\n Login MENU Browse New Arrivals Bestsellers Featured Preorders Award Winners Audio Books See All Subjects Used Staff Picks Staff Picks Picks of the Month Bookseller Displays 50 Books for 50 Years 25 Best 21st Century SciFi  Fantasy 25 PNW Books to Read Before You Die 25 Books From the 21st Century 25 Memoirs to Read Before You Die 25 Global Books to Read Before You Die 25 Women to Read Before You Die 25 Books to Read Before You Die Gifts Gift Cards  eGift Cards Powells Souvenirs Journals and Notebooks socks Games Sell Books Blog Events Find A Store Dont Miss BIG SALE 20 off sitewide Picks of the Season What Im Giving Great Gifts Under 25 Best Books of 2022 Powells Author Events Oregon Battle of the Books Audio Books Visit Our Stores Powells Books 14 Gift Ideas From 14 of Our Favorite Authors 0 comment Every year Powells reaches out to some of our favorite authors for some muchneeded giftgiving inspiration Below are 14 writerapproved recommendations to help you find the perfect book for even your mostdifficulttobuyfor loved one Read More  Powells Staff Best Books of 2022 Fiction 1 comment Kelsey Ford 6 Haunting Native American Horror Books 1 comment 1 LOCOK 1 LOCOK LOCCancel 1 LOCOK LOCCancel The Further Adventures of Hank the Cowdog by John R Erickson Comment on this title ISBN13 9781591886020 ISBN10 1591886023 All Product Details View Larger Image View Larger Images 1995 List Price 1999 New Compact Disc Ships in 1 to 3 days Qty Store 3 Local Warehouse What Our Readers Are Saying Be the first to share your thoughts on this title Product Details ISBN 9781591886020 Binding Compact Disc Publication date 08012002 Publisher Maverick Books TX Series info Hank the Cowdog Audio Language English Height 56IN Width 540IN Thickness 75 Series Number 2 Age Range 8 to 11 Grade Range 3 to 6 Number of Units 1 Series Volume 02 UPC Code 2147483647 Author John R Erickson Oth John R Erickson Subject Dogs Subject Children s Middle ReadersGeneral Subject Western stories Subject Ranch life Subject Childrens audiobooks Subject Mystery fiction 1995 List Price 1999 New Compact Disc Ships in 1 to 3 days Qty Store 3 Local Warehouse Receive an email when this ISBN is available used This title in other editions New Hardcover 1599 1 LOCOK 1 LOCOK LOCCancel 1 LOCOK LOCCancel 1 LOCOK 1 LOCOK LOCCancel 1 LOCOK LOCCancel 1 LOCOK 1 LOCOK LOCCancel 1 LOCOK LOCCancel 1 LOCOK 1 LOCOK LOCCancel 1 LOCOK LOCCancel Help Guarantee My Account Careers About Us Security Wish List Partners Contact Us Shipping Transparency ACT MRF Sitemap  2022 POWELLSCOM Terms 1 LOCOK 1 LOCOK LOCCancel 1 LOCOK LOCCancel 1 LOCOK 1 LOCOK LOCCancel 1 LOCOK LOCCancel 1 LOCOK 1 LOCOK LOCCancel 1 LOCOK LOCCancel 1 LOCOK 1 LOCOK LOCCancel 1 LOCOK LOCCancel"}