{"Title": " We Hunt the Flame ", "Author": "Hafsah Faizal", "Cover Page": "https://powells-covers-2.s3.amazonaws.com/9781250250797.jpg", "ISBN10": "125025079X  \n", "ISBN13": "9781250250797", "Page URL": "https://powells.com/book/-9781250250797", "raw_text": "We Hunt the Flame Hafsah Faizal Trade Paperback 9781250250797 Powells Books Cart   my account  wish list  help  8008787323 Hello\n Login MENU Browse New Arrivals Bestsellers Featured Preorders Award Winners Audio Books See All Subjects Used Staff Picks Staff Picks Picks of the Month Bookseller Displays 50 Books for 50 Years 25 Best 21st Century SciFi  Fantasy 25 PNW Books to Read Before You Die 25 Books From the 21st Century 25 Memoirs to Read Before You Die 25 Global Books to Read Before You Die 25 Women to Read Before You Die 25 Books to Read Before You Die Gifts Gift Cards  eGift Cards Powells Souvenirs Journals and Notebooks socks Games Sell Books Blog Events Find A Store Dont Miss BIG SALE 20 off sitewide Picks of the Season What Im Giving Great Gifts Under 25 Best Books of 2022 Powells Author Events Oregon Battle of the Books Audio Books Visit Our Stores Powells Books 14 Gift Ideas From 14 of Our Favorite Authors 0 comment Every year Powells reaches out to some of our favorite authors for some muchneeded giftgiving inspiration Below are 14 writerapproved recommendations to help you find the perfect book for even your mostdifficulttobuyfor loved one Read More  Powells Staff Best Books of 2022 Fiction 1 comment Kelsey Ford 6 Haunting Native American Horror Books 1 comment 1 LOCOK 1 LOCOK LOCCancel 1 LOCOK LOCCancel We Hunt the Flame by Hafsah Faizal Comment on this title Synopses  Reviews ISBN13 9781250250797 ISBN10 125025079X Condition Like New All Product Details View Larger Image View Larger Images 598 List Price 1099 Used Trade Paperback Ships in 1 to 3 days Qty Store 2 Burnside 6 Hawthorne Synopses  Reviews Publisher Comments A BuzzFeed Pick for YA Books You Absolutely Must Read This Spring A Bustles Most Anticipated 2019 YA Release A Paste Magazines Top 10 Most Anticipated YA Novels of 2019 A Paste Magazine Best YA Book of 2019 A PopSugar Best YA Book of 2019 Set in a richly detailed world inspired by ancient Arabia Hafsah Faizals We Hunt the Flame  first in the Sands of Arawiya duology  is a gripping debut of discovery conquering fear and taking identity into your own hands People lived because she killed People died because he lived Zafira is the Hunter disguising herself as a man when she braves the cursed forest of the Arz to feed her people Nasir is the Prince of Death assassinating those foolish enough to defy his autocratic father the sultan If Zafira was exposed as a girl all of her achievements would be rejected if Nasir displayed his compassion his father would punish him in the most brutal of ways Both Zafira and Nasir are legends in the kingdom of Arawiya  but neither wants to be War is brewing and the Arz sweeps closer with each passing day engulfing the land in shadow When Zafira embarks on a quest to uncover a lost artifact that can restore magic to her suffering world and stop the Arz Nasir is sent by the sultan on a similar mission retrieve the artifact and kill the Hunter But an ancient evil stirs as their journey unfolds  and the prize they seek may pose a threat greater than either can imagine Review Debut author Faizal paints a vivid world inspired by ancient Arabia and its mythology that will appeal to fantasy and romance readers as well as fans of the Assassins Creed video gamesAn appealing spin on traditional fantasy elements Kirkus Reviews Review Layering highstakes action with moods ranging from casual humor to raw anguish Faizal bends fantasy tropes to her will to tell a fresh and gripping story about love honor and selfdiscovery that will leave readers scrambling for more Booklist Starred Review Review Faizal matches a sweeping ancient Arabian setting of shifting sand dunes crumbling ruins and fickle magic with an engrossing tale of political intrigue and human and divine warring powersFans of Bardugos Six of Crows will be thrilled with the books impressive world building stellar cast and intricate story The Bulletin of the Center for Childrens Books Starred Review Synopsis An Ignyte Award Winner 2020 A TIME Magazine Top 100 Fantasy Book of All Time A Paste Magazine Best YA Book of 2019 A PopSugar Best YA Book of 2019 A TeenVogue Book Club Pick for 2019 A Barnes  Noble Teen Book Club Pick for 2019 Lyrical and spellbinding Marieke Njikamp 1 New York Times Bestselling Author Set in a richly detailed world inspired by ancient Arabia Hafsah Faizals We Hunt the Flame first in the Sands of Arawiya duologyis a gripping debut of discovery conquering fear and taking identity into your own hands People lived because she killed People died because he lived Zafira is the Hunter disguising herself as a man when she braves the cursed forest of the Arz to feed her people Nasir is the Prince of Death assassinating those foolish enough to defy his autocratic father the sultan If Zafira was exposed as a girl all of her achievements would be rejected if Nasir displayed his compassion his father would punish him in the most brutal of ways Both Zafira and Nasir are legends in the kingdom of Arawiyabut neither wants to be War is brewing and the Arz sweeps closer with each passing day engulfing the land in shadow When Zafira embarks on a quest to uncover a lost artifact that can restore magic to her suffering world and stop the Arz Nasir is sent by the sultan on a similar mission retrieve the artifact and kill the Hunter But an ancient evil stirs as their journey unfoldsand the prize they seek may pose a threat greater than either can imagine About the Author Hafsah Faizal is an American Muslim and brand designer Shes the founder of IceyDesigns where she creates websites for authors and beauteous goodies for everyone else When shes not writing she can be found dreaming up her next design deciding between Assassins Creed and Skyrim  or traversing the world Born in Florida and raised in California she now resides in Texas with her family and a library of books waiting to be devoured We Hunt the Flame is her first novel What Our Readers Are Saying Be the first to share your thoughts on this title Product Details ISBN 9781250250797 Binding Trade Paperback Publication date 12012020 Publisher Square Fish Pages 480 Height 140IN Width 540IN Series Number 1 Age Range 14 to 18 Grade Range 9 to 13 Author Hafsah Faizal 598 List Price 1099 Used Trade Paperback Ships in 1 to 3 days Qty Store 2 Burnside 6 Hawthorne More copies of this ISBN New Trade Paperback Starting from 1099 Used Trade Paperback Starting from 750 This title in other editions New Hardcover 1899 New Other 2450 1 LOCOK 1 LOCOK LOCCancel 1 LOCOK LOCCancel 1 LOCOK 1 LOCOK LOCCancel 1 LOCOK LOCCancel 1 LOCOK 1 LOCOK LOCCancel 1 LOCOK LOCCancel 1 LOCOK 1 LOCOK LOCCancel 1 LOCOK LOCCancel Help Guarantee My Account Careers About Us Security Wish List Partners Contact Us Shipping Transparency ACT MRF Sitemap  2022 POWELLSCOM Terms 1 LOCOK 1 LOCOK LOCCancel 1 LOCOK LOCCancel 1 LOCOK 1 LOCOK LOCCancel 1 LOCOK LOCCancel 1 LOCOK 1 LOCOK LOCCancel 1 LOCOK LOCCancel 1 LOCOK 1 LOCOK LOCCancel 1 LOCOK LOCCancel"}