{"Title": " The Complete Book of Square Dancing: And Round Dancing ", "Author": "Betty Casey", "Cover Page": "https://covers.powells.com/9781574411195.jpg", "ISBN10": "1574411195  \n", "ISBN13": "9781574411195", "Page URL": "https://www.powells.com/book/the-complete-book-of-square-dancing-9781574411195#SR", "raw_text": "The Complete Book of Square Dancing And Round Dancing  Betty Casey Trade Paperback 9781574411195 Powells Books Cart   my account  wish list  help  8008787323 Hello\n Login MENU Browse New Arrivals Bestsellers Featured Preorders Award Winners Audio Books See All Subjects Used Staff Picks Staff Picks Picks of the Month Bookseller Displays 50 Books for 50 Years 25 Best 21st Century SciFi  Fantasy 25 PNW Books to Read Before You Die 25 Books From the 21st Century 25 Memoirs to Read Before You Die 25 Global Books to Read Before You Die 25 Women to Read Before You Die 25 Books to Read Before You Die Gifts Gift Cards  eGift Cards Powells Souvenirs Journals and Notebooks socks Games Sell Books Blog Events Find A Store Dont Miss BIG SALE 20 off sitewide Picks of the Season What Im Giving Great Gifts Under 25 Best Books of 2022 Powells Author Events Oregon Battle of the Books Audio Books Visit Our Stores Powells Books 14 Gift Ideas From 14 of Our Favorite Authors 0 comment Every year Powells reaches out to some of our favorite authors for some muchneeded giftgiving inspiration Below are 14 writerapproved recommendations to help you find the perfect book for even your mostdifficulttobuyfor loved one Read More  Powells Staff Best Books of 2022 Fiction 1 comment Kelsey Ford 6 Haunting Native American Horror Books 1 comment 1 LOCOK 1 LOCOK LOCCancel 1 LOCOK LOCCancel The Complete Book of Square Dancing And Round Dancing by Betty Casey Comment on this title Synopses  Reviews ISBN13 9781574411195 ISBN10 1574411195 All Product Details View Larger Image View Larger Images 2495 New Trade Paperback Available at a Remote Warehouse Ships separately from other items Additional shipping charges may apply Not available for In Store Pickup More Info Qty Store 20 Remote Warehouse Synopses  Reviews Publisher Comments and147Square dancing is friendship set to musicand8221 says author Betty Casey Just take four couples old or young put and8217em on a good floor turn on the music and youand8217re all set Whether youand8217ve done it before or youand8217re just starting out this book tells you everything you need to knowand15185 basic movements used all over the world the spirited calls unique to square dancing the costumes and equipment that are best and music from and147Red River Valleyand8221 to and147Mack the Knifeand8221 that will set your feet in motion Downtoearth details and anecdotes give a taste of the good times in store for you Find out how native folk dances grew out of European quadrilles jigs and fandangos Open this book and get ready to and147wipe off your tie pull down your vest and dance with the one you love bestand8221 This book includes 50 basic movements 35 advanced movements variations dances that are a part of the American heritage Contra and Round Dances polkas and reels and calls past and present About the Author Betty Casey formerly a ballroom dancing instructor saw her first square dancing at the Cowboys Christmas Ball in Anson Texas She got the bug while researching the dance so her Girl Scout troop could earn a folk dance badge Among the first women callers in Texas she studied under Dr Lloyd Pappy Shaw and introduced square dancing to Marshall Flippo Americas foremost national caller Hundreds of students of all ages attended her school in Abilene Texas She has taught square dancing and studied foreign folk dancing in Asia Europe and Africa Betty called for square dancing at the Brussels Worlds Fair and the 2nd Asian Games and her dancers have appeared on TV programs and in movies What Our Readers Are Saying Be the first to share your thoughts on this title Product Details ISBN 9781574411195 Binding Trade Paperback Publication date 06012000 Publisher University of North Texas Press Language English Pages 212 Height 44IN Width 828IN Thickness 44 in LCCN 75040781 Number of Units 1 Illustration Yes UPC Code 2801574411197 Author Betty Casey Subject Round dancing Subject Square dancing 2495 New Trade Paperback Available at a Remote Warehouse Ships separately from other items Additional shipping charges may apply Not available for In Store Pickup More Info Qty Store 20 Remote Warehouse Receive an email when this ISBN is available used 1 LOCOK 1 LOCOK LOCCancel 1 LOCOK LOCCancel 1 LOCOK 1 LOCOK LOCCancel 1 LOCOK LOCCancel 1 LOCOK 1 LOCOK LOCCancel 1 LOCOK LOCCancel 1 LOCOK 1 LOCOK LOCCancel 1 LOCOK LOCCancel Help Guarantee My Account Careers About Us Security Wish List Partners Contact Us Shipping Transparency ACT MRF Sitemap  2022 POWELLSCOM Terms 1 LOCOK 1 LOCOK LOCCancel 1 LOCOK LOCCancel 1 LOCOK 1 LOCOK LOCCancel 1 LOCOK LOCCancel 1 LOCOK 1 LOCOK LOCCancel 1 LOCOK LOCCancel 1 LOCOK 1 LOCOK LOCCancel 1 LOCOK LOCCancel"}