{"Title": " The House in the Cerulean Sea ", "Author": "Tj Klune", "Cover Page": "https://powells-covers-2.s3.amazonaws.com/9781250217318.jpg", "ISBN10": "1250217318  \n", "ISBN13": "9781250217318", "Page URL": "https://powells.com/book/the-house-in-the-cerulean-sea-9781250217318", "raw_text": "The House in the Cerulean Sea Tj Klune Trade Paperback 9781250217318 Powells Books Cart   my account  wish list  help  8008787323 Hello\n Login MENU Browse New Arrivals Bestsellers Featured Preorders Award Winners Audio Books See All Subjects Used Staff Picks Staff Picks Picks of the Month Bookseller Displays 50 Books for 50 Years 25 Best 21st Century SciFi  Fantasy 25 PNW Books to Read Before You Die 25 Books From the 21st Century 25 Memoirs to Read Before You Die 25 Global Books to Read Before You Die 25 Women to Read Before You Die 25 Books to Read Before You Die Gifts Gift Cards  eGift Cards Powells Souvenirs Journals and Notebooks socks Games Sell Books Blog Events Find A Store Dont Miss BIG SALE 20 off sitewide Picks of the Season What Im Giving Great Gifts Under 25 Best Books of 2022 Powells Author Events Oregon Battle of the Books Audio Books Visit Our Stores Powells Books 14 Gift Ideas From 14 of Our Favorite Authors 0 comment Every year Powells reaches out to some of our favorite authors for some muchneeded giftgiving inspiration Below are 14 writerapproved recommendations to help you find the perfect book for even your mostdifficulttobuyfor loved one Read More  Powells Staff Best Books of 2022 Fiction 1 comment Kelsey Ford 6 Haunting Native American Horror Books 1 comment 1 LOCOK 1 LOCOK LOCCancel 1 LOCOK LOCCancel The House in the Cerulean Sea by Tj Klune Comment on this title Synopses  Reviews ISBN13 9781250217318 ISBN10 1250217318 All Product Details View Larger Image View Larger Images 1899 New Trade Paperback Ships in 1 to 3 days Qty Store 52 Burnside 24 Cedar Hills 15 Hawthorne 20 Local Warehouse Staff Pick I loved this book While the adult characters Linus and Arthur are wonderful its the magical youth that really stand out By the end youll be rooting for every one of them to reach their dreams This book was an absolute delight Recommended By Bethany O Powellscom Synopses  Reviews Publisher Comments A NEW YORK TIMES AND USA TODAY BESTSELLER A 2021 Alex Award winner The 2021 RUSA Reading List Fantasy Winner An Indie Next Pick One of Publishers Weekly s Most Anticipated Books of Spring 2020 One of Book Riot s 20 MustRead FeelGood Fantasies Lambda Literary Awardwinning author TJ Klunes bestselling breakout contemporary fantasy thats 1984 meets The Umbrella Academy with a pinch of Douglas Adams thrown in Gail Carriger A magical island A dangerous task A burning secret Linus Baker leads a quiet solitary life At forty he lives in a tiny house with a devious cat and his old records As a Case Worker at the Department in Charge Of Magical Youth he spends his days overseeing the wellbeing of children in governmentsanctioned orphanages When Linus is unexpectedly summoned by Extremely Upper Management hes given a curious and highly classified assignment travel to Marsyas Island Orphanage where six dangerous children reside a gnome a sprite a wyvern an unidentifiable green blob a werePomeranian and the Antichrist Linus must set aside his fears and determine whether or not theyre likely to bring about the end of days But the children arent the only secret the island keeps Their caretaker is the charming and enigmatic Arthur Parnassus who will do anything to keep his wards safe As Arthur and Linus grow closer longheld secrets are exposed and Linus must make a choice destroy a home or watch the world burn An enchanting story masterfully told The House in the Cerulean Sea is about the profound experience of discovering an unlikely family in an unexpected place  and realizing that family is yours Review This is a sweet narrative about the value of asking questions and the benefits of giving people especially children a chance to be safe protected and themselves regardless of what assumptions one might glean from say reading their case file  Booklist Review Klune has a knack for creating endearing characters and readers will grow to love Arthur and the orphans alongside Linusfans of quirky fantasy will eat it up A breezy and fun contemporary fantasy  Kirkus Review Sweet comforting and kind this book is very close to perfect The House in the Cerulean Sea is a work of classic childrens literature written for adults and children alike with the perspective and delicacy of the modern day I cannot recommend it highly enough  Seanan McGuire New York Times bestselling author of Every Heart a Doorway About the Author TJ KLUNE is the New York Times and USA Today bestselling Lambda Literary Awardwinning author of The House in the Cerulean Sea The Extraordinaries  and more Being queer himself Klune believes its important  now more than ever  to have accurate positive queer representation in stories What Our Readers Are Saying Be the first to share your thoughts on this title Product Details ISBN 9781250217318 Binding Trade Paperback Publication date 12292020 Publisher TOR BOOKS Pages 416 Height 120IN Width 540IN Author TJ Klune 1899 New Trade Paperback Ships in 1 to 3 days Qty Store 52 Burnside 24 Cedar Hills 15 Hawthorne 20 Local Warehouse Receive an email when this ISBN is available used This title in other editions New Hardcover 2799 1 LOCOK 1 LOCOK LOCCancel 1 LOCOK LOCCancel 1 LOCOK 1 LOCOK LOCCancel 1 LOCOK LOCCancel 1 LOCOK 1 LOCOK LOCCancel 1 LOCOK LOCCancel 1 LOCOK 1 LOCOK LOCCancel 1 LOCOK LOCCancel Help Guarantee My Account Careers About Us Security Wish List Partners Contact Us Shipping Transparency ACT MRF Sitemap  2022 POWELLSCOM Terms 1 LOCOK 1 LOCOK LOCCancel 1 LOCOK LOCCancel 1 LOCOK 1 LOCOK LOCCancel 1 LOCOK LOCCancel 1 LOCOK 1 LOCOK LOCCancel 1 LOCOK LOCCancel 1 LOCOK 1 LOCOK LOCCancel 1 LOCOK LOCCancel"}