{"Title": " Legendborn ", "Author": "Tracy Deonn", "Cover Page": "https://powells-covers-2.s3.amazonaws.com/9781534441613.jpg", "ISBN10": "1534441611  \n", "ISBN13": "9781534441613", "Page URL": "https://powells.com/book/legendborn-9781534441613", "raw_text": "Legendborn Tracy Deonn Trade Paperback 9781534441613 Powells Books Cart   my account  wish list  help  8008787323 Hello\n Login MENU Browse New Arrivals Bestsellers Featured Preorders Award Winners Audio Books See All Subjects Used Staff Picks Staff Picks Picks of the Month Bookseller Displays 50 Books for 50 Years 25 Best 21st Century SciFi  Fantasy 25 PNW Books to Read Before You Die 25 Books From the 21st Century 25 Memoirs to Read Before You Die 25 Global Books to Read Before You Die 25 Women to Read Before You Die 25 Books to Read Before You Die Gifts Gift Cards  eGift Cards Powells Souvenirs Journals and Notebooks socks Games Sell Books Blog Events Find A Store Dont Miss BIG SALE 20 off sitewide Picks of the Season What Im Giving Great Gifts Under 25 Best Books of 2022 Powells Author Events Oregon Battle of the Books Audio Books Visit Our Stores Powells Books 14 Gift Ideas From 14 of Our Favorite Authors 0 comment Every year Powells reaches out to some of our favorite authors for some muchneeded giftgiving inspiration Below are 14 writerapproved recommendations to help you find the perfect book for even your mostdifficulttobuyfor loved one Read More  Powells Staff Best Books of 2022 Fiction 1 comment Kelsey Ford 6 Haunting Native American Horror Books 1 comment 1 LOCOK 1 LOCOK LOCCancel 1 LOCOK LOCCancel Legendborn by Tracy Deonn Comment on this title Synopses  Reviews ISBN13 9781534441613 ISBN10 1534441611 All Product Details View Larger Image View Larger Images 1119 List Price 1399 Sale New Trade Paperback Ships in 1 to 3 days Qty Store 30 Burnside 8 Cedar Hills 3 Hawthorne 17 Local Warehouse Synopses  Reviews Publisher Comments An Instant New York Times Bestseller Winner of the Coretta Scott King  John Steptoe for New Talent Author Award Filled with mystery and an intriguingly rich magic system Tracy Deonns YA contemporary fantasy reinvents the King Arthur legend and braids together Southern folk traditions and Black Girl Magic into a searing modern tale of grief power and selfdiscovery Dhonielle Clayton New York Times bestselling author of The Belles After her mother dies in an accident sixteenyearold Bree Matthews wants nothing to do with her family memories or childhood home A residential program for bright high schoolers at UNCChapel Hill seems like the perfect escape  until Bree witnesses a magical attack her very first night on campus A flying demon feeding on human energies A secret society of so called Legendborn students that hunt the creatures down And a mysterious teenage mage who calls himself a Merlin and who attempts  and fails  to wipe Brees memory of everything she saw\nThe mages failure unlocks Brees own unique magic and a buried memory with a hidden connection the night her mother died another Merlin was at the hospital Now that Bree knows theres more to her mothers death than whats on the police report shell do whatever it takes to find out the truth even if that means infiltrating the Legendborn as one of their initiates She recruits Nick a selfexiled Legendborn with his own grudge against the group and their reluctant partnership pulls them deeper into the societys secrets  and closer to each other But when the Legendborn reveal themselves as the descendants of King Arthurs knights and explain that a magical war is coming Bree has to decide how far shell go for the truth and whether she should use her magic to take the society down  or join the fight About the Author Tracy Deonn is the New York Times bestselling and Coretta Scott King  John Steptoe Awardwinning author of Legendborn  and a secondgeneration fangirl She grew up in central North Carolina where she devoured fantasy books and Southern food in equal measure After earning her bachelors and masters degrees in communication and performance studies from the University of North Carolina at Chapel Hill Tracy worked in live theater video game production and K12 education When shes not writing Tracy speaks on panels at science fiction and fantasy conventions reads fanfic arranges puppy playdates and keeps an eye out for gingerflavored everything She can be found on Twitter at TracyDeonn and at TracyDeonncom What Our Readers Are Saying Be the first to share your thoughts on this title Product Details ISBN 9781534441613 Binding Trade Paperback Publication date 02012022 Publisher SIMON  SCHUSTER TRADE Pages 544 Height 150IN Width 550IN Series The Legendborn Cycle Age Range 13 to 17 Grade Range 8 to 12 Author Tracy Deonn 1119 List Price 1399 Sale New Trade Paperback Ships in 1 to 3 days Qty Store 30 Burnside 8 Cedar Hills 3 Hawthorne 17 Local Warehouse Receive an email when this ISBN is available used This title in other editions Used Hardcover 1495 1 LOCOK 1 LOCOK LOCCancel 1 LOCOK LOCCancel 1 LOCOK 1 LOCOK LOCCancel 1 LOCOK LOCCancel 1 LOCOK 1 LOCOK LOCCancel 1 LOCOK LOCCancel 1 LOCOK 1 LOCOK LOCCancel 1 LOCOK LOCCancel Help Guarantee My Account Careers About Us Security Wish List Partners Contact Us Shipping Transparency ACT MRF Sitemap  2022 POWELLSCOM Terms 1 LOCOK 1 LOCOK LOCCancel 1 LOCOK LOCCancel 1 LOCOK 1 LOCOK LOCCancel 1 LOCOK LOCCancel 1 LOCOK 1 LOCOK LOCCancel 1 LOCOK LOCCancel 1 LOCOK 1 LOCOK LOCCancel 1 LOCOK LOCCancel"}