{"Title": " Antifa: The Anti-Fascist Handbook ", "Author": "Mark Bray", "Cover Page": "https://powells-covers-2.s3.amazonaws.com/9781612197036.jpg", "ISBN10": "1612197035  \n", "ISBN13": "9781612197036", "Page URL": "https://powells.com/book/antifa-9781612197036", "raw_text": "Antifa The AntiFascist Handbook Mark Bray Trade Paperback 9781612197036 Powells Books Cart   my account  wish list  help  8008787323 Hello\n Login MENU Browse New Arrivals Bestsellers Featured Preorders Award Winners Audio Books See All Subjects Used Staff Picks Staff Picks Picks of the Month Bookseller Displays 50 Books for 50 Years 25 Best 21st Century SciFi  Fantasy 25 PNW Books to Read Before You Die 25 Books From the 21st Century 25 Memoirs to Read Before You Die 25 Global Books to Read Before You Die 25 Women to Read Before You Die 25 Books to Read Before You Die Gifts Gift Cards  eGift Cards Powells Souvenirs Journals and Notebooks socks Games Sell Books Blog Events Find A Store Dont Miss BIG SALE 20 off sitewide Picks of the Season What Im Giving Great Gifts Under 25 Best Books of 2022 Powells Author Events Oregon Battle of the Books Audio Books Visit Our Stores Powells Books 14 Gift Ideas From 14 of Our Favorite Authors 0 comment Every year Powells reaches out to some of our favorite authors for some muchneeded giftgiving inspiration Below are 14 writerapproved recommendations to help you find the perfect book for even your mostdifficulttobuyfor loved one Read More  Powells Staff Best Books of 2022 Fiction 1 comment Kelsey Ford 6 Haunting Native American Horror Books 1 comment 1 LOCOK 1 LOCOK LOCCancel 1 LOCOK LOCCancel Antifa The AntiFascist Handbook by Mark Bray Comment on this title Synopses  Reviews ISBN13 9781612197036 ISBN10 1612197035 All Product Details View Larger Image View Larger Images 1699 New Trade Paperback Ships in 1 to 3 days Qty Store 2 Burnside 1 Cedar Hills 10 Local Warehouse Synopses  Reviews Publisher Comments Brays book is many things the first Englishlanguage transnational history of antifa a howto for wouldbe activists and a record of advice from antiFascist organizers past and present  Focused and persuasive  Daniel Penny The New Yorker In the wake of tragic events in Charlottesville VA and Donald Trumps initial refusal to denounce the white nationalists behind it all the antifa opposition movement is suddenly appearing everywhere But what is it precisely And where did it come from As long as there has been fascism there has been antifascism  also known as antifa Born out of resistance to Mussolini and Hitler in Europe during the 1920s and 30s the antifa movement has suddenly burst into the headlines amidst opposition to the Trump administration and the altright They could be seen in news reports often clad all in black with balaclavas covering their faces fighting police at the presidential inauguration on California college campuses protesting rightwing speakers and most recently on the streets of Charlottesville VA protecting among others a group of ministers including Cornel West from neoNazi violence West would later tell reporters The antifascists saved our lives Simply antifa aims to deny fascists the opportunity to promote their oppressive politics and to protect tolerant communities from acts of violence promulgated by fascists Critics say shutting down political adversaries is antidemocratic antifa adherents argue that the horrors of fascism must never be allowed the slightest chance to triumph again In a smart and gripping investigation historian and former Occupy Wall Street organizer Mark Bray provides a detailed survey of the full history of antifascism from its origins to the present day  the first transnational history of postwar antifascism in English Based on interviews with antifascists from around the world Antifa details the tactics of the movement and the philosophy behind it offering insight into the growing but littleunderstood resistance fighting back against fascism in all its guises Review Insurgent activist movements need spokesmen intellectuals and apologists and for the moment Mark Bray is filling in as all threeimpeccably timed Washington Post About the Author Mark Bray is a historian of human rights terrorism and political radicalism in Modern Europe who was one of the organizers of Occupy Wall Street He is the author of Translating Anarchy The Anarchism of Occupy Wall Street  and the coeditor of Anarchist Education and the Modern School A Francisco Ferrer Reader  His work has appeared in the Washington Post  Foreign Policy  Critical Quarterly  ROAR Magazine  and numerous edited volumes He is currently a lecturer at Dartmouth College What Our Readers Are Saying Be the first to share your thoughts on this title Product Details ISBN 9781612197036 Binding Trade Paperback Publication date 08142017 Publisher MELVILLE HOUSE PUBLISHING Pages 288 Height 80IN Width 490IN Author Mark Bray 1699 New Trade Paperback Ships in 1 to 3 days Qty Store 2 Burnside 1 Cedar Hills 10 Local Warehouse Receive an email when this ISBN is available used 1 LOCOK 1 LOCOK LOCCancel 1 LOCOK LOCCancel 1 LOCOK 1 LOCOK LOCCancel 1 LOCOK LOCCancel 1 LOCOK 1 LOCOK LOCCancel 1 LOCOK LOCCancel 1 LOCOK 1 LOCOK LOCCancel 1 LOCOK LOCCancel Help Guarantee My Account Careers About Us Security Wish List Partners Contact Us Shipping Transparency ACT MRF Sitemap  2022 POWELLSCOM Terms 1 LOCOK 1 LOCOK LOCCancel 1 LOCOK LOCCancel 1 LOCOK 1 LOCOK LOCCancel 1 LOCOK LOCCancel 1 LOCOK 1 LOCOK LOCCancel 1 LOCOK LOCCancel 1 LOCOK 1 LOCOK LOCCancel 1 LOCOK LOCCancel"}