{"Title": " How to Raise a Reader ", "Author": "Pamela Paul", "Cover Page": "https://powells-covers-2.s3.amazonaws.com/9781523505302.jpg", "ISBN10": "1523505303  \n", "ISBN13": "9781523505302", "Page URL": "https://www.powells.com/book/how-to-raise-a-reader-9781523505302/1-9", "raw_text": "How to Raise a Reader Pamela Paul Hardcover 9781523505302 Powells Books Cart   my account  wish list  help  8008787323 Hello\n Login MENU Browse New Arrivals Bestsellers Featured Preorders Award Winners Audio Books See All Subjects Used Staff Picks Staff Picks Picks of the Month Bookseller Displays 50 Books for 50 Years 25 Best 21st Century SciFi  Fantasy 25 PNW Books to Read Before You Die 25 Books From the 21st Century 25 Memoirs to Read Before You Die 25 Global Books to Read Before You Die 25 Women to Read Before You Die 25 Books to Read Before You Die Gifts Gift Cards  eGift Cards Powells Souvenirs Journals and Notebooks socks Games Sell Books Blog Events Find A Store Dont Miss BIG SALE 20 off sitewide Picks of the Season What Im Giving Great Gifts Under 25 Best Books of 2022 Powells Author Events Oregon Battle of the Books Audio Books Visit Our Stores Powells Books 14 Gift Ideas From 14 of Our Favorite Authors 0 comment Every year Powells reaches out to some of our favorite authors for some muchneeded giftgiving inspiration Below are 14 writerapproved recommendations to help you find the perfect book for even your mostdifficulttobuyfor loved one Read More  Powells Staff Best Books of 2022 Fiction 1 comment Kelsey Ford 6 Haunting Native American Horror Books 1 comment 1 LOCOK 1 LOCOK LOCCancel 1 LOCOK LOCCancel How to Raise a Reader by Pamela Paul and Maria Russo and Dan Yaccarino Comment on this title Synopses  Reviews ISBN13 9781523505302 ISBN10 1523505303 Condition Standard All Product Details View Larger Image View Larger Images 1395 List Price 1995 Used Hardcover Ships in 1 to 3 days Qty Store 2 Burnside 3 Cedar Hills 13 Local Warehouse From Powellscom Powells Picks of the Month Hot new releases and undertheradar gems for adults and kids Staff Pick As someone who works in a bookstore I thought I knew everything possible about how to nurture the love of reading in a child But this joyful guide organized by age group and packed with practical advice had a lot to teach me Big bonus the book recommendations are ample and spoton Recommended By Renee P Powellscom Synopses  Reviews Publisher Comments An indispensable guide to welcoming children  from babies to teens  to a lifelong love of reading written by Pamela Paul and Maria Russo editors of The New York Times Book Review Do you remember your first visit to where the wild things are How about curling up for hours on end to discover the secret of the Sorcerers Stone Combining clear practical advice with inspiration wisdom tips and curated reading lists How to Raise a Reader shows you how to instill the joy and timestopping pleasure of reading Divided into four sections from baby through teen and each illustrated by a different artist this book offers something useful on every page whether its how to develop rituals around reading or build a family library or ways to engage a reluctant reader A fifth section More Books to Love By Theme and Reading Level is chockful of expert recommendations Throughout the authors debunk common myths assuage parental fears and deliver invaluable lessons in a positive and easytoacton way Review A riot of quirkiness and eccentricity and the mood of the book which shifts from droll humor to melancholy to gentle vulnerability is unclassifiable  and just right Kirkus Review Savvy counsel and starter lists for fretting parents New York Times Book Review editor Paul  My Life With Bob Flawed Heroine Keeps Book of Books Plot Ensues  2017 etc and Russo the childrens book editor for that publication provide standardissue but deftly noninvasive strategies for making books and reading integral elements in childrens lives Kirkus Reviews Review Paul and Russo respectively editor and childrens book editor of the New York Times Book Review  bring parental and editorial knowledge to this practical reassuring guide to encouraging children to read Publishers Weekly About the Author Pamela Paul is the editor of The New York Times Book Review and oversees books coverage at The New York Times which she joined in 2011 as the childrens books editor She is also the host of the weekly Book Review podcast for The Times She is the author and editor of five books My Life with Bob Flawed Heroine Keeps Book of Books Plot Ensues The Starter Marriage and the Future of Matrimony Pornified Parenting Inc and By the Book She is a former columnist for The Economist Worth and The New York Times Styles section Her work has also appeared in The Atlantic  The Washington Post Slate Vogue Psychology Today Brown Alumni Magazine and other national publications Maria Russo is the childrens books editor of The New York Times Books Review She has been a writer and editor at the Los Angeles Times The New York Observer and Salon  and holds a PhD in English and Comparative Literature from Columbia University She lives in Montclair New Jersey with her husband and three children Dan Yaccarino is the author of Five Little Pumpkins and many other childrens books creator of the Parents Choice Awardwinning animated TV series Oswald chosen by Time as one of the top 6 shows to watch on cableand the Emmywinning Willas Wild Life  His awards include the Bologna Ragazzi The New York Times Top 10 Best Illustrated and an ALA Notable award What Our Readers Are Saying Be the first to share your thoughts on this title Product Details ISBN 9781523505302 Binding Hardcover Publication date 09032019 Publisher WORKMAN PUBLISHING CO INC Pages 216 Height 850 in Width 625 in Author Pamela Paul Author Maria Russo Illustrator Dan Yaccarino 1395 List Price 1995 Used Hardcover Ships in 1 to 3 days Qty Store 2 Burnside 3 Cedar Hills 13 Local Warehouse More copies of this ISBN New Hardcover 1995 Used Hardcover 898 1 LOCOK 1 LOCOK LOCCancel 1 LOCOK LOCCancel 1 LOCOK 1 LOCOK LOCCancel 1 LOCOK LOCCancel 1 LOCOK 1 LOCOK LOCCancel 1 LOCOK LOCCancel 1 LOCOK 1 LOCOK LOCCancel 1 LOCOK LOCCancel Help Guarantee My Account Careers About Us Security Wish List Partners Contact Us Shipping Transparency ACT MRF Sitemap  2022 POWELLSCOM Terms 1 LOCOK 1 LOCOK LOCCancel 1 LOCOK LOCCancel 1 LOCOK 1 LOCOK LOCCancel 1 LOCOK LOCCancel 1 LOCOK 1 LOCOK LOCCancel 1 LOCOK LOCCancel 1 LOCOK 1 LOCOK LOCCancel 1 LOCOK LOCCancel"}