{"Title": " Hedda Gabler ", "Author": "Henrik Ibsen", "Cover Page": "https://powells-covers-2.s3.amazonaws.com/9781854591845.jpg", "ISBN10": "1854591843  \n", "ISBN13": "9781854591845", "Page URL": "https://www.powells.com/book/hedda-gabler-9781854591845#SR", "raw_text": "Hedda Gabler Henrik Ibsen Mass Market 9781854591845 Powells Books Cart   my account  wish list  help  8008787323 Hello\n Login MENU Browse New Arrivals Bestsellers Featured Preorders Award Winners Audio Books See All Subjects Used Staff Picks Staff Picks Picks of the Month Bookseller Displays 50 Books for 50 Years 25 Best 21st Century SciFi  Fantasy 25 PNW Books to Read Before You Die 25 Books From the 21st Century 25 Memoirs to Read Before You Die 25 Global Books to Read Before You Die 25 Women to Read Before You Die 25 Books to Read Before You Die Gifts Gift Cards  eGift Cards Powells Souvenirs Journals and Notebooks socks Games Sell Books Blog Events Find A Store Dont Miss BIG SALE 20 off sitewide Picks of the Season What Im Giving Great Gifts Under 25 Best Books of 2022 Powells Author Events Oregon Battle of the Books Audio Books Visit Our Stores Powells Books 14 Gift Ideas From 14 of Our Favorite Authors 0 comment Every year Powells reaches out to some of our favorite authors for some muchneeded giftgiving inspiration Below are 14 writerapproved recommendations to help you find the perfect book for even your mostdifficulttobuyfor loved one Read More  Powells Staff Best Books of 2022 Fiction 1 comment Kelsey Ford 6 Haunting Native American Horror Books 1 comment 1 LOCOK 1 LOCOK LOCCancel 1 LOCOK LOCCancel Hedda Gabler by Henrik Ibsen Comment on this title Synopses  Reviews ISBN13 9781854591845 ISBN10 1854591843 All Product Details View Larger Image View Larger Images 1250 New Trade Paperback Available at a Remote Warehouse Ships separately from other items Additional shipping charges may apply Not available for In Store Pickup More Info Qty Store 15 Remote Warehouse Synopses  Reviews Publisher Comments A brand new translation of Ibsens classic work What Our Readers Are Saying Be the first to share your thoughts on this title Product Details ISBN 9781854591845 Binding Trade Paperback Publication date 09011996 Publisher Nick Hern Books Series info Drama Classics Language English Pages 128 Height 27IN Width 458IN Thickness 3 in Series Drama classics  Number of Units 1 Copyright Year 1996 UPC Code 2801854591847 Translator Kenneth McLeish Author Henrik Johan Ibsen Author Henrik Ibsen Author Kenneth McLeish Subject DRAMA  General Subject Continental european Subject General Drama 1250 New Trade Paperback Available at a Remote Warehouse Ships separately from other items Additional shipping charges may apply Not available for In Store Pickup More Info Qty Store 15 Remote Warehouse Receive an email when this ISBN is available used This title in other editions New Hardcover Starting from 2195 New Trade Paperback Starting from 895 Used Trade Paperback Starting from 195 1 LOCOK 1 LOCOK LOCCancel 1 LOCOK LOCCancel 1 LOCOK 1 LOCOK LOCCancel 1 LOCOK LOCCancel 1 LOCOK 1 LOCOK LOCCancel 1 LOCOK LOCCancel 1 LOCOK 1 LOCOK LOCCancel 1 LOCOK LOCCancel Help Guarantee My Account Careers About Us Security Wish List Partners Contact Us Shipping Transparency ACT MRF Sitemap  2022 POWELLSCOM Terms 1 LOCOK 1 LOCOK LOCCancel 1 LOCOK LOCCancel 1 LOCOK 1 LOCOK LOCCancel 1 LOCOK LOCCancel 1 LOCOK 1 LOCOK LOCCancel 1 LOCOK LOCCancel 1 LOCOK 1 LOCOK LOCCancel 1 LOCOK LOCCancel"}