{"Title": " Extreme Aerial Silks ", "Author": "Xina M. Uhl", "Cover Page": "/Portals/0/Images/NoImageAvailable.gif", "ISBN10": "1725347318  \n", "ISBN13": "9781725347311", "Page URL": "https://powells.com/book/extreme-aerial-silks-9781725347311", "raw_text": "Extreme Aerial Silks Xina M Uhl Library Binding 9781725347311 Powells Books Cart   my account  wish list  help  8008787323 Hello\n Login MENU Browse New Arrivals Bestsellers Featured Preorders Award Winners Audio Books See All Subjects Used Staff Picks Staff Picks Picks of the Month Bookseller Displays 50 Books for 50 Years 25 Best 21st Century SciFi  Fantasy 25 PNW Books to Read Before You Die 25 Books From the 21st Century 25 Memoirs to Read Before You Die 25 Global Books to Read Before You Die 25 Women to Read Before You Die 25 Books to Read Before You Die Gifts Gift Cards  eGift Cards Powells Souvenirs Journals and Notebooks socks Games Sell Books Blog Events Find A Store Dont Miss BIG SALE 20 off sitewide Picks of the Season What Im Giving Great Gifts Under 25 Best Books of 2022 Powells Author Events Oregon Battle of the Books Audio Books Visit Our Stores Powells Books 14 Gift Ideas From 14 of Our Favorite Authors 0 comment Every year Powells reaches out to some of our favorite authors for some muchneeded giftgiving inspiration Below are 14 writerapproved recommendations to help you find the perfect book for even your mostdifficulttobuyfor loved one Read More  Powells Staff Best Books of 2022 Fiction 1 comment Kelsey Ford 6 Haunting Native American Horror Books 1 comment 1 LOCOK 1 LOCOK LOCCancel 1 LOCOK LOCCancel Extreme Aerial Silks by Xina M Uhl Comment on this title Synopses  Reviews ISBN13 9781725347311 ISBN10 1725347318 All Product Details View Larger Image View Larger Images 3950 New Library Binding Available at a Remote Warehouse Ships separately from other items Additional shipping charges may apply Not available for In Store Pickup More Info Qty Store 1 Remote Warehouse Synopses  Reviews Synopsis Like dancers in the sky aerial silks athletes hang from long strips of fabric and perform acrobatics suspended from them with beauty grace and sheer physical skill This captivating book encourages readers who may not have access to other sports to be physically and acrobatically active It profiles the leading silks performers circus arts organizations that teach courses and places where one can see the acts in person Readers learn how aerial silks compares with dance trapeze and yoga how to spot quality instructors and studios and the necessary practices to keep athletes safe while having the maximum amount of fun What Our Readers Are Saying Be the first to share your thoughts on this title Product Details ISBN 9781725347311 Binding Library Binding Publication date 12302019 Publisher Rosen Central Language English Pages 48 Height 40IN Width 730IN LCCN 2019006449 Age Range 10 to 13 Grade Range 5 to 8 Illustration Yes Author Xina M Uhl 3950 New Library Binding Available at a Remote Warehouse Ships separately from other items Additional shipping charges may apply Not available for In Store Pickup More Info Qty Store 1 Remote Warehouse Receive an email when this ISBN is available used 1 LOCOK 1 LOCOK LOCCancel 1 LOCOK LOCCancel 1 LOCOK 1 LOCOK LOCCancel 1 LOCOK LOCCancel 1 LOCOK 1 LOCOK LOCCancel 1 LOCOK LOCCancel 1 LOCOK 1 LOCOK LOCCancel 1 LOCOK LOCCancel Help Guarantee My Account Careers About Us Security Wish List Partners Contact Us Shipping Transparency ACT MRF Sitemap  2022 POWELLSCOM Terms 1 LOCOK 1 LOCOK LOCCancel 1 LOCOK LOCCancel 1 LOCOK 1 LOCOK LOCCancel 1 LOCOK LOCCancel 1 LOCOK 1 LOCOK LOCCancel 1 LOCOK LOCCancel 1 LOCOK 1 LOCOK LOCCancel 1 LOCOK LOCCancel"}