{"Title": " Revenge How Donald Trump Weaponized the US Department of Justice Against His Critics ", "Author": "Michael Cohen", "Cover Page": "https://powells-covers-2.s3.amazonaws.com/9781685890544.jpg", "ISBN10": "1685890547  \n", "ISBN13": "9781685890544", "Page URL": "https://powells.com/book/revenge-how-donald-trump-weaponized-the-us-department-of-justice-against-his-critics-9781685890544", "raw_text": "Revenge How Donald Trump Weaponized the US Department of Justice Against His Critics Michael Cohen Hardcover 9781685890544 Powells Books Cart   my account  wish list  help  8008787323 Hello\n Login MENU Browse New Arrivals Bestsellers Featured Preorders Award Winners Audio Books See All Subjects Used Staff Picks Staff Picks Picks of the Month Bookseller Displays 50 Books for 50 Years 25 Best 21st Century SciFi  Fantasy 25 PNW Books to Read Before You Die 25 Books From the 21st Century 25 Memoirs to Read Before You Die 25 Global Books to Read Before You Die 25 Women to Read Before You Die 25 Books to Read Before You Die Gifts Gift Cards  eGift Cards Powells Souvenirs Journals and Notebooks socks Games Sell Books Blog Events Find A Store Dont Miss BIG SALE 20 off sitewide Picks of the Season What Im Giving Great Gifts Under 25 Best Books of 2022 Powells Author Events Oregon Battle of the Books Audio Books Visit Our Stores Powells Books 14 Gift Ideas From 14 of Our Favorite Authors 0 comment Every year Powells reaches out to some of our favorite authors for some muchneeded giftgiving inspiration Below are 14 writerapproved recommendations to help you find the perfect book for even your mostdifficulttobuyfor loved one Read More  Powells Staff Best Books of 2022 Fiction 1 comment Kelsey Ford 6 Haunting Native American Horror Books 1 comment 1 LOCOK 1 LOCOK LOCCancel 1 LOCOK LOCCancel Revenge How Donald Trump Weaponized the US Department of Justice Against His Critics by Michael Cohen Comment on this title Synopses  Reviews ISBN13 9781685890544 ISBN10 1685890547 All Product Details View Larger Image View Larger Images 3250 New Hardcover Ships in 1 to 3 days Qty Store 3 Burnside 2 Cedar Hills 1 Hawthorne 20 Local Warehouse Synopses  Reviews Synopsis The author of the New York Times number one bestseller Disloyal tells the behindthescenes story of what can happen to you  and what really happened to him  when a President who believes himself to be above the law decides to go after his critics     When Michael Cohens secret payoff to porn star Stormy Daniels on behalf of Donald Trump made Cohen look like a liability to the bythenPresident of the United States the end to their decadelong relationship came swiftly  with a knock on the door from the FBI Soon Cohen would find himself imprisoned  even though he had plenty of evidence to show he was innocent of most of the charges Meanwhile with the release of the Steele Dossier Cohen also found himself battling endless news reports citing the Dossiers claims that hed had clandestine dealings with Russia  reports that only mounted despite his exoneration by the Mueller Report In a story now being echoed in recent breaking news stories about IRS persecution of other Trump foes such as former FBI head James Comey and others Cohen details  in his inimitable blunt language with absolutely no holds barred and naming names  his attempt to clear his name and tell the truth about Donald Trump Chillingly he also makes clear what happens when you try to speak truth to power and the power knows no bounds Synopsis The man the New York State Attorney General credited with inspiring her prosecution of Donald Trump  New York Times number one bestselling author Michael Cohen  tells the behindthescenes story of what can happen to you  and what really happened to him  when a President who believes himself to be above the law decides to go after his critics     When Michael Cohens secret payoff to porn star Stormy Daniels on behalf of Donald Trump made Cohen look like a liability to the bythenPresident of the United States the end to their decadelong relationship came swiftly  with a knock on the door from the FBI Soon Cohen would find himself imprisoned  even though he had plenty of evidence to show he was innocent of most of the charges Meanwhile with the release of the Steele Dossier Cohen also found himself battling endless news reports citing the Dossiers claims that hed had clandestine dealings with Russia  reports that only mounted despite his exoneration by the Mueller Report In a story now being echoed in recent breaking news stories about IRS persecution of Trump foes such as former FBI head James Comey and others Cohen details  in his inimitable blunt language with absolutely no holds barred and naming names  his attempt to clear his name and tell the truth about Donald Trump Chillingly he also makes clear what happens when you try to speak truth to power and the power knows no bounds Synopsis A New York Times USA Today Publishers Weekly  and Wall Street Journal bestseller The man the New York State Attorney General credited with inspiring her prosecution of Donald Trump  New York Times number one bestselling author Michael Cohen  tells the behindthescenes story of what can happen to you  and what really happened to him  when a President who believes himself to be above the law decides to go after his critics     When Michael Cohens secret payoff to porn star Stormy Daniels on behalf of Donald Trump made Cohen look like a liability to the bythenPresident of the United States the end to their decadelong relationship came swiftly  with a knock on the door from the FBI Soon Cohen would find himself imprisoned  even though he had plenty of evidence to show he was innocent of most of the charges Meanwhile with the release of the Steele Dossier Cohen also found himself battling endless news reports citing the Dossiers claims that hed had clandestine dealings with Russia  reports that only mounted despite his exoneration by the Mueller Report In a story now being echoed in recent breaking news stories about IRS persecution of Trump foes such as former FBI head James Comey and others Cohen details  in his inimitable blunt language with absolutely no holds barred and naming names  his attempt to clear his name and tell the truth about Donald Trump Chillingly he also makes clear what happens when you try to speak truth to power and the power knows no bounds What Our Readers Are Saying Be the first to share your thoughts on this title Product Details ISBN 9781685890544 Binding Hardcover Publication date 10112022 Publisher MELVILLE HOUSE PUBLISHING Pages 320 Height 142IN Width 614IN Illustration Yes Author Michael Cohen 3250 New Hardcover Ships in 1 to 3 days Qty Store 3 Burnside 2 Cedar Hills 1 Hawthorne 20 Local Warehouse Receive an email when this ISBN is available used 1 LOCOK 1 LOCOK LOCCancel 1 LOCOK LOCCancel 1 LOCOK 1 LOCOK LOCCancel 1 LOCOK LOCCancel 1 LOCOK 1 LOCOK LOCCancel 1 LOCOK LOCCancel 1 LOCOK 1 LOCOK LOCCancel 1 LOCOK LOCCancel Help Guarantee My Account Careers About Us Security Wish List Partners Contact Us Shipping Transparency ACT MRF Sitemap  2022 POWELLSCOM Terms 1 LOCOK 1 LOCOK LOCCancel 1 LOCOK LOCCancel 1 LOCOK 1 LOCOK LOCCancel 1 LOCOK LOCCancel 1 LOCOK 1 LOCOK LOCCancel 1 LOCOK LOCCancel 1 LOCOK 1 LOCOK LOCCancel 1 LOCOK LOCCancel"}