{"Title": " The Tutor ", "Author": "Bertolt Brecht", "Cover Page": "https://powells-covers-2.s3.amazonaws.com/9781557830227.jpg", "ISBN10": "1557830223  \n", "ISBN13": "9781557830227", "Page URL": "https://powells.com/book/the-tutor-9781557830227", "raw_text": "The Tutor  An Adaptation of the Play by Reinhold Lenz Brecht Bertolt Trade Paperback 9781557830227 Powells Books Cart   my account  wish list  help  8008787323 Hello\n Login MENU Browse New Arrivals Bestsellers Featured Preorders Award Winners Audio Books See All Subjects Used Staff Picks Staff Picks Picks of the Month Bookseller Displays 50 Books for 50 Years 25 Best 21st Century SciFi  Fantasy 25 PNW Books to Read Before You Die 25 Books From the 21st Century 25 Memoirs to Read Before You Die 25 Global Books to Read Before You Die 25 Women to Read Before You Die 25 Books to Read Before You Die Gifts Gift Cards  eGift Cards Powells Souvenirs Journals and Notebooks socks Games Sell Books Blog Events Find A Store Dont Miss BIG SALE 20 off sitewide Picks of the Season What Im Giving Great Gifts Under 25 Best Books of 2022 Powells Author Events Oregon Battle of the Books Audio Books Visit Our Stores Powells Books 14 Gift Ideas From 14 of Our Favorite Authors 0 comment Every year Powells reaches out to some of our favorite authors for some muchneeded giftgiving inspiration Below are 14 writerapproved recommendations to help you find the perfect book for even your mostdifficulttobuyfor loved one Read More  Powells Staff Best Books of 2022 Fiction 1 comment Kelsey Ford 6 Haunting Native American Horror Books 1 comment 1 LOCOK 1 LOCOK LOCCancel 1 LOCOK LOCCancel The Tutor by Bertolt Brecht Comment on this title Synopses  Reviews ISBN13 9781557830227 ISBN10 1557830223 All Product Details View Larger Image View Larger Images 795 New Trade Paperback Available at a Remote Warehouse Ships separately from other items Additional shipping charges may apply Not available for In Store Pickup More Info Qty Store 20 Remote Warehouse Synopses  Reviews Publisher Comments Pip Broughton has translated the play for The Old Vic with reverence for Brecht an understanding of the social relationships in the play and last but not least with a fine feeling for the language Angelika Hurwicz What Our Readers Are Saying Be the first to share your thoughts on this title Product Details ISBN 9781557830227 Binding Trade Paperback Publication date 02012000 Publisher Applause Books Series info Old Vic Theatre Collection Language English Pages 72 Height 20IN Width 500IN LCCN 88003361 Series Volume 3v 2 UPC Code 2801557830229 Author Bertolt Brecht Oth Angelika Hurwicz Oth Pip Broughton Subject DramaWomen and Ethnic 795 New Trade Paperback Available at a Remote Warehouse Ships separately from other items Additional shipping charges may apply Not available for In Store Pickup More Info Qty Store 20 Remote Warehouse Receive an email when this ISBN is available used 1 LOCOK 1 LOCOK LOCCancel 1 LOCOK LOCCancel 1 LOCOK 1 LOCOK LOCCancel 1 LOCOK LOCCancel 1 LOCOK 1 LOCOK LOCCancel 1 LOCOK LOCCancel 1 LOCOK 1 LOCOK LOCCancel 1 LOCOK LOCCancel Help Guarantee My Account Careers About Us Security Wish List Partners Contact Us Shipping Transparency ACT MRF Sitemap  2022 POWELLSCOM Terms 1 LOCOK 1 LOCOK LOCCancel 1 LOCOK LOCCancel 1 LOCOK 1 LOCOK LOCCancel 1 LOCOK LOCCancel 1 LOCOK 1 LOCOK LOCCancel 1 LOCOK LOCCancel 1 LOCOK 1 LOCOK LOCCancel 1 LOCOK LOCCancel"}