{"Title": " Heavy: An American Memoir ", "Author": "Kiese Laymon", "Cover Page": "https://powells-covers-2.s3.amazonaws.com/9781501125652.jpg", "ISBN10": "1501125656  \n", "ISBN13": "9781501125652", "Page URL": "https://powells.com/book/heavy-9781501125652", "raw_text": "Heavy An American Memoir Laymon Kiese Hardcover 9781501125652 Powells Books Cart   my account  wish list  help  8008787323 Hello\n Login MENU Browse New Arrivals Bestsellers Featured Preorders Award Winners Audio Books See All Subjects Used Staff Picks Staff Picks Picks of the Month Bookseller Displays 50 Books for 50 Years 25 Best 21st Century SciFi  Fantasy 25 PNW Books to Read Before You Die 25 Books From the 21st Century 25 Memoirs to Read Before You Die 25 Global Books to Read Before You Die 25 Women to Read Before You Die 25 Books to Read Before You Die Gifts Gift Cards  eGift Cards Powells Souvenirs Journals and Notebooks socks Games Sell Books Blog Events Find A Store Dont Miss BIG SALE 20 off sitewide Picks of the Season What Im Giving Great Gifts Under 25 Best Books of 2022 Powells Author Events Oregon Battle of the Books Audio Books Visit Our Stores Powells Books 14 Gift Ideas From 14 of Our Favorite Authors 0 comment Every year Powells reaches out to some of our favorite authors for some muchneeded giftgiving inspiration Below are 14 writerapproved recommendations to help you find the perfect book for even your mostdifficulttobuyfor loved one Read More  Powells Staff Best Books of 2022 Fiction 1 comment Kelsey Ford 6 Haunting Native American Horror Books 1 comment 1 LOCOK 1 LOCOK LOCCancel 1 LOCOK LOCCancel Heavy An American Memoir by Kiese Laymon Comment on this title Synopses  Reviews Award Excerpt ISBN13 9781501125652 ISBN10 1501125656 Condition Standard DustJacket Standard All Product Details View Larger Image View Larger Images 1750 List Price 2700 Used Hardcover Ships in 1 to 3 days Qty Store 1 Hawthorne 1 Local Warehouse Awards 2019 Winner of the Andrew Carnegie Medal for Excellence in Nonfiction From Powellscom Black History Month Staff recommendations guest essays and curated reading lists Powells Picks of the Month Hot new releases and undertheradar gems for adults and kids Staff Top Fives 2018 Our favorite books of the year Staff Pick Laymon has a voice that is singular and devastating in its honesty Im not in the business of claiming a book changed my life but reading this book shifted something foundational A truly outstanding memoir Recommended By Britney T Powellscom Kiese Laymon combines the personal and the political to come up with one of the most beautiful compassionate and courageous memoirs I have ever read Its not an easy read but it is a powerful and important one Recommended By Sandy M Powellscom Synopses  Reviews Publisher Comments Shortlisted for the Andrew Carnegie Medal and Kirkus Prize Finalist In this powerful and provocative memoir genrebending essayist and novelist Kiese Laymon explores what the weight of a lifetime of secrets lies and deception does to a black body a black family and a nation teetering on the brink of moral collapse Kiese Laymon is a fearless writer In his essays personal stories combine with piercing intellect to reflect both on the state of American society and on his experiences with abuse which conjure conflicted feelings of shame joy confusion and humiliation Laymon invites us to consider the consequences of growing up in a nation wholly obsessed with progress yet wholly disinterested in the messy work of reckoning with where weve been In Heavy  Laymon writes eloquently and honestly about growing up a hardheaded black son to a complicated and brilliant black mother in Jackson Mississippi From his early experiences of sexual violence to his suspension from college to his trek to New York as a young college professor Laymon charts his complex relationship with his mother grandmother anorexia obesity sex writing and ultimately gambling By attempting to name secrets and lies he and his mother spent a lifetime avoiding Laymon asks himself his mother his nation and us to confront the terrifying possibility that few in this nation actually know how to responsibly love and even fewer want to live under the weight of actually becoming free A personal narrative that illuminates national failures Heavy is defiant yet vulnerable an insightful often comical exploration of weight identity art friendship and family that begins with a confusing childhood  and continues through twentyfive years of haunting implosions and long reverberations Review Laymon defiantly exposes the aches and changes of growing up black in this raw cathartic memoir reckoning with his turbulent Mississippi childhood adolescent obesity and the white gaze O Magazine Review packed with reminders of how black dreams get skewed and deferred yet are also pregnant with the possibility that a kind of redemption may lie in intimate grappling with black realities The Atlantic Review  Heavy is one of the most important and intense books of the yearthe book thunders as an indictment of hope a condemnation of anyone ever looking forward LA Times Review StaggeringLaymon is distinctly American Like the woman who raised him and the woman who raised her he carries that weight finding uplift from sorrow and shelter from the storms that batter black bodies Boston Globe About the Author Born and raised in Jackson Mississippi Kiese Laymon Ottilie Schillig Professor of English and Creative Writing at the University of Mississippi is the author of the novel Long Division and a collection of essays How to Slowly Kill Yourself and Others in America  He is also the author of the memoir Heavy  What Our Readers Are Saying Be the first to share your thoughts on this title Product Details ISBN 9781501125652 Binding Hardcover Publication date 10162018 Publisher SIMON  SCHUSTER TRADE Pages 256 Height 90IN Width 570IN Author Kiese Laymon 1750 List Price 2700 Used Hardcover Ships in 1 to 3 days Qty Store 1 Hawthorne 1 Local Warehouse This title in other editions New Trade Paperback 1600 1 LOCOK 1 LOCOK LOCCancel 1 LOCOK LOCCancel 1 LOCOK 1 LOCOK LOCCancel 1 LOCOK LOCCancel 1 LOCOK 1 LOCOK LOCCancel 1 LOCOK LOCCancel 1 LOCOK 1 LOCOK LOCCancel 1 LOCOK LOCCancel Help Guarantee My Account Careers About Us Security Wish List Partners Contact Us Shipping Transparency ACT MRF Sitemap  2022 POWELLSCOM Terms 1 LOCOK 1 LOCOK LOCCancel 1 LOCOK LOCCancel 1 LOCOK 1 LOCOK LOCCancel 1 LOCOK LOCCancel 1 LOCOK 1 LOCOK LOCCancel 1 LOCOK LOCCancel 1 LOCOK 1 LOCOK LOCCancel 1 LOCOK LOCCancel"}