{"Title": " Ada Accessibility Guidelines For Buildin ", "Author": "ADA", "Cover Page": "https://powells-covers-2.s3.amazonaws.com/9781557011534.jpg", "ISBN10": "1557011532  \n", "ISBN13": "9781557011534", "Page URL": "https://powells.com/book/ada-accessibility-guidelines-for-buildin-9781557011534", "raw_text": "Ada Accessibility Guidelines For Buildin ADA Ring Binder 9781557011534 Powells Books Cart   my account  wish list  help  8008787323 Hello\n Login MENU Browse New Arrivals Bestsellers Featured Preorders Award Winners Audio Books See All Subjects Used Staff Picks Staff Picks Picks of the Month Bookseller Displays 50 Books for 50 Years 25 Best 21st Century SciFi  Fantasy 25 PNW Books to Read Before You Die 25 Books From the 21st Century 25 Memoirs to Read Before You Die 25 Global Books to Read Before You Die 25 Women to Read Before You Die 25 Books to Read Before You Die Gifts Gift Cards  eGift Cards Powells Souvenirs Journals and Notebooks socks Games Sell Books Blog Events Find A Store Dont Miss BIG SALE 20 off sitewide Picks of the Season What Im Giving Great Gifts Under 25 Best Books of 2022 Powells Author Events Oregon Battle of the Books Audio Books Visit Our Stores Powells Books 14 Gift Ideas From 14 of Our Favorite Authors 0 comment Every year Powells reaches out to some of our favorite authors for some muchneeded giftgiving inspiration Below are 14 writerapproved recommendations to help you find the perfect book for even your mostdifficulttobuyfor loved one Read More  Powells Staff Best Books of 2022 Fiction 1 comment Kelsey Ford 6 Haunting Native American Horror Books 1 comment 1 LOCOK 1 LOCOK LOCCancel 1 LOCOK LOCCancel Ada Accessibility Guidelines For Buildin by ADA Comment on this title Synopses  Reviews ISBN13 9781557011534 ISBN10 1557011532 All Product Details View Larger Image View Larger Images 000 Ring Binder Ships in 1 to 3 days Synopses  Reviews Publisher Comments All Buildings existing as well as new must comply with the Americans with Disabilities Act This book provides a practical stepbystep checklist method to assure compliance for all types of buildings from offices and retail to hospitals and public facilities Designed for the Architect Owner or Facilities Manager What Our Readers Are Saying Be the first to share your thoughts on this title Product Details ISBN 9781557011534 Binding Ring Binder Publication date 19960631 Publisher BNI BUILDING NEWS Pages 350 Height 1162 in Width 1087 in Thickness 224 in Number of Units 1 Illustration Yes Copyright Year 1996 Series Volume no 2 Author BNI Building News Author Ada Subject Barrierfree design Subject Building trades Subject Physically handicapped Subject Vocational education and industrial arts Subject Buildings  United States  Access for the physically handicapped Subject People with disabilities Subject Physically handicapped  Services for  United States Subject Architecture and the physically handicapped Subject Buildings Subject Handicapped 000 Ring Binder Ships in 1 to 3 days Receive an email when this ISBN is available used 1 LOCOK 1 LOCOK LOCCancel 1 LOCOK LOCCancel 1 LOCOK 1 LOCOK LOCCancel 1 LOCOK LOCCancel 1 LOCOK 1 LOCOK LOCCancel 1 LOCOK LOCCancel 1 LOCOK 1 LOCOK LOCCancel 1 LOCOK LOCCancel Help Guarantee My Account Careers About Us Security Wish List Partners Contact Us Shipping Transparency ACT MRF Sitemap  2022 POWELLSCOM Terms 1 LOCOK 1 LOCOK LOCCancel 1 LOCOK LOCCancel 1 LOCOK 1 LOCOK LOCCancel 1 LOCOK LOCCancel 1 LOCOK 1 LOCOK LOCCancel 1 LOCOK LOCCancel 1 LOCOK 1 LOCOK LOCCancel 1 LOCOK LOCCancel"}