{"Title": " Go Ahead in the Rain: Notes to a Tribe Called Quest ", "Author": "Hanif Abdurraqib", "Cover Page": "https://powells-covers-2.s3.amazonaws.com/9781477316481.jpg", "ISBN10": "1477316485  \n", "ISBN13": "9781477316481", "Page URL": "https://powells.com/book/go-ahead-in-the-rain-9781477316481", "raw_text": "Go Ahead in the Rain Notes to a Tribe Called Quest Hanif Abdurraqib Trade Paperback 9781477316481 Powells Books Cart   my account  wish list  help  8008787323 Hello\n Login MENU Browse New Arrivals Bestsellers Featured Preorders Award Winners Audio Books See All Subjects Used Staff Picks Staff Picks Picks of the Month Bookseller Displays 50 Books for 50 Years 25 Best 21st Century SciFi  Fantasy 25 PNW Books to Read Before You Die 25 Books From the 21st Century 25 Memoirs to Read Before You Die 25 Global Books to Read Before You Die 25 Women to Read Before You Die 25 Books to Read Before You Die Gifts Gift Cards  eGift Cards Powells Souvenirs Journals and Notebooks socks Games Sell Books Blog Events Find A Store Dont Miss BIG SALE 20 off sitewide Picks of the Season What Im Giving Great Gifts Under 25 Best Books of 2022 Powells Author Events Oregon Battle of the Books Audio Books Visit Our Stores Powells Books 14 Gift Ideas From 14 of Our Favorite Authors 0 comment Every year Powells reaches out to some of our favorite authors for some muchneeded giftgiving inspiration Below are 14 writerapproved recommendations to help you find the perfect book for even your mostdifficulttobuyfor loved one Read More  Powells Staff Best Books of 2022 Fiction 1 comment Kelsey Ford 6 Haunting Native American Horror Books 1 comment 1 LOCOK 1 LOCOK LOCCancel 1 LOCOK LOCCancel Go Ahead in the Rain Notes to a Tribe Called Quest by Hanif Abdurraqib Comment on this title Synopses  Reviews ISBN13 9781477316481 ISBN10 1477316485 Condition Standard All Product Details View Larger Image View Larger Images 1195 List Price 1695 Used Trade Paperback Ships in 1 to 3 days Qty Store 3 Burnside 1 Cedar Hills 1 Hawthorne From Powellscom Black History Month Staff recommendations guest essays and curated reading lists Powells Picks of the Month Hot new releases and undertheradar gems for adults and kids Staff Pick This book is a love letter to 90s hip hop group A Tribe Called Quest Abdurraqib explores the era the art of sampling and how their songs have impacted his life The writing is amazing and has inspired me to dig out my old Tribe cassettes to immerse myself in their music once again Recommended By Jennifer H Powellscom Synopses  Reviews Publisher Comments Seeking the deeper truths of A Tribe Called Quest truths thatlike the low end the bassare not simply heard in the head but felt in the chest poet and essayist Hanif Abdurraqib digs into the groups history and draws from his own experience to reflect on how its distinctive sound resonated among fans like himself How does one pay homage to A Tribe Called Quest The seminal rap group brought jazz into the genre resurrecting timeless rhythms to create masterpieces such as The Low End Theory and Midnight Marauders  Seventeen years after their last album they resurrected themselves with an intense socially conscious record We Got It from Here    Thank You 4 Your Service  which arrived when fans needed it most in the aftermath of the 2016 election Poet and essayist Hanif Abdurraqib digs into the groups history and draws from his own experience to reflect on how its distinctive sound resonated among fans like himself The result is as ambitious and genrebending as the rap group itself Abdurraqib traces the Tribes creative career from their early days as part of the Afrocentric rap collective known as the Native Tongues through their first three classic albums to their eventual breakup and long hiatus Their work is placed in the context of the broader rap landscape of the 1990s one upended by sampling laws that forced a reinvention in production methods the East CoastWest Coast rivalry that threatened to destroy the genre and some record labels shift from focusing on groups to individual MCs Throughout the narrative Abdurraqib connects the music and cultural history to their streetlevel impact Whether hes remembering The Source magazine cover announcing the Tribes 1998 breakup or writing personal letters to the group after bandmate Phife Dawgs death Abdurraqib seeks the deeper truths of A Tribe Called Quest truths thatlike the low end the bassare not simply heard in the head but felt in the chest Review Abdurraqib explores and exposes the power of music of art to not just connect with people but to connect people to make movements to inspire change and revolution on levels both large and small In powerful poetic language Abdurraqib makes clear the legacy of ATCQ both the one the group called upon for their own creation and the one they left behind Nylon Review  Go Ahead in the Rain is a literary hybrid part academic monograph on the group and its music part pocket history of hiphop part memoir and part epistolary elegy It is a book that conveys the wonder of being a fan and the visceral impact of experiencing the feeling of having oneself reflected back in music and pop culture Publishers Weekly Review Riveting and poeticAbdurraqibs gift is his ability to flip from a wide angle to a zoom with ease He is a fivetool writer slipping out of the timeline to deliver vivid memoiristic splashes as well as letters hes crafted to directly address the central players dead and living Washington Post Review  Go Ahead in the Rain is more than just an homage to A Tribe Called Questits more like a reckoning The result is a critical examination of the grouptheir message and historyas well as a musical memoir of sorts and an exploration of the lasting impact music can have on the soul Vanity Fair About the Author A visiting writer in the MFA program at Butler University Hanif Abdurraqib is an acclaimed poet and cultural critic whose work has appeared in the New York Times  MTV News and other outlets A nominee for the Pushcart Prize he is the author of the highly praised poetry collection The Crown Aint Worth Much and the essay collection They Cant Kill Us Until They Kill Us  which was included in the Chicago Tribune s 25 MustRead Books list for fall 2017 and received recognition from reviewers coasttocoast including a starred review in Publishers Weekly  He is currently at work on They Dont Dance No Mo a history of black performance in the United States What Our Readers Are Saying Be the first to share your thoughts on this title Product Details ISBN 9781477316481 Binding Trade Paperback Publication date 02012019 Publisher UNIVERSITY OF TEXAS PRESS Pages 216 Height 80IN Width 550IN LCCN 2018031799 Author Hanif Abdurraqib 1195 List Price 1695 Used Trade Paperback Ships in 1 to 3 days Qty Store 3 Burnside 1 Cedar Hills 1 Hawthorne More copies of this ISBN New Trade Paperback 1695 1 LOCOK 1 LOCOK LOCCancel 1 LOCOK LOCCancel 1 LOCOK 1 LOCOK LOCCancel 1 LOCOK LOCCancel 1 LOCOK 1 LOCOK LOCCancel 1 LOCOK LOCCancel 1 LOCOK 1 LOCOK LOCCancel 1 LOCOK LOCCancel Help Guarantee My Account Careers About Us Security Wish List Partners Contact Us Shipping Transparency ACT MRF Sitemap  2022 POWELLSCOM Terms 1 LOCOK 1 LOCOK LOCCancel 1 LOCOK LOCCancel 1 LOCOK 1 LOCOK LOCCancel 1 LOCOK LOCCancel 1 LOCOK 1 LOCOK LOCCancel 1 LOCOK LOCCancel 1 LOCOK 1 LOCOK LOCCancel 1 LOCOK LOCCancel"}