{"Title": " Astrology of Love & Sex A Modern Compatibility Guide ", "Author": "Annabel Gat", "Cover Page": "https://powells-covers-2.s3.amazonaws.com/9781452173436.jpg", "ISBN10": "1452173435  \n", "ISBN13": "9781452173436", "Page URL": "https://powells.com/book/astrology-of-love-sex-a-modern-compatibility-guide-9781452173436", "raw_text": "Astrology of Love  Sex A Modern Compatibility Guide Annabel Gat Hardcover 9781452173436 Powells Books Cart   my account  wish list  help  8008787323 Hello\n Login MENU Browse New Arrivals Bestsellers Featured Preorders Award Winners Audio Books See All Subjects Used Staff Picks Staff Picks Picks of the Month Bookseller Displays 50 Books for 50 Years 25 Best 21st Century SciFi  Fantasy 25 PNW Books to Read Before You Die 25 Books From the 21st Century 25 Memoirs to Read Before You Die 25 Global Books to Read Before You Die 25 Women to Read Before You Die 25 Books to Read Before You Die Gifts Gift Cards  eGift Cards Powells Souvenirs Journals and Notebooks socks Games Sell Books Blog Events Find A Store Dont Miss BIG SALE 20 off sitewide Picks of the Season What Im Giving Great Gifts Under 25 Best Books of 2022 Powells Author Events Oregon Battle of the Books Audio Books Visit Our Stores Powells Books 14 Gift Ideas From 14 of Our Favorite Authors 0 comment Every year Powells reaches out to some of our favorite authors for some muchneeded giftgiving inspiration Below are 14 writerapproved recommendations to help you find the perfect book for even your mostdifficulttobuyfor loved one Read More  Powells Staff Best Books of 2022 Fiction 1 comment Kelsey Ford 6 Haunting Native American Horror Books 1 comment 1 LOCOK 1 LOCOK LOCCancel 1 LOCOK LOCCancel Astrology of Love  Sex A Modern Compatibility Guide by Annabel Gat Comment on this title Synopses  Reviews ISBN13 9781452173436 ISBN10 1452173435 All Product Details View Larger Image View Larger Images 1995 New Hardcover Ships in 1 to 3 days Qty Store 2 Burnside 2 Cedar Hills 4 Local Warehouse Synopses  Reviews Synopsis Bringing the ancient matchmaking tool of astrology into the twentyfirst century ASTROLOGY OF LOVE  SEX explores the romantic and sensual sides of the zodiac In twelve detailed chapters astrologer Annabel Gat divulges how each sign likes to flirt date and fool around Going beyond traditional heteronormative and gender roles the book candidly explores love and lust in todays sexually fluid world From love philosophies to sexual inclinations readers will enjoy dissecting and analyzing each passage With unique compatibility profiles matching every sign and a quiz to identify your star match this is a fun and comprehensive guide to true cosmic love Synopsis The Astrology of Love  Sex A Modern Compatibility Guide explores the romantic and sensual sides of the zodiac signs With unique compatibility profiles matching every sign as well as a quiz to identify your star match this is a fun and comprehensive guide to finding true cosmic love Written with our contemporary love and dating culture in mind this book divulges how each sign likes to flirt date and fool around  Features 12 detailed chapters that focus on compatibility in love and sex  Answers questions like how does compatibility work and which sign should you date  Accessible to beginners and highly inclusive to all sexual preferences Societys understanding of gender roles identity and sexuality are evolving The Astrology of Love  Sex explores love and lust in todays sexually fluid world From love philosophies to sexual inclinations readers will enjoy analyzing each passage and understanding their astrological compatibilities  Perfect for horoscope readers astrology lovers and those who cant get enough of all things zodiac  Written by Annabel Gat a certified astrologer and horoscope columnist for Broadly  Add it to the shelf with books like The Only Astrology Book Youll Ever Need by Joanna Martine Woolfolk Sextrology The Astrology of Sex and the Sexes by Stella Starsky and Quinn Cox and Linda Goodmans Love Signs A New Approach to the Human Heart by Linda Goodman What Our Readers Are Saying Be the first to share your thoughts on this title Product Details ISBN 9781452173436 Binding Hardcover Publication date 07302019 Publisher Chronicle Books Pages 288 Height 90IN Width 610IN Author Annabel Gat 1995 New Hardcover Ships in 1 to 3 days Qty Store 2 Burnside 2 Cedar Hills 4 Local Warehouse More copies of this ISBN Used Hardcover 1395 1 LOCOK 1 LOCOK LOCCancel 1 LOCOK LOCCancel 1 LOCOK 1 LOCOK LOCCancel 1 LOCOK LOCCancel 1 LOCOK 1 LOCOK LOCCancel 1 LOCOK LOCCancel 1 LOCOK 1 LOCOK LOCCancel 1 LOCOK LOCCancel Help Guarantee My Account Careers About Us Security Wish List Partners Contact Us Shipping Transparency ACT MRF Sitemap  2022 POWELLSCOM Terms 1 LOCOK 1 LOCOK LOCCancel 1 LOCOK LOCCancel 1 LOCOK 1 LOCOK LOCCancel 1 LOCOK LOCCancel 1 LOCOK 1 LOCOK LOCCancel 1 LOCOK LOCCancel 1 LOCOK 1 LOCOK LOCCancel 1 LOCOK LOCCancel"}