{"Title": " All the Women in My Brain: And Other Concerns ", "Author": "Betty Gilpin", "Cover Page": "https://powells-covers-2.s3.amazonaws.com/9781250795786.jpg", "ISBN10": "1250795788  \n", "ISBN13": "9781250795786", "Page URL": "https://www.powells.com/book/all-the-women-in-my-brain-9781250795786#SR", "raw_text": "All the Women in My Brain And Other Concerns Betty Gilpin Hardcover 9781250795786 Powells Books Cart   my account  wish list  help  8008787323 Hello\n Login MENU Browse New Arrivals Bestsellers Featured Preorders Award Winners Audio Books See All Subjects Used Staff Picks Staff Picks Picks of the Month Bookseller Displays 50 Books for 50 Years 25 Best 21st Century SciFi  Fantasy 25 PNW Books to Read Before You Die 25 Books From the 21st Century 25 Memoirs to Read Before You Die 25 Global Books to Read Before You Die 25 Women to Read Before You Die 25 Books to Read Before You Die Gifts Gift Cards  eGift Cards Powells Souvenirs Journals and Notebooks socks Games Sell Books Blog Events Find A Store Dont Miss BIG SALE 20 off sitewide Picks of the Season What Im Giving Great Gifts Under 25 Best Books of 2022 Powells Author Events Oregon Battle of the Books Audio Books Visit Our Stores Powells Books 14 Gift Ideas From 14 of Our Favorite Authors 0 comment Every year Powells reaches out to some of our favorite authors for some muchneeded giftgiving inspiration Below are 14 writerapproved recommendations to help you find the perfect book for even your mostdifficulttobuyfor loved one Read More  Powells Staff Best Books of 2022 Fiction 1 comment Kelsey Ford 6 Haunting Native American Horror Books 1 comment 1 LOCOK 1 LOCOK LOCCancel 1 LOCOK LOCCancel All the Women in My Brain And Other Concerns by Betty Gilpin Comment on this title Synopses  Reviews ISBN13 9781250795786 ISBN10 1250795788 All Product Details View Larger Image View Larger Images 2899 New Hardcover Ships in 1 to 3 days Qty Store 13 Burnside 9 Cedar Hills 9 Hawthorne 20 Local Warehouse Synopses  Reviews Publisher Comments If David Rakoff and David Sedaris had a baby and that baby was Betty Zoe Kazan If youve ever felt like you were more or at least weirder than the world expected youre not alone In this collection Emmy Awardnominated ActressWriter Betty Gilpin writes like an avenging angel weaving a tapestry of light and darkness hilarity and pathos Dani Shapiro Pick up this Wildly Original LaughOutLoud freakishlyincisive debut Lisa Taddeo 1 New York Times bestselling author of Three Women Oh Hi takes six long gulps of water during which youre like may I help you  My name is Betty I have depression I have passion I have tits the size of printers And also I have a brain full of women Theres Blanche VonFuckery Ingrid St Rash and a host of others  some cowering in sweatpants some howling plans for revolution and one oh God and oneslowly vomiting up a crow Worried for her These women take turns at the wheel Thats why I feel like a million selves With a raised eyebrow and a soulscalpel Id like to tell you how I got this way Because maybe you feel this way too Lets hop from wild dissections of modern womanhood to boarding school musings to the glossy cringe of Hollywood Lets laugh at my failures and then quietly hope with me for the dream Whether that dream is love or liberation or enough IMDB credits to taze the demon snapping at my ankles we wont know until the shitfanning end As a dear friend said after reading this book its either a masterpiece or itscompletely and then she glazed over into a haunted stare Reader This book is my opus and it is chaos Welcome to All the Women in My Brain Review Working with the material of her own life as an actor Gilpin critiques societal expectations that circumscribe creative women to docile beings while suggesting that its the unruly parts of womens minds that should be tended to as wellsprings of creativity Publishers Weekly Review Gilpin is genuinely funny as a commentator on her own misadventuresThe writing comes alivewhen the author digs into the specific indignities she endured during her journey through the gauntlet of endless auditions and the merciless whims of those who orchestrated them Kirkus Reviews Review Betty Gilpins voice is unlike anyone elses in the best way I laughed so hard I cried I gasped with recognition  I wanted to stay inside Bettys brain for as long as possible Blythe Roberson author of How to Date Men When You Hate Men About the Author Betty Gilpin is an Emmy Critics Choice and SAG Awardnominated actress and writer whose credits include GLOW Gaslit Roar  and Three Women  among others She has  bravely  fake cried and fake died on your television with many different graspingatrelevance hair colors The blonde giveth and the ginger taketh away Her essays have been published in The New York Times Glamour Lenny Letter The Hollywood Reporter  and Vanity Fair  What Our Readers Are Saying Be the first to share your thoughts on this title Product Details ISBN 9781250795786 Binding Hardcover Publication date 09062022 Publisher Flatiron Books Pages 256 Height 94IN Width 569IN Author Betty Gilpin 2899 New Hardcover Ships in 1 to 3 days Qty Store 13 Burnside 9 Cedar Hills 9 Hawthorne 20 Local Warehouse Receive an email when this ISBN is available used 1 LOCOK 1 LOCOK LOCCancel 1 LOCOK LOCCancel 1 LOCOK 1 LOCOK LOCCancel 1 LOCOK LOCCancel 1 LOCOK 1 LOCOK LOCCancel 1 LOCOK LOCCancel 1 LOCOK 1 LOCOK LOCCancel 1 LOCOK LOCCancel Help Guarantee My Account Careers About Us Security Wish List Partners Contact Us Shipping Transparency ACT MRF Sitemap  2022 POWELLSCOM Terms 1 LOCOK 1 LOCOK LOCCancel 1 LOCOK LOCCancel 1 LOCOK 1 LOCOK LOCCancel 1 LOCOK LOCCancel 1 LOCOK 1 LOCOK LOCCancel 1 LOCOK LOCCancel 1 LOCOK 1 LOCOK LOCCancel 1 LOCOK LOCCancel"}