{"Title": " Modern Witchcraft Guide to Fairies Your Complete Guide to the Magick of the Fae ", "Author": "Skye Alexander", "Cover Page": "https://powells-covers-2.s3.amazonaws.com/9781507215913.jpg", "ISBN10": "1507215916  \n", "ISBN13": "9781507215913", "Page URL": "https://powells.com/book/modern-witchcraft-guide-to-fairies-your-complete-guide-to-the-magick-of-the-fae-9781507215913", "raw_text": "Modern Witchcraft Guide to Fairies Your Complete Guide to the Magick of the Fae Skye Alexander Hardcover 9781507215913 Powells Books Cart   my account  wish list  help  8008787323 Hello\n Login MENU Browse New Arrivals Bestsellers Featured Preorders Award Winners Audio Books See All Subjects Used Staff Picks Staff Picks Picks of the Month Bookseller Displays 50 Books for 50 Years 25 Best 21st Century SciFi  Fantasy 25 PNW Books to Read Before You Die 25 Books From the 21st Century 25 Memoirs to Read Before You Die 25 Global Books to Read Before You Die 25 Women to Read Before You Die 25 Books to Read Before You Die Gifts Gift Cards  eGift Cards Powells Souvenirs Journals and Notebooks socks Games Sell Books Blog Events Find A Store Dont Miss BIG SALE 20 off sitewide Picks of the Season What Im Giving Great Gifts Under 25 Best Books of 2022 Powells Author Events Oregon Battle of the Books Audio Books Visit Our Stores Powells Books 14 Gift Ideas From 14 of Our Favorite Authors 0 comment Every year Powells reaches out to some of our favorite authors for some muchneeded giftgiving inspiration Below are 14 writerapproved recommendations to help you find the perfect book for even your mostdifficulttobuyfor loved one Read More  Powells Staff Best Books of 2022 Fiction 1 comment Kelsey Ford 6 Haunting Native American Horror Books 1 comment 1 LOCOK 1 LOCOK LOCCancel 1 LOCOK LOCCancel Modern Witchcraft Guide to Fairies Your Complete Guide to the Magick of the Fae by Skye Alexander Comment on this title Synopses  Reviews ISBN13 9781507215913 ISBN10 1507215916 Condition Like New All Product Details View Larger Image View Larger Images 898 List Price 1699 Used Hardcover Ships in 1 to 3 days Qty Store 7 Burnside 5 Cedar Hills 1 Hawthorne Synopses  Reviews Synopsis Interact with magical fairy folk and incorporate them into your own witchcraft practice with this detailed account of the ancient wisdom and traditions of fairies and witchcraft Fairies have long been a part of witchcraft traditions especially Celtic and Norse witchcraft paganism and other traditions deeply tied to the earth But these fairies arent the harmless creatures youve read about in childrens tales they are magical creatures with their own culture and rules that you need to know before venturing into their territory Now you can explore the world of the fairies and how their magic relates to your own witchcraft practice with The Modern Witchcraft Book of Fairies This book provides you with all the information you need to know about the different types of fae folk and how you can safely interact with them to make the most of your witchcraft practice What Our Readers Are Saying Be the first to share your thoughts on this title Product Details ISBN 9781507215913 Binding Hardcover Publication date 06152021 Publisher ADAMS MEDIA CORPORATION Pages 256 Height 90IN Width 600IN Author Skye Alexander 898 List Price 1699 Used Hardcover Ships in 1 to 3 days Qty Store 7 Burnside 5 Cedar Hills 1 Hawthorne More copies of this ISBN New Hardcover 1699 1 LOCOK 1 LOCOK LOCCancel 1 LOCOK LOCCancel 1 LOCOK 1 LOCOK LOCCancel 1 LOCOK LOCCancel 1 LOCOK 1 LOCOK LOCCancel 1 LOCOK LOCCancel 1 LOCOK 1 LOCOK LOCCancel 1 LOCOK LOCCancel Help Guarantee My Account Careers About Us Security Wish List Partners Contact Us Shipping Transparency ACT MRF Sitemap  2022 POWELLSCOM Terms 1 LOCOK 1 LOCOK LOCCancel 1 LOCOK LOCCancel 1 LOCOK 1 LOCOK LOCCancel 1 LOCOK LOCCancel 1 LOCOK 1 LOCOK LOCCancel 1 LOCOK LOCCancel 1 LOCOK 1 LOCOK LOCCancel 1 LOCOK LOCCancel"}