{"Title": " Pages & Co.: The Bookwanderers ", "Author": "Anna James", "Cover Page": "https://powells-covers-2.s3.amazonaws.com/9781984837127.jpg", "ISBN10": "1984837125  \n", "ISBN13": "9781984837127", "Page URL": "https://powells.com/book/-9781984837127", "raw_text": "Pages  Co The Bookwanderers Anna James Hardcover 9781984837127 Powells Books Cart   my account  wish list  help  8008787323 Hello\n Login MENU Browse New Arrivals Bestsellers Featured Preorders Award Winners Audio Books See All Subjects Used Staff Picks Staff Picks Picks of the Month Bookseller Displays 50 Books for 50 Years 25 Best 21st Century SciFi  Fantasy 25 PNW Books to Read Before You Die 25 Books From the 21st Century 25 Memoirs to Read Before You Die 25 Global Books to Read Before You Die 25 Women to Read Before You Die 25 Books to Read Before You Die Gifts Gift Cards  eGift Cards Powells Souvenirs Journals and Notebooks socks Games Sell Books Blog Events Find A Store Dont Miss BIG SALE 20 off sitewide Picks of the Season What Im Giving Great Gifts Under 25 Best Books of 2022 Powells Author Events Oregon Battle of the Books Audio Books Visit Our Stores Powells Books 14 Gift Ideas From 14 of Our Favorite Authors 0 comment Every year Powells reaches out to some of our favorite authors for some muchneeded giftgiving inspiration Below are 14 writerapproved recommendations to help you find the perfect book for even your mostdifficulttobuyfor loved one Read More  Powells Staff Best Books of 2022 Fiction 1 comment Kelsey Ford 6 Haunting Native American Horror Books 1 comment 1 LOCOK 1 LOCOK LOCCancel 1 LOCOK LOCCancel Pages  Co The Bookwanderers by Anna James Comment on this title Synopses  Reviews ISBN13 9781984837127 ISBN10 1984837125 Condition Like New All Product Details View Larger Image View Larger Images 898 List Price 1699 Used Hardcover Ships in 1 to 3 days Qty Store 2 Burnside Synopses  Reviews Synopsis An enchanting story about the magic of books and the power of imagination from debut author Anna James Perfect for fans of Inkheart  The Land of Stories  and Story Thieves  Soon to be a major television series Since her mothers disappearance elevenyearold Tilly Pages has found comfort in the stories at Pages  Co her grandparents bookshop But when her favorite characters Anne of Green Gables and Alice from Wonderland start showing up at the shop Tillys adventures become very real Not only can she follow Anne and Alice into their books she discovers she can bookwander into any story she chooses Tillys new ability leads her to fun and exciting adventures but danger may be lurking on the very next page When new secrets are uncovered its up to Tilly to solve the mystery of what happened to her mother all those years ago From debut author Anna James comes a charming and exciting adventure about a bookish young heroine a mysterious librarian and a magical bookshop that will delight book lovers everywhere Praise for Pages  Co The Bookwanderers A thrilling inventive booklovers delightMatt Haig author of A Boy Called Christmas Delightful A Joy of a bookKiran Millwood Hargrave author of The Girl of Ink  Stars Synopsis A National Bestseller An affectionate ode to books and book lovers  Publishers Weekly An enchanting story about the magic of books and the power of imagination from debut author Anna James Perfect for fans of Inkheart  The Land of Stories  and Story Thieves  Soon to be a major television series Since her mothers disappearance elevenyearold Tilly Pages has found comfort in the stories at Pages  Co her grandparents bookshop But when her favorite characters Anne of Green Gables and Alice from Wonderland start showing up at the shop Tillys adventures become very real Not only can she follow Anne and Alice into their books she discovers she can bookwander into any story she chooses Tillys new ability leads her to fun and exciting adventures but danger may be lurking on the very next page When new secrets are uncovered its up to Tilly to solve the mystery of what happened to her mother all those years ago From debut author Anna James comes a charming and exciting adventure about a bookish young heroine a mysterious librarian and a magical bookshop that will delight book lovers everywhere Praise for Pages  Co The Bookwanderers A Fall 2019 Kids Indie Next List Pick A loving testament to the powerful magic of books and imagination  Kirkus Reviews Delightful A Joy of a bookKiran Millwood Hargrave author of The Girl of Ink  Stars A lovely and enchanting read whether youre 9 years old or 49 years old  The Belfast Telegraph Synopsis A USA Today Bestselling book A 2019 Kids Indie Next List Pick A National Bestseller An affectionate ode to books and book lovers  Publishers Weekly An enchanting story about the magic of books and the power of imagination from debut author Anna James Perfect for fans of Inkheart  The Land of Stories  and Story Thieves  Soon to be a major television series Since her mothers disappearance elevenyearold Tilly Pages has found comfort in the stories at Pages  Co her grandparents bookshop But when her favorite characters Anne of Green Gables and Alice from Wonderland start showing up at the shop Tillys adventures become very real Not only can she follow Anne and Alice into their books she discovers she can bookwander into any story she chooses Tillys new ability leads her to fun and exciting adventures but danger may be lurking on the very next page When new secrets are uncovered its up to Tilly to solve the mystery of what happened to her mother all those years ago From debut author Anna James comes a charming and exciting adventure about a bookish young heroine a mysterious librarian and a magical bookshop that will delight book lovers everywhere Praise for Pages  Co The Bookwanderers A loving testament to the powerful magic of books and imagination  Kirkus Reviews Delightful A Joy of a bookKiran Millwood Hargrave author of The Girl of Ink  Stars A lovely and enchanting read whether youre 9 years old or 49 years old  The Belfast Telegraph Synopsis A USA Today Bestselling book A Barnes  Noble Book of the Month A 2019 Kids Indie Next List Pick A National Bestseller Mr Lemoncello would love to go bookwandering at Pages and Co If you love books youre going to LOVE this book  Chris Grabenstein 1 New York Times bestselling author of the Mr Lemoncello series An enchanting story about the magic of books and the power of imagination from debut author Anna James Perfect for fans of Inkheart  The Land of Stories  and Story Thieves  Since her mothers disappearance elevenyearold Tilly Pages has found comfort in the stories at Pages  Co her grandparents bookshop But when her favorite characters Anne of Green Gables and Alice from Wonderland start showing up at the shop Tillys adventures become very real Not only can she follow Anne and Alice into their books she discovers she can bookwander into any story she chooses Tillys new ability leads her to fun and exciting adventures but danger may be lurking on the very next page When new secrets are uncovered its up to Tilly to solve the mystery of what happened to her mother all those years ago From debut author Anna James comes a charming and exciting adventure about a bookish young heroine a mysterious librarian and a magical bookshop that will delight book lovers everywhere Praise for Pages  Co The Bookwanderers A loving testament to the powerful magic of books and imagination  Kirkus Reviews  Delightful A Joy of a book Kiran Millwood Hargrave author of The Girl of Ink  Stars A lovely and enchanting read whether youre 9 years old or 49 years old  The Belfast Telegraph What Our Readers Are Saying Be the first to share your thoughts on this title Product Details ISBN 9781984837127 Binding Hardcover Publication date 09242019 Publisher Philomel Books Series info Pages  Co Language English Pages 304 Height 110IN Width 590IN LCCN 2019016911 Series Number 1 Age Range 8 to 12 Grade Range 3 to 7 Illustration Yes Author Anna James  Paola Escobar 898 List Price 1699 Used Hardcover Ships in 1 to 3 days Qty Store 2 Burnside More copies of this ISBN New Hardcover 1699 Used Hardcover Starting from 1150 1 LOCOK 1 LOCOK LOCCancel 1 LOCOK LOCCancel 1 LOCOK 1 LOCOK LOCCancel 1 LOCOK LOCCancel 1 LOCOK 1 LOCOK LOCCancel 1 LOCOK LOCCancel 1 LOCOK 1 LOCOK LOCCancel 1 LOCOK LOCCancel Help Guarantee My Account Careers About Us Security Wish List Partners Contact Us Shipping Transparency ACT MRF Sitemap  2022 POWELLSCOM Terms 1 LOCOK 1 LOCOK LOCCancel 1 LOCOK LOCCancel 1 LOCOK 1 LOCOK LOCCancel 1 LOCOK LOCCancel 1 LOCOK 1 LOCOK LOCCancel 1 LOCOK LOCCancel 1 LOCOK 1 LOCOK LOCCancel 1 LOCOK LOCCancel"}