{"Title": " Mt St Helens Map National Volcanic Monument ", "Author": "GT 332S", "Cover Page": "https://powells-covers-2.s3.amazonaws.com/9781680514407.jpg", "ISBN10": "1680514407  \n", "ISBN13": "9781680514407", "Page URL": "https://powells.com/book/mt-st-helens-map-national-volcanic-monument-9781680514407", "raw_text": "Mt St Helens Map National Volcanic Monument GT 332S Map 1110000320721 Powells Books Cart   my account  wish list  help  8008787323 Hello\n Login MENU Browse New Arrivals Bestsellers Featured Preorders Award Winners Audio Books See All Subjects Used Staff Picks Staff Picks Picks of the Month Bookseller Displays 50 Books for 50 Years 25 Best 21st Century SciFi  Fantasy 25 PNW Books to Read Before You Die 25 Books From the 21st Century 25 Memoirs to Read Before You Die 25 Global Books to Read Before You Die 25 Women to Read Before You Die 25 Books to Read Before You Die Gifts Gift Cards  eGift Cards Powells Souvenirs Journals and Notebooks socks Games Sell Books Blog Events Find A Store Dont Miss BIG SALE 20 off sitewide Picks of the Season What Im Giving Great Gifts Under 25 Best Books of 2022 Powells Author Events Oregon Battle of the Books Audio Books Visit Our Stores Powells Books 14 Gift Ideas From 14 of Our Favorite Authors 0 comment Every year Powells reaches out to some of our favorite authors for some muchneeded giftgiving inspiration Below are 14 writerapproved recommendations to help you find the perfect book for even your mostdifficulttobuyfor loved one Read More  Powells Staff Best Books of 2022 Fiction 1 comment Kelsey Ford 6 Haunting Native American Horror Books 1 comment 1 LOCOK 1 LOCOK LOCCancel 1 LOCOK LOCCancel Mt St Helens Map National Volcanic Monument by GT 332S Comment on this title Synopses  Reviews ISBN13 9781680514407 ISBN10 1680514407 All Product Details View Larger Image View Larger Images 1400 New Map Ships in 1 to 3 days Qty Store 6 Burnside Synopses  Reviews Synopsis Have a blast using this map to explore Americas most famous volcano Its the most comprehensive accurate and trusted map for the entire Mount St Helens National Volcanic Monument Our bootsontheground mapping crew scoured the mountain and region to make sure trails are accurately portrayed Reroutes on the roundthemountain Loowit Trail are shown to make sure you stay the course and know the true distance and elevation gain and loss along the way on this demanding but scenically spectacular trail This map includes every trail within the monument including the Mount Margaret Lakes Backcountry Tumwater Mountain Green River valley Strawberry Mountain Castle Ridge Smith Creek and Fossil Creek Climbing routes are also shown as well as the monuments winter ski snowshoe and snowmobile trails What Our Readers Are Saying Be the first to share your thoughts on this title Product Details ISBN 9781680514407 Binding Map Publication date 02012016 Publisher GREEN TRAILS MAPS Pages 2 Copyright Year 2016 Author GT 332S 1400 New Map Ships in 1 to 3 days Qty Store 6 Burnside Receive an email when this ISBN is available used 1 LOCOK 1 LOCOK LOCCancel 1 LOCOK LOCCancel 1 LOCOK 1 LOCOK LOCCancel 1 LOCOK LOCCancel 1 LOCOK 1 LOCOK LOCCancel 1 LOCOK LOCCancel 1 LOCOK 1 LOCOK LOCCancel 1 LOCOK LOCCancel Help Guarantee My Account Careers About Us Security Wish List Partners Contact Us Shipping Transparency ACT MRF Sitemap  2022 POWELLSCOM Terms 1 LOCOK 1 LOCOK LOCCancel 1 LOCOK LOCCancel 1 LOCOK 1 LOCOK LOCCancel 1 LOCOK LOCCancel 1 LOCOK 1 LOCOK LOCCancel 1 LOCOK LOCCancel 1 LOCOK 1 LOCOK LOCCancel 1 LOCOK LOCCancel"}