{"Title": " Ghibliotheque Unofficial Guide to the Movies of Studio Ghibli ", "Author": "Jake Cunningham, Michael Leader", "Cover Page": "https://powells-covers-2.s3.amazonaws.com/9781787396654.jpg", "ISBN10": "1787396657  \n", "ISBN13": "9781787396654", "Page URL": "https://powells.com/book/ghibliotheque-unofficial-guide-to-the-movies-of-studio-ghibli-9781787396654", "raw_text": "Ghibliotheque Unofficial Guide to the Movies of Studio Ghibli Jake Cunningham Michael Leader Hardcover 9781787396654 Powells Books Cart   my account  wish list  help  8008787323 Hello\n Login MENU Browse New Arrivals Bestsellers Featured Preorders Award Winners Audio Books See All Subjects Used Staff Picks Staff Picks Picks of the Month Bookseller Displays 50 Books for 50 Years 25 Best 21st Century SciFi  Fantasy 25 PNW Books to Read Before You Die 25 Books From the 21st Century 25 Memoirs to Read Before You Die 25 Global Books to Read Before You Die 25 Women to Read Before You Die 25 Books to Read Before You Die Gifts Gift Cards  eGift Cards Powells Souvenirs Journals and Notebooks socks Games Sell Books Blog Events Find A Store Dont Miss BIG SALE 20 off sitewide Picks of the Season What Im Giving Great Gifts Under 25 Best Books of 2022 Powells Author Events Oregon Battle of the Books Audio Books Visit Our Stores Powells Books 14 Gift Ideas From 14 of Our Favorite Authors 0 comment Every year Powells reaches out to some of our favorite authors for some muchneeded giftgiving inspiration Below are 14 writerapproved recommendations to help you find the perfect book for even your mostdifficulttobuyfor loved one Read More  Powells Staff Best Books of 2022 Fiction 1 comment Kelsey Ford 6 Haunting Native American Horror Books 1 comment 1 LOCOK 1 LOCOK LOCCancel 1 LOCOK LOCCancel Ghibliotheque Unofficial Guide to the Movies of Studio Ghibli by Jake Cunningham Michael Leader Comment on this title Synopses  Reviews ISBN13 9781787396654 ISBN10 1787396657 All Product Details View Larger Image View Larger Images 2495 New Hardcover Ships in 1 to 3 days Qty Store 1 Cedar Hills 20 Local Warehouse Synopses  Reviews Synopsis A complete and essential guide to the magical movies of Studio Ghibli Adapted from the acclaimed podcast Ghibliotheque offers a wellbalanced and highly informed critique of some of the greatest animated movies of all time including Spirited Away My Neighbour Totoro and Princess Mononoke  From Nausica of the Valley of the Wind to Earwig and the Witch  authors Michael Leader and Jake Cunningham review every Studio Ghibli feature film providing insightful background information on how the films were made and considered filmfan reactions to the works themselves Beautifully illustrated with stills and posters portraits of the creative team and the Studio itself this is a comprehensive engaging guide to the wonderfully complex mysterious and entertaining worlds of the legendary Oscarwinning animation company What Our Readers Are Saying Be the first to share your thoughts on this title Product Details ISBN 9781787396654 Binding Hardcover Publication date 09282021 Publisher WELBECK PRESS Pages 192 Height 90IN Width 750IN Author Jake Cunningham Author Michael Leader 2495 New Hardcover Ships in 1 to 3 days Qty Store 1 Cedar Hills 20 Local Warehouse Receive an email when this ISBN is available used 1 LOCOK 1 LOCOK LOCCancel 1 LOCOK LOCCancel 1 LOCOK 1 LOCOK LOCCancel 1 LOCOK LOCCancel 1 LOCOK 1 LOCOK LOCCancel 1 LOCOK LOCCancel 1 LOCOK 1 LOCOK LOCCancel 1 LOCOK LOCCancel Help Guarantee My Account Careers About Us Security Wish List Partners Contact Us Shipping Transparency ACT MRF Sitemap  2022 POWELLSCOM Terms 1 LOCOK 1 LOCOK LOCCancel 1 LOCOK LOCCancel 1 LOCOK 1 LOCOK LOCCancel 1 LOCOK LOCCancel 1 LOCOK 1 LOCOK LOCCancel 1 LOCOK LOCCancel 1 LOCOK 1 LOCOK LOCCancel 1 LOCOK LOCCancel"}