{"Title": " Adventures of Sophie Mouse 01 New Friend ", "Author": "Poppy Green, Jennifer A Bell", "Cover Page": "https://covers.powells.com/9781481428323.jpg", "ISBN10": "1481428322  \n", "ISBN13": "9781481428323", "Page URL": "https://powells.com/book/adventures-of-sophie-mouse-01-new-friend-9781481428323", "raw_text": "Adventures of Sophie Mouse 01 New Friend Poppy Green Jennifer A Bell Trade Paperback 9781481428323 Powells Books Cart   my account  wish list  help  8008787323 Hello\n Login MENU Browse New Arrivals Bestsellers Featured Preorders Award Winners Audio Books See All Subjects Used Staff Picks Staff Picks Picks of the Month Bookseller Displays 50 Books for 50 Years 25 Best 21st Century SciFi  Fantasy 25 PNW Books to Read Before You Die 25 Books From the 21st Century 25 Memoirs to Read Before You Die 25 Global Books to Read Before You Die 25 Women to Read Before You Die 25 Books to Read Before You Die Gifts Gift Cards  eGift Cards Powells Souvenirs Journals and Notebooks socks Games Sell Books Blog Events Find A Store Dont Miss BIG SALE 20 off sitewide Picks of the Season What Im Giving Great Gifts Under 25 Best Books of 2022 Powells Author Events Oregon Battle of the Books Audio Books Visit Our Stores Powells Books 14 Gift Ideas From 14 of Our Favorite Authors 0 comment Every year Powells reaches out to some of our favorite authors for some muchneeded giftgiving inspiration Below are 14 writerapproved recommendations to help you find the perfect book for even your mostdifficulttobuyfor loved one Read More  Powells Staff Best Books of 2022 Fiction 1 comment Kelsey Ford 6 Haunting Native American Horror Books 1 comment 1 LOCOK 1 LOCOK LOCCancel 1 LOCOK LOCCancel Adventures of Sophie Mouse 01 New Friend by Poppy Green Jennifer A Bell Comment on this title Synopses  Reviews Read an Excerpt ISBN13 9781481428323 ISBN10 1481428322 All Product Details View Larger Image View Larger Images 599 List Price 699 New Trade Paperback Ships in 1 to 3 days Qty Store 1 Cedar Hills 1 Hawthorne 20 Local Warehouse Synopses  Reviews Publisher Comments In this first of a charming series about a little mouse and her forest friends Sophie Mouse must convince her classmatesand8212and herselfand8212that a new student is nothing to fear Even if he is a snake Readers will delight in The Adventures of Sophie MouseandltBRandgtandltBRandgtIn the first book of The Adventures of Sophie Mouse springtime has arrived at Silverlake Forest The animals are coming out of their homes buds are blooming on the trees and the air smells of honeysuckles and tree bark Sophie Mouse canand8217t wait to go back to school after the long winter breakandltBRandgt andltBRandgtEven better thereand8217s a new student in classand8212Sophie loves meeting new animals But the class gasps when Owen enters heand8217s a snake No one is brave enough to sit near him or play with Owen at recess or even talk to him Can Sophie help her friends understand that Owenand8217s not scary after allandltBRandgt andltBRandgtWith easytoread language and illustrations on almost every page the Adventures of Sophie Mouse chapter books are perfect for beginning readers About the Author Poppy Green can talk to animals Unfortunately they never talk back to her So she started writing in order to imagine what they might say and do when humans arenandrsquot watching Poppy lives on the edge of the woods in Connecticut where her backyard is often a playground for all kinds of wildlife birds rabbits squirrels voles skunks deer and the occasional wild turkeyJennifer A Bell is an illustrator whose work can be found on greeting cards in magazines and in over a dozen childrenand39s books She lives with her husband son and cranky cat in Minneapolis Minnesota What Our Readers Are Saying Be the first to share your thoughts on this title Product Details ISBN 9781481428323 Binding Trade Paperback Publication date 01202015 Publisher SIMON  SCHUSTER TRADE Series info Adventures of Sophie Mouse Pages 128 Height 40IN Width 540IN Thickness 50 Series Number 1 Age Range 5 to 9 Grade Range K to 4 Illustration Yes Series Volume 1 Author Poppy Green Author Jennifer A Bell  Jennifer A Bell Subject Children sGeneral 599 List Price 699 New Trade Paperback Ships in 1 to 3 days Qty Store 1 Cedar Hills 1 Hawthorne 20 Local Warehouse Receive an email when this ISBN is available used More copies of this ISBN New Trade Paperback 699 1 LOCOK 1 LOCOK LOCCancel 1 LOCOK LOCCancel 1 LOCOK 1 LOCOK LOCCancel 1 LOCOK LOCCancel 1 LOCOK 1 LOCOK LOCCancel 1 LOCOK LOCCancel 1 LOCOK 1 LOCOK LOCCancel 1 LOCOK LOCCancel Help Guarantee My Account Careers About Us Security Wish List Partners Contact Us Shipping Transparency ACT MRF Sitemap  2022 POWELLSCOM Terms 1 LOCOK 1 LOCOK LOCCancel 1 LOCOK LOCCancel 1 LOCOK 1 LOCOK LOCCancel 1 LOCOK LOCCancel 1 LOCOK 1 LOCOK LOCCancel 1 LOCOK LOCCancel 1 LOCOK 1 LOCOK LOCCancel 1 LOCOK LOCCancel"}