{"Title": " Vacuum Pressing Made Simple ", "Author": "Darryl Keil", "Cover Page": "https://powells-covers-2.s3.amazonaws.com/9781600853166.jpg", "ISBN10": "1600853161  \n", "ISBN13": "9781600853166", "Page URL": "https://powells.com/book/vacuum-pressing-made-simple-9781600853166", "raw_text": "Vacuum Pressing Made Simple  Darryl Keil Trade Paperback 9781600853166 Powells Books Cart   my account  wish list  help  8008787323 Hello\n Login MENU Browse New Arrivals Bestsellers Featured Preorders Award Winners Audio Books See All Subjects Used Staff Picks Staff Picks Picks of the Month Bookseller Displays 50 Books for 50 Years 25 Best 21st Century SciFi  Fantasy 25 PNW Books to Read Before You Die 25 Books From the 21st Century 25 Memoirs to Read Before You Die 25 Global Books to Read Before You Die 25 Women to Read Before You Die 25 Books to Read Before You Die Gifts Gift Cards  eGift Cards Powells Souvenirs Journals and Notebooks socks Games Sell Books Blog Events Find A Store Dont Miss BIG SALE 20 off sitewide Picks of the Season What Im Giving Great Gifts Under 25 Best Books of 2022 Powells Author Events Oregon Battle of the Books Audio Books Visit Our Stores Powells Books 14 Gift Ideas From 14 of Our Favorite Authors 0 comment Every year Powells reaches out to some of our favorite authors for some muchneeded giftgiving inspiration Below are 14 writerapproved recommendations to help you find the perfect book for even your mostdifficulttobuyfor loved one Read More  Powells Staff Best Books of 2022 Fiction 1 comment Kelsey Ford 6 Haunting Native American Horror Books 1 comment 1 LOCOK 1 LOCOK LOCCancel 1 LOCOK LOCCancel Vacuum Pressing Made Simple by Darryl Keil Comment on this title Synopses  Reviews ISBN13 9781600853166 ISBN10 1600853161 All Product Details View Larger Image View Larger Images 2495 New Trade Paperback Available at a Remote Warehouse Ships separately from other items Additional shipping charges may apply Not available for In Store Pickup More Info Qty Store 20 Remote Warehouse Synopses  Reviews Publisher Comments Using a vacuum press is the most efficient method of veneering flat and curved panels and making bent laminations which add decorative options to fine woodwork that cant otherwise be made using hardwood Even the smallest of shops can produce highdesign wood pieces with the vacuum press because its components can be disassembled and stored in a small space In this stepbystep book and DVD Darryl Keil explains and demonstrates how the vacuum press works how to use it for veneering wood bending and clamping how to troubleshoot problems with the press and how to maintain the equipment for effective longterm use With an expert like Keil walking woodworkers through these processes theyre guaranteed consistently predictable results Synopsis In this stepbystep book and DVD Keil explains and demonstrates how the vacuum press works how to use it for veneering wood bending and clamping how to troubleshoot problems with the press and how to maintain the equipment for effective longterm use About the Author The very first vacuum press for use in the woodworking industry was invented by author DARRYL KEIL In addition to building furniture and cabinets for 20 years Keil has written for leading woodworking publications served as a technical consultant to woodworking facilities and taught veneering classes in the US and abroad No one is better equipped to write the book on vacuum pressing Table of Contents Function and Benefits Equipment Pressing a Flat Panel Pressing a Curved Panel Pressing a Bent Lamination Clamping with Vacuum Maintenance and Troubleshooting What Our Readers Are Saying Be the first to share your thoughts on this title Product Details ISBN 9781600853166 Binding Trade Paperback Publication date 03152011 Publisher TAUNTON PRESS Series info Made Simple Pages 96 Height 26IN Width 910IN Thickness 50 Number of Units 1 UPC Code 4294967295 Author  Darryl Author Darryl Keil Author Darryl Keil Subject CraftsWoodworking Subject Woodwork 2495 New Trade Paperback Available at a Remote Warehouse Ships separately from other items Additional shipping charges may apply Not available for In Store Pickup More Info Qty Store 20 Remote Warehouse Receive an email when this ISBN is available used 1 LOCOK 1 LOCOK LOCCancel 1 LOCOK LOCCancel 1 LOCOK 1 LOCOK LOCCancel 1 LOCOK LOCCancel 1 LOCOK 1 LOCOK LOCCancel 1 LOCOK LOCCancel 1 LOCOK 1 LOCOK LOCCancel 1 LOCOK LOCCancel Help Guarantee My Account Careers About Us Security Wish List Partners Contact Us Shipping Transparency ACT MRF Sitemap  2022 POWELLSCOM Terms 1 LOCOK 1 LOCOK LOCCancel 1 LOCOK LOCCancel 1 LOCOK 1 LOCOK LOCCancel 1 LOCOK LOCCancel 1 LOCOK 1 LOCOK LOCCancel 1 LOCOK LOCCancel 1 LOCOK 1 LOCOK LOCCancel 1 LOCOK LOCCancel"}