{"Title": " Poppleton in Fall An Acorn Book Poppleton 4 ", "Author": "Cynthia Rylant, Mark Teague", "Cover Page": "https://powells-covers-2.s3.amazonaws.com/9781338566734.jpg", "ISBN10": "1338566733  \n", "ISBN13": "9781338566734", "Page URL": "https://powells.com/book/poppleton-in-fall-an-acorn-book-poppleton-4-9781338566734", "raw_text": "Poppleton in Fall An Acorn Book Poppleton 4 Cynthia Rylant Mark Teague Trade Paperback 9781338566734 Powells Books Cart   my account  wish list  help  8008787323 Hello\n Login MENU Browse New Arrivals Bestsellers Featured Preorders Award Winners Audio Books See All Subjects Used Staff Picks Staff Picks Picks of the Month Bookseller Displays 50 Books for 50 Years 25 Best 21st Century SciFi  Fantasy 25 PNW Books to Read Before You Die 25 Books From the 21st Century 25 Memoirs to Read Before You Die 25 Global Books to Read Before You Die 25 Women to Read Before You Die 25 Books to Read Before You Die Gifts Gift Cards  eGift Cards Powells Souvenirs Journals and Notebooks socks Games Sell Books Blog Events Find A Store Dont Miss BIG SALE 20 off sitewide Picks of the Season What Im Giving Great Gifts Under 25 Best Books of 2022 Powells Author Events Oregon Battle of the Books Audio Books Visit Our Stores Powells Books 14 Gift Ideas From 14 of Our Favorite Authors 0 comment Every year Powells reaches out to some of our favorite authors for some muchneeded giftgiving inspiration Below are 14 writerapproved recommendations to help you find the perfect book for even your mostdifficulttobuyfor loved one Read More  Powells Staff Best Books of 2022 Fiction 1 comment Kelsey Ford 6 Haunting Native American Horror Books 1 comment 1 LOCOK 1 LOCOK LOCCancel 1 LOCOK LOCCancel Poppleton in Fall An Acorn Book Poppleton 4 by Cynthia Rylant Mark Teague Comment on this title Synopses  Reviews ISBN13 9781338566734 ISBN10 1338566733 Condition Standard All Product Details View Larger Image View Larger Images 350 List Price 499 Used Trade Paperback Ships in 1 to 3 days Qty Store 1 Cedar Hills Synopses  Reviews Synopsis Fall is filled with fun for Poppleton the posh and persnickety pig created by Newbery Medalist Cynthia Rylant and acclaimed illustrator Mark Teague Pick a book Grow a Reader This series is part of Scholastics early reader line Acorn aimed at children who are learning to read With easytoread text a shortstory format plenty of humor and fullcolor artwork on every page these books will boost reading confidence and fluency Acorn books plant a love of reading and help readers grow Autumn has arrived for Poppleton He meets geese flying south for winter He goes shopping for a brandnew coat And he has a delicious pancake breakfast with his friend Cherry Sue This Acorn edition contains brandnew content including story prompts and howtodraw pages What Our Readers Are Saying Be the first to share your thoughts on this title Product Details ISBN 9781338566734 Binding Trade Paperback Publication date 07072020 Publisher SCHOLASTIC INC Pages 64 Height 20IN Width 540IN Series Number 4 Age Range 5 to 7 Grade Range K to 2 Illustration Yes  Mark Teague Author Cynthia Rylant Author Mark Teague 350 List Price 499 Used Trade Paperback Ships in 1 to 3 days Qty Store 1 Cedar Hills More copies of this ISBN New Trade Paperback 499 1 LOCOK 1 LOCOK LOCCancel 1 LOCOK LOCCancel 1 LOCOK 1 LOCOK LOCCancel 1 LOCOK LOCCancel 1 LOCOK 1 LOCOK LOCCancel 1 LOCOK LOCCancel 1 LOCOK 1 LOCOK LOCCancel 1 LOCOK LOCCancel Help Guarantee My Account Careers About Us Security Wish List Partners Contact Us Shipping Transparency ACT MRF Sitemap  2022 POWELLSCOM Terms 1 LOCOK 1 LOCOK LOCCancel 1 LOCOK LOCCancel 1 LOCOK 1 LOCOK LOCCancel 1 LOCOK LOCCancel 1 LOCOK 1 LOCOK LOCCancel 1 LOCOK LOCCancel 1 LOCOK 1 LOCOK LOCCancel 1 LOCOK LOCCancel"}