{"Title": " Steven Universe End of an Era ", "Author": "Chris McDonnell, Rebecca Sugar, N K Jemisin", "Cover Page": "https://powells-covers-2.s3.amazonaws.com/9781419742842.jpg", "ISBN10": "1419742841  \n", "ISBN13": "9781419742842", "Page URL": "https://powells.com/book/steven-universe-end-of-an-era-9781419742842", "raw_text": "Steven Universe End of an Era Chris McDonnell Hardcover 9781419742842 Powells Books Cart   my account  wish list  help  8008787323 Hello\n Login MENU Browse New Arrivals Bestsellers Featured Preorders Award Winners Audio Books See All Subjects Used Staff Picks Staff Picks Picks of the Month Bookseller Displays 50 Books for 50 Years 25 Best 21st Century SciFi  Fantasy 25 PNW Books to Read Before You Die 25 Books From the 21st Century 25 Memoirs to Read Before You Die 25 Global Books to Read Before You Die 25 Women to Read Before You Die 25 Books to Read Before You Die Gifts Gift Cards  eGift Cards Powells Souvenirs Journals and Notebooks socks Games Sell Books Blog Events Find A Store Dont Miss BIG SALE 20 off sitewide Picks of the Season What Im Giving Great Gifts Under 25 Best Books of 2022 Powells Author Events Oregon Battle of the Books Audio Books Visit Our Stores Powells Books 14 Gift Ideas From 14 of Our Favorite Authors 0 comment Every year Powells reaches out to some of our favorite authors for some muchneeded giftgiving inspiration Below are 14 writerapproved recommendations to help you find the perfect book for even your mostdifficulttobuyfor loved one Read More  Powells Staff Best Books of 2022 Fiction 1 comment Kelsey Ford 6 Haunting Native American Horror Books 1 comment 1 LOCOK 1 LOCOK LOCCancel 1 LOCOK LOCCancel Steven Universe End of an Era by Chris McDonnell Rebecca Sugar N K Jemisin Comment on this title Synopses  Reviews ISBN13 9781419742842 ISBN10 1419742841 All Product Details View Larger Image View Larger Images 3500 New Hardcover Ships in 1 to 3 days Qty Store 1 Burnside 4 Cedar Hills 1 Hawthorne 20 Local Warehouse Synopses  Reviews Synopsis The official sequel to the bestselling Steven Universe Art  Origins Steven Universe End of an Era is the eagerly anticipated followup to the bestselling behindthescenes companion book Steven Universe Art  Origins  Showcasing new concept art storyboards background paintings and exclusive interviews End of an Era will update the history of the Emmy Awardwinning series to cover season four through to the critically acclaimed \ufb01nale Change Your Mind and beyond Fans can expect a special focus on creator and showrunner Rebecca Sugars elaborate process for creating the lore for the series as she and the crew reveal how they discovered and developed the complete story arc for each character as well as how they were able to design a show that so refreshingly captures and celebrates the experience of childhood Steven Universe End of an Era is a heartfelt sendoff to one of the most progressive imaginative and beloved animated series of our time What Our Readers Are Saying Be the first to share your thoughts on this title Product Details ISBN 9781419742842 Binding Hardcover Publication date 10132020 Publisher HARRY N ABRAMS INC Pages 272 Height 100IN Width 1010IN Illustration Yes Author Chris McDonnell  Rebecca Sugar Author Rebecca Sugar Author N K Jemisin Oth N K Jemisin 3500 New Hardcover Ships in 1 to 3 days Qty Store 1 Burnside 4 Cedar Hills 1 Hawthorne 20 Local Warehouse Receive an email when this ISBN is available used 1 LOCOK 1 LOCOK LOCCancel 1 LOCOK LOCCancel 1 LOCOK 1 LOCOK LOCCancel 1 LOCOK LOCCancel 1 LOCOK 1 LOCOK LOCCancel 1 LOCOK LOCCancel 1 LOCOK 1 LOCOK LOCCancel 1 LOCOK LOCCancel Help Guarantee My Account Careers About Us Security Wish List Partners Contact Us Shipping Transparency ACT MRF Sitemap  2022 POWELLSCOM Terms 1 LOCOK 1 LOCOK LOCCancel 1 LOCOK LOCCancel 1 LOCOK 1 LOCOK LOCCancel 1 LOCOK LOCCancel 1 LOCOK 1 LOCOK LOCCancel 1 LOCOK LOCCancel 1 LOCOK 1 LOCOK LOCCancel 1 LOCOK LOCCancel"}