{"Title": " Modern Venice Map: Guide to 20th Century Architecture in Venice, Italy ", "Author": "Marco Mulazzani", "Cover Page": "https://powells-covers-2.s3.amazonaws.com/9781912018956.jpg", "ISBN10": "1912018950  \n", "ISBN13": "9781912018956", "Page URL": "https://powells.com/book/modern-venice-map-9781912018956", "raw_text": "Modern Venice Map Guide to 20th Century Architecture in Venice Italy Marco Mulazzani Other 9781912018956 Powells Books Cart   my account  wish list  help  8008787323 Hello\n Login MENU Browse New Arrivals Bestsellers Featured Preorders Award Winners Audio Books See All Subjects Used Staff Picks Staff Picks Picks of the Month Bookseller Displays 50 Books for 50 Years 25 Best 21st Century SciFi  Fantasy 25 PNW Books to Read Before You Die 25 Books From the 21st Century 25 Memoirs to Read Before You Die 25 Global Books to Read Before You Die 25 Women to Read Before You Die 25 Books to Read Before You Die Gifts Gift Cards  eGift Cards Powells Souvenirs Journals and Notebooks socks Games Sell Books Blog Events Find A Store Dont Miss BIG SALE 20 off sitewide Picks of the Season What Im Giving Great Gifts Under 25 Best Books of 2022 Powells Author Events Oregon Battle of the Books Audio Books Visit Our Stores Powells Books 14 Gift Ideas From 14 of Our Favorite Authors 0 comment Every year Powells reaches out to some of our favorite authors for some muchneeded giftgiving inspiration Below are 14 writerapproved recommendations to help you find the perfect book for even your mostdifficulttobuyfor loved one Read More  Powells Staff Best Books of 2022 Fiction 1 comment Kelsey Ford 6 Haunting Native American Horror Books 1 comment 1 LOCOK 1 LOCOK LOCCancel 1 LOCOK LOCCancel Modern Venice Map Guide to 20th Century Architecture in Venice Italy by Marco Mulazzani and Blue Crow Media Comment on this title Synopses  Reviews ISBN13 9781912018956 ISBN10 1912018950 All Product Details View Larger Image View Larger Images 1050 New Other Available at a Remote Warehouse Ships separately from other items Additional shipping charges may apply Not available for In Store Pickup More Info Qty Store 20 Remote Warehouse Synopses  Reviews Synopsis Guide map to Modernist architecture in Venice Italy This twosided folded map with original photography by Alessandra Chemollo is edited by Marco Mulazzani a Venicebased professor of architectural history The map includes buildings by Carlo Scarpa Pier Luigi Nervi Santiago Calatrava Tadao Ando Rem Koolhas Alvar Aalto James Stirling David Chipperfield and many others Details for each building an introduction photographs and a beautiful map of Venice Perfect for a walking tour or framing What Our Readers Are Saying Be the first to share your thoughts on this title Product Details ISBN 9781912018956 Binding Other Publication date 03152021 Publisher Blue Crow Media Language English Pages 2 Height 20IN Width 580IN Author Blue Crow Media Author Derek Lamberton Author Marco Mulazzani Photo Alessandra Chemollo Author Blue Crow Media 1050 New Other Available at a Remote Warehouse Ships separately from other items Additional shipping charges may apply Not available for In Store Pickup More Info Qty Store 20 Remote Warehouse Receive an email when this ISBN is available used 1 LOCOK 1 LOCOK LOCCancel 1 LOCOK LOCCancel 1 LOCOK 1 LOCOK LOCCancel 1 LOCOK LOCCancel 1 LOCOK 1 LOCOK LOCCancel 1 LOCOK LOCCancel 1 LOCOK 1 LOCOK LOCCancel 1 LOCOK LOCCancel Help Guarantee My Account Careers About Us Security Wish List Partners Contact Us Shipping Transparency ACT MRF Sitemap  2022 POWELLSCOM Terms 1 LOCOK 1 LOCOK LOCCancel 1 LOCOK LOCCancel 1 LOCOK 1 LOCOK LOCCancel 1 LOCOK LOCCancel 1 LOCOK 1 LOCOK LOCCancel 1 LOCOK LOCCancel 1 LOCOK 1 LOCOK LOCCancel 1 LOCOK LOCCancel"}