{"Title": " Everything Learning German Book ", "Author": "Edward Swick", "Cover Page": "https://powells-covers-2.s3.amazonaws.com/9781598699890.jpg", "ISBN10": "159869989X  \n", "ISBN13": "9781598699890", "Page URL": "https://powells.com/book/everything-learning-german-book-9781598699890", "raw_text": "Everything Learning German Book Edward Swick Trade Paperback 9781598699890 Powells Books Cart   my account  wish list  help  8008787323 Hello\n Login MENU Browse New Arrivals Bestsellers Featured Preorders Award Winners Audio Books See All Subjects Used Staff Picks Staff Picks Picks of the Month Bookseller Displays 50 Books for 50 Years 25 Best 21st Century SciFi  Fantasy 25 PNW Books to Read Before You Die 25 Books From the 21st Century 25 Memoirs to Read Before You Die 25 Global Books to Read Before You Die 25 Women to Read Before You Die 25 Books to Read Before You Die Gifts Gift Cards  eGift Cards Powells Souvenirs Journals and Notebooks socks Games Sell Books Blog Events Find A Store Dont Miss BIG SALE 20 off sitewide Picks of the Season What Im Giving Great Gifts Under 25 Best Books of 2022 Powells Author Events Oregon Battle of the Books Audio Books Visit Our Stores Powells Books 14 Gift Ideas From 14 of Our Favorite Authors 0 comment Every year Powells reaches out to some of our favorite authors for some muchneeded giftgiving inspiration Below are 14 writerapproved recommendations to help you find the perfect book for even your mostdifficulttobuyfor loved one Read More  Powells Staff Best Books of 2022 Fiction 1 comment Kelsey Ford 6 Haunting Native American Horror Books 1 comment 1 LOCOK 1 LOCOK LOCCancel 1 LOCOK LOCCancel Everything Learning German Book by Edward Swick Comment on this title Synopses  Reviews ISBN13 9781598699890 ISBN10 159869989X Condition Standard All Product Details View Larger Image View Larger Images 1395 List Price 1995 Used Trade Paperback Ships in 1 to 3 days Qty Store 1 Burnside 2 Hawthorne Synopses  Reviews Publisher Comments Order das beste Bier at Oktoberfest Hitch a ride on der Autobahn Say Wilkommen to your neuen deutschen Freunde Learning to sprechen Sie Deutsches is funand far easier than you might think German and English are closely relatedyou already know viele Phrasen With this guide you will make sense of this fascinating language in no time This practical handson Buch comes with easytounderstand lessons useful exercises and a CD for pronunciation help Building on the German languages close relation to English this allnew edition covers everything from basic introductions to verb conversions You will learn to Ich mchte ein Berliner bitte Order food with ease Wie viel kostet der Kse Ask how much items cost Der Vater kaufte seinem Sohn ein Fahrrad Understand direct and indirect objects viel  mehr  am meisten Use superlatives to communicate more effectively Der Ball wird von dem Mann geschlagen Know when to use passive voice Whether you want to sample das stoutest Lager or converse with your grandparents in their native tongue youll soon discover just how easy it is to learn German This edition includes completely new material on Rules of spelling and punctuation Appropriate language for correspondence in German including email Updated exercises Synopsis Order das beste Bier at Oktoberfest Hitch a ride on der Autobahn Say Wilkommen to your neuen deutschen Freunde Learning to sprechen Sie Deutsches is funand far easier than you might think German and English are closely relatedyou already know viele Phrasen With this guide you will make sense of this fascinating language in no time This practical handson Buch comes with easytounderstand lessons useful exercises and a CD for pronunciation help Building on the German languages close relation to English this allnew edition covers everything from basic introductions to verb conversions You will learn to Ich mochte ein Berliner bitte Order food with ease Wie viel kostet der Kase Ask how much items cost Der Vater kaufte seinem Sohn ein Fahrrad Understand direct and indirect objects viel  mehr  am meisten Use superlatives to communicate more effectively Der Ball wird von dem Mann geschlagen Know when to use passive voice Whether you want to sample das stoutest Lager or converse with your grandparents in their native tongue youll soon discover just how easy it is to learn German This edition includes completely new material on Rules of spelling and punctuation Appropriate language for correspondence in German including email Updated exercises Synopsis Edward Swick MA Chicago IL has been teaching languages for more than thirty years He holds masteras degrees in German Russian and English and was a Fulbright scholar at the University of Hamburg He is the author of several German Russian and ESL textbooks and wrote the first edition of The Everything Learning German Book and The Everything German Phrase Book What Our Readers Are Saying Be the first to share your thoughts on this title Product Details ISBN 9781598699890 Binding Trade Paperback Publication date 11182009 Publisher ADAMS MEDIA CORPORATION Series info Everything Language  Writing Accompanying Material Compact Disc audio Pages 304 Height 90IN Width 790IN Thickness 75 Series Everything Number of Units 1 Copyright Year 2009 UPC Code 2801598699892 Author Edward Swick Author Edward Swick Subject Foreign LanguagesGerman 1395 List Price 1995 Used Trade Paperback Ships in 1 to 3 days Qty Store 1 Burnside 2 Hawthorne More copies of this ISBN New Trade Paperback 1995 1 LOCOK 1 LOCOK LOCCancel 1 LOCOK LOCCancel 1 LOCOK 1 LOCOK LOCCancel 1 LOCOK LOCCancel 1 LOCOK 1 LOCOK LOCCancel 1 LOCOK LOCCancel 1 LOCOK 1 LOCOK LOCCancel 1 LOCOK LOCCancel Help Guarantee My Account Careers About Us Security Wish List Partners Contact Us Shipping Transparency ACT MRF Sitemap  2022 POWELLSCOM Terms 1 LOCOK 1 LOCOK LOCCancel 1 LOCOK LOCCancel 1 LOCOK 1 LOCOK LOCCancel 1 LOCOK LOCCancel 1 LOCOK 1 LOCOK LOCCancel 1 LOCOK LOCCancel 1 LOCOK 1 LOCOK LOCCancel 1 LOCOK LOCCancel"}