{"Title": " Rick Steves German Phrase Book & Dictionary ", "Author": "Rick Steves", "Cover Page": "https://powells-covers-2.s3.amazonaws.com/9781641711920.jpg", "ISBN10": "1641711922  \n", "ISBN13": "9781641711920", "Page URL": "https://powells.com/book/rick-steves-german-phrase-book-dictionary-9781641711920", "raw_text": "Rick Steves German Phrase Book  Dictionary Rick Steves Trade Paperback 9781641711920 Powells Books Cart   my account  wish list  help  8008787323 Hello\n Login MENU Browse New Arrivals Bestsellers Featured Preorders Award Winners Audio Books See All Subjects Used Staff Picks Staff Picks Picks of the Month Bookseller Displays 50 Books for 50 Years 25 Best 21st Century SciFi  Fantasy 25 PNW Books to Read Before You Die 25 Books From the 21st Century 25 Memoirs to Read Before You Die 25 Global Books to Read Before You Die 25 Women to Read Before You Die 25 Books to Read Before You Die Gifts Gift Cards  eGift Cards Powells Souvenirs Journals and Notebooks socks Games Sell Books Blog Events Find A Store Dont Miss BIG SALE 20 off sitewide Picks of the Season What Im Giving Great Gifts Under 25 Best Books of 2022 Powells Author Events Oregon Battle of the Books Audio Books Visit Our Stores Powells Books 14 Gift Ideas From 14 of Our Favorite Authors 0 comment Every year Powells reaches out to some of our favorite authors for some muchneeded giftgiving inspiration Below are 14 writerapproved recommendations to help you find the perfect book for even your mostdifficulttobuyfor loved one Read More  Powells Staff Best Books of 2022 Fiction 1 comment Kelsey Ford 6 Haunting Native American Horror Books 1 comment 1 LOCOK 1 LOCOK LOCCancel 1 LOCOK LOCCancel Rick Steves German Phrase Book  Dictionary by Rick Steves Comment on this title Synopses  Reviews ISBN13 9781641711920 ISBN10 1641711922 All Product Details View Larger Image View Larger Images 1299 New Trade Paperback Ships in 1 to 3 days Qty Store 1 Burnside 1 Cedar Hills 2 Local Warehouse Synopses  Reviews Synopsis Hallo From ordering bratwurst in Berlin to making new friends in Munich it helps to speak some of the native tongue Rick Steves offers welltested words phrases that come in handy in a variety of situations Inside youll find Key phrases for everyday circumstances complete with phonetic spelling An EnglishGerman and GermanEnglish dictionary Tips for small talk and local lingo with Ricks signature sense of humor A tearout cheat sheet for continued language practice as you relax at a biergarten no internet connection required  Informative concise and practical Rick Steves German Phrase Book  Dictionary is an essential item for any travelers pocket What Our Readers Are Saying Be the first to share your thoughts on this title Product Details ISBN 9781641711920 Binding Trade Paperback Publication date 09032019 Publisher Rick Steves Series info Rick Steves Travel Guide Pages 456 Height 60IN Width 400IN Illustration Yes Author Rick Steves 1299 New Trade Paperback Ships in 1 to 3 days Qty Store 1 Burnside 1 Cedar Hills 2 Local Warehouse Receive an email when this ISBN is available used This title in other editions Used Trade Paperback 895 1 LOCOK 1 LOCOK LOCCancel 1 LOCOK LOCCancel 1 LOCOK 1 LOCOK LOCCancel 1 LOCOK LOCCancel 1 LOCOK 1 LOCOK LOCCancel 1 LOCOK LOCCancel 1 LOCOK 1 LOCOK LOCCancel 1 LOCOK LOCCancel Help Guarantee My Account Careers About Us Security Wish List Partners Contact Us Shipping Transparency ACT MRF Sitemap  2022 POWELLSCOM Terms 1 LOCOK 1 LOCOK LOCCancel 1 LOCOK LOCCancel 1 LOCOK 1 LOCOK LOCCancel 1 LOCOK LOCCancel 1 LOCOK 1 LOCOK LOCCancel 1 LOCOK LOCCancel 1 LOCOK 1 LOCOK LOCCancel 1 LOCOK LOCCancel"}