{"Title": " Pacific Coasting An Illustrated Guide to the Ultimate Road Trip from San Diego to Vancouver ", "Author": "Danielle Kroll", "Cover Page": "https://powells-covers-2.s3.amazonaws.com/9781579658717.jpg", "ISBN10": "1579658717  \n", "ISBN13": "9781579658717", "Page URL": "https://powells.com/book/pacific-coasting-an-illustrated-guide-to-the-ultimate-road-trip-from-san-diego-to-vancouver-9781579658717", "raw_text": "Pacific Coasting An Illustrated Guide to the Ultimate Road Trip from San Diego to Vancouver Danielle Kroll Hardcover 9781579658717 Powells Books Cart   my account  wish list  help  8008787323 Hello\n Login MENU Browse New Arrivals Bestsellers Featured Preorders Award Winners Audio Books See All Subjects Used Staff Picks Staff Picks Picks of the Month Bookseller Displays 50 Books for 50 Years 25 Best 21st Century SciFi  Fantasy 25 PNW Books to Read Before You Die 25 Books From the 21st Century 25 Memoirs to Read Before You Die 25 Global Books to Read Before You Die 25 Women to Read Before You Die 25 Books to Read Before You Die Gifts Gift Cards  eGift Cards Powells Souvenirs Journals and Notebooks socks Games Sell Books Blog Events Find A Store Dont Miss BIG SALE 20 off sitewide Picks of the Season What Im Giving Great Gifts Under 25 Best Books of 2022 Powells Author Events Oregon Battle of the Books Audio Books Visit Our Stores Powells Books 14 Gift Ideas From 14 of Our Favorite Authors 0 comment Every year Powells reaches out to some of our favorite authors for some muchneeded giftgiving inspiration Below are 14 writerapproved recommendations to help you find the perfect book for even your mostdifficulttobuyfor loved one Read More  Powells Staff Best Books of 2022 Fiction 1 comment Kelsey Ford 6 Haunting Native American Horror Books 1 comment 1 LOCOK 1 LOCOK LOCCancel 1 LOCOK LOCCancel Pacific Coasting An Illustrated Guide to the Ultimate Road Trip from San Diego to Vancouver by Danielle Kroll Comment on this title Synopses  Reviews ISBN13 9781579658717 ISBN10 1579658717 All Product Details View Larger Image View Larger Images 1995 New Hardcover Ships in 1 to 3 days Qty Store 9 Burnside 5 Cedar Hills 1 Hawthorne 20 Local Warehouse Synopses  Reviews Synopsis An inspiration to visit this beautiful and practical travel guide is an illustrated keepsake and a celebration of the wild lush largerthanlife 2000 miles that run along the edge of the West Coast through California Oregon Washington and Vancouver Island Here youll find stunning vistas alluring beaches ancient forests botanical gardens charming villages and a handful of great cities along the way From La Jolla to Big Sur to Cannon Beach to Olympic National Park Pacific Coasting  created by artist and inveterate roadtripper Danielle Kroll offers adventure and something new to discover every hour of every day Synopsis Your illustrated guide to the perfect West Coast road trip C magazine An inspiration to visit this beautiful and practical travel guide is an illustrated keepsake and a celebration of the wild lush largerthanlife 2000 miles that run along the edge of the West Coast through California Oregon Washington and Vancouver Island Here youll find stunning vistas alluring beaches ancient forests botanical gardens charming villages and a handful of great cities along the way From La Jolla to Big Sur to Cannon Beach to Olympic National Park Pacific Coasting  created by artist and inveterate roadtripper Danielle Kroll offers adventure and something new to discover every hour of every day Synopsis Your illustrated guide to the perfect West Coast road trip C magazine Roll down the windows turn up the radio and take a drive up the worlds most magical coastline Its a beautiful and practical travel guide An illustrated keepsake An inspiration to get out and visit And a celebration of the wild lush largerthanlife 2000 miles that run along the edge of the West Coast through California Oregon Washington and Vancouver Island where youll find everything from stunning vistas and alluring beaches to botanical gardens nature trails antiques stores charming villages and a handful of great cities along the way Created by artist and inveterate roadtripper Danielle Kroll Pacific Coasting covers all the nottobemissed stops while including maps packing lists and playlists yes what to listen to as youre driving up to Hearst Castle and specific guides like Tide Pool Etiquette and Oregon Lighthouses The result is the offbeat adventure of a lifetime filled with something new to discover every hour of every day What Our Readers Are Saying Be the first to share your thoughts on this title Product Details ISBN 9781579658717 Binding Hardcover Publication date 03162021 Publisher ARTISAN Pages 224 Height 90IN Width 640IN Illustration Yes Author Danielle Kroll 1995 New Hardcover Ships in 1 to 3 days Qty Store 9 Burnside 5 Cedar Hills 1 Hawthorne 20 Local Warehouse Receive an email when this ISBN is available used 1 LOCOK 1 LOCOK LOCCancel 1 LOCOK LOCCancel 1 LOCOK 1 LOCOK LOCCancel 1 LOCOK LOCCancel 1 LOCOK 1 LOCOK LOCCancel 1 LOCOK LOCCancel 1 LOCOK 1 LOCOK LOCCancel 1 LOCOK LOCCancel Help Guarantee My Account Careers About Us Security Wish List Partners Contact Us Shipping Transparency ACT MRF Sitemap  2022 POWELLSCOM Terms 1 LOCOK 1 LOCOK LOCCancel 1 LOCOK LOCCancel 1 LOCOK 1 LOCOK LOCCancel 1 LOCOK LOCCancel 1 LOCOK 1 LOCOK LOCCancel 1 LOCOK LOCCancel 1 LOCOK 1 LOCOK LOCCancel 1 LOCOK LOCCancel"}