{"Title": " Random ", "Author": "Penn Jillette", "Cover Page": "https://powells-covers-2.s3.amazonaws.com/9781636140711.jpg", "ISBN10": "1636140718  \n", "ISBN13": "9781636140711", "Page URL": "https://powells.com/book/random-9781636140711", "raw_text": "Random Penn Jillette Hardcover 9781636140711 Powells Books Cart   my account  wish list  help  8008787323 Hello\n Login MENU Browse New Arrivals Bestsellers Featured Preorders Award Winners Audio Books See All Subjects Used Staff Picks Staff Picks Picks of the Month Bookseller Displays 50 Books for 50 Years 25 Best 21st Century SciFi  Fantasy 25 PNW Books to Read Before You Die 25 Books From the 21st Century 25 Memoirs to Read Before You Die 25 Global Books to Read Before You Die 25 Women to Read Before You Die 25 Books to Read Before You Die Gifts Gift Cards  eGift Cards Powells Souvenirs Journals and Notebooks socks Games Sell Books Blog Events Find A Store Dont Miss BIG SALE 20 off sitewide Picks of the Season What Im Giving Great Gifts Under 25 Best Books of 2022 Powells Author Events Oregon Battle of the Books Audio Books Visit Our Stores Powells Books 14 Gift Ideas From 14 of Our Favorite Authors 0 comment Every year Powells reaches out to some of our favorite authors for some muchneeded giftgiving inspiration Below are 14 writerapproved recommendations to help you find the perfect book for even your mostdifficulttobuyfor loved one Read More  Powells Staff Best Books of 2022 Fiction 1 comment Kelsey Ford 6 Haunting Native American Horror Books 1 comment 1 LOCOK 1 LOCOK LOCCancel 1 LOCOK LOCCancel Random by Penn Jillette Comment on this title Synopses  Reviews ISBN13 9781636140711 ISBN10 1636140718 All Product Details View Larger Image View Larger Images 2795 New Hardcover Ships in 1 to 3 days Qty Store 14 Burnside 14 Cedar Hills 10 Hawthorne 20 Local Warehouse Synopses  Reviews Publisher Comments From Penn Jillette of the legendary magic duo Penn  Teller a rollicking crime caper that will bend your mind like a spoon Penn Jillette is an atheist triplegoddamned lunatic and his book is a glorious Las Vegas lunatic paean to chance and adventure  a pageturning scabrous hilarious ride into randomness  Neil Gaiman  Random is everything you would hope from Penn Jillette and so much more Random numbers are seemingly crazy unconnected and unpredictable this fabulous wondrously compelling funny and original novel is all that too As for laughs  it passed the the flinguptheheadsnortandslapthethigh test a dozen times in the first few pages alone Hugely recommended  Stephen Fry  actorwriter Bravo Bobby Ingersoll Encore Penn Jillette   Debbie Harry Two weeks before his twentyfirst birthday Las Vegas native Bobby Ingersoll finds out hes inherited a crushing gambling debt from his scumbag father The debt is owed to an even scummier bag named Fraser Ruphart who oversees his bottomrung criminal empire from the classyadjacent Trump International Hotel Bobbys prospects of paying off the note which comes due the day he turns twentyone are about as dim as the sign on the towers facade The two weeks pass in the blink of a snake eye but before Bobbys luck runs out he stumbles upon enough cash to pay Ruphart off and change his familys fortune More importantly he finds himself with a new for lack of a better word faith Bobby does not consign his big break to a higher power  what Penn Jillette hero ever could Instead he devises and devotes himself to Random a philosophy where his life choices are based entirely on the roll of his lucky dice What follows is a hilarious exploration into not so much what defines us as what divines us when we give over every decision  from what to eat to whom to marry to how or when to die  to the random fall of two numbered cubes Combining the intellectual curiosity of Richard Dawkins with the humor and grit of an Elmore Leonard antihero Jillettes uponhisluck Ingersoll is the character we need to help us navigate the chaos of the posttruth era Well unless his roll runs cold Review Jillette is one of our weirder national treasuresHere the writer turns tothe bizarro fishbowl that is Sin CityAn average joes freespirited madcap romp through the last days of American empire Kirkus Reviews Review An entertaining Las Vegas picaresqueJillettes acerbic wit and perfect pacing keep this afloat Readers will hope Jillette has more fiction up his sleeves Publishers Weekly Synopsis From Penn Jillette of the legendary magic duo Penn  Teller a rollicking crime caper that will bend your mind like a spoon Penn Jillette is an atheist triplegoddamned lunatic and his book is a glorious Las Vegas lunatic paean to chance and adventurea pageturning scabrous hilarious ride into randomness Neil Gaiman Jillettes latest novel Random  is about a young man who inherits his fathers crushing debt to a loan shark and turns to diceand other dangerous measuresto dig himself out That the dice bring him luck sends him a new philosophy of leaving decisions both big and small up to chance  New York Times Two weeks before his twentyfirst birthday Las Vegas native Bobby Ingersoll finds out hes inherited a crushing gambling debt from his scumbag father The debt is owed to an even scummier bag named Fraser Ruphart who oversees his bottomrung criminal empire from the classyadjacent Trump International Hotel Bobbys prospects of paying off the note which comes due the day he turns twentyone are about as dim as the sign on the hotels facade The two weeks pass in the blink of a snake eye but before Bobbys luck runs out he stumbles upon enough cash to pay off Ruphart and change his familys fortune More importantly he finds himself with a new for lack of a better word faith Bobby does not consign his big break to a higher powerwhat Penn Jillette hero ever could Instead he devises and devotes himself to Random a philosophy where his life choices are based entirely on the roll of his lucky dice What follows is a rollicking exploration into not so much what defines us as what divines us when we give over every decisionfrom what to eat to whom to marry to how or when to dieto the random fall of two numbered cubes Random combines the intellectual curiosity of Richard Dawkins with the humor and grit of an Elmore Leonard antihero Jillettes uponhisluck Ingersoll is the character we need to help us navigate the chaos of the posttruth era Well unless his roll runs cold About the Author Penn Jillette is a cultural phenomenon as a solo personality and as half of the worldfamous Emmy Awardwinning magic duo Penn  Teller whose live show spent years on Broadway and is now the longestrunning headlining show in Las Vegas The pair have their own star on the Hollywood Walk of Fame Jillette cohosted the Showtime series Penn  Teller Bullshit which was nominated for thirteen Emmy Awards and won him a Writers Guild Award He currently cohosts the CW Network competition series Penn  Teller Fool Us His weekly podcast Penns Sunday School  was the number one downloaded podcast on iTunes during its debut week and was named by iTunes as Best New Comedy Podcast He is the author of numerous books including the nonfiction New York Times bestselling books Presto How I Made Over 100 Pounds Disappear and Other Magical Tales and God No Signs You May Already Be an Atheist and Other Magical Tales  the novel Sock  and the essay collection Every Day Is an Atheist Holiday What Our Readers Are Saying Be the first to share your thoughts on this title Product Details ISBN 9781636140711 Binding Hardcover Publication date 10112022 Publisher AKASHIC BOOKS Pages 264 Height 130IN Width 550IN Author Penn Jillette 2795 New Hardcover Ships in 1 to 3 days Qty Store 14 Burnside 14 Cedar Hills 10 Hawthorne 20 Local Warehouse Receive an email when this ISBN is available used 1 LOCOK 1 LOCOK LOCCancel 1 LOCOK LOCCancel 1 LOCOK 1 LOCOK LOCCancel 1 LOCOK LOCCancel 1 LOCOK 1 LOCOK LOCCancel 1 LOCOK LOCCancel 1 LOCOK 1 LOCOK LOCCancel 1 LOCOK LOCCancel Help Guarantee My Account Careers About Us Security Wish List Partners Contact Us Shipping Transparency ACT MRF Sitemap  2022 POWELLSCOM Terms 1 LOCOK 1 LOCOK LOCCancel 1 LOCOK LOCCancel 1 LOCOK 1 LOCOK LOCCancel 1 LOCOK LOCCancel 1 LOCOK 1 LOCOK LOCCancel 1 LOCOK LOCCancel 1 LOCOK 1 LOCOK LOCCancel 1 LOCOK LOCCancel"}