{"Title": " Curious Kids Nature Guide: Explore the Amazing Outdoors of the Pacific Northwest ", "Author": "Fiona Cohen, Marni Fylling", "Cover Page": "https://powells-covers-2.s3.amazonaws.com/9781632170835.jpg", "ISBN10": "1632170833  \n", "ISBN13": "9781632170835", "Page URL": "https://powells.com/book/curious-kids-nature-guide-9781632170835", "raw_text": "Curious Kids Nature Guide Explore the Amazing Outdoors of the Pacific Northwest Fiona Cohen Marni Fylling Hardcover 9781632170835 Powells Books Cart   my account  wish list  help  8008787323 Hello\n Login MENU Browse New Arrivals Bestsellers Featured Preorders Award Winners Audio Books See All Subjects Used Staff Picks Staff Picks Picks of the Month Bookseller Displays 50 Books for 50 Years 25 Best 21st Century SciFi  Fantasy 25 PNW Books to Read Before You Die 25 Books From the 21st Century 25 Memoirs to Read Before You Die 25 Global Books to Read Before You Die 25 Women to Read Before You Die 25 Books to Read Before You Die Gifts Gift Cards  eGift Cards Powells Souvenirs Journals and Notebooks socks Games Sell Books Blog Events Find A Store Dont Miss BIG SALE 20 off sitewide Picks of the Season What Im Giving Great Gifts Under 25 Best Books of 2022 Powells Author Events Oregon Battle of the Books Audio Books Visit Our Stores Powells Books 14 Gift Ideas From 14 of Our Favorite Authors 0 comment Every year Powells reaches out to some of our favorite authors for some muchneeded giftgiving inspiration Below are 14 writerapproved recommendations to help you find the perfect book for even your mostdifficulttobuyfor loved one Read More  Powells Staff Best Books of 2022 Fiction 1 comment Kelsey Ford 6 Haunting Native American Horror Books 1 comment 1 LOCOK 1 LOCOK LOCCancel 1 LOCOK LOCCancel Curious Kids Nature Guide Explore the Amazing Outdoors of the Pacific Northwest by Fiona Cohen Marni Fylling Comment on this title Synopses  Reviews Read an Original Essay ISBN13 9781632170835 ISBN10 1632170833 All Product Details View Larger Image View Larger Images 1999 New Hardcover Ships in 1 to 3 days Qty Store 11 Burnside 6 Cedar Hills 3 Hawthorne 20 Local Warehouse Synopses  Reviews Publisher Comments Filled with fun facts and 100 fullcolor beautiful and scientifically accurate illustrations this nature guide will inspire kids to go outdoors and discover the natural wonders of the Pacific Northwest Did you know that baby raccoons are smaller than a bar of soap Or that salmon smell using little pits in the front of their eyes Curious Kids Nature Guide is filled with fullcolor illustrations and fun facts about the natural wonders of the Pacific Northwest encouraging kids to discover and explore nature in their own backyards and beyond Organized by habitat  forest beach fresh water and backyards and urban parks  this book will teach kids about some of the most intriguing flora fauna and natural phenomena of the region while also sharing ecological lessons Review Children who love the outdoors will appreciate this new book which introduces our regions flora and fauna with simple easytofollow text and meticulous line drawings The Oregonian Review Older kids who love spouting off animal facts will be all about this beautifully illustrated exploration of Pacific Northwest nature Seattle Met Magazine Review Encourage outdoor exploration and provide a summer teaching moment  without your kids even knowing it Area resident Fiona Cohens descriptions of the flora and fauna are short clear and fun with lots of kidsfriendly facts that will stick in their brains and yours Seattle Times Review A fine primer for children and families ready to explore Cascadias extraordinary habitats Kirkus Reviews Review This beautiful field guide with winsome scientific illustrations encourages kids to get outside and experience nature with all of their senses Booklist About the Author Fiona Cohen is a science writer whose writing has appeared in the Seattle PostIntelligence\u00a0Georgia Straight  Victoria Times Colonist  and Canadian Geographic  She has had a lifelong passion for the natural history of the Pacific Northwest She lives in Seattle and volunteers with Seattle Audubon A science illustrator writer and educator Marni Fylling has a BS in zoology from UC Davis and a graduate certificate in natural science illustration from UC Santa Cruz Her favorite thing to do is explore tide pools  although sketching insects and wildflowers or just about anything else is a close second Fiona Cohen on PowellsBooksBlog Sometimes Ive learned you have to surrender to the sand Read More  What Our Readers Are Saying Be the first to share your thoughts on this title Product Details ISBN 9781632170835 Binding Hardcover Publication date 05022017 Publisher Little Bigfoot Pages 96 Height 50IN Width 720IN Age Range 5 to 9 Grade Range K to 4 Illustration Yes Author Fiona Cohen Illustrator Marni Fylling 1999 New Hardcover Ships in 1 to 3 days Qty Store 11 Burnside 6 Cedar Hills 3 Hawthorne 20 Local Warehouse Receive an email when this ISBN is available used 1 LOCOK 1 LOCOK LOCCancel 1 LOCOK LOCCancel 1 LOCOK 1 LOCOK LOCCancel 1 LOCOK LOCCancel 1 LOCOK 1 LOCOK LOCCancel 1 LOCOK LOCCancel 1 LOCOK 1 LOCOK LOCCancel 1 LOCOK LOCCancel Help Guarantee My Account Careers About Us Security Wish List Partners Contact Us Shipping Transparency ACT MRF Sitemap  2022 POWELLSCOM Terms 1 LOCOK 1 LOCOK LOCCancel 1 LOCOK LOCCancel 1 LOCOK 1 LOCOK LOCCancel 1 LOCOK LOCCancel 1 LOCOK 1 LOCOK LOCCancel 1 LOCOK LOCCancel 1 LOCOK 1 LOCOK LOCCancel 1 LOCOK LOCCancel"}