{"Title": " The Best We Could Do: An Illustrated Memoir ", "Author": "Thi Bui", "Cover Page": "https://powells-covers-2.s3.amazonaws.com/9781419718779.jpg", "ISBN10": "1419718770  \n", "ISBN13": "9781419718779", "Page URL": "https://www.powells.com/book/the-best-we-could-do-9781419718779", "raw_text": "The Best We Could Do An Illustrated Memoir Bui Thi Hardcover 9781419718779 Powells Books Cart   my account  wish list  help  8008787323 Hello\n\n Login MENU Browse New Arrivals Bestsellers Featured Preorders Award Winners Audio Books See All Subjects Used Staff Picks Staff Picks Picks of the Month Bookseller Displays 50 Books for 50 Years 25 Best 21st Century SciFi  Fantasy 25 PNW Books to Read Before You Die 25 Books From the 21st Century 25 Memoirs to Read Before You Die 25 Global Books to Read Before You Die 25 Women to Read Before You Die 25 Books to Read Before You Die Gifts Gift Cards  eGift Cards Powells Souvenirs Journals and Notebooks socks Games Sell Books Blog Events Find A Store Dont Miss BIG SALE 20 off sitewide Picks of the Season What Im Giving Great Gifts Under 25 Best Books of 2022 Powells Author Events Oregon Battle of the Books Audio Books Visit Our Stores Powells Books 14 Gift Ideas From 14 of Our Favorite Authors 0 comment Every year Powells reaches out to some of our favorite authors for some muchneeded giftgiving inspiration Below are 14 writerapproved recommendations to help you find the perfect book for even your mostdifficulttobuyfor loved one Read More  Powells Staff Best Books of 2022 Fiction 1 comment Kelsey Ford 6 Haunting Native American Horror Books 1 comment 1 LOCOK 1 LOCOK LOCCancel 1 LOCOK LOCCancel The Best We Could Do An Illustrated Memoir by Thi Bui Comment on this title Synopses  Reviews ISBN13 9781419718779 ISBN10 1419718770 Condition Standard DustJacket Standard All Product Details View Larger Image View Larger Images 1695 List Price 2899 Used Hardcover Ships in 1 to 3 days Qty Store 1 Cedar Hills From Powellscom 25 Memoirs to Read Before You Die Browse all of the exceptional memoirs that made our list Staff Pick Not only is The Best We Could Do a beautiful story about family it is also a great overview of the history of Vietnam Thi Bui is about to have a child of her own so she sets out to try to understand her parents and their history Their stories of living in a wartorn country are full of struggle and loss and hope as they escape to the United States where they strive to start their lives over I highly recommend this moving memoir Recommended By Jennifer H Powellscom Synopses  Reviews Publisher Comments ABA Indies Introduce Winter  Spring 2017 Selection Barnes  Noble Discover Great New Writers Spring 2017 Selection An intimate and poignant graphic novel portraying one familys journey from wartorn Vietnam from debut author Thi Bui This beautifully illustrated and emotional story is an evocative memoir about the search for a better future and a longing for the past Exploring the anguish of immigration and the lasting effects that displacement has on a child and her family Bui documents the story of her family s daring escape after the fall of South Vietnam in the 1970s and the difficulties they faced building new lives for themselves At the heart of Buis story is a universal struggle While adjusting to life as a firsttime mother she ultimately discovers what it means to be a parent the endless sacrifices the unnoticed gestures and the depths of unspoken love Despite how impossible it seems to take on the simultaneous roles of both parent and child Bui pushes through With haunting poetic writing and breathtaking art she examines the strength of family the importance of identity and the meaning of home In what Pulitzer Prize winning novelist Viet Thanh Nguyen calls a book to break your heart and heal it The Best We Could Do brings to life Thi Buis journey of understanding and provides inspiration to all of those who search for a better future while longing for a simpler past Review  The Best We Could Do lands with the force of a blow and the strength of a mountain Thi Bui offers an alltoorarelyseen Vietnamese perspective on our war there and a view of Vietnamese history that makes this book essential reading for anyone who seeks to go deep into this subject At once intimate and sweeping in its portrayal of human experience The Best We Could Do made me weep Leela Corman author and illustrator of Unterzakhn Review She does not spare her loved ones criticism or linger needlessly on their flaws Likewise she refuses to flatten the twists and turns of their histories into neat linear narratives She embraces the whole of it In this m\u00e9lange of comedy and tragedy family love and brokenness she finds beauty Publishers Weekly Starred Review Review Be prepared to take your heart on an emotional rollercoaster journey with this thoughtprovoking account that completely satisfies as the story comes full circle Highly recommended for teens and adults an excellent choice for book clubs Library Journal online Starred Review Review Thi Buis stark compelling memoir is about an ordinary family but her story delivers the painful truth that most Vietnamese of the 20th century know in an utterly personal fashion  that history is found in the marrow of ones bones ready to be passed on through blood through generations through feelings A book to break your heart and heal it Viet Thanh Nguyen Pulitzer Prize winning novelist About the Author Thi Bui was born in Vietnam and immigrated to the United States as a child She studied art and law and thought about becoming a civil rights lawyer but became a public school teacher instead Bui lives in Berkeley California with her son her husband and her mother The Best We Could Do is her debut graphic novel 45 2 What Our Readers Are Saying Share your thoughts on this title Average customer rating 45 2 comments  njcur  June 19 2017 view all comments by njcur Another graphic novel addressing a challenging issue This is the way I like my graphic novels Simple coloring black white and sepia drawings both simple and complex as the story requires A real exploration of motherhood as well as a personal look at Vietnam I found the Vietnam piece to be complicated and muddled I was quite young during the war and really didnt understand what was going on Reading this history from a personal point of view I see that it was complicated and muddled for everyone The impact on the people of Vietnam harder than anyone should have to endure I felt adrift as I read This is a book that needs discussion There is so much to digest Thank you to Thi Bui for sharing this intimate tale Was this comment helpful  Yes  No 1 of 1 readers found this comment helpful report this\ncomment  Annette Wells  March 25 2017 view all comments by Annette Wells Absolutely brilliant And not YA for those who asked Im stunned by the artistic genius not to mention the raw honesty of this graphic memoir Its a book about forgiveness and compassion for the journey that got us here An immigrant story that will resonate with readers because it speaks a universal truth We are all looking for home This writer offers us all a gift by tracing her history so that we can bear witness to her story as well as our own\nAll the stars Was this comment helpful  Yes  No 1 of 1 readers found this comment helpful report this\ncomment Product Details ISBN 9781419718779 Binding Hardcover Publication date 03072017 Publisher Abrams Comicarts Pages 336 Authorillustrator Thi Bui Media Run Time B 1695 List Price 2899 Used Hardcover Ships in 1 to 3 days Qty Store 1 Cedar Hills More copies of this ISBN New Hardcover 2699 Used Hardcover 1850 1 LOCOK 1 LOCOK LOCCancel 1 LOCOK LOCCancel 1 LOCOK 1 LOCOK LOCCancel 1 LOCOK LOCCancel 1 LOCOK 1 LOCOK LOCCancel 1 LOCOK LOCCancel 1 LOCOK 1 LOCOK LOCCancel 1 LOCOK LOCCancel Help Guarantee My Account Careers About Us Security Wish List Partners Contact Us Shipping Transparency ACT MRF Sitemap  2022 POWELLSCOM Terms 1 LOCOK 1 LOCOK LOCCancel 1 LOCOK LOCCancel 1 LOCOK 1 LOCOK LOCCancel 1 LOCOK LOCCancel 1 LOCOK 1 LOCOK LOCCancel 1 LOCOK LOCCancel 1 LOCOK 1 LOCOK LOCCancel 1 LOCOK LOCCancel"}