{"Title": " Indigenous Continent: The Epic Contest for North America ", "Author": "Pekka H\u00e4m\u00e4l\u00e4inen", "Cover Page": "https://powells-covers-2.s3.amazonaws.com/9781631496998.jpg", "ISBN10": "1631496999  \n", "ISBN13": "9781631496998", "Page URL": "https://powells.com/book/indigenous-continent-9781631496998", "raw_text": "Indigenous Continent The Epic Contest for North America Pekka Hmlinen Hardcover 9781631496998 Powells Books Cart   my account  wish list  help  8008787323 Hello\n Login MENU Browse New Arrivals Bestsellers Featured Preorders Award Winners Audio Books See All Subjects Used Staff Picks Staff Picks Picks of the Month Bookseller Displays 50 Books for 50 Years 25 Best 21st Century SciFi  Fantasy 25 PNW Books to Read Before You Die 25 Books From the 21st Century 25 Memoirs to Read Before You Die 25 Global Books to Read Before You Die 25 Women to Read Before You Die 25 Books to Read Before You Die Gifts Gift Cards  eGift Cards Powells Souvenirs Journals and Notebooks socks Games Sell Books Blog Events Find A Store Dont Miss BIG SALE 20 off sitewide Picks of the Season What Im Giving Great Gifts Under 25 Best Books of 2022 Powells Author Events Oregon Battle of the Books Audio Books Visit Our Stores Powells Books 14 Gift Ideas From 14 of Our Favorite Authors 0 comment Every year Powells reaches out to some of our favorite authors for some muchneeded giftgiving inspiration Below are 14 writerapproved recommendations to help you find the perfect book for even your mostdifficulttobuyfor loved one Read More  Powells Staff Best Books of 2022 Fiction 1 comment Kelsey Ford 6 Haunting Native American Horror Books 1 comment 1 LOCOK 1 LOCOK LOCCancel 1 LOCOK LOCCancel Indigenous Continent The Epic Contest for North America by Pekka H\u00e4m\u00e4l\u00e4inen Comment on this title Synopses  Reviews ISBN13 9781631496998 ISBN10 1631496999 All Product Details View Larger Image View Larger Images 4000 New Hardcover Ships in 1 to 3 days Qty Store 9 Burnside 9 Cedar Hills 13 Hawthorne 20 Local Warehouse From Powellscom Picks of the Season Discover new releases and undertheradar gems for adults and kids Synopses  Reviews Publisher Comments There is an old deeply rooted story about America that goes like this Columbus discovers a strange continent and brings back tales of untold riches The European empires rush over eager to stake out as much of this astonishing New World as possible Though Indigenous peoples fight back they cannot stop the onslaught White imperialists are destined to rule the continent and history is an irreversible march toward Indigenous destruction Yet as with other longaccepted origin stories this one too turns out to be based in myth and distortion In Indigenous Continent  acclaimed historian Pekka H\u00e4m\u00e4l\u00e4inen presents a sweeping counternarrative that shatters the most basic assumptions about American history Shifting our perspective away from Jamestown Plymouth Rock the Revolution and other welltrodden episodes on the conventional timeline he depicts a sovereign world of Native nations whose members far from helpless victims of colonial violence dominated the continent for centuries after the first European arrivals From the Iroquois in the Northeast to the Comanches on the Plains and from the Pueblos in the Southwest to the Cherokees in the Southeast Native nations frequently decimated white newcomers in battle Even as the white population exploded and colonists land greed grew more extravagant Indigenous peoples flourished due to sophisticated diplomacy and leadership structures By 1776 various colonial powers claimed nearly all of the continent but Indigenous peoples still controlled it  as H\u00e4m\u00e4l\u00e4inen points out the maps in modern textbooks that paint much of North America in neat colorcoded blocks confuse outlandish imperial boasts for actual holdings In fact Native power peaked in the late nineteenth century with the Lakota victory in 1876 at Little Big Horn which was not an American blunder but an alltooexpected outcome H\u00e4m\u00e4l\u00e4inen ultimately contends that the very notion of colonial America is misleading and that we should speak instead of an Indigenous America that was only slowly and unevenly becoming colonial The evidence of Indigenous defiance is apparent today in the hundreds of Native nations that still dot the United States and Canada Necessary reading for anyone who cares about Americas past present and future Indigenous Continent restores Native peoples to their rightful place at the very fulcrum of American history Review In Indigenous Continent  Pekka H\u00e4m\u00e4l\u00e4inen continues his pathbreaking work that reenvisions the North American narrative to put Native peoples at center stage Here he pulls back to a centurieslong perspective of Native power strategic maneuvering and spiritual and diplomatic adaptation that every student of our common history will find illuminating  Elliott West author of The Last Indian War and The Contested Plains winner of the Francis Parkman Prize Review In this strikingly original and sweeping account of the epic contest for North America Pekka H\u00e4m\u00e4l\u00e4inen challenges the foundational story of conquest that underpins US history That storyline he argues is based on outlandish imperial claims and unrealized declarations of mastery In fact Native peoples resisted everywhere and at every turn and they continue to do so to this day Persuasive and compelling Indigenous Continent is a muchneeded correction to centuries of colonial aggrandizing  Claudio Saunt author of the National Book Award finalist Unworthy Republic The Dispossession of Native Americans and the Road to Indian Territory Review  Indigenous Continent is a triumph Pekka H\u00e4m\u00e4l\u00e4inen has crafted a grand sweeping narrative premised on a fundamental truth American history is Indigenous history To read this book is to see the past anew  Elizabeth Fenn Pulitzer Prizewinning author of Encounters at the Heart of the World A History of the Mandan People About the Author Pekka H\u00e4m\u00e4l\u00e4inen is Rhodes Professor of American History at Oxford University and the author of The Comanche Empire  winner of the Bancroft Prize and Lakota America A New History of Indigenous Power  He lives in Oxford England What Our Readers Are Saying Be the first to share your thoughts on this title Product Details ISBN 9781631496998 Binding Hardcover Publication date 09202022 Publisher Liveright Publishing Corporation Language English Pages 592 Height 110IN Width 600IN Author Pekka Hamalainen Author Pekka H\u00e4m\u00e4l\u00e4inen 4000 New Hardcover Ships in 1 to 3 days Qty Store 9 Burnside 9 Cedar Hills 13 Hawthorne 20 Local Warehouse Receive an email when this ISBN is available used 1 LOCOK 1 LOCOK LOCCancel 1 LOCOK LOCCancel 1 LOCOK 1 LOCOK LOCCancel 1 LOCOK LOCCancel 1 LOCOK 1 LOCOK LOCCancel 1 LOCOK LOCCancel 1 LOCOK 1 LOCOK LOCCancel 1 LOCOK LOCCancel Help Guarantee My Account Careers About Us Security Wish List Partners Contact Us Shipping Transparency ACT MRF Sitemap  2022 POWELLSCOM Terms 1 LOCOK 1 LOCOK LOCCancel 1 LOCOK LOCCancel 1 LOCOK 1 LOCOK LOCCancel 1 LOCOK LOCCancel 1 LOCOK 1 LOCOK LOCCancel 1 LOCOK LOCCancel 1 LOCOK 1 LOCOK LOCCancel 1 LOCOK LOCCancel"}