{"Title": " Turkish vocabulary for English speakers - 5000 words ", "Author": "Andrey Taranov", "Cover Page": "https://powells-covers-2.s3.amazonaws.com/9781780713021.jpg", "ISBN10": "1780713029  \n", "ISBN13": "9781780713021", "Page URL": "https://powells.com/book/turkish-vocabulary-for-english-speakers-5000-words-9781780713021", "raw_text": "Turkish Vocabulary for English Speakers  5000 Words  Andrey Taranov Trade Paperback 9781780713021 Powells Books Cart   my account  wish list  help  8008787323 Hello\n Login MENU Browse New Arrivals Bestsellers Featured Preorders Award Winners Audio Books See All Subjects Used Staff Picks Staff Picks Picks of the Month Bookseller Displays 50 Books for 50 Years 25 Best 21st Century SciFi  Fantasy 25 PNW Books to Read Before You Die 25 Books From the 21st Century 25 Memoirs to Read Before You Die 25 Global Books to Read Before You Die 25 Women to Read Before You Die 25 Books to Read Before You Die Gifts Gift Cards  eGift Cards Powells Souvenirs Journals and Notebooks socks Games Sell Books Blog Events Find A Store Dont Miss BIG SALE 20 off sitewide Picks of the Season What Im Giving Great Gifts Under 25 Best Books of 2022 Powells Author Events Oregon Battle of the Books Audio Books Visit Our Stores Powells Books 14 Gift Ideas From 14 of Our Favorite Authors 0 comment Every year Powells reaches out to some of our favorite authors for some muchneeded giftgiving inspiration Below are 14 writerapproved recommendations to help you find the perfect book for even your mostdifficulttobuyfor loved one Read More  Powells Staff Best Books of 2022 Fiction 1 comment Kelsey Ford 6 Haunting Native American Horror Books 1 comment 1 LOCOK 1 LOCOK LOCCancel 1 LOCOK LOCCancel Turkish vocabulary for English speakers  5000 words by Andrey Taranov Comment on this title Synopses  Reviews ISBN13 9781780713021 ISBN10 1780713029 All Product Details View Larger Image View Larger Images 1295 List Price 1299 New Trade Paperback Available at a Remote Warehouse Ships separately from other items Additional shipping charges may apply Not available for In Store Pickup More Info Qty Store 20 Remote Warehouse Synopses  Reviews Synopsis 5000WORD ENGLISHTURKISH VOCABULARY The use of this 5000 word Turkish vocabulary will allow you to understand simple texts and will give you much needed confidence in everyday conversation Used in combination with a grammar course it will aid in your ability to correctly compose many phrases When watching Turkish films you will begin to hear and understand more and more words and phrases This guide will assist you in attaining a higher level of Turkish that will finally allow you to say I can speak Turkish  TP Books vocabularies are intended to help you learn memorize and review foreign words The dictionary contains over 5000 commonly used words Recommended as additional support material to any language course Meets the needs of both beginners and advanced learners Convenient for daily use reviewing sessions and selftesting activities Allows you to assess your current vocabulary This book can also be used by foreign learners of English Special features of TP Books bilingual vocabularies Words are arranged according to their meaning not alphabetically Content is presented in three columns to facilitate the reviewing and selftesting processes Each theme is composed of small blocks of similar lexical units The vocabulary offers a convenient and simple transcription for each foreign word This revised edition 022019 contains 155 topics Basic Concepts Numbers Colors Months Seasons Units of Measurement Clothing  Accessories Food  Nutrition Restaurant Family Members Relatives Character Feelings Emotions Diseases City Town Sightseeing Shopping Money House Home Office Working in the Office Import  Export Marketing Job Search Sports Education Computer Internet Tools Nature Countries Nationalities and more  Our Turkish collection includes also vocabularies of 3000 7000 and 9000 words All these titles are available as printed books and ebooks For more information please visit wwwtpbookscom If you have any question suggestion or feedback please contact us email\u00a0protected Turkish dictionary Turkish vocabulary Turkish phrasebook learning Turkish basic Turkish books in Turkish Turkish language What Our Readers Are Saying Be the first to share your thoughts on this title Product Details ISBN 9781780713021 Binding Trade Paperback Publication date 08012012 Publisher Tp Books Language English Pages 160 Height 34IN Width 506IN Series Number 293 Author Andrey Taranov Subject Foreign LanguagesTurkish 1295 List Price 1299 New Trade Paperback Available at a Remote Warehouse Ships separately from other items Additional shipping charges may apply Not available for In Store Pickup More Info Qty Store 20 Remote Warehouse Receive an email when this ISBN is available used 1 LOCOK 1 LOCOK LOCCancel 1 LOCOK LOCCancel 1 LOCOK 1 LOCOK LOCCancel 1 LOCOK LOCCancel 1 LOCOK 1 LOCOK LOCCancel 1 LOCOK LOCCancel 1 LOCOK 1 LOCOK LOCCancel 1 LOCOK LOCCancel Help Guarantee My Account Careers About Us Security Wish List Partners Contact Us Shipping Transparency ACT MRF Sitemap  2022 POWELLSCOM Terms 1 LOCOK 1 LOCOK LOCCancel 1 LOCOK LOCCancel 1 LOCOK 1 LOCOK LOCCancel 1 LOCOK LOCCancel 1 LOCOK 1 LOCOK LOCCancel 1 LOCOK LOCCancel 1 LOCOK 1 LOCOK LOCCancel 1 LOCOK LOCCancel"}