{"Title": " Calculating the Cosmos How Mathematics Unveils the Universe ", "Author": "Ian Stewart", "Cover Page": "https://powells-covers-2.s3.amazonaws.com/9781541617254.jpg", "ISBN10": "1541617258  \n", "ISBN13": "9781541617254", "Page URL": "https://powells.com/book/-9781541617254", "raw_text": "Calculating the Cosmos How Mathematics Unveils the Universe Ian Stewart Trade Paperback 9781541617254 Powells Books Cart   my account  wish list  help  8008787323 Hello\n Login MENU Browse New Arrivals Bestsellers Featured Preorders Award Winners Audio Books See All Subjects Used Staff Picks Staff Picks Picks of the Month Bookseller Displays 50 Books for 50 Years 25 Best 21st Century SciFi  Fantasy 25 PNW Books to Read Before You Die 25 Books From the 21st Century 25 Memoirs to Read Before You Die 25 Global Books to Read Before You Die 25 Women to Read Before You Die 25 Books to Read Before You Die Gifts Gift Cards  eGift Cards Powells Souvenirs Journals and Notebooks socks Games Sell Books Blog Events Find A Store Dont Miss BIG SALE 20 off sitewide Picks of the Season What Im Giving Great Gifts Under 25 Best Books of 2022 Powells Author Events Oregon Battle of the Books Audio Books Visit Our Stores Powells Books 14 Gift Ideas From 14 of Our Favorite Authors 0 comment Every year Powells reaches out to some of our favorite authors for some muchneeded giftgiving inspiration Below are 14 writerapproved recommendations to help you find the perfect book for even your mostdifficulttobuyfor loved one Read More  Powells Staff Best Books of 2022 Fiction 1 comment Kelsey Ford 6 Haunting Native American Horror Books 1 comment 1 LOCOK 1 LOCOK LOCCancel 1 LOCOK LOCCancel Calculating the Cosmos How Mathematics Unveils the Universe by Ian Stewart Comment on this title Synopses  Reviews ISBN13 9781541617254 ISBN10 1541617258 All Product Details View Larger Image View Larger Images 1999 New Trade Paperback Available at a Remote Warehouse Ships separately from other items Additional shipping charges may apply Not available for In Store Pickup More Info Qty Store 20 Remote Warehouse Staff Pick Scientist Ian Stewart takes the complexity of our universe and explains it bit by bit according to how the numbers add up Stewart also humanizes our history of calculations explaining how we came to better understand the universe through detailing our insights mistakes recalculations and lucky guesses This book is for anyone who is fascinated by looking at the stars and wants to better understand their  and our  place in the cosmos Recommended By Bill L Powellscom Synopses  Reviews Synopsis A prizewinning popular science writer uses mathematical modeling to explain the cosmos In Calculating the Cosmos  Ian Stewart presents an exhilarating guide to the cosmos from our solar system to the entire universe He describes the architecture of space and time dark matter and dark energy how galaxies form why start implode how everything began and how its all going to end He considers parallel universes the finetuning of the cosmos for life what forms extraterrestrial life might take and the likelihood of life on Earth being snuffed out by an asteroid Beginning with the Babylonian integration of mathematics into the study of astronomy and cosmology Stewart traces the evolution of our understanding of the cosmos How Keplers laws of planetary motion led Newton to formulate his theory of gravity How two centuries later tiny irregularities in the motion of Mars inspired Einstein to devise his general theory of relativity How eighty years ago the discovery that the universe is expanding led to the development of the Big Bang theory of its origins How singlepoint origin and expansion led cosmologists to theorize new components of the universe such as inflation dark matter and dark energy But does inflation explain the structure of todays universe Does dark matter actually exist Could a scientific revolution that will challenge the longheld scientific orthodoxy and once again transform our understanding of the universe be on the way In an exciting and engaging style Calculating the Cosmos is a mathematical quest through the intricate realms of astronomy and cosmology What Our Readers Are Saying Be the first to share your thoughts on this title Product Details ISBN 9781541617254 Binding Trade Paperback Publication date 05152018 Publisher BASIC BOOKS Pages 352 Height 100IN Width 550IN Illustration Yes Author Ian Stewart 1999 New Trade Paperback Available at a Remote Warehouse Ships separately from other items Additional shipping charges may apply Not available for In Store Pickup More Info Qty Store 20 Remote Warehouse Receive an email when this ISBN is available used 1 LOCOK 1 LOCOK LOCCancel 1 LOCOK LOCCancel 1 LOCOK 1 LOCOK LOCCancel 1 LOCOK LOCCancel 1 LOCOK 1 LOCOK LOCCancel 1 LOCOK LOCCancel 1 LOCOK 1 LOCOK LOCCancel 1 LOCOK LOCCancel Help Guarantee My Account Careers About Us Security Wish List Partners Contact Us Shipping Transparency ACT MRF Sitemap  2022 POWELLSCOM Terms 1 LOCOK 1 LOCOK LOCCancel 1 LOCOK LOCCancel 1 LOCOK 1 LOCOK LOCCancel 1 LOCOK LOCCancel 1 LOCOK 1 LOCOK LOCCancel 1 LOCOK LOCCancel 1 LOCOK 1 LOCOK LOCCancel 1 LOCOK LOCCancel"}