{"Title": " Gentrification Is Inevitable and Other Lies ", "Author": "Leslie Kern", "Cover Page": "https://powells-covers-2.s3.amazonaws.com/9781839767548.jpg", "ISBN10": "1839767545  \n", "ISBN13": "9781839767548", "Page URL": "https://www.powells.com/book/gentrification-is-inevitable-other-lies-9781839767548#SR", "raw_text": "Gentrification is Inevitable  Other Lies Leslie Kern Hardcover 9781839767548 Powells Books Cart   my account  wish list  help  8008787323 Hello\n Login MENU Browse New Arrivals Bestsellers Featured Preorders Award Winners Audio Books See All Subjects Used Staff Picks Staff Picks Picks of the Month Bookseller Displays 50 Books for 50 Years 25 Best 21st Century SciFi  Fantasy 25 PNW Books to Read Before You Die 25 Books From the 21st Century 25 Memoirs to Read Before You Die 25 Global Books to Read Before You Die 25 Women to Read Before You Die 25 Books to Read Before You Die Gifts Gift Cards  eGift Cards Powells Souvenirs Journals and Notebooks socks Games Sell Books Blog Events Find A Store Dont Miss BIG SALE 20 off sitewide Picks of the Season What Im Giving Great Gifts Under 25 Best Books of 2022 Powells Author Events Oregon Battle of the Books Audio Books Visit Our Stores Powells Books 14 Gift Ideas From 14 of Our Favorite Authors 0 comment Every year Powells reaches out to some of our favorite authors for some muchneeded giftgiving inspiration Below are 14 writerapproved recommendations to help you find the perfect book for even your mostdifficulttobuyfor loved one Read More  Powells Staff Best Books of 2022 Fiction 1 comment Kelsey Ford 6 Haunting Native American Horror Books 1 comment 1 LOCOK 1 LOCOK LOCCancel 1 LOCOK LOCCancel Gentrification Is Inevitable and Other Lies by Leslie Kern Comment on this title Synopses  Reviews ISBN13 9781839767548 ISBN10 1839767545 All Product Details View Larger Image View Larger Images 2495 New Hardcover Ships in 1 to 3 days Qty Store 2 Burnside 13 Local Warehouse Synopses  Reviews Synopsis How Gentrification is killing our cities and what we can do about it What does gentrification look like Can we even agree that it is a process that replaces one community with another It is a question of class Or of economic opportunity Who does it affect the most Is there any way to combat it Leslie Kern author of the best selling Feminist City  travels from Toronto New York London Paris and San Francisco and scrutinises the myth and lies that surround this most urgent urban crisis of our times First observed in 1950s London and theorised by leading thinkers such as Ruth Glass Jane Jacobs and Sharon Zukin this devastating process of displacement now can be found in every city and most neighbourhoods Beyond the Yoga studio farmers market and tattoo parlour gentrification is more than a metaphor but impacts the most vulnerable communities Kern proposes an intersectional way at looking at the crisis that seek to reveal the violence based on class race gender and sexuality She argues that gentrification is not natural That it can not be understood in economics terms or by class That it is not a question of taste That it can only be measured only by the physical displacement of certain people Rather she argues it is an continuation of the setter colonial project that removed natives from their land And it can be seen today is rising rents and evictions transformed retail areas increased policing and broken communities But if gentrification is not inevitable what can we do to stop the tide In response Kern proposes a genuinely decolonial feminist queer antigentrification One that demands the right to the city for everyone and the return of land and reparations for those who have been displaced What Our Readers Are Saying Be the first to share your thoughts on this title Product Details ISBN 9781839767548 Binding Hardcover Publication date 09062022 Publisher Verso Language English Pages 256 Height 110IN Width 550IN Author Leslie Kern 2495 New Hardcover Ships in 1 to 3 days Qty Store 2 Burnside 13 Local Warehouse Receive an email when this ISBN is available used 1 LOCOK 1 LOCOK LOCCancel 1 LOCOK LOCCancel 1 LOCOK 1 LOCOK LOCCancel 1 LOCOK LOCCancel 1 LOCOK 1 LOCOK LOCCancel 1 LOCOK LOCCancel 1 LOCOK 1 LOCOK LOCCancel 1 LOCOK LOCCancel Help Guarantee My Account Careers About Us Security Wish List Partners Contact Us Shipping Transparency ACT MRF Sitemap  2022 POWELLSCOM Terms 1 LOCOK 1 LOCOK LOCCancel 1 LOCOK LOCCancel 1 LOCOK 1 LOCOK LOCCancel 1 LOCOK LOCCancel 1 LOCOK 1 LOCOK LOCCancel 1 LOCOK LOCCancel 1 LOCOK 1 LOCOK LOCCancel 1 LOCOK LOCCancel"}