{"Title": " Art of Horror Movies An Illustrated History ", "Author": "Stephen Jones", "Cover Page": "https://powells-covers-2.s3.amazonaws.com/9781495064845.jpg", "ISBN10": "1495064840  \n", "ISBN13": "9781495064845", "Page URL": "https://powells.com/book/art-of-horror-movies-an-illustrated-history-9781495064845", "raw_text": "The Art of Horror Movies An Illustrated History Stephen Jones Hardcover 9781495064845 Powells Books Cart   my account  wish list  help  8008787323 Hello\n Login MENU Browse New Arrivals Bestsellers Featured Preorders Award Winners Audio Books See All Subjects Used Staff Picks Staff Picks Picks of the Month Bookseller Displays 50 Books for 50 Years 25 Best 21st Century SciFi  Fantasy 25 PNW Books to Read Before You Die 25 Books From the 21st Century 25 Memoirs to Read Before You Die 25 Global Books to Read Before You Die 25 Women to Read Before You Die 25 Books to Read Before You Die Gifts Gift Cards  eGift Cards Powells Souvenirs Journals and Notebooks socks Games Sell Books Blog Events Find A Store Dont Miss BIG SALE 20 off sitewide Picks of the Season What Im Giving Great Gifts Under 25 Best Books of 2022 Powells Author Events Oregon Battle of the Books Audio Books Visit Our Stores Powells Books 14 Gift Ideas From 14 of Our Favorite Authors 0 comment Every year Powells reaches out to some of our favorite authors for some muchneeded giftgiving inspiration Below are 14 writerapproved recommendations to help you find the perfect book for even your mostdifficulttobuyfor loved one Read More  Powells Staff Best Books of 2022 Fiction 1 comment Kelsey Ford 6 Haunting Native American Horror Books 1 comment 1 LOCOK 1 LOCOK LOCCancel 1 LOCOK LOCCancel Art of Horror Movies An Illustrated History by Stephen Jones Comment on this title Synopses  Reviews ISBN13 9781495064845 ISBN10 1495064840 All Product Details View Larger Image View Larger Images 4000 New Hardcover Ships in 1 to 3 days Qty Store 1 Burnside Synopses  Reviews Synopsis This magnificent companion to The Art of Horror from the same creative team behind that awardwinning illustrated volume looks at the entire history of the horror film from the silent era right up to the latest releases and trends Through a series of informative chapters and fascinating sidebars chronologically charting the evolution of horror movies for more than a century profusely illustrated throughout with over 600 rare and unique images including posters lobby cards advertising promotional items tiein books and magazines and original artwork inspired by classic movies this handsomely designed hardcover traces the development of the horror film from its inception and celebrates the actors filmmakers and artists who were responsible for scaring the pants off successive generations of moviegoers Edited by multiple awardwinning writer and editor Stephen Jones and boasting a foreword by director and screenwriter John Landis  An American Werewolf in London  this volume brings together fascinating and incisive commentary from some of the genres most highly respected experts With eyepopping images from all over the world The Art of Horror Movies is the definitive guide for anyone who loves horror films and movie fans of all ages What Our Readers Are Saying Be the first to share your thoughts on this title Product Details ISBN 9781495064845 Binding Hardcover Publication date 09012017 Publisher APPLAUSE THEATRE AND CINEMA BOOKS Series info Applause Books Pages 256 Height 100IN Width 990IN Illustration Yes Author Stephen Jones 4000 New Hardcover Ships in 1 to 3 days Qty Store 1 Burnside Receive an email when this ISBN is available used 1 LOCOK 1 LOCOK LOCCancel 1 LOCOK LOCCancel 1 LOCOK 1 LOCOK LOCCancel 1 LOCOK LOCCancel 1 LOCOK 1 LOCOK LOCCancel 1 LOCOK LOCCancel 1 LOCOK 1 LOCOK LOCCancel 1 LOCOK LOCCancel Help Guarantee My Account Careers About Us Security Wish List Partners Contact Us Shipping Transparency ACT MRF Sitemap  2022 POWELLSCOM Terms 1 LOCOK 1 LOCOK LOCCancel 1 LOCOK LOCCancel 1 LOCOK 1 LOCOK LOCCancel 1 LOCOK LOCCancel 1 LOCOK 1 LOCOK LOCCancel 1 LOCOK LOCCancel 1 LOCOK 1 LOCOK LOCCancel 1 LOCOK LOCCancel"}