{"Title": " Niederl?ndischer Wortschatz f?r das Selbststudium - 7000 W?rter ", "Author": "Andrey Taranov", "Cover Page": "https://powells-covers-2.s3.amazonaws.com/9781783148837.jpg", "ISBN10": "1783148837  \n", "ISBN13": "9781783148837", "Page URL": "https://powells.com/book/niederlndischer-wortschatz-fr-das-selbststudium-7000-wrter-9781783148837", "raw_text": "Niederlandischer Wortschatz Fur Das Selbststudium  7000 Worter  Andrey Taranov Trade Paperback 9781783148837 Powells Books Cart   my account  wish list  help  8008787323 Hello\n Login MENU Browse New Arrivals Bestsellers Featured Preorders Award Winners Audio Books See All Subjects Used Staff Picks Staff Picks Picks of the Month Bookseller Displays 50 Books for 50 Years 25 Best 21st Century SciFi  Fantasy 25 PNW Books to Read Before You Die 25 Books From the 21st Century 25 Memoirs to Read Before You Die 25 Global Books to Read Before You Die 25 Women to Read Before You Die 25 Books to Read Before You Die Gifts Gift Cards  eGift Cards Powells Souvenirs Journals and Notebooks socks Games Sell Books Blog Events Find A Store Dont Miss BIG SALE 20 off sitewide Picks of the Season What Im Giving Great Gifts Under 25 Best Books of 2022 Powells Author Events Oregon Battle of the Books Audio Books Visit Our Stores Powells Books 14 Gift Ideas From 14 of Our Favorite Authors 0 comment Every year Powells reaches out to some of our favorite authors for some muchneeded giftgiving inspiration Below are 14 writerapproved recommendations to help you find the perfect book for even your mostdifficulttobuyfor loved one Read More  Powells Staff Best Books of 2022 Fiction 1 comment Kelsey Ford 6 Haunting Native American Horror Books 1 comment 1 LOCOK 1 LOCOK LOCCancel 1 LOCOK LOCCancel Niederlndischer Wortschatz fr das Selbststudium  7000 Wrter by Andrey Taranov Comment on this title Synopses  Reviews ISBN13 9781783148837 ISBN10 1783148837 All Product Details View Larger Image View Larger Images 1595 List Price 1599 New Trade Paperback Available at a Remote Warehouse Ships separately from other items Additional shipping charges may apply Not available for In Store Pickup More Info Qty Store 20 Remote Warehouse Synopses  Reviews Synopsis Die Vokabelbucher von TP Books sind dafur vorgesehen Ihnen beim Lernen einer Fremdsprache zu helfen Worter zu memorisieren und zu wiederholen Der Wortschatz enthalt uber 7000 haufig gebrauchte thematisch geordnete Worter Besondere Merkmale des Wortschatzes Worter sind entsprechend ihrer Bedeutung und nicht alphabetisch organisiert Worter werden in drei Spalten prasentiert um das Wiederholen und den Selbstuberprufungsprozess zu erleichtern Wortgruppen werden in kleinere Einheiten aufgespalten um den Lernprozess zu fordern Der Wortschatz bietet eine praktische und einfache Transkription jedes Wortes der Fremdsprache Der Wortschatz hat 198 Themen einschlielich Grundbegriffe Zahlen Farben Monate Jahreszeiten Maeinheiten Kleidung und Accessoires Essen und Ernahrung Restaurants Familienangehorige Verwandte Charaktereigenschaften Empfindungen Gefuhle Krankheiten Grostadt Kleinstadt Sehenswurdigkeiten Einkaufen Geld Haus Zuhause Buro Import  Export Marketing Arbeitssuche Sport Ausbildung Computer Internet Werkzeug Natur Lander Nationalitaten und vieles mehr  Dieser TP Books Wortschatz Empfohlen als Erganzung fur jeden Sprachkurs Erfullt die Bedurfnisse von Anfangern und fortgeschrittenen Lernenden von Fremdsprachen Praktisch fur den taglichen Gebrauch mit Wiederholungen und Aktivitaten um sich selbst zu testen Uberarbeitete Auflage 062017 What Our Readers Are Saying Be the first to share your thoughts on this title Product Details ISBN 9781783148837 Binding Trade Paperback Publication date 08222013 Publisher Tp Books Language German Pages 186 Height 40IN Width 550IN Series Number 196 Author Andrey Taranov 1595 List Price 1599 New Trade Paperback Available at a Remote Warehouse Ships separately from other items Additional shipping charges may apply Not available for In Store Pickup More Info Qty Store 20 Remote Warehouse Receive an email when this ISBN is available used 1 LOCOK 1 LOCOK LOCCancel 1 LOCOK LOCCancel 1 LOCOK 1 LOCOK LOCCancel 1 LOCOK LOCCancel 1 LOCOK 1 LOCOK LOCCancel 1 LOCOK LOCCancel 1 LOCOK 1 LOCOK LOCCancel 1 LOCOK LOCCancel Help Guarantee My Account Careers About Us Security Wish List Partners Contact Us Shipping Transparency ACT MRF Sitemap  2022 POWELLSCOM Terms 1 LOCOK 1 LOCOK LOCCancel 1 LOCOK LOCCancel 1 LOCOK 1 LOCOK LOCCancel 1 LOCOK LOCCancel 1 LOCOK 1 LOCOK LOCCancel 1 LOCOK LOCCancel 1 LOCOK 1 LOCOK LOCCancel 1 LOCOK LOCCancel"}