{"Title": " Mycelium Running How Mushrooms Can Help Save the World ", "Author": "Paul Stamets", "Cover Page": "https://covers.powells.com/9781580085793.jpg", "ISBN10": "1580085792  \n", "ISBN13": "9781580085793", "Page URL": "https://powells.com/book/mycelium-running-how-mushrooms-can-help-save-the-world-9781580085793", "raw_text": "Mycelium Running How Mushrooms Can Help Save the World Paul Stamets Trade Paperback 9781580085793 Powells Books Cart   my account  wish list  help  8008787323 Hello\n Login MENU Browse New Arrivals Bestsellers Featured Preorders Award Winners Audio Books See All Subjects Used Staff Picks Staff Picks Picks of the Month Bookseller Displays 50 Books for 50 Years 25 Best 21st Century SciFi  Fantasy 25 PNW Books to Read Before You Die 25 Books From the 21st Century 25 Memoirs to Read Before You Die 25 Global Books to Read Before You Die 25 Women to Read Before You Die 25 Books to Read Before You Die Gifts Gift Cards  eGift Cards Powells Souvenirs Journals and Notebooks socks Games Sell Books Blog Events Find A Store Dont Miss BIG SALE 20 off sitewide Picks of the Season What Im Giving Great Gifts Under 25 Best Books of 2022 Powells Author Events Oregon Battle of the Books Audio Books Visit Our Stores Powells Books 14 Gift Ideas From 14 of Our Favorite Authors 0 comment Every year Powells reaches out to some of our favorite authors for some muchneeded giftgiving inspiration Below are 14 writerapproved recommendations to help you find the perfect book for even your mostdifficulttobuyfor loved one Read More  Powells Staff Best Books of 2022 Fiction 1 comment Kelsey Ford 6 Haunting Native American Horror Books 1 comment 1 LOCOK 1 LOCOK LOCCancel 1 LOCOK LOCCancel Mycelium Running How Mushrooms Can Help Save the World by Paul Stamets Comment on this title Synopses  Reviews Read an Excerpt ISBN13 9781580085793 ISBN10 1580085792 All Product Details View Larger Image View Larger Images 3500 New Trade Paperback Ships in 1 to 3 days Qty Store 15 Burnside 3 Cedar Hills 2 Hawthorne 20 Local Warehouse Synopses  Reviews Publisher Comments Mycelium Running is a manual for the mycological rescue of the planet Thats right growing more mushrooms may be the best thing we can do to save the environment and in this groundbreaking text from mushroom expert Paul Stamets youll find out how The basic science goes like this Microscopic cells called mycelium  the fruit of which are mushrooms  recycle carbon nitrogen and other essential elements as they break down plant and animal debris in the creation of rich new soil What Stamets has discovered is that we can capitalize on myceliums digestive power and target it to decompose toxic wastes and pollutants mycoremediation catch and reduce silt from streambeds and pathogens from agricultural watersheds mycofiltration control insect populations mycopesticides and generally enhance the health of our forests and gardens mycoforestry and mycogardening In this comprehensive guide youll find chapters detailing each of these four exciting branches of what Stamets has coined mycorestoration as well as chapters on the medicinal and nutritional properties of mushrooms inoculation methods log and stump culture and species selection for various environmental purposes Heavily referenced and beautifully illustrated this book is destined to be a classic reference for bemushroomed generations to come Review This visionary and practical book should be an instant classic in the emerging science of how to use natures wisdom and fecundity to rescue the earth and ourselves from the unwelcome consequences of human cleverness  Amory B Lovins chief executive officer of Rocky Mountain Institute Review In his respectful and casual way Paul brings depth and clarity to the complexity of fungi and its place in the natural order all the while engaging us in fungi knowledge for healing our planet  Guujaaw president of the Haida Council Haida Nation Review This is the kind of book I love highly factual and practical and mixed with the spiritual content that sets the great writers apart from all the rest  John Norris former deputy commissioner of the Food and Drug Administration and founder of the Bioterrorism Institute Review Stamets is a visionary emissary from the fungus kingdom to our world and the message hes brought back in this book about the possibilities fungi hold for healing the environment will fill you with wonder and hope  Michael Pollan author of The Botany of Desire About the Author Paul Stamets founder of Fungi Perfecti wwwfungicom has been a dedicated mycologist for more than thirty years He is the 1998 recipient of the Collective Heritage Institutes Bioneers Award and the 1999 recipient of the Founder of a New Northwest Award from the Pacific Rim Association of Resource Conservation and Development Councils Stamets has written five books on mushroom cultivation use and identification and numerous articles and scholarly papers on medicinal culinary and psychoactive mushrooms His books Growing Gourmet and Medicinal Mushrooms and The Mushroom Cultivator coauthor have long been hailed as the definitive texts on mushroom cultivation Table of Contents Contents Foreword      viii Preface      x Acknowledgments      xi PART I\u00a0 THE MYCELIAL MIND      1 1\u00a0\u00a0 Mycelium as Natures Internet      2 2\u00a0\u00a0 The Mushroom Life Cycle      12 3\u00a0\u00a0 Mushrooms in Their Natural Habitats      19 4\u00a0\u00a0 The Medicinal Mushroom Forest      35 PART II\u00a0 MYCORESTORATION      55 5\u00a0\u00a0\u00a0 Mycofiltration      58 6\u00a0\u00a0\u00a0 Mycoforestry      69 7\u00a0\u00a0\u00a0 Mycoremediation      86 8\u00a0\u00a0\u00a0 Mycopesticides      114 PART III\u00a0 GROWING MYCELIA AND MUSHROOMS      125 9\u00a0\u00a0\u00a0 Inoculation Methods Spores Spawn and Stem Butts      126 10\u00a0\u00a0\u00a0 Cultivating Mushrooms on Straw and Leached Cow Manure      161 11\u00a0\u00a0\u00a0 Cultivating Mushrooms on Logs and Stumps      172 12\u00a0\u00a0 Gardening with Gourmet and Medicinal Mushrooms      187 13\u00a0\u00a0\u00a0 Nutritional Properties of Mushrooms      201 14\u00a0\u00a0\u00a0 Magnificent Mushrooms The Cast of Species      210 Glossary      305 Resources      309 Bibliography      311 Photography and Artwork Credits      329 Index      330 3 5 What Our Readers Are Saying Share your thoughts on this title Average customer rating 3 5 comments  Olive  October 19 2019 This book was eye opening to just how important mushrooms are to life on Earth to the interconnection of plants to the world healing itself and to gardening Im so glad I got the chance to read it Was this comment helpful  Yes  No report this\ncomment  bdebasitis  January 11 2011 We need to start finding ways to help nature heal itself and us This book is a great introduction on how fungi can do just that Was this comment helpful  Yes  No 3 of 39 readers found this comment helpful report this\ncomment  Sher June  January 01 2010 When research biologist Paul Stamets suggests that fungi can help save the world he is absolutely serious In fact he contends they can rescue it in several different ways First there are medicines derived from fungi probably more than we can imagine There are fungi for insect pest control Fungi can absorb and digest toxins from their environmentstoxics as diverse as heavy metals PCBs oil spills and radioactivity Fungal partnerships can revolutionize our farming methods And we can heal the ecosystems of damaged forest lands by introducing selected fungal species into those environments Paul Stamets is one of the ecological visionaries of our time He is revolutionizing the ways we look at fungi Was this comment helpful  Yes  No 10 of 12 readers found this comment helpful report this\ncomment  Valerie Lynne  September 14 2008 I am hoping to read it soon Was this comment helpful  Yes  No 5 of 23 readers found this comment helpful report this\ncomment  tdelangre  August 08 2008 Wow I am ready to joinup in the race to save the world Already fascinated by the incredible variety of mushrooms I have encountered and being an edible mushroom hunter Paul Stamets has amazed me with newfound knowledge of the power and importance of this ubiquitous lifeform I believe he has the answer Was this comment helpful  Yes  No 3 of 17 readers found this comment helpful report this\ncomment View all 5 comments Product Details ISBN 9781580085793 Binding Trade Paperback Publication date 10012005 Publisher PENGUIN RANDOM HOUSE Pages 356 Height 90IN Width 750IN Thickness 100 Number of Units 1 Illustration Yes Copyright Year 2005 UPC Code 2801580085795 Author Paul Stamets Subject Fungi  Ecology Subject Mushroom culture Subject GardeningOrganic Gardening 3500 New Trade Paperback Ships in 1 to 3 days Qty Store 15 Burnside 3 Cedar Hills 2 Hawthorne 20 Local Warehouse Receive an email when this ISBN is available used 1 LOCOK 1 LOCOK LOCCancel 1 LOCOK LOCCancel 1 LOCOK 1 LOCOK LOCCancel 1 LOCOK LOCCancel 1 LOCOK 1 LOCOK LOCCancel 1 LOCOK LOCCancel 1 LOCOK 1 LOCOK LOCCancel 1 LOCOK LOCCancel Help Guarantee My Account Careers About Us Security Wish List Partners Contact Us Shipping Transparency ACT MRF Sitemap  2022 POWELLSCOM Terms 1 LOCOK 1 LOCOK LOCCancel 1 LOCOK LOCCancel 1 LOCOK 1 LOCOK LOCCancel 1 LOCOK LOCCancel 1 LOCOK 1 LOCOK LOCCancel 1 LOCOK LOCCancel 1 LOCOK 1 LOCOK LOCCancel 1 LOCOK LOCCancel"}