{"Title": " Worn A Peoples History of Clothing ", "Author": "Sofi Thanhauser", "Cover Page": "https://powells-covers-2.s3.amazonaws.com/9781524748395.jpg", "ISBN10": "1524748390  \n", "ISBN13": "9781524748395", "Page URL": "https://powells.com/book/worn-a-peoples-history-of-clothing-9781524748395", "raw_text": "Unraveled A History of Our Garments and Where They Come from Sofi Thanhauser Hardcover 9781524748395 Powells Books Cart   my account  wish list  help  8008787323 Hello\n Login MENU Browse New Arrivals Bestsellers Featured Preorders Award Winners Audio Books See All Subjects Used Staff Picks Staff Picks Picks of the Month Bookseller Displays 50 Books for 50 Years 25 Best 21st Century SciFi  Fantasy 25 PNW Books to Read Before You Die 25 Books From the 21st Century 25 Memoirs to Read Before You Die 25 Global Books to Read Before You Die 25 Women to Read Before You Die 25 Books to Read Before You Die Gifts Gift Cards  eGift Cards Powells Souvenirs Journals and Notebooks socks Games Sell Books Blog Events Find A Store Dont Miss BIG SALE 20 off sitewide Picks of the Season What Im Giving Great Gifts Under 25 Best Books of 2022 Powells Author Events Oregon Battle of the Books Audio Books Visit Our Stores Powells Books 14 Gift Ideas From 14 of Our Favorite Authors 0 comment Every year Powells reaches out to some of our favorite authors for some muchneeded giftgiving inspiration Below are 14 writerapproved recommendations to help you find the perfect book for even your mostdifficulttobuyfor loved one Read More  Powells Staff Best Books of 2022 Fiction 1 comment Kelsey Ford 6 Haunting Native American Horror Books 1 comment 1 LOCOK 1 LOCOK LOCCancel 1 LOCOK LOCCancel Worn A Peoples History of Clothing by Sofi Thanhauser Comment on this title Synopses  Reviews ISBN13 9781524748395 ISBN10 1524748390 All Product Details View Larger Image View Larger Images 3000 New Hardcover Ships in 1 to 3 days Qty Store 9 Burnside 2 Cedar Hills 6 Hawthorne 10 Local Warehouse Synopses  Reviews Synopsis A sweeping and captivatingly told history of clothing and the stuff its made ofan unparalleled deepdive into how weve made what we wear and how our garments have transformed our societies our planet and our lives In this ambitious panoramic social history Sofi Thanhauser brilliantly tells five storiesLinen Cotton Silk Synthetics Woolabout the clothes we wear and where they come from illuminating our world in unexpected ways She takes us from the opulent court of Louis Quatorze to the labor camps in modernday Chineseoccupied Xinjiang We see how textiles were once dyed from lichen shells bark saffron and beetles displaying distinctive regional weaves and knits and how the modern Western garment industry has refashioned our attire into the homogenous and disposable uniforms popularized by fast fashion brands Thanhauser makes clear how the clothing industry has become one of the planets worst polluters composed of chronically underpaid and exploited laborers But she also shows us how microcommunities and companies of textile and clothing makers in every corner of the world are rediscovering ancestral and ethical methods for making what we wear Drawn from years of intensive research and reporting from around the world and brimming with fascinating anecdotal material Unraveled reveals to us that our clothing comes not just from the countries listed on the tags or readymade from our factoriesit comes as well from deep in our histories Synopsis A sweeping and captivatingly told history of clothing and the stuff it is made ofan unparalleled deepdive into how everyday garments have transformed our lives our societies and our planet In this panoramic social history Sofi Thanhauser brilliantly tells five storiesLinen Cotton Silk Synthetics Woolabout the clothes we wear and where they come from illuminating our world in unexpected ways She takes us from the opulent court of Louis Quatorze to the labor camps in modernday Chineseoccupied Xinjiang We see how textiles were once dyed with lichen shells bark saffron and beetles displaying distinctive regional weaves and knits and how the modern Western garment industry has refashioned our attire into the homogenous and disposable uniforms popularized by fast fashion brands Thanhauser makes clear how the clothing industry has become one of the planets worst polluters composed of chronically underpaid and exploited laborers But she also shows us how microcommunities and companies of textile and clothing makers in every corner of the world are rediscovering ancestral and ethical methods for making what we wear Drawn from years of intensive research and reporting from around the world and brimming with fascinating stories Worn reveals to us that our clothing comes not just from the countries listed on the tags or readymade from our factories It comes as well from deep in our histories What Our Readers Are Saying Be the first to share your thoughts on this title Product Details ISBN 9781524748395 Binding Hardcover Publication date 01252022 Publisher PANTHEON BOOKS Pages 400 Height 170IN Width 610IN Author Sofi Thanhauser 3000 New Hardcover Ships in 1 to 3 days Qty Store 9 Burnside 2 Cedar Hills 6 Hawthorne 10 Local Warehouse Receive an email when this ISBN is available used This title in other editions New Trade Paperback 1800 1 LOCOK 1 LOCOK LOCCancel 1 LOCOK LOCCancel 1 LOCOK 1 LOCOK LOCCancel 1 LOCOK LOCCancel 1 LOCOK 1 LOCOK LOCCancel 1 LOCOK LOCCancel 1 LOCOK 1 LOCOK LOCCancel 1 LOCOK LOCCancel Help Guarantee My Account Careers About Us Security Wish List Partners Contact Us Shipping Transparency ACT MRF Sitemap  2022 POWELLSCOM Terms 1 LOCOK 1 LOCOK LOCCancel 1 LOCOK LOCCancel 1 LOCOK 1 LOCOK LOCCancel 1 LOCOK LOCCancel 1 LOCOK 1 LOCOK LOCCancel 1 LOCOK LOCCancel 1 LOCOK 1 LOCOK LOCCancel 1 LOCOK LOCCancel"}