{"Title": " This Is How They Tell Me the World Ends: The Cyberweapons Arms Race ", "Author": "Nicole Perlroth", "Cover Page": "https://powells-covers-2.s3.amazonaws.com/9781635576054.jpg", "ISBN10": "1635576059  \n", "ISBN13": "9781635576054", "Page URL": "https://powells.com/book/this-is-how-they-tell-me-the-world-ends-9781635576054", "raw_text": "This Is How They Tell Me the World Ends The Cyber Weapons Arms Race Nicole Perlroth Hardcover 9781635576054 Powells Books Cart   my account  wish list  help  8008787323 Hello\n Login MENU Browse New Arrivals Bestsellers Featured Preorders Award Winners Audio Books See All Subjects Used Staff Picks Staff Picks Picks of the Month Bookseller Displays 50 Books for 50 Years 25 Best 21st Century SciFi  Fantasy 25 PNW Books to Read Before You Die 25 Books From the 21st Century 25 Memoirs to Read Before You Die 25 Global Books to Read Before You Die 25 Women to Read Before You Die 25 Books to Read Before You Die Gifts Gift Cards  eGift Cards Powells Souvenirs Journals and Notebooks socks Games Sell Books Blog Events Find A Store Dont Miss BIG SALE 20 off sitewide Picks of the Season What Im Giving Great Gifts Under 25 Best Books of 2022 Powells Author Events Oregon Battle of the Books Audio Books Visit Our Stores Powells Books 14 Gift Ideas From 14 of Our Favorite Authors 0 comment Every year Powells reaches out to some of our favorite authors for some muchneeded giftgiving inspiration Below are 14 writerapproved recommendations to help you find the perfect book for even your mostdifficulttobuyfor loved one Read More  Powells Staff Best Books of 2022 Fiction 1 comment Kelsey Ford 6 Haunting Native American Horror Books 1 comment 1 LOCOK 1 LOCOK LOCCancel 1 LOCOK LOCCancel This Is How They Tell Me the World Ends The Cyberweapons Arms Race by Nicole Perlroth Comment on this title Synopses  Reviews View Video ISBN13 9781635576054 ISBN10 1635576059 Condition Like New All Product Details View Larger Image View Larger Images 1298 List Price 3000 Used Hardcover Ships in 1 to 3 days Qty Store 2 Burnside 2 Cedar Hills Synopses  Reviews Publisher Comments From The New York Times cybersecurity reporter Nicole Perlroth the untold story of the cyberweapons market  the most secretive invisible governmentbacked market on earth  and a terrifying first look at a new kind of global warfare Zero day a software bug that allows a hacker to break into your devices and move around undetected One of the most coveted tools in a spys arsenal a zero day has the power to silently spy on your iPhone dismantle the safety controls at a chemical plant alter an election and shut down the electric grid just ask Ukraine For decades under cover of classification levels and nondisclosure agreements the United States government became the worlds dominant hoarder of zero days US government agents paid top dollar  first thousands and later millions of dollars  to hackers willing to sell their lockpicking code and their silence Then the United States lost control of its hoard and the market Now those zero days are in the hands of hostile nations and mercenaries who do not care if your vote goes missing your clean water is contaminated or our nuclear plants melt down Filled with spies hackers arms dealers and a few unsung heroes written like a thriller and a reference This Is How They Tell Me the World Ends is an astonishing feat of journalism Based on years of reporting and hundreds of interviews The New York Times reporter Nicole Perlroth lifts the curtain on a market in shadow revealing the urgent threat faced by us all if we cannot bring the global cyber arms race to heel Review Reads like a modernday John le Carr\u00e9 novel with terrifying tales of espionage and cyber warfare that will keep you up at night both unable to stop reading and terrified for what the future holds Nick Bilton author of American Kingpin Special Correspondent Vanity Fair Review Perlroths terrifying revelation of how vulnerable American institutions and individuals are to clandestine cyberattacks by malicious hackers is possibly the most important book of the year a mustread expos\u00e9 Booklist starred review Review A stemwinder of a tale of how frightening cyber weapons have been turned on their maker Perlroth takes a complex subject that has been cloaked in techspeak and makes it dead real for the rest of us Kara Swisher host of the New York Times podcast Sway Review Reads like the best kind of reportage a rollicking fun trip front to back and an urgent call for action before our wired world spins out of our control Ive covered cybersecurity for a decade and yet paragraph after paragraph I kept wondering How did she manage to figure that out How is she so good Garrett M Graff Wired author of New York Times bestseller The Only Plane in the Sky Video Watch the Powells virtual event with Nicole Perlroth and John Markoff About the Author Nicole Perlroth is an awardwinning cybersecurity journalist for The New York Times  where her work has been optioned for both film and television Ms Perlroth previously covered venture capital and startups for Forbes Magazine  She is a regular lecturer at the Stanford Graduate School of Business and a graduate of Princeton University and Stanford University She lives with her husband and son in the Bay Area but increasingly prefers life off the grid in a cabin in the woods What Our Readers Are Saying Be the first to share your thoughts on this title Product Details ISBN 9781635576054 Binding Hardcover Publication date 02092021 Publisher BLOOMSBURY BOOKS Pages 528 Author Nicole Perlroth 1298 List Price 3000 Used Hardcover Ships in 1 to 3 days Qty Store 2 Burnside 2 Cedar Hills More copies of this ISBN New Hardcover 3000 Used Hardcover 2100 1 LOCOK 1 LOCOK LOCCancel 1 LOCOK LOCCancel 1 LOCOK 1 LOCOK LOCCancel 1 LOCOK LOCCancel 1 LOCOK 1 LOCOK LOCCancel 1 LOCOK LOCCancel 1 LOCOK 1 LOCOK LOCCancel 1 LOCOK LOCCancel Help Guarantee My Account Careers About Us Security Wish List Partners Contact Us Shipping Transparency ACT MRF Sitemap  2022 POWELLSCOM Terms 1 LOCOK 1 LOCOK LOCCancel 1 LOCOK LOCCancel 1 LOCOK 1 LOCOK LOCCancel 1 LOCOK LOCCancel 1 LOCOK 1 LOCOK LOCCancel 1 LOCOK LOCCancel 1 LOCOK 1 LOCOK LOCCancel 1 LOCOK LOCCancel"}