{"Title": " PRIDE Fifty Years of Parades & Protests from the Photo Archives of the New York Times ", "Author": "New York Times, Adam Nagourney", "Cover Page": "https://powells-covers-2.s3.amazonaws.com/9781419737923.jpg", "ISBN10": "1419737929  \n", "ISBN13": "9781419737923", "Page URL": "https://powells.com/book/pride-fifty-years-of-parades-protests-from-the-photo-archives-of-the-new-york-times-9781419737923", "raw_text": "PRIDE Fifty Years of Parades  Protests from the Photo Archives of the New York Times New York Times and Adam Nagourney Hardcover 9781419737923 Powells Books Cart   my account  wish list  help  8008787323 Hello\n Login MENU Browse New Arrivals Bestsellers Featured Preorders Award Winners Audio Books See All Subjects Used Staff Picks Staff Picks Picks of the Month Bookseller Displays 50 Books for 50 Years 25 Best 21st Century SciFi  Fantasy 25 PNW Books to Read Before You Die 25 Books From the 21st Century 25 Memoirs to Read Before You Die 25 Global Books to Read Before You Die 25 Women to Read Before You Die 25 Books to Read Before You Die Gifts Gift Cards  eGift Cards Powells Souvenirs Journals and Notebooks socks Games Sell Books Blog Events Find A Store Dont Miss BIG SALE 20 off sitewide Picks of the Season What Im Giving Great Gifts Under 25 Best Books of 2022 Powells Author Events Oregon Battle of the Books Audio Books Visit Our Stores Powells Books 14 Gift Ideas From 14 of Our Favorite Authors 0 comment Every year Powells reaches out to some of our favorite authors for some muchneeded giftgiving inspiration Below are 14 writerapproved recommendations to help you find the perfect book for even your mostdifficulttobuyfor loved one Read More  Powells Staff Best Books of 2022 Fiction 1 comment Kelsey Ford 6 Haunting Native American Horror Books 1 comment 1 LOCOK 1 LOCOK LOCCancel 1 LOCOK LOCCancel PRIDE Fifty Years of Parades  Protests from the Photo Archives of the New York Times by New York Times Adam Nagourney Comment on this title Synopses  Reviews ISBN13 9781419737923 ISBN10 1419737929 Condition Standard All Product Details View Larger Image View Larger Images 1795 List Price 2499 Used Hardcover Ships in 1 to 3 days Qty Store 1 Cedar Hills What Our Readers Are Saying Be the first to share your thoughts on this title Product Details ISBN 9781419737923 Binding Hardcover Publication date 05212019 Publisher HARRY N ABRAMS INC Pages 288 Height 90IN Width 720IN Illustration Yes Author Adam Nagourney Author New York Times Author New York Times Author The New York Times Author Abrams Books Author The NewYork Times 1795 List Price 2499 Used Hardcover Ships in 1 to 3 days Qty Store 1 Cedar Hills 1 LOCOK 1 LOCOK LOCCancel 1 LOCOK LOCCancel 1 LOCOK 1 LOCOK LOCCancel 1 LOCOK LOCCancel 1 LOCOK 1 LOCOK LOCCancel 1 LOCOK LOCCancel 1 LOCOK 1 LOCOK LOCCancel 1 LOCOK LOCCancel Help Guarantee My Account Careers About Us Security Wish List Partners Contact Us Shipping Transparency ACT MRF Sitemap  2022 POWELLSCOM Terms 1 LOCOK 1 LOCOK LOCCancel 1 LOCOK LOCCancel 1 LOCOK 1 LOCOK LOCCancel 1 LOCOK LOCCancel 1 LOCOK 1 LOCOK LOCCancel 1 LOCOK LOCCancel 1 LOCOK 1 LOCOK LOCCancel 1 LOCOK LOCCancel"}