{"Title": " Official John Wayne Big Book of Dad Jokes Good clean fun for the whole family pilgrim ", "Author": "Jeremy Brown", "Cover Page": "/Portals/0/Images/NoImageAvailable.gif", "ISBN10": "1948174731  \n", "ISBN13": "9781948174732", "Page URL": "https://powells.com/book/official-john-wayne-big-book-of-dad-jokes-good-clean-fun-for-the-whole-family-pilgrim-9781948174732", "raw_text": "Official John Wayne Big Book of Dad Jokes Good clean fun for the whole family pilgrim Jeremy Brown Trade Paperback 9781948174732 Powells Books Cart   my account  wish list  help  8008787323 Hello\n Login MENU Browse New Arrivals Bestsellers Featured Preorders Award Winners Audio Books See All Subjects Used Staff Picks Staff Picks Picks of the Month Bookseller Displays 50 Books for 50 Years 25 Best 21st Century SciFi  Fantasy 25 PNW Books to Read Before You Die 25 Books From the 21st Century 25 Memoirs to Read Before You Die 25 Global Books to Read Before You Die 25 Women to Read Before You Die 25 Books to Read Before You Die Gifts Gift Cards  eGift Cards Powells Souvenirs Journals and Notebooks socks Games Sell Books Blog Events Find A Store Dont Miss BIG SALE 20 off sitewide Picks of the Season What Im Giving Great Gifts Under 25 Best Books of 2022 Powells Author Events Oregon Battle of the Books Audio Books Visit Our Stores Powells Books 14 Gift Ideas From 14 of Our Favorite Authors 0 comment Every year Powells reaches out to some of our favorite authors for some muchneeded giftgiving inspiration Below are 14 writerapproved recommendations to help you find the perfect book for even your mostdifficulttobuyfor loved one Read More  Powells Staff Best Books of 2022 Fiction 1 comment Kelsey Ford 6 Haunting Native American Horror Books 1 comment 1 LOCOK 1 LOCOK LOCCancel 1 LOCOK LOCCancel Official John Wayne Big Book of Dad Jokes Good clean fun for the whole family pilgrim by Jeremy Brown Comment on this title Synopses  Reviews ISBN13 9781948174732 ISBN10 1948174731 Condition Like New All Product Details View Larger Image View Larger Images 598 List Price 999 Used Trade Paperback Ships in 1 to 3 days Qty Store 3 Burnside 7 Cedar Hills 2 Hawthorne 20 Local Warehouse Synopses  Reviews Synopsis From giving as good as he got at the Harvard Lampoon to his comedic work in such films and TV shows as Donovans Reef North to Alaska Rowan  Martins LaughIn I Love Lucy Dean Martin Celebrity Roast and The Red Skelton Hour John Wayne was never shy about exhibiting his wry knowing sense of humor Its this facet of Duke that The Official John Wayne Big Book of Dad Jokes captures A father of six children himself Duke was no stranger to making kids crack up or at least trying to This book presents those stories of Duke as practical joker as well as willing victim embedded within more than 400 clever yet dreadful jokes stories riddles and puns perfect for family members of every age Some of the jokes are Duke and Westernthemed but most are simply good original Dad jokes some good some bad some awful but all funny Readers will also find inside nearly three dozen fun photos of Duke exhibiting his good humor for all to see laughing with his kids or fellow actors on set and behind the scenes making this book a treasure for fans and fathers alike Synopsis Some Good Some Bad Some Awful but All Funny From giving as good as he got at the Harvard Lampoon to his comedic work in such films and TV shows as Donovans Reef  North to Alaska  Rowan  Martins LaughIn  I Love Lucy  Dean Martin Celebrity Roast and The Red Skelton Hour  John Wayne was never shy about exhibiting his wry knowing sense of humor Its this facet of Duke that The Official John Wayne Big Book of Dad Jokes captures A father of six children himself Duke was no stranger to making kids crack up or at least trying to This book presents those stories of Duke as practical joker as well as willing victim embedded within more than 400 clever yet dreadful jokes stories riddles and puns Perfect for family members of every age Some of the jokes are Duke and Westernthemed but most are simply good original Dad jokes some good some bad some awful but all funny Readers will also find inside nearly three dozen fun photos of Duke exhibiting his good humor for all to see laughing with his kids or fellow actors on set and behind the scenes making this book a treasure for fans and fathers alike What Our Readers Are Saying Be the first to share your thoughts on this title Product Details ISBN 9781948174732 Binding Trade Paperback Publication date 04132021 Publisher Media Lab Books Pages 176 Height 60IN Width 590IN Author Jeremy Brown 598 List Price 999 Used Trade Paperback Ships in 1 to 3 days Qty Store 3 Burnside 7 Cedar Hills 2 Hawthorne 20 Local Warehouse More copies of this ISBN New Trade Paperback 999 1 LOCOK 1 LOCOK LOCCancel 1 LOCOK LOCCancel 1 LOCOK 1 LOCOK LOCCancel 1 LOCOK LOCCancel 1 LOCOK 1 LOCOK LOCCancel 1 LOCOK LOCCancel 1 LOCOK 1 LOCOK LOCCancel 1 LOCOK LOCCancel Help Guarantee My Account Careers About Us Security Wish List Partners Contact Us Shipping Transparency ACT MRF Sitemap  2022 POWELLSCOM Terms 1 LOCOK 1 LOCOK LOCCancel 1 LOCOK LOCCancel 1 LOCOK 1 LOCOK LOCCancel 1 LOCOK LOCCancel 1 LOCOK 1 LOCOK LOCCancel 1 LOCOK LOCCancel 1 LOCOK 1 LOCOK LOCCancel 1 LOCOK LOCCancel"}