{"Title": " Ask Ciscoe Oh La La Your Gardening Questions Answered ", "Author": "Morris, Cisco", "Cover Page": "https://covers.powells.com/9781570614323.jpg", "ISBN10": "1570614326  \n", "ISBN13": "9781570614323", "Page URL": "https://powells.com/book/ask-ciscoe-oh-la-la-your-gardening-questions-answered-9781570614323", "raw_text": "Ask Ciscoe Oh La La Your Gardening Questions Answered Cisco Morris Trade Paperback 9781570614323 Powells Books Cart   my account  wish list  help  8008787323 Hello\n Login MENU Browse New Arrivals Bestsellers Featured Preorders Award Winners Audio Books See All Subjects Used Staff Picks Staff Picks Picks of the Month Bookseller Displays 50 Books for 50 Years 25 Best 21st Century SciFi  Fantasy 25 PNW Books to Read Before You Die 25 Books From the 21st Century 25 Memoirs to Read Before You Die 25 Global Books to Read Before You Die 25 Women to Read Before You Die 25 Books to Read Before You Die Gifts Gift Cards  eGift Cards Powells Souvenirs Journals and Notebooks socks Games Sell Books Blog Events Find A Store Dont Miss BIG SALE 20 off sitewide Picks of the Season What Im Giving Great Gifts Under 25 Best Books of 2022 Powells Author Events Oregon Battle of the Books Audio Books Visit Our Stores Powells Books 14 Gift Ideas From 14 of Our Favorite Authors 0 comment Every year Powells reaches out to some of our favorite authors for some muchneeded giftgiving inspiration Below are 14 writerapproved recommendations to help you find the perfect book for even your mostdifficulttobuyfor loved one Read More  Powells Staff Best Books of 2022 Fiction 1 comment Kelsey Ford 6 Haunting Native American Horror Books 1 comment 1 LOCOK 1 LOCOK LOCCancel 1 LOCOK LOCCancel Ask Ciscoe Oh La La Your Gardening Questions Answered by Morris Cisco Comment on this title Synopses  Reviews ISBN13 9781570614323 ISBN10 1570614326 Condition Standard All Product Details View Larger Image View Larger Images 795 List Price 1895 Used Trade Paperback Ships in 1 to 3 days Qty Store 1 Burnside Synopses  Reviews Synopsis Can I grow an apple tree on the deck of my condo Is it really safe to buy annuals in March Tell me how to grow carnivorous plants How can we invite bumblebees into our garden and how can we get the yellow jackets to leave These are just a few of the 400 oftasked and puzzling gardening questions in this book Ciscoe Morris signature exclamation Oohlala delivered with a thick Wisconsin accent may be completely disarming but his gardening chops are secondtonone Master gardener certified arborist teacher at the University of Washingtons Center for Urban Horticulture Ciscoe  a familiar and wellloved personality in gardening media throughout the Pacific Northwest  addresses the full range of gardening issues from ornamental gardening to vegetables fruit trees shrubs lawns containers weeds and more  all in his inimitable humorous and informed style About the Author Ciscoe Morris dispenses gardening wisdom on television radio in print and in person in the Seattle area and across the country 4 1 What Our Readers Are Saying Share your thoughts on this title Average customer rating 4 1 comments  Shelley the plant fiend  January 30 2013 Ask Ciscoe offers dozens of gardening questions answered by expert gardener and arborist Ciscoe Morris He shares gardening wisdom with humor ie encouraging you not to prune the tweetle out of your new tree He warns that if you make a bromeliad Christmas tree that you shouldnt be surprised if a howler monkey comes down the chimney instead of Santa Interesting links like Rod Crawfords Spider Myths and Little and Lewis water features websites are sprinkled throughout He started gardening at age ten and his enthusiasm for gardening is infectious This book would make a great gift for a gardener friend or yourself Was this comment helpful  Yes  No 1 of 1 readers found this comment helpful report this\ncomment Product Details ISBN 9781570614323 Binding Trade Paperback Publication date 01012007 Publisher SASQUATCH BOOKS Pages 352 Height 82IN Width 552IN Thickness 75 Number of Units 1 Copyright Year 2007 UPC Code 2801570614325 Author Ciscoe Morris Author Cisco Morris Subject Gardening Subject GARDENING  Reference 795 List Price 1895 Used Trade Paperback Ships in 1 to 3 days Qty Store 1 Burnside More copies of this ISBN New Trade Paperback 1895 Used Trade Paperback 850 1 LOCOK 1 LOCOK LOCCancel 1 LOCOK LOCCancel 1 LOCOK 1 LOCOK LOCCancel 1 LOCOK LOCCancel 1 LOCOK 1 LOCOK LOCCancel 1 LOCOK LOCCancel 1 LOCOK 1 LOCOK LOCCancel 1 LOCOK LOCCancel Help Guarantee My Account Careers About Us Security Wish List Partners Contact Us Shipping Transparency ACT MRF Sitemap  2022 POWELLSCOM Terms 1 LOCOK 1 LOCOK LOCCancel 1 LOCOK LOCCancel 1 LOCOK 1 LOCOK LOCCancel 1 LOCOK LOCCancel 1 LOCOK 1 LOCOK LOCCancel 1 LOCOK LOCCancel 1 LOCOK 1 LOCOK LOCCancel 1 LOCOK LOCCancel"}