{"Title": " Making Rounds with Oscar ", "Author": "David Dosa", "Cover Page": "https://covers.powells.com/9781401310431.jpg", "ISBN10": "1401310435  \n", "ISBN13": "9781401310431", "Page URL": "https://powells.com/book/making-rounds-with-oscar-9781401310431", "raw_text": "Making Rounds with Oscar David Dosa Trade Paperback 9781401310431 Powells Books Cart   my account  wish list  help  8008787323 Hello\n Login MENU Browse New Arrivals Bestsellers Featured Preorders Award Winners Audio Books See All Subjects Used Staff Picks Staff Picks Picks of the Month Bookseller Displays 50 Books for 50 Years 25 Best 21st Century SciFi  Fantasy 25 PNW Books to Read Before You Die 25 Books From the 21st Century 25 Memoirs to Read Before You Die 25 Global Books to Read Before You Die 25 Women to Read Before You Die 25 Books to Read Before You Die Gifts Gift Cards  eGift Cards Powells Souvenirs Journals and Notebooks socks Games Sell Books Blog Events Find A Store Dont Miss BIG SALE 20 off sitewide Picks of the Season What Im Giving Great Gifts Under 25 Best Books of 2022 Powells Author Events Oregon Battle of the Books Audio Books Visit Our Stores Powells Books 14 Gift Ideas From 14 of Our Favorite Authors 0 comment Every year Powells reaches out to some of our favorite authors for some muchneeded giftgiving inspiration Below are 14 writerapproved recommendations to help you find the perfect book for even your mostdifficulttobuyfor loved one Read More  Powells Staff Best Books of 2022 Fiction 1 comment Kelsey Ford 6 Haunting Native American Horror Books 1 comment 1 LOCOK 1 LOCOK LOCCancel 1 LOCOK LOCCancel Making Rounds with Oscar by David Dosa Comment on this title Synopses  Reviews ISBN13 9781401310431 ISBN10 1401310435 All Product Details View Larger Image View Larger Images 1799 New Trade Paperback Ships in 1 to 3 days Qty Store 12 Local Warehouse Synopses  Reviews Publisher Comments A remarkable cat A lifechanging story Making Rounds with Oscar The Extraordinary Gift of an Ordinary Cat is the story of a doctor who at first doesnt always listen of the patients he serves of their caregivers and most importantly of a cat who teaches by example embracing moments of life that so many of us shy away from Oscar has much to teach us about empathy and courage I couldnt put it down Sara Gruen author of Water for Elephants This book is a mustread Truly this is a story that needs to be told  Fresh Fiction Youll be moved People This touching and engaging book is a mustread for more than just cat lovers anyone who enjoys a wellwritten and compelling story will find much to admire in its unlikely hero  Publishers Weekly The book both touching and humorous isnt just about Oscar Its about listening and letting go  USA Today Synopsis NEW YORK TIMES BESTSELLER A remarkable cat A special gift A lifechanging journey They thought he was just a cat When Oscar arrived at the Steere House Nursing and Rehabilitation Center in Rhode Island he was a cute little guy with attitude He loved to stretch out in a puddle of sunlight and chase his tail until he was dizzy Occasionally he consented to a scratch behind the ears but only when it suited him In other words he was a typical cat Or so it seemed It wasnt long before Oscar had created something of a stir Apparently this ordinary cat possesses an extraordinary gift he knows instinctively when the end of life is near Oscar is a welcome distraction for the residents of Steere House many of whom are living with Alzheimers But he never spends much time with themuntil they are in their last hours Then as if this were his job Oscar strides purposely into a patients room curls up on the bed and begins his vigil Oscar provides comfort and companionship when people need him most And his presence lets caregivers and loved ones know that its time to say goodbye Oscars gift is a tender mercy He teaches by example embracing moments of life that so many of us shy away from Making Rounds with Oscar is the story of an unusual cat the patients he serves their caregivers and of one doctor who learned how to listen Heartfelt inspiring and full of humor and pathos this book allows readers to take a walk into a world rarely seen from the outside a world we often misunderstand Synopsis A remarkable cat A special gift A lifechanging journey They thought he was just a cat When Oscar arrived at the Steere House Nursing and Rehabilitation Center in Rhode Island he was a cute little guy with attitude He loved to stretch out in a puddle of sunlight and chase his tail until he was dizzy Occasionally he consented to a scratch behind the ears but only when it suited him In other words he was a typical cat Or so it seemed It wasnt long before Oscar had created something of a stir Apparently this ordinary cat possesses an extraordinary gift he knows instinctively when the end of life is near Oscar is a welcome distraction for the residents of Steere House many of whom are living with Alzheimers But he never spends much time with them  until they are in their last hours Then as if this were his job Oscar strides purposely into a patients room curls up on the bed and begins his vigil Oscar provides comfort and companionship when people need him most And his presence lets caregivers and loved ones know that its time to say goodbye Oscars gift is a tender mercy He teaches by example embracing moments of life that so many of us shy away from Making Rounds with Oscar is the story of an unusual cat the patients he serves their caregivers and of one doctor who learned how to listen Heartfelt inspiring and full of humor and pathos this book allows readers to take a walk into a world rarely seen from the outside a world we often misunderstand About the Author Dr David Dosa is a geriatrician at Rhode Island Hospital and an assistant professor of medicine at the Warrern Alpert Medical School of Brown University both in Providence 5 2 What Our Readers Are Saying Share your thoughts on this title Average customer rating 5 2 comments  ohohaye13  November 10 2012 view all comments by ohohaye13 This is a very heartfelt book I believe that this would be the perfect book if you love cats who help people Was this comment helpful  Yes  No report this\ncomment  Raingirl  September 19 2011 view all comments by Raingirl Every nursing home should have a cat like Oscarhe has the uncanny gift of sensing when an Alzheimers patient is close to death and is there to provide comfort and companionship during their last moments I loved this book Dr Dosa the author starts off as a non catlover and eventually not only believes in Oscars abilities he learns a great deal more about compassion and the end of life process along the way Its a compelling read and I stayed up late into the night to finish it Highly recommended for anyone who has a family member or loved one suffering from dementia Was this comment helpful  Yes  No report this\ncomment Product Details ISBN 9781401310431 Binding Trade Paperback Publication date 04052011 Publisher HYPERION BOOKS Pages 256 Height 68IN Width 530IN Thickness 75 Age Range 18 and up Grade Range 13 and up Number of Units 1 UPC Code 4294967295 Author David Dosa Author David Dosa Subject PETS  General 1799 New Trade Paperback Ships in 1 to 3 days Qty Store 12 Local Warehouse Receive an email when this ISBN is available used 1 LOCOK 1 LOCOK LOCCancel 1 LOCOK LOCCancel 1 LOCOK 1 LOCOK LOCCancel 1 LOCOK LOCCancel 1 LOCOK 1 LOCOK LOCCancel 1 LOCOK LOCCancel 1 LOCOK 1 LOCOK LOCCancel 1 LOCOK LOCCancel Help Guarantee My Account Careers About Us Security Wish List Partners Contact Us Shipping Transparency ACT MRF Sitemap  2022 POWELLSCOM Terms 1 LOCOK 1 LOCOK LOCCancel 1 LOCOK LOCCancel 1 LOCOK 1 LOCOK LOCCancel 1 LOCOK LOCCancel 1 LOCOK 1 LOCOK LOCCancel 1 LOCOK LOCCancel 1 LOCOK 1 LOCOK LOCCancel 1 LOCOK LOCCancel"}