{"Title": " Tartine: A Classic Revisited: 68 All-New Recipes + 55 Updated Favorites ", "Author": "Elisabeth Prueitt", "Cover Page": "https://powells-covers-2.s3.amazonaws.com/9781452178738.jpg", "ISBN10": "1452178739  \n", "ISBN13": "9781452178738", "Page URL": "https://powells.com/book/-9781452178738", "raw_text": "Tartine Revised Edition A Classic Revisited Elisabeth Prueitt Hardcover 9781452178738 Powells Books Cart   my account  wish list  help  8008787323 Hello\n Login MENU Browse New Arrivals Bestsellers Featured Preorders Award Winners Audio Books See All Subjects Used Staff Picks Staff Picks Picks of the Month Bookseller Displays 50 Books for 50 Years 25 Best 21st Century SciFi  Fantasy 25 PNW Books to Read Before You Die 25 Books From the 21st Century 25 Memoirs to Read Before You Die 25 Global Books to Read Before You Die 25 Women to Read Before You Die 25 Books to Read Before You Die Gifts Gift Cards  eGift Cards Powells Souvenirs Journals and Notebooks socks Games Sell Books Blog Events Find A Store Dont Miss BIG SALE 20 off sitewide Picks of the Season What Im Giving Great Gifts Under 25 Best Books of 2022 Powells Author Events Oregon Battle of the Books Audio Books Visit Our Stores Powells Books 14 Gift Ideas From 14 of Our Favorite Authors 0 comment Every year Powells reaches out to some of our favorite authors for some muchneeded giftgiving inspiration Below are 14 writerapproved recommendations to help you find the perfect book for even your mostdifficulttobuyfor loved one Read More  Powells Staff Best Books of 2022 Fiction 1 comment Kelsey Ford 6 Haunting Native American Horror Books 1 comment 1 LOCOK 1 LOCOK LOCCancel 1 LOCOK LOCCancel Tartine A Classic Revisited 68 AllNew Recipes  55 Updated Favorites by Elisabeth Prueitt and Chad Robertson Comment on this title Synopses  Reviews ISBN13 9781452178738 ISBN10 1452178739 All Product Details View Larger Image View Larger Images 4000 New Hardcover Ships in 1 to 3 days Qty Store 3 Burnside 3 Cedar Hills 1 Hawthorne 20 Local Warehouse Synopses  Reviews Publisher Comments The New York Times Best Cookbooks of Fall 2019 House Beautifuls Amazing New Cookbooks that also look Delicious on Your Shelf This brilliantly revisited and beautifully rephotographed book is a totally updated edition of a goto classic for home and professional bakers  from one of the most acclaimed and inspiring bakeries in the world Tartine offers more than 50 new recipes that capture the invention and above all deliciousness that Tartine is known for  including their most requested recipe the Morning Bun Favorites from the original book are here too revamped to speak to our tastes today and to include wholegrain andor glutenfree variations as well as intriguing new ingredients and global techniques More than 150 dropdead gorgeous photographs from acclaimed team Gentl  Hyers make this compendium a true collectible and musthave for bakers of all skill levels Review Prueitt and Robertson update and expand their 2006 Tartine with this impressive new edition which features 68 new recipes and updates to dozens more Recipes cover nearly any baking need from quick breakfast bites to refined desserts and the chatty headnotes lend the book an informal friendly vibe Publishers Weekly Review This revised edition of the beloved baking bible is basically a brand new book with 55 updated recipes you may already know and love but better plus 68 totally new ones including glutenfree options and the soughtafter recipe for the bakerys lauded morning bun As you can tell the photographs are stunning too Chowhound Review Tartine Bakery opened in 2002 and in the intervening years it has become an anchor for the neighborhood a defining institution for the city of San Francisco and a beacon of taste and flavor for people the whole country over In short Tartine is about as authentic  and indispensable  as a bakery can get No wonder people are still lining up Alice Waters American chef and owner of Chez Panisse in Berkeley California from the foreword Review Liz and Chad created much more than a bakery They tapped into a nextlevel frequency and thankfully we can all tune in The breadcrumb trail comes full circle with this revisit to the original Tartine classic I am inspired by where theyve been love where they are and Im excited to see where they take us next Chris Bianco Pizzeria Bianco Tartine Bianco and author of Bianco About the Author Elisabeth Prueitt is a cookbook author and the cofounder of Tartine Bakery and Tartine Manufactory She lives in San Francisco Gentl  Hyers are New Yorkbased food and lifestyle photographers What Our Readers Are Saying Be the first to share your thoughts on this title Product Details ISBN 9781452178738 Binding Hardcover Publication date 10012019 Publisher Chronicle Books Pages 328 Height 130IN Width 880IN Illustration Yes Author Elisabeth Prueitt Foreword Alice Waters Author Chad Robertson Photographer Gentl  Hyers 4000 New Hardcover Ships in 1 to 3 days Qty Store 3 Burnside 3 Cedar Hills 1 Hawthorne 20 Local Warehouse Receive an email when this ISBN is available used 1 LOCOK 1 LOCOK LOCCancel 1 LOCOK LOCCancel 1 LOCOK 1 LOCOK LOCCancel 1 LOCOK LOCCancel 1 LOCOK 1 LOCOK LOCCancel 1 LOCOK LOCCancel 1 LOCOK 1 LOCOK LOCCancel 1 LOCOK LOCCancel Help Guarantee My Account Careers About Us Security Wish List Partners Contact Us Shipping Transparency ACT MRF Sitemap  2022 POWELLSCOM Terms 1 LOCOK 1 LOCOK LOCCancel 1 LOCOK LOCCancel 1 LOCOK 1 LOCOK LOCCancel 1 LOCOK LOCCancel 1 LOCOK 1 LOCOK LOCCancel 1 LOCOK LOCCancel 1 LOCOK 1 LOCOK LOCCancel 1 LOCOK LOCCancel"}