{"Title": " Demon Slayer Kimetsu no Yaiba Volume 04 ", "Author": "Koyoharu Gotouge", "Cover Page": "https://powells-covers-2.s3.amazonaws.com/9781974700554.jpg", "ISBN10": "1974700550  \n", "ISBN13": "9781974700554", "Page URL": "https://powells.com/book/demon-slayer-kimetsu-no-yaiba-volume-04-9781974700554", "raw_text": "Demon Slayer Kimetsu No Yaiba Vol 4 Koyoharu Gotouge Trade Paperback 9781974700554 Powells Books Cart   my account  wish list  help  8008787323 Hello\n Login MENU Browse New Arrivals Bestsellers Featured Preorders Award Winners Audio Books See All Subjects Used Staff Picks Staff Picks Picks of the Month Bookseller Displays 50 Books for 50 Years 25 Best 21st Century SciFi  Fantasy 25 PNW Books to Read Before You Die 25 Books From the 21st Century 25 Memoirs to Read Before You Die 25 Global Books to Read Before You Die 25 Women to Read Before You Die 25 Books to Read Before You Die Gifts Gift Cards  eGift Cards Powells Souvenirs Journals and Notebooks socks Games Sell Books Blog Events Find A Store Dont Miss BIG SALE 20 off sitewide Picks of the Season What Im Giving Great Gifts Under 25 Best Books of 2022 Powells Author Events Oregon Battle of the Books Audio Books Visit Our Stores Powells Books 14 Gift Ideas From 14 of Our Favorite Authors 0 comment Every year Powells reaches out to some of our favorite authors for some muchneeded giftgiving inspiration Below are 14 writerapproved recommendations to help you find the perfect book for even your mostdifficulttobuyfor loved one Read More  Powells Staff Best Books of 2022 Fiction 1 comment Kelsey Ford 6 Haunting Native American Horror Books 1 comment 1 LOCOK 1 LOCOK LOCCancel 1 LOCOK LOCCancel Demon Slayer Kimetsu no Yaiba Volume 04 by Koyoharu Gotouge Comment on this title Synopses  Reviews ISBN13 9781974700554 ISBN10 1974700550 Condition Standard All Product Details View Larger Image View Larger Images 695 List Price 999 Used Trade Paperback Ships in 1 to 3 days Qty Store 1 Hawthorne Synopses  Reviews Synopsis Tanjiro sets out on the path of the Demon Slayer to save his sister and avenge his family In Taishoera Japan Tanjiro Kamado is a kindhearted boy who makes a living selling charcoal But his peaceful life is shattered when a demon slaughters his entire family His little sister Nezuko is the only survivor but she has been transformed into a demon herself Tanjiro sets out on a dangerous journey to find a way to return his sister to normal and destroy the demon who ruined his life After a fierce battle with a demon inside a maddening house of everchanging rooms Tanjiro has a chance to find out about the fighter in the boarhead mask Who is this passionate swordsman and what does he want Later a new mission has Tanjiro and his compatriots heading for Mt Natagumo and a confrontation with a mysterious and horrifying threat What Our Readers Are Saying Be the first to share your thoughts on this title Product Details ISBN 9781974700554 Binding Trade Paperback Publication date 01012019 Publisher VIZ MEDIA Series info Demon Slayer Kimetsu No Yaiba Pages 192 Height 70IN Width 510IN Series Number 4 Age Range 14 to 17 Grade Range 9 to 12 Illustration Yes Author Koyoharu Gotouge 695 List Price 999 Used Trade Paperback Ships in 1 to 3 days Qty Store 1 Hawthorne More copies of this ISBN New Trade Paperback 999 1 LOCOK 1 LOCOK LOCCancel 1 LOCOK LOCCancel 1 LOCOK 1 LOCOK LOCCancel 1 LOCOK LOCCancel 1 LOCOK 1 LOCOK LOCCancel 1 LOCOK LOCCancel 1 LOCOK 1 LOCOK LOCCancel 1 LOCOK LOCCancel Help Guarantee My Account Careers About Us Security Wish List Partners Contact Us Shipping Transparency ACT MRF Sitemap  2022 POWELLSCOM Terms 1 LOCOK 1 LOCOK LOCCancel 1 LOCOK LOCCancel 1 LOCOK 1 LOCOK LOCCancel 1 LOCOK LOCCancel 1 LOCOK 1 LOCOK LOCCancel 1 LOCOK LOCCancel 1 LOCOK 1 LOCOK LOCCancel 1 LOCOK LOCCancel"}