{"Title": " Wheat Belly ", "Author": "William Davis, MD", "Cover Page": "https://powells-covers-2.s3.amazonaws.com/9781609614799.jpg", "ISBN10": "1609614798  \n", "ISBN13": "9781609614799", "Page URL": "https://powells.com/book/wheat-belly-9781609614799", "raw_text": "Wheat Belly Lose the Wheat Lose the Weight  Find Your Path Back to Health William Davis Trade Paperback 9781609614799 Powells Books Cart   my account  wish list  help  8008787323 Hello\n Login MENU Browse New Arrivals Bestsellers Featured Preorders Award Winners Audio Books See All Subjects Used Staff Picks Staff Picks Picks of the Month Bookseller Displays 50 Books for 50 Years 25 Best 21st Century SciFi  Fantasy 25 PNW Books to Read Before You Die 25 Books From the 21st Century 25 Memoirs to Read Before You Die 25 Global Books to Read Before You Die 25 Women to Read Before You Die 25 Books to Read Before You Die Gifts Gift Cards  eGift Cards Powells Souvenirs Journals and Notebooks socks Games Sell Books Blog Events Find A Store Dont Miss BIG SALE 20 off sitewide Picks of the Season What Im Giving Great Gifts Under 25 Best Books of 2022 Powells Author Events Oregon Battle of the Books Audio Books Visit Our Stores Powells Books 14 Gift Ideas From 14 of Our Favorite Authors 0 comment Every year Powells reaches out to some of our favorite authors for some muchneeded giftgiving inspiration Below are 14 writerapproved recommendations to help you find the perfect book for even your mostdifficulttobuyfor loved one Read More  Powells Staff Best Books of 2022 Fiction 1 comment Kelsey Ford 6 Haunting Native American Horror Books 1 comment 1 LOCOK 1 LOCOK LOCCancel 1 LOCOK LOCCancel Wheat Belly by William Davis MD Comment on this title Synopses  Reviews ISBN13 9781609614799 ISBN10 1609614798 Condition Standard All Product Details View Larger Image View Larger Images 950 List Price 1699 Used Trade Paperback Ships in 1 to 3 days Qty Store 1 Burnside Synopses  Reviews Publisher Comments Over 200 million Americans consume food products made of wheat every day As a result over 100 million experience some form of adverse health effect ranging from minor rashes to high blood sugar to unattractive stomach bulges preventative cardiologist William Davis calls wheat bellies According to Davis that excess fat has nothing to do with gluttony sloth or too much butter its due to the whole grain wraps we eat for lunch After witnessing over 2000 patients regain health after giving up wheat Davis reached the disturbing conclusion that wheat is the single largest contributor to the nationwide obesity epidemic  and that elimination of wheat is key to dramatic weight loss and optimal health In national bestseller Dr Davis exposes the harmful effects of what is actually a product of genetic tinkering and agribusiness being sold to the American public as wheat  and provides readers with a userfriendly stepbystep plan to navigate a new wheatfree lifestyle Informed by cuttingedge science and nutrition along with case studies from men and women who have experienced lifechanging transformations in health after waving goodbye to wheat Wheat Belly is an illuminating look at what is truly making Americans sick and an action plan to clear our plates of this seemingly benign ingredient Review Fascinating compelling and more than a little entertaining Wheat Belly may be the most important health book of the year Dana Carpender author of 500 LowCarb Recipes Review Dr Davis comprehensive readable and witty book reveals that wheat far from being the staff of life is in fact the stuff of nightmares Take his advice to lose wheat from your diet and youll likely be paid back many times over in the form of a slimmer healthier body and a better functioning brain Dr John Briffa BSc MB BS nutritional physician and author of Waist Disposal Review Davis makes a compelling case Fort Worth Star Telegram Synopsis A renowned cardiologist explains how eliminating wheat from our diets can prevent fat storage shrink unsightly bulges and reverse myriad health problems Every day over 200 million Americans consume food products made of wheat As a result over 100 million of them experience some form of adverse health effect ranging from minor rashes and high blood sugar to the unattractive stomach bulges that preventive cardiologist William Davis calls wheat bellies According to Davis that excess fat has nothing to do with gluttony sloth or too much butter Its due to the whole grain wraps we eat for lunch After witnessing over 2000 patients regain their health after giving up wheat Davis reached the disturbing conclusion that wheat is the single largest contributor to the nationwide obesity epidemicand its elimination is key to dramatic weight loss and optimal health In Wheat Belly Davis exposes the harmful effects of what is actually a product of genetic tinkering and agribusiness being sold to the American public as wheatand provides readers with a userfriendly stepbystep plan to navigate a new wheatfree lifestyle Informed by cuttingedge science and nutrition along with case studies from men and women who have experienced lifechanging transformations in their health after waving goodbye to wheat Wheat Belly is an illuminating look at what is truly making Americans sick and an action plan to clear our plates of this seemingly benign ingredient Synopsis In this 1 New York Times bestseller a renowned cardiologist explains how eliminating wheat from our diets can prevent fat storage shrink unsightly bulges and reverse myriad health problems Every day over 200 million Americans consume food products made of wheat As a result over 100 million of them experience some form of adverse health effect ranging from minor rashes and high blood sugar to the unattractive stomach bulges that preventive cardiologist William Davis calls wheat bellies According to Davis that excess fat has nothing to do with gluttony sloth or too much butter Its due to the whole grain wraps we eat for lunch After witnessing over 2000 patients regain their health after giving up wheat Davis reached the disturbing conclusion that wheat is the single largest contributor to the nationwide obesity epidemicand its elimination is key to dramatic weight loss and optimal health In Wheat Belly  Davis exposes the harmful effects of what is actually a product of genetic tinkering and agribusiness being sold to the American public as wheatand provides readers with a userfriendly stepbystep plan to navigate a new wheatfree lifestyle Informed by cuttingedge science and nutrition along with case studies from men and women who have experienced lifechanging transformations in their health after waving goodbye to wheat Wheat Belly is an illuminating look at what is truly making Americans sick and an action plan to clear our plates of this seemingly benign ingredient About the Author William Davis MD is a preventative cardiologist whose unique approach to diet allows him to advocate reversal  not just prevention of heart disease He is founder of the TrackYourPlaquecom program He lives in Wisconsin What Our Readers Are Saying Be the first to share your thoughts on this title Product Details ISBN 9781609614799 Binding Trade Paperback Publication date 06032014 Publisher RODALE BOOKS INC Series info Wheat Belly Pages 304 Height 100IN Width 600IN Thickness 75 Illustration Yes Copyright Year 2014 Author William Davis Author William Davis MD Author William DavisMD Subject Sports and FitnessMedicine Nutrition and Psychology Subject Diets 950 List Price 1699 Used Trade Paperback Ships in 1 to 3 days Qty Store 1 Burnside More copies of this ISBN Used Trade Paperback 1095 1 LOCOK 1 LOCOK LOCCancel 1 LOCOK LOCCancel 1 LOCOK 1 LOCOK LOCCancel 1 LOCOK LOCCancel 1 LOCOK 1 LOCOK LOCCancel 1 LOCOK LOCCancel 1 LOCOK 1 LOCOK LOCCancel 1 LOCOK LOCCancel Help Guarantee My Account Careers About Us Security Wish List Partners Contact Us Shipping Transparency ACT MRF Sitemap  2022 POWELLSCOM Terms 1 LOCOK 1 LOCOK LOCCancel 1 LOCOK LOCCancel 1 LOCOK 1 LOCOK LOCCancel 1 LOCOK LOCCancel 1 LOCOK 1 LOCOK LOCCancel 1 LOCOK LOCCancel 1 LOCOK 1 LOCOK LOCCancel 1 LOCOK LOCCancel"}