{"Title": " Art & Soul of Dune ", "Author": "Insight Editions, Tanya Lapointe", "Cover Page": "https://powells-covers-2.s3.amazonaws.com/9781647221553.jpg", "ISBN10": "1647221552  \n", "ISBN13": "9781647221553", "Page URL": "https://powells.com/book/art-soul-of-dune-9781647221553", "raw_text": "The Art and Making of Dune Insight Editions and Tanya Lapointe Hardcover 9781647221553 Powells Books Cart   my account  wish list  help  8008787323 Hello\n Login MENU Browse New Arrivals Bestsellers Featured Preorders Award Winners Audio Books See All Subjects Used Staff Picks Staff Picks Picks of the Month Bookseller Displays 50 Books for 50 Years 25 Best 21st Century SciFi  Fantasy 25 PNW Books to Read Before You Die 25 Books From the 21st Century 25 Memoirs to Read Before You Die 25 Global Books to Read Before You Die 25 Women to Read Before You Die 25 Books to Read Before You Die Gifts Gift Cards  eGift Cards Powells Souvenirs Journals and Notebooks socks Games Sell Books Blog Events Find A Store Dont Miss BIG SALE 20 off sitewide Picks of the Season What Im Giving Great Gifts Under 25 Best Books of 2022 Powells Author Events Oregon Battle of the Books Audio Books Visit Our Stores Powells Books 14 Gift Ideas From 14 of Our Favorite Authors 0 comment Every year Powells reaches out to some of our favorite authors for some muchneeded giftgiving inspiration Below are 14 writerapproved recommendations to help you find the perfect book for even your mostdifficulttobuyfor loved one Read More  Powells Staff Best Books of 2022 Fiction 1 comment Kelsey Ford 6 Haunting Native American Horror Books 1 comment 1 LOCOK 1 LOCOK LOCCancel 1 LOCOK LOCCancel Art  Soul of Dune by Insight Editions Tanya Lapointe Comment on this title Synopses  Reviews ISBN13 9781647221553 ISBN10 1647221552 All Product Details View Larger Image View Larger Images 5000 New Hardcover Ships in 1 to 3 days Qty Store 20 Local Warehouse Synopses  Reviews Synopsis Immerse yourself in the world of Denis Villeneuves Dune and discover the incredible creative journey that brought Frank Herberts iconic novel to the big screen Frank Herberts science fiction classic Dune will be seen like never before in the breathtaking film adaptation from acclaimed director Denis Villeneuve  Blade Runner 2049 Arrival  Now fans can be part of the creative journey of bringing Herberts seminal work to life with The Art and Making of Dune  the only official companion to the hugely anticipated movie event This comprehensive and detailed exploration of the filmmaking processfrom inception to production and postproductiondocuments the story of capturing Villeneuves vision for Dune  from its stunning environmental and creature designs to intricate costume concepts and landmark digital effects The Art and Making of Dune will also feature interviews with key cast and crew including extensive insight from Villeneuve The book will be illustrated with a wealth of concept art storyboards set photography and other key visuals showcasing the intensive design process behind the creation of this bold new vision Showcasing Villeneuves visionary approach to realizing Herberts science fiction classic The Art and Making of Dune is an essential companion to the directors latest masterpiece Exclusive concept art lets you experience Dune in a whole new way Interviews with filmmakers give you a oneofakind comprehensive look at the making of the movie A deluxe format makes this book a musthave collectors item What Our Readers Are Saying Be the first to share your thoughts on this title Product Details ISBN 9781647221553 Binding Hardcover Publication date 10222021 Publisher INSIGHT EDITIONS Pages 240 Height 118IN Width 1142IN Illustration Yes Author Tanya Lapointe Author Insight Editions Intro Brian Herbert Oth Denis Villeneuve Author Insight Editions 5000 New Hardcover Ships in 1 to 3 days Qty Store 20 Local Warehouse Receive an email when this ISBN is available used 1 LOCOK 1 LOCOK LOCCancel 1 LOCOK LOCCancel 1 LOCOK 1 LOCOK LOCCancel 1 LOCOK LOCCancel 1 LOCOK 1 LOCOK LOCCancel 1 LOCOK LOCCancel 1 LOCOK 1 LOCOK LOCCancel 1 LOCOK LOCCancel Help Guarantee My Account Careers About Us Security Wish List Partners Contact Us Shipping Transparency ACT MRF Sitemap  2022 POWELLSCOM Terms 1 LOCOK 1 LOCOK LOCCancel 1 LOCOK LOCCancel 1 LOCOK 1 LOCOK LOCCancel 1 LOCOK LOCCancel 1 LOCOK 1 LOCOK LOCCancel 1 LOCOK LOCCancel 1 LOCOK 1 LOCOK LOCCancel 1 LOCOK LOCCancel"}