{"Title": " Book 2: The Heat of Hakurei ", "Author": "Akira Yoshida", "Cover Page": "https://covers.powells.com/9781599612874.jpg", "ISBN10": "1599612879  \n", "ISBN13": "9781599612874", "Page URL": "https://powells.com/book/book-2-9781599612874", "raw_text": "The Heat of Hakurei Yoshida Akira Library Binding 9781599612874 Powells Books Cart   my account  wish list  help  8008787323 Hello\n Login MENU Browse New Arrivals Bestsellers Featured Preorders Award Winners Audio Books See All Subjects Used Staff Picks Staff Picks Picks of the Month Bookseller Displays 50 Books for 50 Years 25 Best 21st Century SciFi  Fantasy 25 PNW Books to Read Before You Die 25 Books From the 21st Century 25 Memoirs to Read Before You Die 25 Global Books to Read Before You Die 25 Women to Read Before You Die 25 Books to Read Before You Die Gifts Gift Cards  eGift Cards Powells Souvenirs Journals and Notebooks socks Games Sell Books Blog Events Find A Store Dont Miss BIG SALE 20 off sitewide Picks of the Season What Im Giving Great Gifts Under 25 Best Books of 2022 Powells Author Events Oregon Battle of the Books Audio Books Visit Our Stores Powells Books 14 Gift Ideas From 14 of Our Favorite Authors 0 comment Every year Powells reaches out to some of our favorite authors for some muchneeded giftgiving inspiration Below are 14 writerapproved recommendations to help you find the perfect book for even your mostdifficulttobuyfor loved one Read More  Powells Staff Best Books of 2022 Fiction 1 comment Kelsey Ford 6 Haunting Native American Horror Books 1 comment 1 LOCOK 1 LOCOK LOCCancel 1 LOCOK LOCCancel Book 2 The Heat of Hakurei by Akira Yoshida Comment on this title Synopses  Reviews ISBN13 9781599612874 ISBN10 1599612879 All Product Details View Larger Image View Larger Images 000 List Price 000 Library Binding Ships in 1 to 3 days Synopses  Reviews Synopsis In the second book of a saga of courage adversity revenge and brotherhood Thor faces perils that will challenge his mettle as a young warrior and trials that will test and temper his immortal spirit Thor Balder Sif and Loki face the fearsome dragon of Hakurei MARVEL AGE introduces new and young readers to some of the greatest legends of the Marvel Universe with dynamic brandnew art and a contemporary sensibility in these actionpacked graphic novels What Our Readers Are Saying Be the first to share your thoughts on this title Product Details ISBN 9781599612874 Binding Library Binding Publication date 01012007 Publisher Marvel Age Series info Thor Son of Asgard Language English Pages 1 Height 32IN Width 686IN Thickness 25 LCCN 2006050635 Series Thor Age Range 9 to 13 Grade Range 4 to 8 Number of Units 1 Illustration Yes Copyright Year 2007 UPC Code 2801599612876 Author Greg Tocchini Author Jay Leisten Author Greg Tocchini Author Akira Yoshida Subject DramaMime and Puppetry Subject Comic books strips etc 000 List Price 000 Library Binding Ships in 1 to 3 days Receive an email when this ISBN is available used 1 LOCOK 1 LOCOK LOCCancel 1 LOCOK LOCCancel 1 LOCOK 1 LOCOK LOCCancel 1 LOCOK LOCCancel 1 LOCOK 1 LOCOK LOCCancel 1 LOCOK LOCCancel 1 LOCOK 1 LOCOK LOCCancel 1 LOCOK LOCCancel Help Guarantee My Account Careers About Us Security Wish List Partners Contact Us Shipping Transparency ACT MRF Sitemap  2022 POWELLSCOM Terms 1 LOCOK 1 LOCOK LOCCancel 1 LOCOK LOCCancel 1 LOCOK 1 LOCOK LOCCancel 1 LOCOK LOCCancel 1 LOCOK 1 LOCOK LOCCancel 1 LOCOK LOCCancel 1 LOCOK 1 LOCOK LOCCancel 1 LOCOK LOCCancel"}