{"Title": " JLC Field Guide to Residential Construction A Manual of Best Practice Volume 1 ", "Author": "JLC", "Cover Page": "https://covers.powells.com/9781928580249.jpg", "ISBN10": "1928580246  \n", "ISBN13": "9781928580249", "Page URL": "https://powells.com/book/jlc-field-guide-to-residential-construction-a-manual-of-best-practice-volume-1-9781928580249", "raw_text": "JLC Field Guide to Residential Construction A Manual of Best Practice Volume 1 JLC SpiralComb 9781928580249 Powells Books Cart   my account  wish list  help  8008787323 Hello\n Login MENU Browse New Arrivals Bestsellers Featured Preorders Award Winners Audio Books See All Subjects Used Staff Picks Staff Picks Picks of the Month Bookseller Displays 50 Books for 50 Years 25 Best 21st Century SciFi  Fantasy 25 PNW Books to Read Before You Die 25 Books From the 21st Century 25 Memoirs to Read Before You Die 25 Global Books to Read Before You Die 25 Women to Read Before You Die 25 Books to Read Before You Die Gifts Gift Cards  eGift Cards Powells Souvenirs Journals and Notebooks socks Games Sell Books Blog Events Find A Store Dont Miss BIG SALE 20 off sitewide Picks of the Season What Im Giving Great Gifts Under 25 Best Books of 2022 Powells Author Events Oregon Battle of the Books Audio Books Visit Our Stores Powells Books 14 Gift Ideas From 14 of Our Favorite Authors 0 comment Every year Powells reaches out to some of our favorite authors for some muchneeded giftgiving inspiration Below are 14 writerapproved recommendations to help you find the perfect book for even your mostdifficulttobuyfor loved one Read More  Powells Staff Best Books of 2022 Fiction 1 comment Kelsey Ford 6 Haunting Native American Horror Books 1 comment 1 LOCOK 1 LOCOK LOCCancel 1 LOCOK LOCCancel JLC Field Guide to Residential Construction A Manual of Best Practice Volume 1 by JLC Comment on this title ISBN13 9781928580249 ISBN10 1928580246 All Product Details View Larger Image View Larger Images 000 List Price 000 SpiralComb Ships in 1 to 3 days What Our Readers Are Saying Be the first to share your thoughts on this title Product Details ISBN 9781928580249 Binding SpiralComb Publication date 01012006 Publisher HANLEY WOOD HOME PLANNERS Pages 380 Height 834 in Width 1136 in Thickness 94 in Number of Units 1 Copyright Year 2006 UPC Code 2801928580241 Author Jlc Subject Project management Subject ARCHITECTURE  General 000 List Price 000 SpiralComb Ships in 1 to 3 days Receive an email when this ISBN is available used 1 LOCOK 1 LOCOK LOCCancel 1 LOCOK LOCCancel 1 LOCOK 1 LOCOK LOCCancel 1 LOCOK LOCCancel 1 LOCOK 1 LOCOK LOCCancel 1 LOCOK LOCCancel 1 LOCOK 1 LOCOK LOCCancel 1 LOCOK LOCCancel Help Guarantee My Account Careers About Us Security Wish List Partners Contact Us Shipping Transparency ACT MRF Sitemap  2022 POWELLSCOM Terms 1 LOCOK 1 LOCOK LOCCancel 1 LOCOK LOCCancel 1 LOCOK 1 LOCOK LOCCancel 1 LOCOK LOCCancel 1 LOCOK 1 LOCOK LOCCancel 1 LOCOK LOCCancel 1 LOCOK 1 LOCOK LOCCancel 1 LOCOK LOCCancel"}