{"Title": " So You Want to Be in Show Business ", "Author": "Steve Stevens", "Cover Page": "https://powells-covers-2.s3.amazonaws.com/9781581824537.jpg", "ISBN10": "158182453X  \n", "ISBN13": "9781581824537", "Page URL": "https://powells.com/book/so-you-want-to-be-in-show-business-9781581824537", "raw_text": "So You Want to Be in Show Business Stevens Steve and Cady John Trade Paperback 9781581824537 Powells Books Cart   my account  wish list  help  8008787323 Hello\n Login MENU Browse New Arrivals Bestsellers Featured Preorders Award Winners Audio Books See All Subjects Used Staff Picks Staff Picks Picks of the Month Bookseller Displays 50 Books for 50 Years 25 Best 21st Century SciFi  Fantasy 25 PNW Books to Read Before You Die 25 Books From the 21st Century 25 Memoirs to Read Before You Die 25 Global Books to Read Before You Die 25 Women to Read Before You Die 25 Books to Read Before You Die Gifts Gift Cards  eGift Cards Powells Souvenirs Journals and Notebooks socks Games Sell Books Blog Events Find A Store Dont Miss BIG SALE 20 off sitewide Picks of the Season What Im Giving Great Gifts Under 25 Best Books of 2022 Powells Author Events Oregon Battle of the Books Audio Books Visit Our Stores Powells Books 14 Gift Ideas From 14 of Our Favorite Authors 0 comment Every year Powells reaches out to some of our favorite authors for some muchneeded giftgiving inspiration Below are 14 writerapproved recommendations to help you find the perfect book for even your mostdifficulttobuyfor loved one Read More  Powells Staff Best Books of 2022 Fiction 1 comment Kelsey Ford 6 Haunting Native American Horror Books 1 comment 1 LOCOK 1 LOCOK LOCCancel 1 LOCOK LOCCancel So You Want to Be in Show Business by Steve Stevens Comment on this title Synopses  Reviews ISBN13 9781581824537 ISBN10 158182453X All Product Details View Larger Image View Larger Images 1495 New Trade Paperback Available at a Remote Warehouse Ships separately from other items Additional shipping charges may apply Not available for In Store Pickup More Info Qty Store 20 Remote Warehouse Synopses  Reviews Publisher Comments Veteran agent Steve Stevens offers insight into breaking into TV movies etcparticularly in the LA market What Our Readers Are Saying Be the first to share your thoughts on this title Product Details ISBN 9781581824537 Binding Trade Paperback Publication date 04152005 Publisher Cumberland House Publishing Language English Pages 144 Height 43IN Width 550IN Thickness 43 in LCCN 2004029833 Number of Units 1 Copyright Year 2005 UPC Code 2801581824539 Author Steve Stevens Author John Cady Author Steve Sr Stevens Subject Television  Vocational guidance Subject Television Subject Motion pictures Subject DramaReference Subject Motion pictures  Vocational guidance 1495 New Trade Paperback Available at a Remote Warehouse Ships separately from other items Additional shipping charges may apply Not available for In Store Pickup More Info Qty Store 20 Remote Warehouse Receive an email when this ISBN is available used This title in other editions New Hardcover 2395 1 LOCOK 1 LOCOK LOCCancel 1 LOCOK LOCCancel 1 LOCOK 1 LOCOK LOCCancel 1 LOCOK LOCCancel 1 LOCOK 1 LOCOK LOCCancel 1 LOCOK LOCCancel 1 LOCOK 1 LOCOK LOCCancel 1 LOCOK LOCCancel Help Guarantee My Account Careers About Us Security Wish List Partners Contact Us Shipping Transparency ACT MRF Sitemap  2022 POWELLSCOM Terms 1 LOCOK 1 LOCOK LOCCancel 1 LOCOK LOCCancel 1 LOCOK 1 LOCOK LOCCancel 1 LOCOK LOCCancel 1 LOCOK 1 LOCOK LOCCancel 1 LOCOK LOCCancel 1 LOCOK 1 LOCOK LOCCancel 1 LOCOK LOCCancel"}