{"Title": " Beautiful Ghetto ", "Author": "Devin Allen, D Watkins", "Cover Page": "https://powells-covers-2.s3.amazonaws.com/9781608467594.jpg", "ISBN10": "1608467597  \n", "ISBN13": "9781608467594", "Page URL": "https://www.powells.com/book/beautiful-ghetto-9781608467594#SR", "raw_text": "A Beautiful Ghetto Allen Devin Hardcover 9781608467594 Powells Books Cart   my account  wish list  help  8008787323 Hello\n Login MENU Browse New Arrivals Bestsellers Featured Preorders Award Winners Audio Books See All Subjects Used Staff Picks Staff Picks Picks of the Month Bookseller Displays 50 Books for 50 Years 25 Best 21st Century SciFi  Fantasy 25 PNW Books to Read Before You Die 25 Books From the 21st Century 25 Memoirs to Read Before You Die 25 Global Books to Read Before You Die 25 Women to Read Before You Die 25 Books to Read Before You Die Gifts Gift Cards  eGift Cards Powells Souvenirs Journals and Notebooks socks Games Sell Books Blog Events Find A Store Dont Miss BIG SALE 20 off sitewide Picks of the Season What Im Giving Great Gifts Under 25 Best Books of 2022 Powells Author Events Oregon Battle of the Books Audio Books Visit Our Stores Powells Books 14 Gift Ideas From 14 of Our Favorite Authors 0 comment Every year Powells reaches out to some of our favorite authors for some muchneeded giftgiving inspiration Below are 14 writerapproved recommendations to help you find the perfect book for even your mostdifficulttobuyfor loved one Read More  Powells Staff Best Books of 2022 Fiction 1 comment Kelsey Ford 6 Haunting Native American Horror Books 1 comment 1 LOCOK 1 LOCOK LOCCancel 1 LOCOK LOCCancel Beautiful Ghetto by Devin Allen D Watkins Comment on this title Synopses  Reviews ISBN13 9781608467594 ISBN10 1608467597 All Product Details View Larger Image View Larger Images 000 List Price 000 Hardcover Ships in 1 to 3 days Synopses  Reviews Publisher Comments Allen asks us to see beyond the the violence and poverty that all too often defines the ghetto On April 18 2015 the city of Baltimore erupted in mass protests in response to the brutal murder of Freddie Gray by police Devin Allen was there and his iconic photos of the Baltimore uprising became a viral sensation In these stunning photographs Allen documents the uprising as he strives to capture the life of his city and the people who live there Each photo reveals the personality beauty and spirit of Baltimore and its people as his camera complicates popular ideas about the ghetto Allens camera finds hope and beauty doing battle against a system that sows desperation and fear and above all resistance to the unrelenting pressures of racism and poverty in a 21stcentury American city Review Devin Allens work demonstrates a connection between resistance as a daily activity a way of life in the ghetto and resistance as a political act as played out in the streets last spring He documents resistance without judgment without asking the usual questions that outsiders might Is it justified Is it effective Is it legal Resistance is represented not as a tactic but as a fundamental aspect of life Washington Post Review Devin Allen could be the Gordon Parks of his generation NBC BLK Review Devin Allens photographs paint a picture not only of the protests themselves but also of the ups and downs of everyday life in Baltimore The collection reenvisions the meaning of the term ghetto showing vibrancy within a racially divided city New York Magazine Review Allens photographs  which capture strength and beauty as well as disparity and decay  transport viewers through the protests following the death of Freddie Gray and into the streets and lives of the people of West Baltimore where he grew up Baltimore Magazine Review Devin Allen has compiled his poignant and sincere images of the real Baltimoreans who are often mischaracterized or neglected in the citys narrative for his first book A Beautiful Ghetto captures the essence of the city before during and after the Baltimore Uprising Baltimore City Paper About the Author Devin Allen was born and raised in West Baltimore He gained national attention when his photograph of the Baltimore Uprising was published on the cover of Time in May 2015  only the third time the work of an amateur photographer had been featured His photographs have also appeared in New York Magazine  The New York Times  The Washington Post  and Aperture  and in the permanent collections of the National Museum of African American History and Culture the Reginald F Lewis Museum and the Studio Museum in Harlem He is the founder of Through Their Eyes a youth photography educational program and the winner of the 2017 Gordon Parks Foundation Fellowship What Our Readers Are Saying Be the first to share your thoughts on this title Product Details ISBN 9781608467594 Binding Hardcover Publication date 09122017 Publisher Haymarket Books Pages 124 Height 50IN Width 900IN Illustration Yes Photo Devin Allen Author D Watkins Intro D Watkins Intro Keeangayamahtta Taylor Author Devin Allen 000 List Price 000 Hardcover Ships in 1 to 3 days Receive an email when this ISBN is available used 1 LOCOK 1 LOCOK LOCCancel 1 LOCOK LOCCancel 1 LOCOK 1 LOCOK LOCCancel 1 LOCOK LOCCancel 1 LOCOK 1 LOCOK LOCCancel 1 LOCOK LOCCancel 1 LOCOK 1 LOCOK LOCCancel 1 LOCOK LOCCancel Help Guarantee My Account Careers About Us Security Wish List Partners Contact Us Shipping Transparency ACT MRF Sitemap  2022 POWELLSCOM Terms 1 LOCOK 1 LOCOK LOCCancel 1 LOCOK LOCCancel 1 LOCOK 1 LOCOK LOCCancel 1 LOCOK LOCCancel 1 LOCOK 1 LOCOK LOCCancel 1 LOCOK LOCCancel 1 LOCOK 1 LOCOK LOCCancel 1 LOCOK LOCCancel"}