{"Title": " Mindfulness Survival Kit Five Essential Practices ", "Author": "Thich Nhat Hanh, Jack Kornfield, Joan Halifax", "Cover Page": "https://covers.powells.com/9781937006341.jpg", "ISBN10": "1937006344  \n", "ISBN13": "9781937006341", "Page URL": "https://powells.com/book/mindfulness-survival-kit-five-essential-practices-9781937006341", "raw_text": "Mindfulness Survival Kit Five Essential Practices Thich Nhat Hanh Jack Kornfield Joan Halifax Trade Paperback 9781937006341 Powells Books Cart   my account  wish list  help  8008787323 Hello\n Login MENU Browse New Arrivals Bestsellers Featured Preorders Award Winners Audio Books See All Subjects Used Staff Picks Staff Picks Picks of the Month Bookseller Displays 50 Books for 50 Years 25 Best 21st Century SciFi  Fantasy 25 PNW Books to Read Before You Die 25 Books From the 21st Century 25 Memoirs to Read Before You Die 25 Global Books to Read Before You Die 25 Women to Read Before You Die 25 Books to Read Before You Die Gifts Gift Cards  eGift Cards Powells Souvenirs Journals and Notebooks socks Games Sell Books Blog Events Find A Store Dont Miss BIG SALE 20 off sitewide Picks of the Season What Im Giving Great Gifts Under 25 Best Books of 2022 Powells Author Events Oregon Battle of the Books Audio Books Visit Our Stores Powells Books 14 Gift Ideas From 14 of Our Favorite Authors 0 comment Every year Powells reaches out to some of our favorite authors for some muchneeded giftgiving inspiration Below are 14 writerapproved recommendations to help you find the perfect book for even your mostdifficulttobuyfor loved one Read More  Powells Staff Best Books of 2022 Fiction 1 comment Kelsey Ford 6 Haunting Native American Horror Books 1 comment 1 LOCOK 1 LOCOK LOCCancel 1 LOCOK LOCCancel Mindfulness Survival Kit Five Essential Practices by Thich Nhat Hanh Jack Kornfield Joan Halifax Comment on this title Synopses  Reviews Read an Excerpt ISBN13 9781937006341 ISBN10 1937006344 Condition Standard All Product Details View Larger Image View Larger Images 895 List Price 1295 Used Trade Paperback Ships in 1 to 3 days Qty Store 1 Burnside 1 Hawthorne Synopses  Reviews Publisher Comments The Five Mindfulness Trainings also referred to as Precepts  not to kill steal commit adultery lie or take intoxicants  are the basic statement of ethics and morality in Buddhism In this fully revised edition Zen Master and peace activist Thich Nhat Hanh argues eloquently for their applicability in our daily lives and on a global scale Nhat Hanh discusses the value and meaning of each precept offering insights into the role that it could play in our changing society Thich Nhat Hanh calls the trainings a diet for a mindful society With this book he offers a valuable contribution to the debate on how we can come together to define secular moral guidelines that will allow us to explore and sustain a sane compassionate and healthy way of living The Five Mindfulness Trainings offer a path to restoring meaning and value in a world marked by moral and spiritual emptiness Whether called virtues ethics moral conduct or precepts they are guidelines for living without bringing harm to others they bring sanity and light into the world Review Nhat Hanhs meditations illuminate the connection between spirituality and social action and point us to the value of mindfulness in everyday life  Publishers Weekly A beautiful wise sensitive book for Buddhists and those open to learning from other traditions Highly recommended  Library Journal Review Reviews for the previous edition Nhat Hanhs meditations illuminate the connection between spirituality and social action and point us to the value of mindfulness in everyday life Publishers Weekly A beautiful wise sensitive book for Buddhists and those open to learning from other traditions Highly recommended Library Journal Thich Nhat Hans deep understanding of the precepts trainings and his actual contact with todays suffering make these reworkings profound  Turning Wheel The insightful and penetrating commentaries on the precepts by one of the wisest and most compassionate spiritual guides of our times offer challenging responses to the most difficult moral dilemmas we face  Fellowship in Prayer QUOTE Violence racial injustice alcoholism sexual abuse environmental exploitation and so many other problems compel us to find ways to stop the suffering that is rampant in ourselves and in society To realize peace in our daily lives we need some guidelines 2500 years ago the Buddha offered Five Wonderful Precepts as a practice to help us live a peaceful and wholesome life Thich Nhat Hanh Endorsements The teaching of the Buddha is said to be vast and profound I firmly believe that it has the power to transform our society but only if more and more men and women come to embody it in their lives living in mindfulness and acting with compassion both toward themselves and toward others The great and gentle strength of Thich Nhat Hanhs teaching is to show us that a vision of a world in peace is not only possible but that it begins here begins now with each one of us looking deeply within and honoring limitless potential We can change the world by how we live and nothing less than the survival of our species on Earth may be at stake As human beings to live in wisdom and to love in compassion is not only our responsibility but our birthright Sogyal Rinpoche  author of The Tibetan Book of Living and Dying Synopsis The Five Mindfulness Trainings also referred to as Preceptsnot to kill steal commit adultery lie or take intoxicantsare the basic statement of ethics and morality in Buddhism Zen Master and peace activist Thich Nhat Hanh argues eloquently for their applicability in our daily lives and on a global scale Nhat Hanh discusses the value and meaning of each precept offering insights into the role that it could play in our changing society Thich Nhat Hanh calls the trainings a diet for a mindful society With this book he offers a Buddhist contribution to the current thinking on how we can come together to define secular moral guidelines that will allow us to explore and sustain a sane compassionate and healthy way of living The Five Mindfulness Trainings offer a path to restoring meaning and value in our world whether called virtues ethics moral conduct or precepts they are guidelines for living without bringing harm to others About the Author Born in Hue Vietnam Thich Nhat Hanh is a Buddhist monk poet scholar and human rights activist In 1967 he was nominated by Martin Luther King Jr for the Nobel Peace Prize He is author of more than one hundred books including Being Peace Happiness Awakening of the Heart and Reconciliation He lives at Plum Village a meditation center in France and travels worldwide leading retreats on the art of mindful living Joan Halifax is the author of several books including The Fruitful Darkness and Being with Dying  She is the founder of the Zen Peacemaker community and currently serves as Abbot and Head Teacher of Upaya Zen Center a Buddhist monastery in Santa Fe New Mexico She lives in Santa Fe NM Jack Kornfield PhD  is founder of both the Insight Meditation Society in Massachusetts and the Spirit Rock Meditation Center in California An influential psychologist author and teacher his books including A Path with Heart  and Bringing Home the Dharma  which have been translated into 20 languages and sold more than a million copies He lives in Woodacre CA Table of Contents Foreword Joan Halifax The Road Is Your Footsteps Introduction The Five Mindfulness Trainings First Mindfulness Training Reverence for Life Second Mindfulness Training Generosity Third Mindfulness Training Sexual Responsibility Fourth Mindfulness Training Deep Listening and Loving Speech Fifth Mindfulness Training Diet for a Mindful Society The Three Jewels Commentary on the Three Jewels Frequently Asked Questions About the Five Mindfulness Trainings and the Three Jewels Afterword Jack Kornfield Happiness Comes from the Heart What Our Readers Are Saying Be the first to share your thoughts on this title Product Details ISBN 9781937006341 Binding Trade Paperback Publication date 10312013 Publisher PARALLAX PRESS Pages 160 Height 80IN Width 440IN Thickness 50 Copyright Year 2014 Author Thich Nhat Hanh Author Jack Kornfield Author Joan Halifax 895 List Price 1295 Used Trade Paperback Ships in 1 to 3 days Qty Store 1 Burnside 1 Hawthorne More copies of this ISBN New Trade Paperback 1295 1 LOCOK 1 LOCOK LOCCancel 1 LOCOK LOCCancel 1 LOCOK 1 LOCOK LOCCancel 1 LOCOK LOCCancel 1 LOCOK 1 LOCOK LOCCancel 1 LOCOK LOCCancel 1 LOCOK 1 LOCOK LOCCancel 1 LOCOK LOCCancel Help Guarantee My Account Careers About Us Security Wish List Partners Contact Us Shipping Transparency ACT MRF Sitemap  2022 POWELLSCOM Terms 1 LOCOK 1 LOCOK LOCCancel 1 LOCOK LOCCancel 1 LOCOK 1 LOCOK LOCCancel 1 LOCOK LOCCancel 1 LOCOK 1 LOCOK LOCCancel 1 LOCOK LOCCancel 1 LOCOK 1 LOCOK LOCCancel 1 LOCOK LOCCancel"}