{"Title": " How the Garcia Girls Lost Their Accents ", "Author": "Julia Alvarez", "Cover Page": "https://powells-covers-2.s3.amazonaws.com/9781565129757.jpg", "ISBN10": "156512975X  \n", "ISBN13": "9781565129757", "Page URL": "https://powells.com/book/-9781565129757", "raw_text": "How the Garcia Girls Lost Their Accents Julia Alvarez Trade Paperback 9781565129757 Powells Books Cart   my account  wish list  help  8008787323 Hello\n Login MENU Browse New Arrivals Bestsellers Featured Preorders Award Winners Audio Books See All Subjects Used Staff Picks Staff Picks Picks of the Month Bookseller Displays 50 Books for 50 Years 25 Best 21st Century SciFi  Fantasy 25 PNW Books to Read Before You Die 25 Books From the 21st Century 25 Memoirs to Read Before You Die 25 Global Books to Read Before You Die 25 Women to Read Before You Die 25 Books to Read Before You Die Gifts Gift Cards  eGift Cards Powells Souvenirs Journals and Notebooks socks Games Sell Books Blog Events Find A Store Dont Miss BIG SALE 20 off sitewide Picks of the Season What Im Giving Great Gifts Under 25 Best Books of 2022 Powells Author Events Oregon Battle of the Books Audio Books Visit Our Stores Powells Books 14 Gift Ideas From 14 of Our Favorite Authors 0 comment Every year Powells reaches out to some of our favorite authors for some muchneeded giftgiving inspiration Below are 14 writerapproved recommendations to help you find the perfect book for even your mostdifficulttobuyfor loved one Read More  Powells Staff Best Books of 2022 Fiction 1 comment Kelsey Ford 6 Haunting Native American Horror Books 1 comment 1 LOCOK 1 LOCOK LOCCancel 1 LOCOK LOCCancel How the Garcia Girls Lost Their Accents by Julia Alvarez Comment on this title Synopses  Reviews ISBN13 9781565129757 ISBN10 156512975X Condition Standard All Product Details View Larger Image View Larger Images 1050 List Price 1695 Used Trade Paperback Ships in 1 to 3 days Qty Store 1 Burnside 1 Cedar Hills 1 Local Warehouse Synopses  Reviews Publisher Comments Simply wonderful  Los Angeles Times Acclaimed writer Julia Alvarezs brilliant and buoyant and beloved first novel gives voice to four sisters recounting their adventures growing up in two cultures Selected as a Notable Book by both the New York Times and the American Library Association it won the PEN OaklandJosephine Miles Award for books with a multicultural perspective and was chosen by New York librarians as one of twentyone classics for the twentyfirst century Ms Alvarez was recently honored with the 2013 National Medal of Arts for her extraordinary storytelling In this debut novel the Garc\u00eda sistersCarla Sandra Yolanda and Sof\u00edaand their family must flee their home in the Dominican Republic after their fathers role in an attempt to overthrow a tyrannical dictator is discovered They arrive in New York City in 1960 to a life far removed from their existence in the Caribbean In the wild and wondrous and not always welcoming USA their parents try to hold on to their old ways but the girls try find new lives by forgetting their Spanish by straightening their hair and wearing fringed bell bottoms For them it is at once liberating and excruciating to be caught between the old world and the new How the Garc\u00eda Girls Lost Their Accents sets the sisters free to tell their most intimate stories about how they came to be at homeand not at homein America A joy to read  The Cleveland Plain Dealer Review A cleareyed look at the insecurity and yearning for a sense of belonging that are a part of the immigrant experienceMovingly told The Washington Post Book World Review A joy to read The Cleveland Plain Dealer Review SubtlePowerfulReveals the intricacies of family the impact of culture and place and the profound power of language The San Diego Tribune Review PoignantPowerfulBeautifully captures the threshold experience of the new immigrant where the past is not yet a memory The New York Times Book Review Review A joy to read  The Cleveland Plain Dealer The New York Times Book Review Synopsis Its a long way from Santo Domingo to the Bronx but if anyone can go the distance its the Garcia girls Four lively Latinas plunge from a pampered life of privilege on an island compound into the bigcity chaos of New York where they embrace all that America has to offer Synopsis Simply wonderful Los Angeles Times Acclaimed writer Julia Alvarez s brilliant and buoyant and beloved first novel gives voice to four sisters recounting their adventures growing up in two cultures Selected as a Notable Book by both the New York Times and the American Library Association it won the PEN OaklandJosephine Miles Award for books with a multicultural perspective and was chosen by New York librarians as one of twentyone classics for the twentyfirst century Ms Alvarez was recently honored with the 2013 National Medal of Arts for her extraordinary storytelling In this debut novel the Garcia sisters Carla Sandra Yolanda and Sofia and their family must flee their home in the Dominican Republic after their father s role in an attempt to overthrow a tyrannical dictator is discovered They arrive in New York City in 1960 to a life far removed from their existence in the Caribbean In the wild and wondrous and not always welcoming USA their parents try to hold on to their old ways but the girls try find new lives by forgetting their Spanish by straightening their hair and wearing fringed bell bottoms For them it is at once liberating and excruciating to be caught between the old world and the new How the Garcia Girls Lost Their Accents sets the sisters free to tell their most intimate stories about how they came to be at home and not at home in America A joy to read The Cleveland Plain Dealer  Synopsis Julia Alvarezs Beloved First Novel Simply wonderful  Los Angeles Times Acclaimed writer Julia Alvarezs brilliant and buoyant and beloved first novel gives voice to four sisters recounting their adventures growing up in two cultures Selected as a Notable Book by both the New York Times and the American Library Association it won the PEN OaklandJosephine Miles Award for books with a multicultural perspective and was chosen by New York librarians as one of twentyone classics for the twentyfirst century Ms Alvarez was recently honored with the 2013 National Medal of Arts for her extraordinary storytelling In this debut novel the Garc a sistersCarla Sandra Yolanda and Sof aand their family must flee their home in the Dominican Republic after their fathers role in an attempt to overthrow a tyrannical dictator is discovered They arrive in New York City in 1960 to a life far removed from their existence in the Caribbean In the wild and wondrous and not always welcoming USA their parents try to hold on to their old ways but the girls try find new lives by forgetting their Spanish by straightening their hair and wearing fringed bell bottoms For them it is at once liberating and excruciating to be caught between the old world and the new How the Garc a Girls Lost Their Accents sets the sisters free to tell their most intimate stories about how they came to be at homeand not at homein America A joy to read  The Cleveland Plain Dealer Synopsis A joy to read  The Cleveland Plain Dealer Acclaimed writer Julia Alvarezs beloved first novel gives voice to four sisters as they grow up in two cultures The Garc a sistersCarla Sandra Yolanda and Sof aand their family must flee their home in the Dominican Republic after their fathers role in an attempt to overthrow brutal dictator Rafael Trujillo is discovered They arrive in New York City in 1960 to a life far removed from their existence in the Caribbean In the wondrous but not always welcoming USA their parents try to hold on to their old ways as the girls try find new lives by straightening their hair and wearing American fashions and by forgetting their Spanish For them it is at once liberating and excruciating to be caught between the old world and the new Here they tell their stories about being at homeand not at homein America Synopsis Poignant    Powerful    Beautifully captures the threshold experience of the new immigrant where the past is not yet a memory The New York Times Book Review Acclaimed writer Julia Alvarezs beloved first novel gives voice to four sisters as they grow up in two cultures The Garc a sistersCarla Sandra Yolanda and Sof aand their family must flee their home in the Dominican Republic after their fathers role in an attempt to overthrow brutal dictator Rafael Trujillo is discovered They arrive in New York City in 1960 to a life far removed from their existence in the Caribbean In the wondrous but not always welcoming USA their parents try to hold on to their old ways as the girls try find new lives by straightening their hair and wearing American fashions and by forgetting their Spanish For them it is at once liberating and excruciating to be caught between the old world and the new Here they tell their stories about being at homeand not at homein America Julia Alvarezs new novel Afterlife  is available now Synopsis Acclaimed writer Julia Alvarezs beloved first novel gives voice to four sisters as they grow up in two cultures The Garc a sistersCarla Sandra Yolanda and Sof aand their family must flee their home in the Dominican Republic after their fathers role in an attempt to overthrow brutal dictator Rafael Trujillo is discovered They arrive in New York City in 1960 to a life far removed from their existence in the Caribbean In the wondrous but not always welcoming USA their parents try to hold on to their old ways as the girls try find new lives by straightening their hair and wearing American fashions and by forgetting their Spanish For them it is at once liberating and excruciating to be caught between the old world and the new Here they tell their stories about being at homeand not at homein America Synopsis The Garc\u00edas  Dr Carlos Papi his wife Laura Mami and their four daughters Carla Sandra Yolanda and Sof\u00eda  belong to the uppermost echelon of Spanish Caribbean society descended from the conquistadores Their family compound adjoins the palacio of the dictators daughter So when Dr Garc\u00edas part in a coup attempt is discovered the family must flee They arrive in New York City in 1960 to a life far removed from their existence in the Dominican Republic Papi has to find new patients in the Bronx Mami far from the compound and the family retainers must find herself Meanwhile the girls try to lose themselves  by forgetting their Spanish by straightening their hair and wearing fringed bell bottoms For them it is at once liberating and excruciating being caught between the old world and the new trying to live up to their fathers version of honor while accommodating the expectations of their American boyfriends Acclaimed writer Julia Alvarezs brilliant and buoyant first novel sets the Garc\u00eda girls free to tell their most intimate stories about how they came to be at home  and not at home  in America About the Author Alvarez is a poet and fiction writer She teaches creative writing and literature at Middlebury College 3 1 What Our Readers Are Saying Share your thoughts on this title Average customer rating 3 1 comments  lukas  February 14 2014 view all comments by lukas Ive been reading DominicanAmerican writer Julia Alvarezs In the Time of the Butterflies with my high school English book and wanted to read something else by here This is her first novel and it helps to have read Butterflies first as it will give you a politicalhistorical context for why the family left the DR in the 60s Like Butterflies its centered around the family and takes place over many years the chronology works backwards in this novel It combines two classic plots the coming of age novel and the immigrant novel in a vibrant observant manner You may also like Junot Diazs The Brief Wondrous Life of Oscar Wao Was this comment helpful  Yes  No report this\ncomment Product Details ISBN 9781565129757 Binding Trade Paperback Publication date 01012010 Publisher ALGONQUIN BOOKS OF CHAPEL HILL Pages 336 Height 94IN Width 543IN Thickness 75 Number of Units 1 Copyright Year 2010 Author Julia Alvarez Subject LiteratureA to Z 1050 List Price 1695 Used Trade Paperback Ships in 1 to 3 days Qty Store 1 Burnside 1 Cedar Hills 1 Local Warehouse More copies of this ISBN New Trade Paperback 1695 Used Trade Paperback 1095 This title in other editions New Hardcover 2700 Used Trade Paperback Starting from 650 1 LOCOK 1 LOCOK LOCCancel 1 LOCOK LOCCancel 1 LOCOK 1 LOCOK LOCCancel 1 LOCOK LOCCancel 1 LOCOK 1 LOCOK LOCCancel 1 LOCOK LOCCancel 1 LOCOK 1 LOCOK LOCCancel 1 LOCOK LOCCancel Help Guarantee My Account Careers About Us Security Wish List Partners Contact Us Shipping Transparency ACT MRF Sitemap  2022 POWELLSCOM Terms 1 LOCOK 1 LOCOK LOCCancel 1 LOCOK LOCCancel 1 LOCOK 1 LOCOK LOCCancel 1 LOCOK LOCCancel 1 LOCOK 1 LOCOK LOCCancel 1 LOCOK LOCCancel 1 LOCOK 1 LOCOK LOCCancel 1 LOCOK LOCCancel"}