{"Title": " Math of Life & Death 7 Mathematical Principles That Shape Our Lives ", "Author": "Kit Yates", "Cover Page": "https://powells-covers-2.s3.amazonaws.com/9781982111878.jpg", "ISBN10": "1982111879  \n", "ISBN13": "9781982111878", "Page URL": "https://powells.com/book/math-of-life-death-7-mathematical-principles-that-shape-our-lives-9781982111878", "raw_text": "The Math of Life and Death 7 Mathematical Principles That Shape Our Lives Kit Yates Hardcover 9781982111878 Powells Books Cart   my account  wish list  help  8008787323 Hello\n Login MENU Browse New Arrivals Bestsellers Featured Preorders Award Winners Audio Books See All Subjects Used Staff Picks Staff Picks Picks of the Month Bookseller Displays 50 Books for 50 Years 25 Best 21st Century SciFi  Fantasy 25 PNW Books to Read Before You Die 25 Books From the 21st Century 25 Memoirs to Read Before You Die 25 Global Books to Read Before You Die 25 Women to Read Before You Die 25 Books to Read Before You Die Gifts Gift Cards  eGift Cards Powells Souvenirs Journals and Notebooks socks Games Sell Books Blog Events Find A Store Dont Miss BIG SALE 20 off sitewide Picks of the Season What Im Giving Great Gifts Under 25 Best Books of 2022 Powells Author Events Oregon Battle of the Books Audio Books Visit Our Stores Powells Books 14 Gift Ideas From 14 of Our Favorite Authors 0 comment Every year Powells reaches out to some of our favorite authors for some muchneeded giftgiving inspiration Below are 14 writerapproved recommendations to help you find the perfect book for even your mostdifficulttobuyfor loved one Read More  Powells Staff Best Books of 2022 Fiction 1 comment Kelsey Ford 6 Haunting Native American Horror Books 1 comment 1 LOCOK 1 LOCOK LOCCancel 1 LOCOK LOCCancel Math of Life  Death 7 Mathematical Principles That Shape Our Lives by Kit Yates Comment on this title ISBN13 9781982111878 ISBN10 1982111879 Condition Like New All Product Details View Larger Image View Larger Images 1098 List Price 2600 Used Hardcover Ships in 1 to 3 days Qty Store 10 Burnside 8 Cedar Hills 1 Hawthorne 20 Local Warehouse What Our Readers Are Saying Be the first to share your thoughts on this title Product Details ISBN 9781982111878 Binding Hardcover Publication date 01072020 Publisher SIMON  SCHUSTER TRADE Pages 288 Height 100IN Width 630IN Illustration Yes Author Kit Yates 1098 List Price 2600 Used Hardcover Ships in 1 to 3 days Qty Store 10 Burnside 8 Cedar Hills 1 Hawthorne 20 Local Warehouse More copies of this ISBN New Hardcover 2600 Used Hardcover 1795 This title in other editions New Trade Paperback 1700 1 LOCOK 1 LOCOK LOCCancel 1 LOCOK LOCCancel 1 LOCOK 1 LOCOK LOCCancel 1 LOCOK LOCCancel 1 LOCOK 1 LOCOK LOCCancel 1 LOCOK LOCCancel 1 LOCOK 1 LOCOK LOCCancel 1 LOCOK LOCCancel Help Guarantee My Account Careers About Us Security Wish List Partners Contact Us Shipping Transparency ACT MRF Sitemap  2022 POWELLSCOM Terms 1 LOCOK 1 LOCOK LOCCancel 1 LOCOK LOCCancel 1 LOCOK 1 LOCOK LOCCancel 1 LOCOK LOCCancel 1 LOCOK 1 LOCOK LOCCancel 1 LOCOK LOCCancel 1 LOCOK 1 LOCOK LOCCancel 1 LOCOK LOCCancel"}