{"Title": " Tinderbox HBOs Ruthless Pursuit of New Frontiers ", "Author": "James Andrew Miller", "Cover Page": "https://powells-covers-2.s3.amazonaws.com/9781250624017.jpg", "ISBN10": "1250624010  \n", "ISBN13": "9781250624017", "Page URL": "https://powells.com/book/tinderbox-hbos-ruthless-pursuit-of-new-frontiers-9781250624017", "raw_text": "Tinderbox Hbos Ruthless Pursuit of New Frontiers James Andrew Miller Hardcover 9781250624017 Powells Books Cart   my account  wish list  help  8008787323 Hello\n Login MENU Browse New Arrivals Bestsellers Featured Preorders Award Winners Audio Books See All Subjects Used Staff Picks Staff Picks Picks of the Month Bookseller Displays 50 Books for 50 Years 25 Best 21st Century SciFi  Fantasy 25 PNW Books to Read Before You Die 25 Books From the 21st Century 25 Memoirs to Read Before You Die 25 Global Books to Read Before You Die 25 Women to Read Before You Die 25 Books to Read Before You Die Gifts Gift Cards  eGift Cards Powells Souvenirs Journals and Notebooks socks Games Sell Books Blog Events Find A Store Dont Miss BIG SALE 20 off sitewide Picks of the Season What Im Giving Great Gifts Under 25 Best Books of 2022 Powells Author Events Oregon Battle of the Books Audio Books Visit Our Stores Powells Books 14 Gift Ideas From 14 of Our Favorite Authors 0 comment Every year Powells reaches out to some of our favorite authors for some muchneeded giftgiving inspiration Below are 14 writerapproved recommendations to help you find the perfect book for even your mostdifficulttobuyfor loved one Read More  Powells Staff Best Books of 2022 Fiction 1 comment Kelsey Ford 6 Haunting Native American Horror Books 1 comment 1 LOCOK 1 LOCOK LOCCancel 1 LOCOK LOCCancel Tinderbox HBOs Ruthless Pursuit of New Frontiers by James Andrew Miller Comment on this title Synopses  Reviews ISBN13 9781250624017 ISBN10 1250624010 Condition Standard DustJacket Standard All Product Details View Larger Image View Larger Images 3500 List Price 5000 Used Hardcover Ships in 1 to 3 days Qty Store 1 Burnside 1 Hawthorne Synopses  Reviews Synopsis From the New York Times bestselling author of Those Guys Have All the Fun comes the unvarnished comprehensive and astonishing history of HBO told for the first time through the disruptors who led its epic rise to prestige and changed the way we watch television forever The exclusive story of HBOs key creators executives actors and directors gives readers an unprecedented peek behind the curtain at the founding and triumph of the first paychannel that brought America The Sopranos  Sex and the City  The Wire  Succession  and countless groundbreaking cultureshifting shows James Andrew Miller collects insider accounts of the humble beginnings devastating missteps controversial business decisions and of course backstage drama and celebrity gossip from the set Since televisions entered Americans living rooms the question of whether programming should be freepaid for with advertisinghas loomed to the extent that some broadcasters lobbyists and fearmongers warned someone would come along and disrupt their Madison Avenuechampioned business model But who would pay for something that had always been free Home Box Office dared to ask that question in 1972 opening the doors for other paychannels and ultimately the streaming platforms that are now the norm They created different better contentor at least they convinced viewers that different was better HBO gave us violent scenes with blood and guts shows like Tales from the Crypt that were actually scary romcoms with sex instead of suggestion We take their bigbudget prestige TV for granted now but their success was far from assured at the outset HBOs audacity built the viewing culture we have today and permanently transformed the television landscape Synopsis Tinderbox tells the exclusive explosive uninhibited true story of HBO and how it burst onto the American scene and screen to detonate a revolution and transform our relationship with television forever The Sopranos  Game of Thrones  Sex and the City  The Wire  Succession HBO has long been the home of epic shows as well as the source for brilliant new movies newsmaking documentaries and controversial sports journalism By thinking big trashing tired formulas and killing off cliches long past their primes HBO shook off the shackles of convention and led the way to a bolder world of content opening the door to all that was new original and worthy of our attention In Tinderbox  awardwinning journalist James Andrew Miller uncovers a bottomless trove of secrets and surprises revealing new conflicts insights and analysis As he did to great acclaim with SNL in Live from New York  with ESPN in Those Guys Have All the Fun  and with talent agency CAA in Powerhouse  Miller continues his record of extraordinary access to the most important voices this time speaking with talents ranging from Abrams J J to Zendaya as well as every single living president of HBOand hundreds of other major players Over the course of more than 650 interviews with key sources Miller reveals how fraught HBOs journey has been capturing the drama and the comedy offcamera and inside boardrooms as HBO created and mobilized a daring new content universe and in doing so reshaped storytelling and upended our entertainment lives forever What Our Readers Are Saying Be the first to share your thoughts on this title Product Details ISBN 9781250624017 Binding Hardcover Publication date 11232021 Publisher HENRY HOLT  CO Pages 1024 Height 189IN Width 654IN Illustration Yes Author James Andrew Miller 3500 List Price 5000 Used Hardcover Ships in 1 to 3 days Qty Store 1 Burnside 1 Hawthorne More copies of this ISBN New Hardcover 5000 1 LOCOK 1 LOCOK LOCCancel 1 LOCOK LOCCancel 1 LOCOK 1 LOCOK LOCCancel 1 LOCOK LOCCancel 1 LOCOK 1 LOCOK LOCCancel 1 LOCOK LOCCancel 1 LOCOK 1 LOCOK LOCCancel 1 LOCOK LOCCancel Help Guarantee My Account Careers About Us Security Wish List Partners Contact Us Shipping Transparency ACT MRF Sitemap  2022 POWELLSCOM Terms 1 LOCOK 1 LOCOK LOCCancel 1 LOCOK LOCCancel 1 LOCOK 1 LOCOK LOCCancel 1 LOCOK LOCCancel 1 LOCOK 1 LOCOK LOCCancel 1 LOCOK LOCCancel 1 LOCOK 1 LOCOK LOCCancel 1 LOCOK LOCCancel"}