{"Title": " In a Dark, Dark Wood ", "Author": "Ruth Ware", "Cover Page": "https://powells-covers-2.s3.amazonaws.com/9781501112331.jpg", "ISBN10": "1501112333  \n", "ISBN13": "9781501112331", "Page URL": "https://powells.com/book/in-a-dark-dark-wood-9781501112331", "raw_text": "In a Dark Dark Wood Ruth Ware Trade Paperback 9781501112331 Powells Books Cart   my account  wish list  help  8008787323 Hello\n Login MENU Browse New Arrivals Bestsellers Featured Preorders Award Winners Audio Books See All Subjects Used Staff Picks Staff Picks Picks of the Month Bookseller Displays 50 Books for 50 Years 25 Best 21st Century SciFi  Fantasy 25 PNW Books to Read Before You Die 25 Books From the 21st Century 25 Memoirs to Read Before You Die 25 Global Books to Read Before You Die 25 Women to Read Before You Die 25 Books to Read Before You Die Gifts Gift Cards  eGift Cards Powells Souvenirs Journals and Notebooks socks Games Sell Books Blog Events Find A Store Dont Miss BIG SALE 20 off sitewide Picks of the Season What Im Giving Great Gifts Under 25 Best Books of 2022 Powells Author Events Oregon Battle of the Books Audio Books Visit Our Stores Powells Books 14 Gift Ideas From 14 of Our Favorite Authors 0 comment Every year Powells reaches out to some of our favorite authors for some muchneeded giftgiving inspiration Below are 14 writerapproved recommendations to help you find the perfect book for even your mostdifficulttobuyfor loved one Read More  Powells Staff Best Books of 2022 Fiction 1 comment Kelsey Ford 6 Haunting Native American Horror Books 1 comment 1 LOCOK 1 LOCOK LOCCancel 1 LOCOK LOCCancel In a Dark Dark Wood by Ruth Ware Comment on this title Synopses  Reviews ISBN13 9781501112331 ISBN10 1501112333 Condition Standard All Product Details View Larger Image View Larger Images 1095 List Price 1600 Used Trade Paperback Ships in 1 to 3 days Qty Store 19 Burnside 4 Cedar Hills 3 Hawthorne 4 Local Warehouse Staff Pick Nora begrudgingly agrees to attend the hen do of the best friend from whom shes been 10 years estranged bad mistake Set in a glass manor in the English countryside  away from all civilization and with a storm on the way  the party collapses rapidly Theres an Ouija board freeflowing alcohol footsteps in the snow a shotgun\nExamining themes of duplicity jealousy ruined friendships mental illness and the importance of the opinions of others In a Dark Dark Wood is the perfect answer to a reading rut a long vacation or simply what to read next Wickedly delicious Recommended By Dianah H Powellscom Synopses  Reviews Publisher Comments What should be a cozy and funfilled weekend deep in the English countryside takes a sinister turn in Ruth Wares suspenseful compulsive and darkly twisted psychological thriller Leonora known to some as Lee and others as Nora is a reclusive crime writer unwilling to leave her nest of an apartment unless it is absolutely necessary When a friend she hasnt seen or spoken to in years unexpectedly invites Nora Lee to a weekend away in an eerie glass house deep in the English countryside she reluctantly agrees to make the trip Fortyeight hours later she wakes up in a hospital bed injured but alive with the knowledge that someone is dead Wondering not what happened but what have I done Nora Lee tries to piece together the events of the past weekend Working to uncover secrets reveal motives and find answers Nora Lee must revisit parts of herself that she would much rather leave buried where they belong in the past In the tradition of Paula Hawkinss instant New York Times bestseller The Girl On the Train and S J Watsons riveting national sensation Before I Go To Sleep  this gripping literary debut from UK novelist Ruth Ware will leave you on the edge of your seat through the very last page Review An enchantingly unsettling thriller with mysterious characters and a classically spooky setting Shelf Awareness Review In a Dark Dark Wood packs a noirish punch that would make the Queen of Crime herself proud Bustle Review The best thing about In A Dark Dark Wood is the eerie atmosphere it creates for this illfated weekend never overwrought just ominous enough the glass house where the guests are trapped dark and silent blending into the trees almost invisible USATodaycom Review WARNING This book is hot Do not pick it up late at night or if you are in a dark dark woodRuth Ware has a gift This British authors first foray into fiction is a hitit delivers a punch and keeps you guessingan ideal August psychodrama that reminds us why mysteries remain such funexcept at night The New York Journal of Books Review Ware slowly unspools the mystery setting a truly spooky scenewith a constant undercurrent of danger Read it on adark and stormy nightwith all the lights on Kirkus Reviews Review I raced through this totally unable to put it downDark smart and compulsive Nicci Cloke author of Lay Me Down Review I started In a Dark Dark Wood on an airplane kept dipping into it whenever I was left alone devoured another big chunk on the flight home and after that surrendered myself to it until the last revelation had bloomed the final surprise had exploded and the bittersweet conclusive turn had folded the final page Ruth Ware has written an exciting and in fact amazing book that never stops circling around behind the reader and clapping its cold hands over her eyes Peter Straub New York Times bestselling author About the Author Ruth Ware grew up in Sussex on the south coast of England After graduating from Manchester University she moved to Paris before returning to the UK She has worked as a waitress a bookseller a teacher of English as a foreign language and a press officer She now lives in London with her husband and two small children 18 4 What Our Readers Are Saying Share your thoughts on this title Average customer rating 18 4 comments  Mike from Seattle WA  January 22 2021 view all comments by Mike from Seattle WA This is the first bad book Ive read all year This is the only title of the year read about 30 books in 2020 that I couldnt finish\nI tried I honestly tried\nCheers\nMike Was this comment helpful  Yes  No report this\ncomment  Karen from SF  July 18 2020 view all comments by Karen from SF Capitalizing on the popularity of thrillermysteries featuring female protagonists in peril Girl on a Train et al this is a mediocre entry into the genre The writing is clunky the characters onenote and the mystery not terribly mysterious If youre stuck in a house in the dark woods with nothing else to read sure But if youre looking for a pageturner with lovely writing complex characters and clever plots turn to Tana French instead Was this comment helpful  Yes  No report this\ncomment  abby  April 07 2018 kind of a silly book and not scary at all Was this comment helpful  Yes  No report this\ncomment  clloop  April 28 2016 view all comments by clloop I thought this would be more intense or dark but right as it starts to pull you inover halfway through the book they throw in a twist I am fine with and actually would say a fan of twists but I dont feel this helped the story All in all its a fun quick read Was this comment helpful  Yes  No 1 of 1 readers found this comment helpful report this\ncomment View all 4 comments Product Details ISBN 9781501112331 Binding Trade Paperback Publication date 04192016 Publisher GalleryScout Press Pages 352 Height 100IN Width 530IN Author Ruth Ware 1095 List Price 1600 Used Trade Paperback Ships in 1 to 3 days Qty Store 19 Burnside 4 Cedar Hills 3 Hawthorne 4 Local Warehouse More copies of this ISBN New Trade Paperback 1600 Used Trade Paperback Starting from 695 This title in other editions Used Mass Market 895 1 LOCOK 1 LOCOK LOCCancel 1 LOCOK LOCCancel 1 LOCOK 1 LOCOK LOCCancel 1 LOCOK LOCCancel 1 LOCOK 1 LOCOK LOCCancel 1 LOCOK LOCCancel 1 LOCOK 1 LOCOK LOCCancel 1 LOCOK LOCCancel Help Guarantee My Account Careers About Us Security Wish List Partners Contact Us Shipping Transparency ACT MRF Sitemap  2022 POWELLSCOM Terms 1 LOCOK 1 LOCOK LOCCancel 1 LOCOK LOCCancel 1 LOCOK 1 LOCOK LOCCancel 1 LOCOK LOCCancel 1 LOCOK 1 LOCOK LOCCancel 1 LOCOK LOCCancel 1 LOCOK 1 LOCOK LOCCancel 1 LOCOK LOCCancel"}