{"Title": " Life A User's Manual ", "Author": "Georges Perec, David Bellos", "Cover Page": "https://covers.powells.com/9781567923735.jpg", "ISBN10": "1567923739  \n", "ISBN13": "9781567923735", "Page URL": "https://www.powells.com/book/life-a-users-manual-9781567923735/18-0", "raw_text": "Life A Users Manual Georges Perec David Bellos Trade Paperback 9781567923735 Powells Books Cart   my account  wish list  help  8008787323 Hello\n Login MENU Browse New Arrivals Bestsellers Featured Preorders Award Winners Audio Books See All Subjects Used Staff Picks Staff Picks Picks of the Month Bookseller Displays 50 Books for 50 Years 25 Best 21st Century SciFi  Fantasy 25 PNW Books to Read Before You Die 25 Books From the 21st Century 25 Memoirs to Read Before You Die 25 Global Books to Read Before You Die 25 Women to Read Before You Die 25 Books to Read Before You Die Gifts Gift Cards  eGift Cards Powells Souvenirs Journals and Notebooks socks Games Sell Books Blog Events Find A Store Dont Miss BIG SALE 20 off sitewide Picks of the Season What Im Giving Great Gifts Under 25 Best Books of 2022 Powells Author Events Oregon Battle of the Books Audio Books Visit Our Stores Powells Books 14 Gift Ideas From 14 of Our Favorite Authors 0 comment Every year Powells reaches out to some of our favorite authors for some muchneeded giftgiving inspiration Below are 14 writerapproved recommendations to help you find the perfect book for even your mostdifficulttobuyfor loved one Read More  Powells Staff Best Books of 2022 Fiction 1 comment Kelsey Ford 6 Haunting Native American Horror Books 1 comment 1 LOCOK 1 LOCOK LOCCancel 1 LOCOK LOCCancel Life A Users Manual by Georges Perec David Bellos Comment on this title Synopses  Reviews ISBN13 9781567923735 ISBN10 1567923739 All Product Details View Larger Image View Larger Images 2495 New Trade Paperback Ships in 1 to 3 days Qty Store 11 Local Warehouse From Powellscom 25 Books to Read Before You Die World Edition Travel the globe with these nottobemissed titles Staff Pick Life A Users Manual is the magnum opus of one of the most startlingly inventive and original novelists who ever lived The French polymath Georges Perec an associate of the Oulipo collective once wrote a fulllength novel without ever using the letter e then he wrote one in which e is the only vowel employed at all In Life A Users Manual  he deconstructs the lives in a fictional apartment block in Paris at one single moment in 1975 The result is a tapestry of interwoven stories that are alternately funny and sad and which originate from the most esoteric writing constraints imaginable Arguably the totemic postwar French novel Recommended By Jason C Powellscom Synopses  Reviews Publisher Comments Over twenty years ago Godine published the first English translation of Georges Perecs masterpiece Life A Users Manual  hailed by the Times Literary Supplement  Boston Globe  and others as one of the great novels of the century We are now proud to announce a newly revised twentieth anniversary edition of Life  Carefully prepared with many corrections this edition of Life A Users Manual will be the preferred reference edition for the future Life is an unclassified masterpiece a sprawling compendium as encyclopedic as Dantes Commedia and Chaucers Canterbury Tales and in its break with tradition as inspiring as Joyces Ulysses  Structured around a single moment in time  800 pm on June 23 1975  Perecs spellbinding puzzle begins in an apartment block in the XVIIth arrondissement of Paris where chapter by chapter room by room like an onion being peeled an extraordinary rich cast of characters is revealed in a series of tales that are bizarre unlikely moving funny or sometimes quite ordinary From the confessions of a racing cyclist to the plans of an avenging murderer from a young ethnographer obsessed with a Sumatran tribe to the death of a trapeze artist from the fears of an excroupier to the dreams of a sexchange pop star to an eccentric English millionaire who has devised the ultimate pastime Life is a manual of human irony portraying the mixed marriages of fortunes passions and despairs betrayals and bereavements of hundreds of lives in Paris and around the world But the novel is more than an extraordinary range of fictions it is a closely observed account of life and experience The apartment blocks one hundred rooms are arranged in a magic square and the book as a whole is peppered with a staggering range of literary puzzles and allusions acrostics problems of chess and logic crosswords and mathematical formula All are there for the reader to solve in the best tradition of the detective novel Review In this wondrously optimistic book he sidles through the lives of the inhabitants of a single Paris apartment block and manages to convey scintillas of every aspect of the human conditionproving that while ultimately without point life is a continuum rich beyond belief and so very well worth living The Week Magazine Review I once had the occasion to write to the translator of these books David Bellos and I took the opportunity to let him know that Perec is my favorite writer and that since a translator is to a large extent the creative force behind a translated work he David Bellos is also in a palpable way my favorite writer Few writers have opened up the possibilities of literary art with as much enthusiasm mastery and pleasure as Perec Martin Riker Associate Director of the Dalkey Archive Press Review One of the great novels of the century Suddenly and unexpectedly the late 20th century has produced a novel on the level of Joyce Proust Mann Kafka and Nabokov Boston Globe About the Author Georges Perec March 7 1936 in ParisMarch 3 1982 in IvrysurSeine was a French novelist filmmaker documentalist and essayist He was a member of the Oulipo group His father died as a soldier early in the Second World War and his mother was killed in the Holocaust and many of his works deal with absence loss and identity often through word play What Our Readers Are Saying Be the first to share your thoughts on this title Product Details ISBN 9781567923735 Binding Trade Paperback Publication date 07012009 Publisher DAVID R GODINE PUBLISHER INC Series info Verba Mundi Paperback Pages 661 Height 150IN Width 550IN Thickness 150 Series Verba Mundi Series Number 18 Number of Units 1 Illustration Yes Copyright Year 2009 Series Volume 18 UPC Code 2801567923737 Author Georges Perec Translator David Bellos Media Run Time B Subject Metaphysics  Fiction Subject Visionary  metaphysical 2495 New Trade Paperback Ships in 1 to 3 days Qty Store 11 Local Warehouse Receive an email when this ISBN is available used 1 LOCOK 1 LOCOK LOCCancel 1 LOCOK LOCCancel 1 LOCOK 1 LOCOK LOCCancel 1 LOCOK LOCCancel 1 LOCOK 1 LOCOK LOCCancel 1 LOCOK LOCCancel 1 LOCOK 1 LOCOK LOCCancel 1 LOCOK LOCCancel Help Guarantee My Account Careers About Us Security Wish List Partners Contact Us Shipping Transparency ACT MRF Sitemap  2022 POWELLSCOM Terms 1 LOCOK 1 LOCOK LOCCancel 1 LOCOK LOCCancel 1 LOCOK 1 LOCOK LOCCancel 1 LOCOK LOCCancel 1 LOCOK 1 LOCOK LOCCancel 1 LOCOK LOCCancel 1 LOCOK 1 LOCOK LOCCancel 1 LOCOK LOCCancel"}