{"Title": " An Edward G. Robinson Festival ", "Author": "Joe Bevilacqua", "Cover Page": "https://powells-covers-2.s3.amazonaws.com/9781094018201.jpg", "ISBN10": "1094018201  \n", "ISBN13": "9781094018201", "Page URL": "https://powells.com/book/an-edward-g-robinson-festival-9781094018201", "raw_text": "An Edward G Robinson Festival Joe Bevilacqua Compact Disc 9781094018201 Powells Books Cart   my account  wish list  help  8008787323 Hello\n Login MENU Browse New Arrivals Bestsellers Featured Preorders Award Winners Audio Books See All Subjects Used Staff Picks Staff Picks Picks of the Month Bookseller Displays 50 Books for 50 Years 25 Best 21st Century SciFi  Fantasy 25 PNW Books to Read Before You Die 25 Books From the 21st Century 25 Memoirs to Read Before You Die 25 Global Books to Read Before You Die 25 Women to Read Before You Die 25 Books to Read Before You Die Gifts Gift Cards  eGift Cards Powells Souvenirs Journals and Notebooks socks Games Sell Books Blog Events Find A Store Dont Miss BIG SALE 20 off sitewide Picks of the Season What Im Giving Great Gifts Under 25 Best Books of 2022 Powells Author Events Oregon Battle of the Books Audio Books Visit Our Stores Powells Books 14 Gift Ideas From 14 of Our Favorite Authors 0 comment Every year Powells reaches out to some of our favorite authors for some muchneeded giftgiving inspiration Below are 14 writerapproved recommendations to help you find the perfect book for even your mostdifficulttobuyfor loved one Read More  Powells Staff Best Books of 2022 Fiction 1 comment Kelsey Ford 6 Haunting Native American Horror Books 1 comment 1 LOCOK 1 LOCOK LOCCancel 1 LOCOK LOCCancel An Edward G Robinson Festival by Joe Bevilacqua Comment on this title Synopses  Reviews ISBN13 9781094018201 ISBN10 1094018201 All Product Details View Larger Image View Larger Images 2495 New Compact Disc Available at a Remote Warehouse Ships separately from other items Additional shipping charges may apply Not available for In Store Pickup More Info Qty Store 2 Remote Warehouse Synopses  Reviews Synopsis An Edward G Robinson Festival is a collection of tributes parodies and rarities of the great film actorwritten produced and performed by Joe Bevilacqua Bonus tracks feature remastered classic radio dramas This set includes If We All Talked Like Allen JenkinsMurder is a MerryGoRoundThe ReflectionHobo HawkWillaby Meets the GodfatherThe Man who Wanted to be Edward G RobinsonThe TrapKey Largo Joe Bevilacqua also known as Joe Bev is a public radio producer and radio theater dramatist However his career has taken him into every aspect of show business including stage film and television as a producer director writer author actor journalist documentarian and even cartoonist He is also a member of the Metropolitan Opera Company in New York City Edward G Robinson born Emanuel Goldenberg Yiddish yymanwl galdnbrg December 12 1893  January 26 1973 was an American actor of stage and screen during Hollywoods Golden Age He appeared in 40 Broadway plays and more than 100 films during a 50year career and is best remembered for his toughguy roles as gangsters in such films as Little Caesar and Key Largo What Our Readers Are Saying Be the first to share your thoughts on this title Product Details ISBN 9781094018201 Binding Compact Disc Publication date 06042019 Publisher Joe Bev Production LLC Language English Height 60IN Width 570IN 2495 New Compact Disc Available at a Remote Warehouse Ships separately from other items Additional shipping charges may apply Not available for In Store Pickup More Info Qty Store 2 Remote Warehouse Receive an email when this ISBN is available used 1 LOCOK 1 LOCOK LOCCancel 1 LOCOK LOCCancel 1 LOCOK 1 LOCOK LOCCancel 1 LOCOK LOCCancel 1 LOCOK 1 LOCOK LOCCancel 1 LOCOK LOCCancel 1 LOCOK 1 LOCOK LOCCancel 1 LOCOK LOCCancel Help Guarantee My Account Careers About Us Security Wish List Partners Contact Us Shipping Transparency ACT MRF Sitemap  2022 POWELLSCOM Terms 1 LOCOK 1 LOCOK LOCCancel 1 LOCOK LOCCancel 1 LOCOK 1 LOCOK LOCCancel 1 LOCOK LOCCancel 1 LOCOK 1 LOCOK LOCCancel 1 LOCOK LOCCancel 1 LOCOK 1 LOCOK LOCCancel 1 LOCOK LOCCancel"}