{"Title": " Yoke: My Yoga of Self Acceptance ", "Author": "Jessamyn Stanley", "Cover Page": "https://powells-covers-2.s3.amazonaws.com/9781523505210.jpg", "ISBN10": "1523505214  \n", "ISBN13": "9781523505210", "Page URL": "https://powells.com/book/yoke-9781523505210", "raw_text": "Yoke My Yoga of SelfAcceptance Jessamyn Stanley Trade Paperback 9781523505210 Powells Books Cart   my account  wish list  help  8008787323 Hello\n Login MENU Browse New Arrivals Bestsellers Featured Preorders Award Winners Audio Books See All Subjects Used Staff Picks Staff Picks Picks of the Month Bookseller Displays 50 Books for 50 Years 25 Best 21st Century SciFi  Fantasy 25 PNW Books to Read Before You Die 25 Books From the 21st Century 25 Memoirs to Read Before You Die 25 Global Books to Read Before You Die 25 Women to Read Before You Die 25 Books to Read Before You Die Gifts Gift Cards  eGift Cards Powells Souvenirs Journals and Notebooks socks Games Sell Books Blog Events Find A Store Dont Miss BIG SALE 20 off sitewide Picks of the Season What Im Giving Great Gifts Under 25 Best Books of 2022 Powells Author Events Oregon Battle of the Books Audio Books Visit Our Stores Powells Books 14 Gift Ideas From 14 of Our Favorite Authors 0 comment Every year Powells reaches out to some of our favorite authors for some muchneeded giftgiving inspiration Below are 14 writerapproved recommendations to help you find the perfect book for even your mostdifficulttobuyfor loved one Read More  Powells Staff Best Books of 2022 Fiction 1 comment Kelsey Ford 6 Haunting Native American Horror Books 1 comment 1 LOCOK 1 LOCOK LOCCancel 1 LOCOK LOCCancel Yoke My Yoga of Self Acceptance by Jessamyn Stanley Comment on this title Synopses  Reviews ISBN13 9781523505210 ISBN10 1523505214 Condition Standard All Product Details View Larger Image View Larger Images 995 List Price 1595 Used Trade Paperback Ships in 1 to 3 days Qty Store 1 Burnside Synopses  Reviews Publisher Comments Jessamyn Stanleys first book Every Body Yoga  with 59000 copies in print taught us how to do yoga Now in Yoke  she tells us why Writing about what she calls the yoga of the everyday  which is not just about poses but about applying the hard lessons we learn on the mat to the even harder daily project of living  Yoke presents a series of deeply honest funny gritty thoughtful and largely autobiographical essays that explores the issues of race selflove capitalism sex and sexuality cannabis and more Drawing its name from a literal translation of the Sanskrit root yuj from which the word yoga derives Yoke  invites every reader to find their own authentic yoga of the everyday and learn to handle lifes toughest moments with the same flexibility strength grounding energy and core awareness found in a headstand or Tadasana or cobra pose Review Through a series of charming and thoughtful autobiographical essays Yoke ultimately explains why Stanley practices yoga in the first place Marie Claire Review Jessamyn Stanley is that rare combination of radical honesty deep empathy expertise and an unwavering dedication to her craft Yoke is the antidote to fluffy selfhelp culture that at its core is anything but healing There is no wellness without realness and Jessamyn never strays from her center In turn she helps to root us deeply within our own This book like its author is a gem Chani Nicholas author of You Were Born for This and cocreator of the Chani app Review Read this book It will bring you back home to you Yoke is powerfully honest but above all its a book that will remind you of your own ability to yoke to untie to arrive at that centered place inside where all the pieces of you fit together Rachel Brathen author of Yoga Girl and founder of yogagirlcom About the Author Jessamyn Stanley is the author of Every Body Yoga and Yoke and an internationally acclaimed voice in wellness highly sought after for her insights on 21stcentury yoga and intersectional identity She is the founder of The Underbelly an inclusive wellness community and streaming app cohost of the podcast Dear Jessamyn  and cofounder of We Go High a North Carolina based cannabis justice initiative She is a regular contributor to SELF magazine and has been featured in the New York Times  Vogue  and Sports Illustrated  What Our Readers Are Saying Be the first to share your thoughts on this title Product Details ISBN 9781523505210 Binding Trade Paperback Publication date 06222021 Publisher WORKMAN PUBLISHING CO INC Pages 208 Author Jessamyn Stanley 995 List Price 1595 Used Trade Paperback Ships in 1 to 3 days Qty Store 1 Burnside More copies of this ISBN New Trade Paperback 1595 Used Trade Paperback 998 1 LOCOK 1 LOCOK LOCCancel 1 LOCOK LOCCancel 1 LOCOK 1 LOCOK LOCCancel 1 LOCOK LOCCancel 1 LOCOK 1 LOCOK LOCCancel 1 LOCOK LOCCancel 1 LOCOK 1 LOCOK LOCCancel 1 LOCOK LOCCancel Help Guarantee My Account Careers About Us Security Wish List Partners Contact Us Shipping Transparency ACT MRF Sitemap  2022 POWELLSCOM Terms 1 LOCOK 1 LOCOK LOCCancel 1 LOCOK LOCCancel 1 LOCOK 1 LOCOK LOCCancel 1 LOCOK LOCCancel 1 LOCOK 1 LOCOK LOCCancel 1 LOCOK LOCCancel 1 LOCOK 1 LOCOK LOCCancel 1 LOCOK LOCCancel"}