{"Title": " Children of Blood and Bone (Legacy of Orisha #1) ", "Author": "Tomi Adeyemi", "Cover Page": "https://powells-covers-2.s3.amazonaws.com/9781250170972.jpg", "ISBN10": "1250170974  \n", "ISBN13": "9781250170972", "Page URL": "https://powells.com/book/-9781250170972", "raw_text": "Children of Blood and Bone Tomi Adeyemi Hardcover 9781250170972 Powells Books Cart   my account  wish list  help  8008787323 Hello\n Login MENU Browse New Arrivals Bestsellers Featured Preorders Award Winners Audio Books See All Subjects Used Staff Picks Staff Picks Picks of the Month Bookseller Displays 50 Books for 50 Years 25 Best 21st Century SciFi  Fantasy 25 PNW Books to Read Before You Die 25 Books From the 21st Century 25 Memoirs to Read Before You Die 25 Global Books to Read Before You Die 25 Women to Read Before You Die 25 Books to Read Before You Die Gifts Gift Cards  eGift Cards Powells Souvenirs Journals and Notebooks socks Games Sell Books Blog Events Find A Store Dont Miss BIG SALE 20 off sitewide Picks of the Season What Im Giving Great Gifts Under 25 Best Books of 2022 Powells Author Events Oregon Battle of the Books Audio Books Visit Our Stores Powells Books 14 Gift Ideas From 14 of Our Favorite Authors 0 comment Every year Powells reaches out to some of our favorite authors for some muchneeded giftgiving inspiration Below are 14 writerapproved recommendations to help you find the perfect book for even your mostdifficulttobuyfor loved one Read More  Powells Staff Best Books of 2022 Fiction 1 comment Kelsey Ford 6 Haunting Native American Horror Books 1 comment 1 LOCOK 1 LOCOK LOCCancel 1 LOCOK LOCCancel Children of Blood and Bone Legacy of Orisha 1 by Tomi Adeyemi Comment on this title Synopses  Reviews ISBN13 9781250170972 ISBN10 1250170974 Condition Standard DustJacket Standard All Product Details View Larger Image View Larger Images 1350 List Price 2199 Used Hardcover Ships in 1 to 3 days Qty Store 4 Burnside 5 Cedar Hills 1 Hawthorne 12 Local Warehouse From Powellscom Black History Month Staff recommendations guest essays and curated reading lists Powells Picks of the Month Hot new releases and undertheradar gems for adults and kids Staff Pick Adeyemi is an entrancing storyteller whose characters hold as much magic as sweet humanity In Children of Blood and Bone  fantasy is a portal to considering present realities of police brutality oppressive regimes and generational trauma Amidst it all Black Girl Magic shines as Adeyemis protagonist reclaims her voice her community her magic and her self An unmissable wonder Recommended By Alexis B Powellscom Every part of this book from the writing down to the end papers is so detailed and imaginative that I know Ill have to read it a couple more times to fully appreciate its beauty Fastpaced scenes a unique magic system and the complicated family dynamics that spur a lot of emotion kept me turning page after page This is such a wellrounded debut anything that comes after is sure to stun Recommended By Brianna B Powellscom Everything changes when magic disappears from Orisha but fate sets its restoration in motion a runaway princess her magichating brother and a girl with a powerful heritage team up to restore magic to their world Richly imagined and filled with complex characters Children of Blood and Bone is a stunner Recommended By Mary Jo S Powellscom Synopses  Reviews Publisher Comments Tomi Adeyemi conjures a stunning world of dark magic and danger in her West Africaninspired fantasy debut perfect for fans of Leigh Bardugo and Sabaa Tahir They killed my mother They took our magic They tried to bury us Now we rise Zelie Adebola remembers when the soil of Orisha hummed with magic Burners ignited flames Tiders beckoned waves and Zelies Reaper mother summoned forth souls But everything changed the night magic disappeared Under the orders of a ruthless king maji were killed leaving Zelie without a mother and her people without hope Now Zelie has one chance to bring back magic and strike against the monarchy With the help of a rogue princess Zelie must outwit and outrun the crown prince who is hellbent on eradicating magic for good Danger lurks in Orisha where snow leoponaires prowl and vengeful spirits wait in the waters Yet the greatest danger may be Zelie herself as she struggles to control her powersand her growing feelings for an enemy The next big thing in literature and film Ebony One of the biggest young adult fiction debut book deals of the year Aside from a compelling plot and a strongwilled heroine as the protagonist the book deals with larger themes like race and power that are being discussed in real time Teen Vogue A remarkable achievement Campus Lately Tomi Adeyemi is about to take both the literature and film world by storm Jet Review Powerful captivating and raw  Adeyemi is a talent to watch Exceptional Kirkus Reviews Starred Review Review Adeyemis devastating debut is a brutal beautiful tale of revolution faith and starcrossed love Publishers Weekly Starred Review Review an allblack cast of characters a meaningful emphasis on fighting for justice a complex heroine saving her own people and a brand of magic made more powerful by the strength of heritage and ancestry Booklist Starred Review Review A magnificent heartrending earthshaking debut New York Timesbestselling author Daniel Jos\u00e9 Older About the Author Tomi Adeyemi is a NigerianAmerican writer and creative writing coach based in San Diego California After graduating Harvard University with an honors degree in English literature she studied West African mythology and culture in Salvador Brazil She is the author of Children of Blood and Bone  Powells Staff on PowellsBooksBlog Its clear that the best new releases of 2018 have been eclectic bold and imaginative with a sharp eye on social realities and a desire to expose the humor beauty and possibility that underlie our lives Read More  5 3 What Our Readers Are Saying Share your thoughts on this title Average customer rating 5 3 comments  Jackie M  June 18 2018 This book has been getting mad buzz for a debut title I read this book with my book club Brilliant Black Books and we are already jonesing for the next book Ms Adeyemi has written a thought provoking page turning read from the edge of your seat There is so much to take away so many layers  I will re read next February in anticipation of the March release of book two if not before Was this comment helpful  Yes  No 1 of 1 readers found this comment helpful report this\ncomment  BookFreakOut  February 11 2018 view all comments by BookFreakOut This African fantasy is really stunningly beautiful full of action and altogether quite a compelling read The worldbuilding is thorough with a magic system tied to faith Although there are 10 gods and types of magi powers this first book focuses on only a few allowing readers to be immersed in the culture Tomi Adeyemi has created without feeling overwhelmed by information The characters have strength but their strengths also make them fallible  stubbornness can be brazenly dangerous loyalty can be misguided gentleness twisted to weakness We see the principle characters struggle with this backandforth aspect in a very realistic fashion bringing a large degree of relatability to a fantastical story Plenty of action and wit contrasted with intense emotion and deepseated pain from a variety of angles Will undoubtedly be a strong contender for 2018s best of lists Was this comment helpful  Yes  No 1 of 1 readers found this comment helpful report this\ncomment  SierraSavage  December 13 2017 I have been looking forward to this release for a long time Diversity in YA has been on the rise and its wonderful to see a book in the ya Fantasy with representation Was this comment helpful  Yes  No 1 of 3 readers found this comment helpful report this\ncomment Product Details ISBN 9781250170972 Binding Hardcover Publication date 03062018 Publisher HENRY HOLT  CO Series info Children of Orisha Pages 544 Height 163IN Width 631IN Series Number 1 Age Range 14 to 17 Grade Range 9 to 12 Author Tomi Adeyemi 1350 List Price 2199 Used Hardcover Ships in 1 to 3 days Qty Store 4 Burnside 5 Cedar Hills 1 Hawthorne 12 Local Warehouse More copies of this ISBN Signed Used Hardcover 1750 New Hardcover 1899 Used Hardcover Starting from 1150 1 LOCOK 1 LOCOK LOCCancel 1 LOCOK LOCCancel 1 LOCOK 1 LOCOK LOCCancel 1 LOCOK LOCCancel 1 LOCOK 1 LOCOK LOCCancel 1 LOCOK LOCCancel 1 LOCOK 1 LOCOK LOCCancel 1 LOCOK LOCCancel Help Guarantee My Account Careers About Us Security Wish List Partners Contact Us Shipping Transparency ACT MRF Sitemap  2022 POWELLSCOM Terms 1 LOCOK 1 LOCOK LOCCancel 1 LOCOK LOCCancel 1 LOCOK 1 LOCOK LOCCancel 1 LOCOK LOCCancel 1 LOCOK 1 LOCOK LOCCancel 1 LOCOK LOCCancel 1 LOCOK 1 LOCOK LOCCancel 1 LOCOK LOCCancel"}