{"Title": " To Speak for the Trees My Lifes Journey from Ancient Celtic Wisdom to a Healing Vision of the Forest ", "Author": "Diana Beresford Kroeger", "Cover Page": "https://powells-covers-2.s3.amazonaws.com/9781643261324.jpg", "ISBN10": "1643261320  \n", "ISBN13": "9781643261324", "Page URL": "https://powells.com/book/-9781643261324", "raw_text": "To Speak for the Trees My Lifes Journey from Ancient Celtic Wisdom to a Healing Vision of the Forest Diana BeresfordKroeger Trade Paperback 9781643261324 Powells Books Cart   my account  wish list  help  8008787323 Hello\n Login MENU Browse New Arrivals Bestsellers Featured Preorders Award Winners Audio Books See All Subjects Used Staff Picks Staff Picks Picks of the Month Bookseller Displays 50 Books for 50 Years 25 Best 21st Century SciFi  Fantasy 25 PNW Books to Read Before You Die 25 Books From the 21st Century 25 Memoirs to Read Before You Die 25 Global Books to Read Before You Die 25 Women to Read Before You Die 25 Books to Read Before You Die Gifts Gift Cards  eGift Cards Powells Souvenirs Journals and Notebooks socks Games Sell Books Blog Events Find A Store Dont Miss BIG SALE 20 off sitewide Picks of the Season What Im Giving Great Gifts Under 25 Best Books of 2022 Powells Author Events Oregon Battle of the Books Audio Books Visit Our Stores Powells Books 14 Gift Ideas From 14 of Our Favorite Authors 0 comment Every year Powells reaches out to some of our favorite authors for some muchneeded giftgiving inspiration Below are 14 writerapproved recommendations to help you find the perfect book for even your mostdifficulttobuyfor loved one Read More  Powells Staff Best Books of 2022 Fiction 1 comment Kelsey Ford 6 Haunting Native American Horror Books 1 comment 1 LOCOK 1 LOCOK LOCCancel 1 LOCOK LOCCancel To Speak for the Trees My Lifes Journey from Ancient Celtic Wisdom to a Healing Vision of the Forest by Diana Beresford Kroeger Comment on this title Synopses  Reviews ISBN13 9781643261324 ISBN10 1643261320 All Product Details View Larger Image View Larger Images 2295 List Price 2299 New Trade Paperback Ships in 1 to 3 days Qty Store 2 Burnside 1 Cedar Hills 1 Hawthorne Staff Pick We heal ourselves by healing the trees\u00a0\nthe forest is far more than a source of timber It is our collective medicine cabinet It is our lungs It is the regulatory system for our climate and our oceans It is the mantle of our planet It is the health and wellbeing of our children and grandchildren It is our sacred home It is our salvation\nfrom the Introduction by the author Recommended By Marianne T Powellscom Synopses  Reviews Synopsis How Forests Can Heal Usand the Planet Diana BeresfordKroegers startling insights into the hidden life of trees have sparked a quiet revolution In this captivating account she shows us how forests can not only heal us but can also save the planet As a child Diana BeresfordKroeger was taught the ways of the Celtic triad of mind body and soul This included the philosophy of healing the laws of the trees Brehon wisdom and the Ogham alphabet all rooted in a vision of nature that saw trees and forests as fundamental to human survival and spirituality Out of that holistic vision came the observations that put BeresfordKroeger at the forefront of her field the discovery of mother trees at the heart of a forest the fact that trees are a living library have a chemical language and communicate in a quantum world the major idea that trees heal living creatures and that planting trees can actively regulate the atmosphere and the oceans and even stabilize our climate To Speak for the Trees eloquently shows that if we can understand the intricate ways in which the health and welfare of every living creature is connected to the global forest we will still have time to mend the selfdestructive activities that are leading to drastic fires droughts and floods Synopsis A rare gift an inspiring tale about trees trauma and the very purpose of life Andrew Nikiforuk author of Empire of the Beetle Diana BeresfordKroegera worldrecognized botanist and medical biochemisthas revolutionized our understanding of the natural world with her startling insights into the hidden life of trees In this riveting memoir she uncovers the roots of her discoveries in her extraordinary childhood in Ireland Soon after her brilliant mind bloomed into an illustrious scientific career that melds the intricacies of the natural world with the truths of traditional Celtic wisdom To Speak for the Trees uniquely blends the story of BeresfordKroegers incredible life and her outstanding achievement as a scientist It elegantly shows us how forests can not only heal us as people but can also help save the planet What Our Readers Are Saying Be the first to share your thoughts on this title Product Details ISBN 9781643261324 Binding Trade Paperback Publication date 10052021 Publisher TIMBER PRESS Pages 280 Height 90IN Width 540IN Author Diana Beresford Kroeger Author Diana BeresfordKroeger 2295 List Price 2299 New Trade Paperback Ships in 1 to 3 days Qty Store 2 Burnside 1 Cedar Hills 1 Hawthorne Receive an email when this ISBN is available used More copies of this ISBN New Trade Paperback 2299 1 LOCOK 1 LOCOK LOCCancel 1 LOCOK LOCCancel 1 LOCOK 1 LOCOK LOCCancel 1 LOCOK LOCCancel 1 LOCOK 1 LOCOK LOCCancel 1 LOCOK LOCCancel 1 LOCOK 1 LOCOK LOCCancel 1 LOCOK LOCCancel Help Guarantee My Account Careers About Us Security Wish List Partners Contact Us Shipping Transparency ACT MRF Sitemap  2022 POWELLSCOM Terms 1 LOCOK 1 LOCOK LOCCancel 1 LOCOK LOCCancel 1 LOCOK 1 LOCOK LOCCancel 1 LOCOK LOCCancel 1 LOCOK 1 LOCOK LOCCancel 1 LOCOK LOCCancel 1 LOCOK 1 LOCOK LOCCancel 1 LOCOK LOCCancel"}