{"Title": " Vocabulario espa?ol-turco - 3000 palabras m?s usadas ", "Author": "Andrey Taranov", "Cover Page": "https://powells-covers-2.s3.amazonaws.com/9781783140725.jpg", "ISBN10": "1783140720  \n", "ISBN13": "9781783140725", "Page URL": "https://powells.com/book/vocabulario-espaol-turco-3000-palabras-ms-usadas-9781783140725", "raw_text": "Vocabulario EspanolTurco  3000 Palabras Mas Usadas  Andrey Taranov Trade Paperback 9781783140725 Powells Books Cart   my account  wish list  help  8008787323 Hello\n Login MENU Browse New Arrivals Bestsellers Featured Preorders Award Winners Audio Books See All Subjects Used Staff Picks Staff Picks Picks of the Month Bookseller Displays 50 Books for 50 Years 25 Best 21st Century SciFi  Fantasy 25 PNW Books to Read Before You Die 25 Books From the 21st Century 25 Memoirs to Read Before You Die 25 Global Books to Read Before You Die 25 Women to Read Before You Die 25 Books to Read Before You Die Gifts Gift Cards  eGift Cards Powells Souvenirs Journals and Notebooks socks Games Sell Books Blog Events Find A Store Dont Miss BIG SALE 20 off sitewide Picks of the Season What Im Giving Great Gifts Under 25 Best Books of 2022 Powells Author Events Oregon Battle of the Books Audio Books Visit Our Stores Powells Books 14 Gift Ideas From 14 of Our Favorite Authors 0 comment Every year Powells reaches out to some of our favorite authors for some muchneeded giftgiving inspiration Below are 14 writerapproved recommendations to help you find the perfect book for even your mostdifficulttobuyfor loved one Read More  Powells Staff Best Books of 2022 Fiction 1 comment Kelsey Ford 6 Haunting Native American Horror Books 1 comment 1 LOCOK 1 LOCOK LOCCancel 1 LOCOK LOCCancel Vocabulario espaolturco  3000 palabras ms usadas by Andrey Taranov Comment on this title Synopses  Reviews ISBN13 9781783140725 ISBN10 1783140720 All Product Details View Larger Image View Larger Images 995 List Price 999 New Trade Paperback Available at a Remote Warehouse Ships separately from other items Additional shipping charges may apply Not available for In Store Pickup More Info Qty Store 20 Remote Warehouse Synopses  Reviews Synopsis Los vocabularios de TP Books buscan ayudar a aprender memorizar y repasar palabras de idiomas extranjeros El vocabulario contiene m s de 3000 palabras com nmente usadas y organizadas de manera tem tica Aspectos claves del vocabulario Las palabras se organizan seg n el significado no el orden alfab tico Las palabras se presentan en tres columnas para facilitar los procesos de repaso y autoevaluaci n Los grupos de palabras se dividen en peque as secciones para facilitar el proceso de aprendizaje El vocabulario ofrece una transcripci n sencilla y conveniente de cada palabra extranjera Este vocabulario contiene 101 temas que incluyen Conceptos B sicos N meros Unidades de Medidas los Verbos m s Importantes la Hora el Calendario el D a y la Noche Meses Estaciones los Viajes el Hotel Exploraci n del Paisaje la Ciudad Compras Ropa y Accesorios Productos Cosm ticos Experiencias Cotidianas el Tel fono Conversaciones Telef nicas Idiomas Extranjeros las Comidas Restaurantes la Familia Nuclear la Familia Extendida el Cuerpo Humano la Medicina las Drogas Accesorios Muebles Interiores de Casas los Aparatos Dom sticos la Tierra el Tiempo el Mar el Oc ano las Monta as los R os el Bosque los Desastres Naturales la Fauna Animales Silvestres P jaros la Flora los Pa ses del Mundo y m s Este vocabulario de TP Books Se recomienda como ayuda adicional a cualquier curso de idiomas Capta las necesidades de aprendices de idiomas de nivel principiante y avanzado Conveniente para uso cotidiano pr ctica de revisi n y actividades de autoevaluaci n What Our Readers Are Saying Be the first to share your thoughts on this title Product Details ISBN 9781783140725 Binding Trade Paperback Publication date 02192013 Publisher Tp Books Language Spanish Pages 100 Height 21IN Width 550IN Series Number 289 Author Andrey Taranov 995 List Price 999 New Trade Paperback Available at a Remote Warehouse Ships separately from other items Additional shipping charges may apply Not available for In Store Pickup More Info Qty Store 20 Remote Warehouse Receive an email when this ISBN is available used 1 LOCOK 1 LOCOK LOCCancel 1 LOCOK LOCCancel 1 LOCOK 1 LOCOK LOCCancel 1 LOCOK LOCCancel 1 LOCOK 1 LOCOK LOCCancel 1 LOCOK LOCCancel 1 LOCOK 1 LOCOK LOCCancel 1 LOCOK LOCCancel Help Guarantee My Account Careers About Us Security Wish List Partners Contact Us Shipping Transparency ACT MRF Sitemap  2022 POWELLSCOM Terms 1 LOCOK 1 LOCOK LOCCancel 1 LOCOK LOCCancel 1 LOCOK 1 LOCOK LOCCancel 1 LOCOK LOCCancel 1 LOCOK 1 LOCOK LOCCancel 1 LOCOK LOCCancel 1 LOCOK 1 LOCOK LOCCancel 1 LOCOK LOCCancel"}