{"Title": " The Lyrics: 1956 to the Present ", "Author": "Paul McCartney", "Cover Page": "https://powells-covers-2.s3.amazonaws.com/9781631492563.jpg", "ISBN10": "163149256X  \n", "ISBN13": "9781631492563", "Page URL": "https://powells.com/book/the-lyrics-9781631492563", "raw_text": "The Lyrics 1956 to the Present Paul McCartney Paul Muldoon Hardcover 9781631492563 Powells Books Cart   my account  wish list  help  8008787323 Hello\n Login MENU Browse New Arrivals Bestsellers Featured Preorders Award Winners Audio Books See All Subjects Used Staff Picks Staff Picks Picks of the Month Bookseller Displays 50 Books for 50 Years 25 Best 21st Century SciFi  Fantasy 25 PNW Books to Read Before You Die 25 Books From the 21st Century 25 Memoirs to Read Before You Die 25 Global Books to Read Before You Die 25 Women to Read Before You Die 25 Books to Read Before You Die Gifts Gift Cards  eGift Cards Powells Souvenirs Journals and Notebooks socks Games Sell Books Blog Events Find A Store Dont Miss BIG SALE 20 off sitewide Picks of the Season What Im Giving Great Gifts Under 25 Best Books of 2022 Powells Author Events Oregon Battle of the Books Audio Books Visit Our Stores Powells Books 14 Gift Ideas From 14 of Our Favorite Authors 0 comment Every year Powells reaches out to some of our favorite authors for some muchneeded giftgiving inspiration Below are 14 writerapproved recommendations to help you find the perfect book for even your mostdifficulttobuyfor loved one Read More  Powells Staff Best Books of 2022 Fiction 1 comment Kelsey Ford 6 Haunting Native American Horror Books 1 comment 1 LOCOK 1 LOCOK LOCCancel 1 LOCOK LOCCancel The Lyrics 1956 to the Present by Paul McCartney Comment on this title Synopses  Reviews ISBN13 9781631492563 ISBN10 163149256X All Product Details View Larger Image View Larger Images 10000 New Rare Books Hardcover Ships in 1 to 3 days Qty Store 2 Burnside 2 Hawthorne Synopses  Reviews Publisher Comments A work of unparalleled candor and splendorous beauty The Lyrics celebrates the creative life and the musical genius of Paul McCartney through 154 of his most meaningful songs From his early Liverpool days through the historic decade of The Beatles to Wings and his long solo career The Lyrics pairs the definitive texts of 154 Paul McCartney songs with firstperson commentaries on his life and music Spanning two alphabetically arranged volumes these commentaries reveal how the songs came to be and the people who inspired them his devoted parents Mary and Jim his songwriting partner John Lennon his Golden Earth Girl Linda Eastman his wife Nancy McCartney and even Queen Elizabeth among many others Here are the origins of Let It Be Lovely Rita Yesterday and Mull of Kintyre as well as McCartneys literary influences including Shakespeare Lewis Carroll and Alan Durband his highschool English teacher With images from McCartneys personal archives  handwritten texts paintings and photographs hundreds previously unseen  The Lyrics  spanning sixtyfour years becomes the definitive literary and visual record of one of the greatest songwriters of all time About the Author Born in Liverpool in 1942 Paul McCartney was raised in the city and educated at the Liverpool Institute Since writing his first song at fourteen McCartney has dreamed and dared to be different He lives in England Paul Muldoon is the Pulitzer Prizewinning author of fourteen fulllength collections of poetry including HowdieSkelp  What Our Readers Are Saying Be the first to share your thoughts on this title Product Details ISBN 9781631492563 Binding Hardcover Publication date 11022021 Publisher W W NORTON  CO Pages 960 Author Paul McCartney Editor Paul Muldoon 10000 New Rare Books Hardcover Ships in 1 to 3 days Qty Store 2 Burnside 2 Hawthorne Receive an email when this ISBN is available used 1 LOCOK 1 LOCOK LOCCancel 1 LOCOK LOCCancel 1 LOCOK 1 LOCOK LOCCancel 1 LOCOK LOCCancel 1 LOCOK 1 LOCOK LOCCancel 1 LOCOK LOCCancel 1 LOCOK 1 LOCOK LOCCancel 1 LOCOK LOCCancel Help Guarantee My Account Careers About Us Security Wish List Partners Contact Us Shipping Transparency ACT MRF Sitemap  2022 POWELLSCOM Terms 1 LOCOK 1 LOCOK LOCCancel 1 LOCOK LOCCancel 1 LOCOK 1 LOCOK LOCCancel 1 LOCOK LOCCancel 1 LOCOK 1 LOCOK LOCCancel 1 LOCOK LOCCancel 1 LOCOK 1 LOCOK LOCCancel 1 LOCOK LOCCancel"}