{"Title": " Zoey & Sassafras 08 Bips & Roses ", "Author": "Asia Citro, Marion Lindsay", "Cover Page": "https://powells-covers-2.s3.amazonaws.com/9781943147816.jpg", "ISBN10": "1943147817  \n", "ISBN13": "9781943147816", "Page URL": "https://powells.com/book/zoey-sassafras-08-bips-roses-9781943147816", "raw_text": "Bips and Roses Zoey and Sassafras 8 Asia Citro Trade Paperback 9781943147816 Powells Books Cart   my account  wish list  help  8008787323 Hello\n Login MENU Browse New Arrivals Bestsellers Featured Preorders Award Winners Audio Books See All Subjects Used Staff Picks Staff Picks Picks of the Month Bookseller Displays 50 Books for 50 Years 25 Best 21st Century SciFi  Fantasy 25 PNW Books to Read Before You Die 25 Books From the 21st Century 25 Memoirs to Read Before You Die 25 Global Books to Read Before You Die 25 Women to Read Before You Die 25 Books to Read Before You Die Gifts Gift Cards  eGift Cards Powells Souvenirs Journals and Notebooks socks Games Sell Books Blog Events Find A Store Dont Miss BIG SALE 20 off sitewide Picks of the Season What Im Giving Great Gifts Under 25 Best Books of 2022 Powells Author Events Oregon Battle of the Books Audio Books Visit Our Stores Powells Books 14 Gift Ideas From 14 of Our Favorite Authors 0 comment Every year Powells reaches out to some of our favorite authors for some muchneeded giftgiving inspiration Below are 14 writerapproved recommendations to help you find the perfect book for even your mostdifficulttobuyfor loved one Read More  Powells Staff Best Books of 2022 Fiction 1 comment Kelsey Ford 6 Haunting Native American Horror Books 1 comment 1 LOCOK 1 LOCOK LOCCancel 1 LOCOK LOCCancel Zoey  Sassafras 08 Bips  Roses by Asia Citro Marion Lindsay Comment on this title Synopses  Reviews ISBN13 9781943147816 ISBN10 1943147817 All Product Details View Larger Image View Larger Images 599 New Trade Paperback Ships in 1 to 3 days Qty Store 4 Burnside 20 Local Warehouse Synopses  Reviews Synopsis Oh no Theres a big problem with the forest roses    magical roses that are very important because they are the first food for newborn griffins Can Zoey Pip and Sassafras use their science knowhow to fix the magical roses before the griffin eggs hatch What Our Readers Are Saying Be the first to share your thoughts on this title Product Details ISBN 9781943147816 Binding Trade Paperback Publication date 10202020 Publisher INNOVATION PRESS Pages 96 Height 40IN Width 510IN Series Number 8 Age Range 7 to 9 Grade Range 2 to 4 Illustration Yes Author Asia Citro  Marion Lindsay Author Marion Lindsay 599 New Trade Paperback Ships in 1 to 3 days Qty Store 4 Burnside 20 Local Warehouse Receive an email when this ISBN is available used 1 LOCOK 1 LOCOK LOCCancel 1 LOCOK LOCCancel 1 LOCOK 1 LOCOK LOCCancel 1 LOCOK LOCCancel 1 LOCOK 1 LOCOK LOCCancel 1 LOCOK LOCCancel 1 LOCOK 1 LOCOK LOCCancel 1 LOCOK LOCCancel Help Guarantee My Account Careers About Us Security Wish List Partners Contact Us Shipping Transparency ACT MRF Sitemap  2022 POWELLSCOM Terms 1 LOCOK 1 LOCOK LOCCancel 1 LOCOK LOCCancel 1 LOCOK 1 LOCOK LOCCancel 1 LOCOK LOCCancel 1 LOCOK 1 LOCOK LOCCancel 1 LOCOK LOCCancel 1 LOCOK 1 LOCOK LOCCancel 1 LOCOK LOCCancel"}