{"Title": " Sad Animal Babies ", "Author": "Brooke Barker", "Cover Page": "https://powells-covers-2.s3.amazonaws.com/9781419729874.jpg", "ISBN10": "141972987X  \n", "ISBN13": "9781419729874", "Page URL": "https://powells.com/book/sad-animal-babies-9781419729874", "raw_text": "Sad Animal Babies Brooke Barker Hardcover 9781419729874 Powells Books Cart   my account  wish list  help  8008787323 Hello\n Login MENU Browse New Arrivals Bestsellers Featured Preorders Award Winners Audio Books See All Subjects Used Staff Picks Staff Picks Picks of the Month Bookseller Displays 50 Books for 50 Years 25 Best 21st Century SciFi  Fantasy 25 PNW Books to Read Before You Die 25 Books From the 21st Century 25 Memoirs to Read Before You Die 25 Global Books to Read Before You Die 25 Women to Read Before You Die 25 Books to Read Before You Die Gifts Gift Cards  eGift Cards Powells Souvenirs Journals and Notebooks socks Games Sell Books Blog Events Find A Store Dont Miss BIG SALE 20 off sitewide Picks of the Season What Im Giving Great Gifts Under 25 Best Books of 2022 Powells Author Events Oregon Battle of the Books Audio Books Visit Our Stores Powells Books 14 Gift Ideas From 14 of Our Favorite Authors 0 comment Every year Powells reaches out to some of our favorite authors for some muchneeded giftgiving inspiration Below are 14 writerapproved recommendations to help you find the perfect book for even your mostdifficulttobuyfor loved one Read More  Powells Staff Best Books of 2022 Fiction 1 comment Kelsey Ford 6 Haunting Native American Horror Books 1 comment 1 LOCOK 1 LOCOK LOCCancel 1 LOCOK LOCCancel Sad Animal Babies by Brooke Barker Comment on this title Synopses  Reviews ISBN13 9781419729874 ISBN10 141972987X Condition Standard All Product Details View Larger Image View Larger Images 1150 List Price 1699 Used Hardcover Ships in 1 to 3 days Qty Store 1 Burnside Synopses  Reviews Publisher Comments No one ever said it was easy being young and its especially true if youre a little creature out in the jungles forests deserts and oceans of the big bad world Following on the success of her Instagram feed and first book Sad Animal Facts  Brooke Barker continues her examination of the various foibles and pitfalls of the zoological world but with its fledgling members this time around Featuring more than 100 entries the book is organized into the categories of Mammals Birds Reptiles Amphibians Insects  Miscellaneous Invertebrates Marsupials Fish and Aquatic Mammals Every animal gets a handdrawn image an informative caption and a wry quotation and in the back theres an appendix with further zoological details and humor to flesh out each entry Between a great track record a consistently engaged and growing following and the universal appeal of cute little baby animals Barkers next book could be her biggest About the Author Brooke Barker is an American writer illustrator and advertising copywriter living in Amsterdam What Our Readers Are Saying Be the first to share your thoughts on this title Product Details ISBN 9781419729874 Binding Hardcover Publication date 10092018 Publisher HARRY N ABRAMS INC Pages 192 Height 80IN Width 510IN Author Brooke Barker 1150 List Price 1699 Used Hardcover Ships in 1 to 3 days Qty Store 1 Burnside More copies of this ISBN New Hardcover Starting from 1695 Used Hardcover Starting from 850 1 LOCOK 1 LOCOK LOCCancel 1 LOCOK LOCCancel 1 LOCOK 1 LOCOK LOCCancel 1 LOCOK LOCCancel 1 LOCOK 1 LOCOK LOCCancel 1 LOCOK LOCCancel 1 LOCOK 1 LOCOK LOCCancel 1 LOCOK LOCCancel Help Guarantee My Account Careers About Us Security Wish List Partners Contact Us Shipping Transparency ACT MRF Sitemap  2022 POWELLSCOM Terms 1 LOCOK 1 LOCOK LOCCancel 1 LOCOK LOCCancel 1 LOCOK 1 LOCOK LOCCancel 1 LOCOK LOCCancel 1 LOCOK 1 LOCOK LOCCancel 1 LOCOK LOCCancel 1 LOCOK 1 LOCOK LOCCancel 1 LOCOK LOCCancel"}