{"Title": " The Girl on the Train ", "Author": "Paula Hawkins", "Cover Page": "https://powells-covers-2.s3.amazonaws.com/9781594634024.jpg", "ISBN10": "1594634025  \n", "ISBN13": "9781594634024", "Page URL": "https://powells.com/book/the-girl-on-the-train-9781594634024", "raw_text": "Girl on the Train Paula Hawkins Trade Paperback 9781594634024 Powells Books Cart   my account  wish list  help  8008787323 Hello\n Login MENU Browse New Arrivals Bestsellers Featured Preorders Award Winners Audio Books See All Subjects Used Staff Picks Staff Picks Picks of the Month Bookseller Displays 50 Books for 50 Years 25 Best 21st Century SciFi  Fantasy 25 PNW Books to Read Before You Die 25 Books From the 21st Century 25 Memoirs to Read Before You Die 25 Global Books to Read Before You Die 25 Women to Read Before You Die 25 Books to Read Before You Die Gifts Gift Cards  eGift Cards Powells Souvenirs Journals and Notebooks socks Games Sell Books Blog Events Find A Store Dont Miss BIG SALE 20 off sitewide Picks of the Season What Im Giving Great Gifts Under 25 Best Books of 2022 Powells Author Events Oregon Battle of the Books Audio Books Visit Our Stores Powells Books 14 Gift Ideas From 14 of Our Favorite Authors 0 comment Every year Powells reaches out to some of our favorite authors for some muchneeded giftgiving inspiration Below are 14 writerapproved recommendations to help you find the perfect book for even your mostdifficulttobuyfor loved one Read More  Powells Staff Best Books of 2022 Fiction 1 comment Kelsey Ford 6 Haunting Native American Horror Books 1 comment 1 LOCOK 1 LOCOK LOCCancel 1 LOCOK LOCCancel The Girl on the Train by Paula Hawkins Comment on this title Synopses  Reviews ISBN13 9781594634024 ISBN10 1594634025 Condition Standard All Product Details View Larger Image View Larger Images 1050 List Price 1700 Used Trade Paperback Ships in 1 to 3 days Qty Store 1 Burnside From Powellscom Staff Pick The Girl on the Train is an intense psychological thriller in which reality and perception seamlessly change positions and you can never be totally certain which is which Rachel is an unemployed divorcee who drinks to get through her day She still commutes into the city every day to maintain the appearance that shes working The train goes past the house she shared with her husband who still lives there with his new wife and child and she passes the time by making up stories about the neighbors there now until one of them disappears and is found dead This is a terrific read that is most difficult to put down Recommended By Tom L Powellscom Synopses  Reviews Publisher Comments EVERY DAY THE SAME Rachel takes the same commuter train every morning and night Every day she rattles down the track flashes past a stretch of cozy suburban homes and stops at the signal that allows her to daily watch the same couple breakfasting on their deck Shes even started to feel like she knows them Jess and Jason she calls them Their lifeas she sees itis perfect Not unlike the life she recently lost UNTIL TODAY And then she sees something shocking Its only a minute until the train moves on but its enough Now everythings changed Unable to keep it to herself Rachel goes to the police But is she really as unreliable as they say Soon she is deeply entangled not only in the investigation but in the lives of everyone involved Has she done more harm than good Review Psychologically astute debutThe surprisepacked narratives hurtle toward a stunning climax horrifying as a train wreck and just as riveting Publishers Weekly Starred Review Review Hawkinss tale of love regret violence and forgetting is an engrossing psychological thriller with plenty of surprisesThe novel gets harder and harder to put down as the story screeches toward its unexpected ending Minneapolis Star Tribune Review Paula Hawkins has come up with an ingenious slant on the currently fashionable amnesia thrillerHawkins juggles perspectives and timescales with great skill and considerable suspense builds up along with empathy for an unusual central character The Guardian Review  The Girl on the Train  pulls off a thrillers toughest trick carefully assembling everything we think we know until it reveals the one thing we didnt see coming Entertainment Weekly Review Like its train the story blasts through the stagnation of these lives in suburban London and the reader cannot help but turn pagesan absorbing read The Boston Globe Review  The Girl on the Train marries movie noir with novelistic trickeryhang on tight Youll be surprised by what horrors lurk around the bend USA Today Review  The Girl on the Train has more fun with unreliable narration than any chiller since Gone Girl  The Girl on the Train is liable to draw a large bedazzled readership too Janet Maslin The New York Times About the Author Paula Hawkins worked as a journalist for fifteen years before turning her hand to fiction She lives in London The Girl on the Train is her first thriller It is being published all over the world and has been optioned by Dreamworks 42 4 What Our Readers Are Saying Share your thoughts on this title Average customer rating 42 4 comments  frenchcafegirl  July 14 2017 view all comments by frenchcafegirl Weve all had those moments when we were traveling where something in the window catches our eye for a brief moment in time Sometime it causes a double take because what we think we saw seems unbelieveable The central character in this story has such a moment Each day she passes a house whose occupants seem to have that idyllic romantic passion we all dream of But one day the beautiful story shes fantasized about the occupants begins to unravel A woman is missing and then found murdered Our train commuter is so upset that she is drawn into the investigation by her need to know more and more until she herself is considered a person of interest Seems all was not as perfect in the home as she imagined This is an easy read not challenging but certainly thought provoking Was this comment helpful  Yes  No report this\ncomment  kitten60  March 19 2017 view all comments by kitten60 I felt both sorry and disgusted by Rachels alcoholism furtiveness and imaginary world But then she is on her daily train to a non job when she witnesses an event that draws you in The wonderful Rachel whose secrets come out like a boom Then the reality of her ex husbands new marriage is more than could be guessed at Naturally Rachel has come upon a dangerous twist that draws the reader in even so Was this comment helpful  Yes  No report this\ncomment  DianaE  October 16 2016 view all comments by DianaE I finished this book just before midnight last night after a marathon reading session It is wellwritten engaging and suspenseful I recommend it to any fan of this genre Was this comment helpful  Yes  No 8 of 9 readers found this comment helpful report this\ncomment  Sheila Deeth  August 23 2016 view all comments by Sheila Deeth Rachel knows too much or too little as she narrates the lives she sees from the window of the train while hiding the life she leads when the train moves on Megan knows too little and too much hiding secrets as time moves inexorably beyond Anna thinks she knows more And Megan has disappeared\nTangled relationships between a divorced woman and her dreams and nightmares all turn into something more dangerous during the progress of this tale Rachels alcoholism is hauntingly portraying achingly realistic and sad Annas seduction of another womans husband is all too easy to believe And a combination of mental illness danger and dread draws the reader into a tale thats filled with mystery powerful detail and threat Telling in first person from multiple points of view and in timelines that read forward and back its a complex book thats nevertheless easy to read and seriously hard to put down with an end that simultaneously satisfies and haunts\nDisclosure Id been on trains and I needed a book to read while I rode on a plane It was a good choice Was this comment helpful  Yes  No 5 of 8 readers found this comment helpful report this\ncomment View all 4 comments Product Details ISBN 9781594634024 Binding Trade Paperback Publication date 07122016 Publisher Riverhead Books Language English Pages 336 Height 90IN Width 510IN Thickness 11 in LCCN False Author Paula Hawkins Media Run Time B 1050 List Price 1700 Used Trade Paperback Ships in 1 to 3 days Qty Store 1 Burnside More copies of this ISBN New Trade Paperback 1700 Used Trade Paperback 1095 This title in other editions New Trade Paperback 1600 Used Hardcover Starting from 950 1 LOCOK 1 LOCOK LOCCancel 1 LOCOK LOCCancel 1 LOCOK 1 LOCOK LOCCancel 1 LOCOK LOCCancel 1 LOCOK 1 LOCOK LOCCancel 1 LOCOK LOCCancel 1 LOCOK 1 LOCOK LOCCancel 1 LOCOK LOCCancel Help Guarantee My Account Careers About Us Security Wish List Partners Contact Us Shipping Transparency ACT MRF Sitemap  2022 POWELLSCOM Terms 1 LOCOK 1 LOCOK LOCCancel 1 LOCOK LOCCancel 1 LOCOK 1 LOCOK LOCCancel 1 LOCOK LOCCancel 1 LOCOK 1 LOCOK LOCCancel 1 LOCOK LOCCancel 1 LOCOK 1 LOCOK LOCCancel 1 LOCOK LOCCancel"}