{"Title": " Two Bicycles: The Work of Jean-Luc Godard and Anne-Marie Mi?ville ", "Author": "Jerry White", "Cover Page": "https://powells-covers-2.s3.amazonaws.com/9781554589357.jpg", "ISBN10": "1554589355  \n", "ISBN13": "9781554589357", "Page URL": "https://powells.com/book/two-bicycles-9781554589357", "raw_text": "Two Bicycles The Work of JeanLuc Godard and AnneMarie Mieville Film and Media Studies  Jerry White Trade Paperback 9781554589357 Powells Books Cart   my account  wish list  help  8008787323 Hello\n Login MENU Browse New Arrivals Bestsellers Featured Preorders Award Winners Audio Books See All Subjects Used Staff Picks Staff Picks Picks of the Month Bookseller Displays 50 Books for 50 Years 25 Best 21st Century SciFi  Fantasy 25 PNW Books to Read Before You Die 25 Books From the 21st Century 25 Memoirs to Read Before You Die 25 Global Books to Read Before You Die 25 Women to Read Before You Die 25 Books to Read Before You Die Gifts Gift Cards  eGift Cards Powells Souvenirs Journals and Notebooks socks Games Sell Books Blog Events Find A Store Dont Miss BIG SALE 20 off sitewide Picks of the Season What Im Giving Great Gifts Under 25 Best Books of 2022 Powells Author Events Oregon Battle of the Books Audio Books Visit Our Stores Powells Books 14 Gift Ideas From 14 of Our Favorite Authors 0 comment Every year Powells reaches out to some of our favorite authors for some muchneeded giftgiving inspiration Below are 14 writerapproved recommendations to help you find the perfect book for even your mostdifficulttobuyfor loved one Read More  Powells Staff Best Books of 2022 Fiction 1 comment Kelsey Ford 6 Haunting Native American Horror Books 1 comment 1 LOCOK 1 LOCOK LOCCancel 1 LOCOK LOCCancel Two Bicycles The Work of JeanLuc Godard and AnneMarie Miville by Jerry White Comment on this title Synopses  Reviews ISBN13 9781554589357 ISBN10 1554589355 All Product Details View Larger Image View Larger Images 5095 New Trade Paperback Ships in 1 to 3 days Qty Store 2 Local Warehouse Synopses  Reviews Synopsis JeanLuc Godard and AnneMarie Mieville are among the most important postwar filmmakers they have worked across forms across media and across countries This book the first to be devoted specifically to the work they did together examines the way they expanded the possibilities of cinema by using cuttingedge video equipment in a constant search for a new kind of filmmaking Two Bicycles examines all of the films videos and television works that the two did together and moves slowly across France and Switzerland with detours in Quebec Mozambique and Palestine Their amazingly varied body of work includes a twelvehour television series some experimental videos an acclaimed feature film with Isabelle Huppert a cigarette commercial and much else Overall the book shows the degree to which this work departs radically from the legacy of the French New Wave and in many ways shows signs of having been formed by the distinct culture of Switzerland to which Godard and Mieville returned in the 1970s to set up their atelier Sonimage Two Bicycles offers a chance to explore a body of work that is as unique and demanding as it is rich and revelatory Godard and Mieville have worked together for four decades but have never seemed more relevant Synopsis Two Bicycles examines all of the films videos and television works that JeanLuc Godard and AnneMarie Mi ville two of the most important postwar filmmakers did together JeanLuc Godard and AnneMarie Mi ville worked across forms across media and across countries This book the first to be devoted specifically to the work they did together examines the way they expanded the possibilities of cinema by using cuttingedge video equipment in a constant search for a new kind of filmmaking Two Bicycles moves slowly across France and Switzerland with detours in Quebec Mozambique and Palestine Their amazingly varied body of work includes a twelvehour television series some experimental videos an acclaimed feature film with Isabelle Huppert a cigarette commercial and much else Overall the book shows the degree to which this work departs radically from the legacy of the French New Wave and in many ways shows signs of having been formed by the distinct culture of Switzerland to which Godard and Mi ville returned in the 1970s to set up their atelier Sonimage Two Bicycles offers a chance to explore a body of work that is as unique and demanding as it is rich and revelatory Godard and Mi ville have worked together for four decades but have never seemed more relevant What Our Readers Are Saying Be the first to share your thoughts on this title Product Details ISBN 9781554589357 Binding Trade Paperback Publication date 08062013 Publisher Wilfrid Laurier University Press Series info Film and Media Studies Language English Pages 214 Height 53IN Width 605IN LCCN 2016417865 Illustration Yes Copyright Year 2013 UPC Code 9781554589357 Author Jerry White Subject Film and TelevisionHistory and Criticism 5095 New Trade Paperback Ships in 1 to 3 days Qty Store 2 Local Warehouse Receive an email when this ISBN is available used 1 LOCOK 1 LOCOK LOCCancel 1 LOCOK LOCCancel 1 LOCOK 1 LOCOK LOCCancel 1 LOCOK LOCCancel 1 LOCOK 1 LOCOK LOCCancel 1 LOCOK LOCCancel 1 LOCOK 1 LOCOK LOCCancel 1 LOCOK LOCCancel Help Guarantee My Account Careers About Us Security Wish List Partners Contact Us Shipping Transparency ACT MRF Sitemap  2022 POWELLSCOM Terms 1 LOCOK 1 LOCOK LOCCancel 1 LOCOK LOCCancel 1 LOCOK 1 LOCOK LOCCancel 1 LOCOK LOCCancel 1 LOCOK 1 LOCOK LOCCancel 1 LOCOK LOCCancel 1 LOCOK 1 LOCOK LOCCancel 1 LOCOK LOCCancel"}