{"Title": " Tiny Homes Maximum Style ", "Author": "Macarena Abascal", "Cover Page": "https://powells-covers-2.s3.amazonaws.com/9781584237501.jpg", "ISBN10": "1584237503  \n", "ISBN13": "9781584237501", "Page URL": "https://powells.com/book/tiny-homes-maximum-style-9781584237501", "raw_text": "Tiny Homes Maximum Style Macarena Abascal Trade Paperback 9781584237501 Powells Books Cart   my account  wish list  help  8008787323 Hello\n Login MENU Browse New Arrivals Bestsellers Featured Preorders Award Winners Audio Books See All Subjects Used Staff Picks Staff Picks Picks of the Month Bookseller Displays 50 Books for 50 Years 25 Best 21st Century SciFi  Fantasy 25 PNW Books to Read Before You Die 25 Books From the 21st Century 25 Memoirs to Read Before You Die 25 Global Books to Read Before You Die 25 Women to Read Before You Die 25 Books to Read Before You Die Gifts Gift Cards  eGift Cards Powells Souvenirs Journals and Notebooks socks Games Sell Books Blog Events Find A Store Dont Miss BIG SALE 20 off sitewide Picks of the Season What Im Giving Great Gifts Under 25 Best Books of 2022 Powells Author Events Oregon Battle of the Books Audio Books Visit Our Stores Powells Books 14 Gift Ideas From 14 of Our Favorite Authors 0 comment Every year Powells reaches out to some of our favorite authors for some muchneeded giftgiving inspiration Below are 14 writerapproved recommendations to help you find the perfect book for even your mostdifficulttobuyfor loved one Read More  Powells Staff Best Books of 2022 Fiction 1 comment Kelsey Ford 6 Haunting Native American Horror Books 1 comment 1 LOCOK 1 LOCOK LOCCancel 1 LOCOK LOCCancel Tiny Homes Maximum Style by Macarena Abascal Comment on this title Synopses  Reviews ISBN13 9781584237501 ISBN10 1584237503 All Product Details View Larger Image View Larger Images 3500 New Trade Paperback Ships in 1 to 3 days Qty Store 20 Local Warehouse Synopses  Reviews Synopsis The construction of small houses is increasing It is an accessible option adaptable to any environment eliminating unnecessary elements to include only basic functions without renouncing comfort Through the pages of this book we travel to countries across the world to discover a little bit about ways of life in those countries and how this is reflected in architecture Mountain houses city houses or on the coast in many different styles but all with a common bond careful construction and well thought out aesthetics to optimize space whilst respecting the environment and integrating the house into its surroundings Synopsis Optimizing a small space for maximum comfort can feel impossible without the right inspiration The compact houses in Tiny Homes Maximum Style are proof we never have to sacrifice form for function With floor plans and exquisite photographs of the finished homes this collection exemplifies the limitless possibilities of limited square footage What Our Readers Are Saying Be the first to share your thoughts on this title Product Details ISBN 9781584237501 Binding Trade Paperback Publication date 11242020 Publisher GINGKO PRESS INC Pages 192 Height 50IN Width 890IN Illustration Yes Author Macarena Abascal 3500 New Trade Paperback Ships in 1 to 3 days Qty Store 20 Local Warehouse Receive an email when this ISBN is available used 1 LOCOK 1 LOCOK LOCCancel 1 LOCOK LOCCancel 1 LOCOK 1 LOCOK LOCCancel 1 LOCOK LOCCancel 1 LOCOK 1 LOCOK LOCCancel 1 LOCOK LOCCancel 1 LOCOK 1 LOCOK LOCCancel 1 LOCOK LOCCancel Help Guarantee My Account Careers About Us Security Wish List Partners Contact Us Shipping Transparency ACT MRF Sitemap  2022 POWELLSCOM Terms 1 LOCOK 1 LOCOK LOCCancel 1 LOCOK LOCCancel 1 LOCOK 1 LOCOK LOCCancel 1 LOCOK LOCCancel 1 LOCOK 1 LOCOK LOCCancel 1 LOCOK LOCCancel 1 LOCOK 1 LOCOK LOCCancel 1 LOCOK LOCCancel"}