{"Title": " Material Change Design Thinking & the Social Entrepreneurship Movement ", "Author": "Eve Blossom", "Cover Page": "https://powells-covers-2.s3.amazonaws.com/9781935202455.jpg", "ISBN10": "1935202456  \n", "ISBN13": "9781935202455", "Page URL": "https://powells.com/book/material-change-design-thinking-the-social-entrepreneurship-movement-9781935202455", "raw_text": "Material Change Design Thinking and the Social Entrepreneurship Movement Eve Blossom Flexible 9781935202455 Powells Books Cart   my account  wish list  help  8008787323 Hello\n Login MENU Browse New Arrivals Bestsellers Featured Preorders Award Winners Audio Books See All Subjects Used Staff Picks Staff Picks Picks of the Month Bookseller Displays 50 Books for 50 Years 25 Best 21st Century SciFi  Fantasy 25 PNW Books to Read Before You Die 25 Books From the 21st Century 25 Memoirs to Read Before You Die 25 Global Books to Read Before You Die 25 Women to Read Before You Die 25 Books to Read Before You Die Gifts Gift Cards  eGift Cards Powells Souvenirs Journals and Notebooks socks Games Sell Books Blog Events Find A Store Dont Miss BIG SALE 20 off sitewide Picks of the Season What Im Giving Great Gifts Under 25 Best Books of 2022 Powells Author Events Oregon Battle of the Books Audio Books Visit Our Stores Powells Books 14 Gift Ideas From 14 of Our Favorite Authors 0 comment Every year Powells reaches out to some of our favorite authors for some muchneeded giftgiving inspiration Below are 14 writerapproved recommendations to help you find the perfect book for even your mostdifficulttobuyfor loved one Read More  Powells Staff Best Books of 2022 Fiction 1 comment Kelsey Ford 6 Haunting Native American Horror Books 1 comment 1 LOCOK 1 LOCOK LOCCancel 1 LOCOK LOCCancel Material Change Design Thinking  the Social Entrepreneurship Movement by Eve Blossom Comment on this title Synopses  Reviews ISBN13 9781935202455 ISBN10 1935202456 Condition Standard All Product Details View Larger Image View Larger Images 795 Used Flexible Ships in 1 to 3 days Qty Store 1 Burnside Synopses  Reviews Publisher Comments Many of us now look at the clothes we wear and wonder about the conditions at the factory where they were made Did children stitch our shirts and pants Were the workers compensated fairly Were they forced into labor The answersoften harshchange our feelings about these products and lead us to yet another question are there better options Material Change is the story of architect and entrepreneur Eve Blossom who built her design business Lulan Artisans on a framework of ecological economic and social sustainability Lulan Artisans is a forprofit social venture that designs produces and markets contemporary textiles made by Blossoms collaboratorsover 650 weavers dyers spinners and finishers in Cambodia India Laos Thailand and Vietnam Lulans mission is ambitious to preserve artisanal traditions to give workers an ample wage benefits and a safe workplace to bring stability to communities by creating jobs and to provide economic alternatives to human trafficking Here Blossom describes her travels and experiences in bustling cities and remote villages in Vietnam Cambodia and elsewhere in Southeast Asia as the region was opening its doors to free trade and tourism We walk with her through markets where handmade fabrics are sold and accompany her on motorbikes to visit rural villages devoted to farming and weaving We learn how she formed Lulan Artisans by getting to know the artisans and their designs processes and heritages Blossoms trips to Southeast Asia put her facetoface with the horrors of the sex trade galvanizing her commitment to disruptive entrepreneurship Also featured are stories by other disruptive entrepreneurs who are part of a growing movement to merge design social compassion and business Muna AbuSulayman Patrick Awuah Shashin Chokshi Tali Gottlieb Joi Ito Dr Jordan Kassalow Shaffi Mather Tobias RoseStockwell Juliana Rotich and Ricardo Teran The result is a new holistic model for the twentyfirst century Eve Blossom is the founder and CEO of Lulan Artisans An architect by training Eve lectures worldwide on sustainable integrated design and innovative business methodologies She is an Aspen Institute Liberty Fellow Synopsis Material Change shows that there is something going on in designsomething powerful Design can change the world This new way of thinking is revolutionizing the business of design and the design of business Material Change is the story of trained architect and entrepreneur Eve Blossom who built her design business Lulan Artisans on a framework of ecological economic social communal and cultural sustainability Lulan Artisans is a forprofit social venture that designs produces and markets contemporary textiles made by Blossoms collaboratorsover 650 weavers dyers spinners and finishers in Cambodia India Laos Thailand and Vietnam Lulans mission is to effect systemic social change to give workers an ample wage and benefits to bring stability to communities by creating jobs to preserve artisanal skills and to provide economic alternatives so that individuals can make better economic choices In the book we follow Eves process of forming a grassroots forprofit social venture She openly shares her story and the thinking behind her vision in the hope of inspiring others to act and to opensource the model for others to adapt customize and share Material Change also brings us the distinct voices of a range of other social entrepreneurs who are working around the world including Muna AbuSulayman Patrick Awuah Shashin Chokshi Tali Gottlieb Joi Ito Dr Jordan Kassalow Shaffi Mather Tobias RoseStockwell Juliana Rotich and Ricardo Teran Social entrepreneurship is a movement and it is growing every day We dont know when the tipping point will be but this new approach is here to stay This is the new sustainable and holistic business model for the twentyfirst century Eve Blossom is the founder and CEO of Lulan Artisans An architect by training Eve lectures worldwide on sustainable integrated design and innovative business methodologies She is a TED speaker and an Aspen Institute Liberty Fellow This is her first authored book What Our Readers Are Saying Be the first to share your thoughts on this title Product Details ISBN 9781935202455 Binding Flexible Publication date 10012011 Publisher METROPOLIS BOOKS Copyright Year 2011 UPC Code 9781935202455 Author Eve Blossom Subject GeneralGeneral 795 Used Flexible Ships in 1 to 3 days Qty Store 1 Burnside 1 LOCOK 1 LOCOK LOCCancel 1 LOCOK LOCCancel 1 LOCOK 1 LOCOK LOCCancel 1 LOCOK LOCCancel 1 LOCOK 1 LOCOK LOCCancel 1 LOCOK LOCCancel 1 LOCOK 1 LOCOK LOCCancel 1 LOCOK LOCCancel Help Guarantee My Account Careers About Us Security Wish List Partners Contact Us Shipping Transparency ACT MRF Sitemap  2022 POWELLSCOM Terms 1 LOCOK 1 LOCOK LOCCancel 1 LOCOK LOCCancel 1 LOCOK 1 LOCOK LOCCancel 1 LOCOK LOCCancel 1 LOCOK 1 LOCOK LOCCancel 1 LOCOK LOCCancel 1 LOCOK 1 LOCOK LOCCancel 1 LOCOK LOCCancel"}