{"Title": " A Phoenix First Must Burn: Sixteen Stories of Black Girl Magic, Resistance, and Hope ", "Author": "Patrice Caldwell", "Cover Page": "https://powells-covers-2.s3.amazonaws.com/9781984835659.jpg", "ISBN10": "1984835653  \n", "ISBN13": "9781984835659", "Page URL": "https://powells.com/book/-9781984835659", "raw_text": "Phoenix First Must Burn Sixteen Stories of Black Girl Magic Resistance  Hope Patrice Caldwell Hardcover 9781984835659 Powells Books Cart   my account  wish list  help  8008787323 Hello\n Login MENU Browse New Arrivals Bestsellers Featured Preorders Award Winners Audio Books See All Subjects Used Staff Picks Staff Picks Picks of the Month Bookseller Displays 50 Books for 50 Years 25 Best 21st Century SciFi  Fantasy 25 PNW Books to Read Before You Die 25 Books From the 21st Century 25 Memoirs to Read Before You Die 25 Global Books to Read Before You Die 25 Women to Read Before You Die 25 Books to Read Before You Die Gifts Gift Cards  eGift Cards Powells Souvenirs Journals and Notebooks socks Games Sell Books Blog Events Find A Store Dont Miss BIG SALE 20 off sitewide Picks of the Season What Im Giving Great Gifts Under 25 Best Books of 2022 Powells Author Events Oregon Battle of the Books Audio Books Visit Our Stores Powells Books 14 Gift Ideas From 14 of Our Favorite Authors 0 comment Every year Powells reaches out to some of our favorite authors for some muchneeded giftgiving inspiration Below are 14 writerapproved recommendations to help you find the perfect book for even your mostdifficulttobuyfor loved one Read More  Powells Staff Best Books of 2022 Fiction 1 comment Kelsey Ford 6 Haunting Native American Horror Books 1 comment 1 LOCOK 1 LOCOK LOCCancel 1 LOCOK LOCCancel A Phoenix First Must Burn Sixteen Stories of Black Girl Magic Resistance and Hope by Patrice Caldwell Comment on this title Synopses  Reviews ISBN13 9781984835659 ISBN10 1984835653 All Product Details View Larger Image View Larger Images 1899 New Hardcover Available at a Remote Warehouse Ships separately from other items Additional shipping charges may apply Not available for In Store Pickup More Info Qty Store 6 Remote Warehouse Staff Pick This powerhouse YA anthology is a scififantasy exploration of the experiences of Black women and gendernonconforming individuals with settings ranging from folklore to Afrofuturism The 16 exquisite stories in this collection from astronomically talented authors of color including Elizabeth Acevedo Justina Ireland Rebecca Roanhorse and Ibi Zoboi will stick with you long after you finish reading editorauthor Patrice Caldwell is one to watch Recommended By Madeline S Powellscom Synopses  Reviews Publisher Comments Sixteen tales by bestselling and awardwinning authors that explore the Black experience through fantasy science fiction and magic With stories by Elizabeth Acevedo Amerie Patrice Caldwell Dhonielle Clayton J Marcelle Corrie Somaiya Daud Charlotte Nicole Davis Justina Ireland Alaya Dawn Johnson Danny Lore L L McKinney Danielle Paige Rebecca Roanhorse Karen Strong Ashley Woodfolk and Ibi Zoboi Evoking Beyonc\u00e9s Lemonade for a teen audience these authors who are truly Octavia Butlers heirs have woven worlds to create a stunning narrative that centers Black women and gender nonconforming individuals A Phoenix First Must Burn will take you on a journey from folktales retold to futuristic societies and everything in between Filled with stories of love and betrayal strength and resistance this collection contains an array of complex and truetolife characters in which you cannot help but see yourself reflected Witches and scientists sisters and lovers priestesses and rebels the heroines of A Phoenix First Must Burn shine brightly You will never forget them Review a wonderful assortment of genrebending narratives The stories allow readers to view racism and gender conformity through the prism of science fiction and fantasy and the collection infuses the genre with color and complexity School Library Journal Review Readers will appreciate the wide representation of the African diaspora and will also take note of the multiplicities of lived experiences cultures and gendered and sexual expressionLuminous reading Booklist Starred Review Review Magical and real this collection lives up to its goal with stories as diverse as the black experience BlackGirlMagic indeed Kirkus Reviews About the Author Patrice Caldwell is a graduate of Wellesley College and the founder and fundraising chair of People of Color in Publishing  a grassroots organization dedicated to supporting empowering and uplifting racially and ethnically marginalized members of the book publishing industry Born and raised in Texas Patrice was a childrens book editor before shifting to writing fulltime In 2018 she was named a Publishers Weekly Star Watch honoree and featured on The Writers Digest podcast PBSs MetroFocus  and Bustles inaugural Lit List as one of 10 women changing the book world She currently lives in New York City in an apartment overflowing with tea and books and is obsessed with purple lipstick Visit her online at patricecaldwellcom Twitter whimsicallyours and Instagram whimsicalaquarian What Our Readers Are Saying Be the first to share your thoughts on this title Product Details ISBN 9781984835659 Binding Hardcover Publication date 03102020 Publisher Viking Books for Young Readers Language English Pages 368 LCCN 2019024780 Age Range 12 and up Grade Range 7 and up Editor Patrice Caldwell 1899 New Hardcover Available at a Remote Warehouse Ships separately from other items Additional shipping charges may apply Not available for In Store Pickup More Info Qty Store 6 Remote Warehouse Receive an email when this ISBN is available used This title in other editions New Compact Disc 3999 1 LOCOK 1 LOCOK LOCCancel 1 LOCOK LOCCancel 1 LOCOK 1 LOCOK LOCCancel 1 LOCOK LOCCancel 1 LOCOK 1 LOCOK LOCCancel 1 LOCOK LOCCancel 1 LOCOK 1 LOCOK LOCCancel 1 LOCOK LOCCancel Help Guarantee My Account Careers About Us Security Wish List Partners Contact Us Shipping Transparency ACT MRF Sitemap  2022 POWELLSCOM Terms 1 LOCOK 1 LOCOK LOCCancel 1 LOCOK LOCCancel 1 LOCOK 1 LOCOK LOCCancel 1 LOCOK LOCCancel 1 LOCOK 1 LOCOK LOCCancel 1 LOCOK LOCCancel 1 LOCOK 1 LOCOK LOCCancel 1 LOCOK LOCCancel"}