{"Title": " The Transgender Issue: Trans Justice Is Justice for All ", "Author": "Shon Faye", "Cover Page": "https://powells-covers-2.s3.amazonaws.com/9781839768392.jpg", "ISBN10": "1839768398  \n", "ISBN13": "9781839768392", "Page URL": "https://powells.com/book/the-transgender-issue-9781839768392", "raw_text": "The Transgender Issue Trans Justice Is Justice for All Shon Faye Trade Paperback 9781839768392 Powells Books Cart   my account  wish list  help  8008787323 Hello\n Login MENU Browse New Arrivals Bestsellers Featured Preorders Award Winners Audio Books See All Subjects Used Staff Picks Staff Picks Picks of the Month Bookseller Displays 50 Books for 50 Years 25 Best 21st Century SciFi  Fantasy 25 PNW Books to Read Before You Die 25 Books From the 21st Century 25 Memoirs to Read Before You Die 25 Global Books to Read Before You Die 25 Women to Read Before You Die 25 Books to Read Before You Die Gifts Gift Cards  eGift Cards Powells Souvenirs Journals and Notebooks socks Games Sell Books Blog Events Find A Store Dont Miss BIG SALE 20 off sitewide Picks of the Season What Im Giving Great Gifts Under 25 Best Books of 2022 Powells Author Events Oregon Battle of the Books Audio Books Visit Our Stores Powells Books 14 Gift Ideas From 14 of Our Favorite Authors 0 comment Every year Powells reaches out to some of our favorite authors for some muchneeded giftgiving inspiration Below are 14 writerapproved recommendations to help you find the perfect book for even your mostdifficulttobuyfor loved one Read More  Powells Staff Best Books of 2022 Fiction 1 comment Kelsey Ford 6 Haunting Native American Horror Books 1 comment 1 LOCOK 1 LOCOK LOCCancel 1 LOCOK LOCCancel The Transgender Issue Trans Justice Is Justice for All by Shon Faye Comment on this title Synopses  Reviews ISBN13 9781839768392 ISBN10 1839768398 All Product Details View Larger Image View Larger Images 2495 New Trade Paperback Ships in 1 to 3 days Qty Store 3 Burnside 1 Cedar Hills 20 Local Warehouse Synopses  Reviews Synopsis An incisive case for trans justice from a powerful new voice In this brilliant introduction to trans politics journalist and activist Shon Faye gives an incisive overview of systemic transphobia and argues that the struggle for trans rights is necessary to any struggle for social justice So often Faye argues trans people are understood as a side issue the subjects of a toxic and increasingly polarized debate which generates reliable controversy for newspapers and talk shows This media frenzy conceals a simple fact that we are having the wrong conversation a conversation in which trans people themselves are reduced to a talking point and denied a meaningful voice With skill rigor and heart Faye uncovers the reality of what it means to be trans in a transphobic society In this compellingly readable study she explores issues of class family housing healthcare sex work the prison system and trans participation in the LGBTQ and feminist communities What she finds ultimately is that when we fight for trans liberation we fight for a better world for us all What Our Readers Are Saying Be the first to share your thoughts on this title Product Details ISBN 9781839768392 Binding Trade Paperback Publication date 09132022 Publisher Verso Language English Pages 320 Height 102IN Width 543IN LCCN 2022019657 Author Shon Faye 2495 New Trade Paperback Ships in 1 to 3 days Qty Store 3 Burnside 1 Cedar Hills 20 Local Warehouse Receive an email when this ISBN is available used 1 LOCOK 1 LOCOK LOCCancel 1 LOCOK LOCCancel 1 LOCOK 1 LOCOK LOCCancel 1 LOCOK LOCCancel 1 LOCOK 1 LOCOK LOCCancel 1 LOCOK LOCCancel 1 LOCOK 1 LOCOK LOCCancel 1 LOCOK LOCCancel Help Guarantee My Account Careers About Us Security Wish List Partners Contact Us Shipping Transparency ACT MRF Sitemap  2022 POWELLSCOM Terms 1 LOCOK 1 LOCOK LOCCancel 1 LOCOK LOCCancel 1 LOCOK 1 LOCOK LOCCancel 1 LOCOK LOCCancel 1 LOCOK 1 LOCOK LOCCancel 1 LOCOK LOCCancel 1 LOCOK 1 LOCOK LOCCancel 1 LOCOK LOCCancel"}