{"Title": " Youll Never Blue Ball In This Town Again ", "Author": "Heather McDonald", "Cover Page": "https://covers.powells.com/9781439176283.jpg", "ISBN10": "1439176280  \n", "ISBN13": "9781439176283", "Page URL": "https://powells.com/book/youll-never-blue-ball-in-this-town-again-9781439176283", "raw_text": "Youll Never Blue Ball In This Town Again Heather McDonald Trade Paperback 9781439176283 Powells Books Cart   my account  wish list  help  8008787323 Hello\n Login MENU Browse New Arrivals Bestsellers Featured Preorders Award Winners Audio Books See All Subjects Used Staff Picks Staff Picks Picks of the Month Bookseller Displays 50 Books for 50 Years 25 Best 21st Century SciFi  Fantasy 25 PNW Books to Read Before You Die 25 Books From the 21st Century 25 Memoirs to Read Before You Die 25 Global Books to Read Before You Die 25 Women to Read Before You Die 25 Books to Read Before You Die Gifts Gift Cards  eGift Cards Powells Souvenirs Journals and Notebooks socks Games Sell Books Blog Events Find A Store Dont Miss BIG SALE 20 off sitewide Picks of the Season What Im Giving Great Gifts Under 25 Best Books of 2022 Powells Author Events Oregon Battle of the Books Audio Books Visit Our Stores Powells Books 14 Gift Ideas From 14 of Our Favorite Authors 0 comment Every year Powells reaches out to some of our favorite authors for some muchneeded giftgiving inspiration Below are 14 writerapproved recommendations to help you find the perfect book for even your mostdifficulttobuyfor loved one Read More  Powells Staff Best Books of 2022 Fiction 1 comment Kelsey Ford 6 Haunting Native American Horror Books 1 comment 1 LOCOK 1 LOCOK LOCCancel 1 LOCOK LOCCancel Youll Never Blue Ball In This Town Again by Heather McDonald Comment on this title Synopses  Reviews Read an Excerpt ISBN13 9781439176283 ISBN10 1439176280 Condition Standard All Product Details View Larger Image View Larger Images 595 List Price 1799 Used Trade Paperback Ships in 1 to 3 days Qty Store 1 Burnside Synopses  Reviews Publisher Comments New York Times bestselling author comedian and Chelsea Lately writer Heather McDonalds hilarious true story of finding herself in the predicament of being an unwilling virgin at the age of twentyseven Cant a girl dress like a hooker dance like a stripper and kiss like a porn star and still be a nineteenyearold virgin Youll Never Blue Ball in This Town Again is the laughoutloud story of an attractive Los Angeles woman who found herself in the predicament of being an unwilling virgin As an actress writer and standup comedienne Heather McDonald passed up ample opportunities to have her Vcard revoked by handsome rich and sometimes even fabulously famous men but she could not bring herself to do it until well after her friends had been deflowered As Chelsea Handler so lovingly puts it Thank God Heather waited twentyseven years to lose her virginity or she wouldnt have any material for this book Whether in a backseat a community pool or a sports stadium with a frat boy a doctor or an Alist celebrity Heather McDonald knew how to turn those boys blue Unlike putting out blue balling might not have paid her rent or landed her free trips to Hawaii but it did provide her with hilarious stories and adventures in her search for true loveand ultimately her very own happy ending Now Heather McDonald will never blue ball in this town again Review The only thing funnier than Heathers impersonation of us is    this book Kim Kourtney  Khloe Kardashian Synopsis Heather McDonald a story editor and performer on Chelsea Lately chronices her 27 years of virginity in hilarious detail About the Author Besides performing standup comedy Heather McDonald is a fulltime writer and story producer on the Es top rated show Chelsea Lately Heather can be seen weekly either on the roundtable or performing in the comedy sketches on Chelsea Lately  She cowrote White Chicks with the Wayans brothers and had a featured role in the movie\u00a0 She appeared in the Wayans Brothers Dance Flick was a regular on\u00a0MTVs Lyricist Lounge  and had\u00a0guest\u00a0roles on\u00a0hit\u00a0TV shows like Frasier  Malcolm in the Middle and Reno 911 Heather and her husband Peter have been married\u00a0for\u00a0nine years and have three children\u00a0 They reside in the San Fernando Valley next door to her parents just in case they run out of milk Chardonnay or need one of her dads Vicodin What Our Readers Are Saying Be the first to share your thoughts on this title Product Details ISBN 9781439176283 Binding Trade Paperback Publication date 06082010 Publisher SIMON  SCHUSTER TRADE Pages 272 Height 80IN Width 550IN Thickness 75 Number of Units 1 Author Heather McDonald Author Heather McDonald Subject Television personalities  United States Subject BiographyEntertainment and Performing Arts Subject Personal Memoirs Subject Sex Subject Biography  General 595 List Price 1799 Used Trade Paperback Ships in 1 to 3 days Qty Store 1 Burnside More copies of this ISBN New Trade Paperback 1799 1 LOCOK 1 LOCOK LOCCancel 1 LOCOK LOCCancel 1 LOCOK 1 LOCOK LOCCancel 1 LOCOK LOCCancel 1 LOCOK 1 LOCOK LOCCancel 1 LOCOK LOCCancel 1 LOCOK 1 LOCOK LOCCancel 1 LOCOK LOCCancel Help Guarantee My Account Careers About Us Security Wish List Partners Contact Us Shipping Transparency ACT MRF Sitemap  2022 POWELLSCOM Terms 1 LOCOK 1 LOCOK LOCCancel 1 LOCOK LOCCancel 1 LOCOK 1 LOCOK LOCCancel 1 LOCOK LOCCancel 1 LOCOK 1 LOCOK LOCCancel 1 LOCOK LOCCancel 1 LOCOK 1 LOCOK LOCCancel 1 LOCOK LOCCancel"}