{"Title": " Portland Map Book 9th Edition ", "Author": "G M Johnson", "Cover Page": "/Portals/0/Images/NoImageAvailable.gif", "ISBN10": "   \n \n All Pr", "ISBN13": "9781774492789", "Page URL": "https://powells.com/book/portland-map-book-9th-edition-9781774492789", "raw_text": "Portland Map Book 9th Edition G M Johnson Trade Paperback 9781774492789 Powells Books Cart   my account  wish list  help  8008787323 Hello\n Login MENU Browse New Arrivals Bestsellers Featured Preorders Award Winners Audio Books See All Subjects Used Staff Picks Staff Picks Picks of the Month Bookseller Displays 50 Books for 50 Years 25 Best 21st Century SciFi  Fantasy 25 PNW Books to Read Before You Die 25 Books From the 21st Century 25 Memoirs to Read Before You Die 25 Global Books to Read Before You Die 25 Women to Read Before You Die 25 Books to Read Before You Die Gifts Gift Cards  eGift Cards Powells Souvenirs Journals and Notebooks socks Games Sell Books Blog Events Find A Store Dont Miss BIG SALE 20 off sitewide Picks of the Season What Im Giving Great Gifts Under 25 Best Books of 2022 Powells Author Events Oregon Battle of the Books Audio Books Visit Our Stores Powells Books 14 Gift Ideas From 14 of Our Favorite Authors 0 comment Every year Powells reaches out to some of our favorite authors for some muchneeded giftgiving inspiration Below are 14 writerapproved recommendations to help you find the perfect book for even your mostdifficulttobuyfor loved one Read More  Powells Staff Best Books of 2022 Fiction 1 comment Kelsey Ford 6 Haunting Native American Horror Books 1 comment 1 LOCOK 1 LOCOK LOCCancel 1 LOCOK LOCCancel Portland Map Book 9th Edition by G M Johnson Comment on this title ISBN13 9781774492789 All Product Details View Larger Image View Larger Images 1995 New Trade Paperback Ships in 1 to 3 days Qty Store 10 Burnside 2 Hawthorne 11 Local Warehouse What Our Readers Are Saying Be the first to share your thoughts on this title Product Details ISBN 9781774492789 Binding Trade Paperback Publisher G M JOHNSON  ASSOCIATES LTD Edition 9ED Author G M Johnson 1995 New Trade Paperback Ships in 1 to 3 days Qty Store 10 Burnside 2 Hawthorne 11 Local Warehouse Receive an email when this ISBN is available used This title in other editions New SpiralComb 1795 1 LOCOK 1 LOCOK LOCCancel 1 LOCOK LOCCancel 1 LOCOK 1 LOCOK LOCCancel 1 LOCOK LOCCancel 1 LOCOK 1 LOCOK LOCCancel 1 LOCOK LOCCancel 1 LOCOK 1 LOCOK LOCCancel 1 LOCOK LOCCancel Help Guarantee My Account Careers About Us Security Wish List Partners Contact Us Shipping Transparency ACT MRF Sitemap  2022 POWELLSCOM Terms 1 LOCOK 1 LOCOK LOCCancel 1 LOCOK LOCCancel 1 LOCOK 1 LOCOK LOCCancel 1 LOCOK LOCCancel 1 LOCOK 1 LOCOK LOCCancel 1 LOCOK LOCCancel 1 LOCOK 1 LOCOK LOCCancel 1 LOCOK LOCCancel"}