{"Title": " Dragon Masters 21 Bloom of the Flower Dragon A Branches Book ", "Author": "Tracey West, Graham Howells", "Cover Page": "https://powells-covers-2.s3.amazonaws.com/9781338776874.jpg", "ISBN10": "1338776878  \n", "ISBN13": "9781338776874", "Page URL": "https://powells.com/book/dragon-masters-21-bloom-of-the-flower-dragon-a-branches-book-9781338776874", "raw_text": "Bloom of the Flower Dragon A Branches Book Dragon Masters 21 Tracey West Trade Paperback 9781338776874 Powells Books Cart   my account  wish list  help  8008787323 Hello\n Login MENU Browse New Arrivals Bestsellers Featured Preorders Award Winners Audio Books See All Subjects Used Staff Picks Staff Picks Picks of the Month Bookseller Displays 50 Books for 50 Years 25 Best 21st Century SciFi  Fantasy 25 PNW Books to Read Before You Die 25 Books From the 21st Century 25 Memoirs to Read Before You Die 25 Global Books to Read Before You Die 25 Women to Read Before You Die 25 Books to Read Before You Die Gifts Gift Cards  eGift Cards Powells Souvenirs Journals and Notebooks socks Games Sell Books Blog Events Find A Store Dont Miss BIG SALE 20 off sitewide Picks of the Season What Im Giving Great Gifts Under 25 Best Books of 2022 Powells Author Events Oregon Battle of the Books Audio Books Visit Our Stores Powells Books 14 Gift Ideas From 14 of Our Favorite Authors 0 comment Every year Powells reaches out to some of our favorite authors for some muchneeded giftgiving inspiration Below are 14 writerapproved recommendations to help you find the perfect book for even your mostdifficulttobuyfor loved one Read More  Powells Staff Best Books of 2022 Fiction 1 comment Kelsey Ford 6 Haunting Native American Horror Books 1 comment 1 LOCOK 1 LOCOK LOCCancel 1 LOCOK LOCCancel Dragon Masters 21 Bloom of the Flower Dragon A Branches Book by Tracey West Graham Howells Comment on this title ISBN13 9781338776874 ISBN10 1338776878 All Product Details View Larger Image View Larger Images 599 New Trade Paperback Ships in 1 to 3 days Qty Store 9 Burnside 1 Hawthorne 18 Local Warehouse What Our Readers Are Saying Be the first to share your thoughts on this title Product Details ISBN 9781338776874 Binding Trade Paperback Publication date 05172022 Publisher SCHOLASTIC INC Pages 96 Height 40IN Width 520IN Series Number 21 Age Range 6 to 8 Grade Range 1 to 3 Illustration Yes  Graham Howells Author Tracey West Author Graham Howells 599 New Trade Paperback Ships in 1 to 3 days Qty Store 9 Burnside 1 Hawthorne 18 Local Warehouse Receive an email when this ISBN is available used 1 LOCOK 1 LOCOK LOCCancel 1 LOCOK LOCCancel 1 LOCOK 1 LOCOK LOCCancel 1 LOCOK LOCCancel 1 LOCOK 1 LOCOK LOCCancel 1 LOCOK LOCCancel 1 LOCOK 1 LOCOK LOCCancel 1 LOCOK LOCCancel Help Guarantee My Account Careers About Us Security Wish List Partners Contact Us Shipping Transparency ACT MRF Sitemap  2022 POWELLSCOM Terms 1 LOCOK 1 LOCOK LOCCancel 1 LOCOK LOCCancel 1 LOCOK 1 LOCOK LOCCancel 1 LOCOK LOCCancel 1 LOCOK 1 LOCOK LOCCancel 1 LOCOK LOCCancel 1 LOCOK 1 LOCOK LOCCancel 1 LOCOK LOCCancel"}