{"Title": " Heliogabalus: A Buffoonery in Three Acts ", "Author": "George Jean Nathan", "Cover Page": "https://covers.powells.com/9781141484355.jpg", "ISBN10": "1141484358  \n", "ISBN13": "9781141484355", "Page URL": "https://powells.com/book/heliogabalus-9781141484355", "raw_text": "Heliogabalus A Buffoonery in Three Acts George Jean Nathan and Henry Louis Mencken SpiralComb 9781141484355 Powells Books Cart   my account  wish list  help  8008787323 Hello\n\n Login MENU Browse New Arrivals Bestsellers Featured Preorders Award Winners Audio Books See All Subjects Used Staff Picks Staff Picks Picks of the Month Bookseller Displays 50 Books for 50 Years 25 Best 21st Century SciFi  Fantasy 25 PNW Books to Read Before You Die 25 Books From the 21st Century 25 Memoirs to Read Before You Die 25 Global Books to Read Before You Die 25 Women to Read Before You Die 25 Books to Read Before You Die Gifts Gift Cards  eGift Cards Powells Souvenirs Journals and Notebooks socks Games Sell Books Blog Events Find A Store Dont Miss BIG SALE 20 off sitewide Picks of the Season What Im Giving Great Gifts Under 25 Best Books of 2022 Powells Author Events Oregon Battle of the Books Audio Books Visit Our Stores Powells Books 14 Gift Ideas From 14 of Our Favorite Authors 0 comment Every year Powells reaches out to some of our favorite authors for some muchneeded giftgiving inspiration Below are 14 writerapproved recommendations to help you find the perfect book for even your mostdifficulttobuyfor loved one Read More  Powells Staff Best Books of 2022 Fiction 1 comment Kelsey Ford 6 Haunting Native American Horror Books 1 comment 1 LOCOK 1 LOCOK LOCCancel 1 LOCOK LOCCancel Heliogabalus A Buffoonery in Three Acts by George Jean Nathan and Henry Louis Mencken Comment on this title Synopses  Reviews ISBN13 9781141484355 ISBN10 1141484358 Condition Standard All Product Details View Larger Image View Larger Images 000 List Price 000 SpiralComb Ships in 1 to 3 days Synopses  Reviews Synopsis This is a reproduction of a book published before 1923 This book may have occasional imperfections such as missing or blurred pages poor pictures errant marks etc that were either part of the original artifact or were introduced by the scanning process We believe this work is culturally important and despite the imperfections have elected to bring it back into print as part of our continuing commitment to the preservation of printed works worldwide We appreciate your understanding of the imperfections in the preservation process and hope you enjoy this valuable book What Our Readers Are Saying Be the first to share your thoughts on this title Product Details ISBN 9781141484355 Binding SpiralComb Publisher Nabu Press Language English Pages 192 Height 744 in Width 968 in Thickness 40 in Number of Units 1 Author Henry Louis Mencken Author George Jean Nathan 000 List Price 000 SpiralComb Ships in 1 to 3 days Receive an email when this ISBN is available used 1 LOCOK 1 LOCOK LOCCancel 1 LOCOK LOCCancel 1 LOCOK 1 LOCOK LOCCancel 1 LOCOK LOCCancel 1 LOCOK 1 LOCOK LOCCancel 1 LOCOK LOCCancel 1 LOCOK 1 LOCOK LOCCancel 1 LOCOK LOCCancel Help Guarantee My Account Careers About Us Security Wish List Partners Contact Us Shipping Transparency ACT MRF Sitemap  2022 POWELLSCOM Terms 1 LOCOK 1 LOCOK LOCCancel 1 LOCOK LOCCancel 1 LOCOK 1 LOCOK LOCCancel 1 LOCOK LOCCancel 1 LOCOK 1 LOCOK LOCCancel 1 LOCOK LOCCancel 1 LOCOK 1 LOCOK LOCCancel 1 LOCOK LOCCancel"}