{"Title": " Orthodoxy and Difference: Essays on the Geography of Russian Orthodox Church(es) in the 20th Century ", "Author": "D. Sidorov", "Cover Page": "https://powells-covers-2.s3.amazonaws.com/9781556350382.jpg", "ISBN10": "1556350384  \n", "ISBN13": "9781556350382", "Page URL": "https://powells.com/book/orthodoxy-and-difference-9781556350382", "raw_text": "Resources for Measurement and Control Series 46 Orthodoxy and Difference Essays on the Geography of Russian Orthodox Churches in the 20th Century  D Sidorov Trade Paperback 9781556350382 Pow Cart   my account  wish list  help  8008787323 Hello\n Login MENU Browse New Arrivals Bestsellers Featured Preorders Award Winners Audio Books See All Subjects Used Staff Picks Staff Picks Picks of the Month Bookseller Displays 50 Books for 50 Years 25 Best 21st Century SciFi  Fantasy 25 PNW Books to Read Before You Die 25 Books From the 21st Century 25 Memoirs to Read Before You Die 25 Global Books to Read Before You Die 25 Women to Read Before You Die 25 Books to Read Before You Die Gifts Gift Cards  eGift Cards Powells Souvenirs Journals and Notebooks socks Games Sell Books Blog Events Find A Store Dont Miss BIG SALE 20 off sitewide Picks of the Season What Im Giving Great Gifts Under 25 Best Books of 2022 Powells Author Events Oregon Battle of the Books Audio Books Visit Our Stores Powells Books 14 Gift Ideas From 14 of Our Favorite Authors 0 comment Every year Powells reaches out to some of our favorite authors for some muchneeded giftgiving inspiration Below are 14 writerapproved recommendations to help you find the perfect book for even your mostdifficulttobuyfor loved one Read More  Powells Staff Best Books of 2022 Fiction 1 comment Kelsey Ford 6 Haunting Native American Horror Books 1 comment 1 LOCOK 1 LOCOK LOCCancel 1 LOCOK LOCCancel Orthodoxy and Difference Essays on the Geography of Russian Orthodox Churches in the 20th Century by D Sidorov and Dmitrii Sidorov Comment on this title Synopses  Reviews ISBN13 9781556350382 ISBN10 1556350384 All Product Details View Larger Image View Larger Images 4700 New Trade Paperback Available at a Remote Warehouse Ships separately from other items Additional shipping charges may apply Not available for In Store Pickup More Info Qty Store 20 Remote Warehouse Synopses  Reviews Synopsis This longstanding series provides the guild of religion scholars a venue for publishing aimed primarily at colleagues It includes scholarly monographs revised dissertations Festschriften conference papers and translations of ancient and medieval documents Works cover the subdisciplines of biblical studies history of Christianity history of religion theology and ethics Festschriften for Karl Barth Donald W Dayton James Luther Mays Margaret R Miles and Walter Wink are among the seventyfive volumes that have been published Contributors include C K Barrett Francois Bovon Paul S Chung MarieHelene Davies Frederick Herzog Ben F Meyer Pamela Ann Moeller Rudolf Pesch D Z Phillips Rudolf Schnackenburgm Eduard Schweizer John Vissers Description Includes bibliographical references p 321355 and index What Our Readers Are Saying Be the first to share your thoughts on this title Product Details ISBN 9781556350382 Binding Trade Paperback Publication date 01012001 Publisher Wipf  Stock Publishers Series info Resources for Measurement and Control Series Language English Pages 384 Height 116IN Width 614IN Thickness 116 in LCCN 2001021040 Series Resources for Measurement and Control Series Series Number 46 Number of Units 1 Series Volume no 0101746 UPC Code 2801556350384 Author D Sidorov Author Dmitrii Sidorov Author Dmitri Sidorov Subject ChristianityEastern Orthodoxy Subject History Subject Russia Subject Russia Church history Subject Church property Subject Soviet Union Church history Subject Church and state 4700 New Trade Paperback Available at a Remote Warehouse Ships separately from other items Additional shipping charges may apply Not available for In Store Pickup More Info Qty Store 20 Remote Warehouse Receive an email when this ISBN is available used 1 LOCOK 1 LOCOK LOCCancel 1 LOCOK LOCCancel 1 LOCOK 1 LOCOK LOCCancel 1 LOCOK LOCCancel 1 LOCOK 1 LOCOK LOCCancel 1 LOCOK LOCCancel 1 LOCOK 1 LOCOK LOCCancel 1 LOCOK LOCCancel Help Guarantee My Account Careers About Us Security Wish List Partners Contact Us Shipping Transparency ACT MRF Sitemap  2022 POWELLSCOM Terms 1 LOCOK 1 LOCOK LOCCancel 1 LOCOK LOCCancel 1 LOCOK 1 LOCOK LOCCancel 1 LOCOK LOCCancel 1 LOCOK 1 LOCOK LOCCancel 1 LOCOK LOCCancel 1 LOCOK 1 LOCOK LOCCancel 1 LOCOK LOCCancel"}