{"Title": " Zoey & Sassafras 05 Pod & the Bog ", "Author": "Asia Citro, Marion Lindsay", "Cover Page": "https://powells-covers-2.s3.amazonaws.com/9781943147380.jpg", "ISBN10": "1943147388  \n", "ISBN13": "9781943147380", "Page URL": "https://powells.com/book/zoey-sassafras-05-pod-the-bog-9781943147380", "raw_text": "The Pod and the Bog Asia Citro Trade Paperback 9781943147380 Powells Books Cart   my account  wish list  help  8008787323 Hello\n Login MENU Browse New Arrivals Bestsellers Featured Preorders Award Winners Audio Books See All Subjects Used Staff Picks Staff Picks Picks of the Month Bookseller Displays 50 Books for 50 Years 25 Best 21st Century SciFi  Fantasy 25 PNW Books to Read Before You Die 25 Books From the 21st Century 25 Memoirs to Read Before You Die 25 Global Books to Read Before You Die 25 Women to Read Before You Die 25 Books to Read Before You Die Gifts Gift Cards  eGift Cards Powells Souvenirs Journals and Notebooks socks Games Sell Books Blog Events Find A Store Dont Miss BIG SALE 20 off sitewide Picks of the Season What Im Giving Great Gifts Under 25 Best Books of 2022 Powells Author Events Oregon Battle of the Books Audio Books Visit Our Stores Powells Books 14 Gift Ideas From 14 of Our Favorite Authors 0 comment Every year Powells reaches out to some of our favorite authors for some muchneeded giftgiving inspiration Below are 14 writerapproved recommendations to help you find the perfect book for even your mostdifficulttobuyfor loved one Read More  Powells Staff Best Books of 2022 Fiction 1 comment Kelsey Ford 6 Haunting Native American Horror Books 1 comment 1 LOCOK 1 LOCOK LOCCancel 1 LOCOK LOCCancel Zoey  Sassafras 05 Pod  the Bog by Asia Citro Marion Lindsay Comment on this title Synopses  Reviews ISBN13 9781943147380 ISBN10 1943147388 All Product Details View Larger Image View Larger Images 599 New Trade Paperback Ships in 1 to 3 days Qty Store 2 Burnside 1 Cedar Hills 2 Hawthorne 20 Local Warehouse Synopses  Reviews Synopsis With magical animals science mystery and adventure  the series Zoey and Sassafras has something for everyone Easytoread language and illustrations on nearly every page make this series perfect for a wide range of ages In the fifth book an old friend visits Zoey at the barn with a mysterious glowing   seed pod Zoey Sassafras and Pip must work together to discover what this mysterious rare magical plant needs to grow before all the seeds crumble to purple dust What Our Readers Are Saying Be the first to share your thoughts on this title Product Details ISBN 9781943147380 Binding Trade Paperback Publication date 03202018 Publisher INNOVATION PRESS Series info Zoey and Sassafras Pages 96 Height 20IN Width 500IN Series Number 5 Age Range 7 to 9 Grade Range 2 to 4 Illustration Yes Author Asia Citro  Marion Lindsay Author Marion Lindsay 599 New Trade Paperback Ships in 1 to 3 days Qty Store 2 Burnside 1 Cedar Hills 2 Hawthorne 20 Local Warehouse Receive an email when this ISBN is available used 1 LOCOK 1 LOCOK LOCCancel 1 LOCOK LOCCancel 1 LOCOK 1 LOCOK LOCCancel 1 LOCOK LOCCancel 1 LOCOK 1 LOCOK LOCCancel 1 LOCOK LOCCancel 1 LOCOK 1 LOCOK LOCCancel 1 LOCOK LOCCancel Help Guarantee My Account Careers About Us Security Wish List Partners Contact Us Shipping Transparency ACT MRF Sitemap  2022 POWELLSCOM Terms 1 LOCOK 1 LOCOK LOCCancel 1 LOCOK LOCCancel 1 LOCOK 1 LOCOK LOCCancel 1 LOCOK LOCCancel 1 LOCOK 1 LOCOK LOCCancel 1 LOCOK LOCCancel 1 LOCOK 1 LOCOK LOCCancel 1 LOCOK LOCCancel"}