{"Title": " Land Sea Shelter & Culture A Story of Modern Architecture in Hawaii The Work of AHL ", "Author": "Architects Hawaii Ltd", "Cover Page": "https://powells-covers-2.s3.amazonaws.com/9781943532339.jpg", "ISBN10": "1943532338  \n", "ISBN13": "9781943532339", "Page URL": "https://powells.com/book/land-sea-shelter-culture-a-story-of-modern-architecture-in-hawaii-the-work-of-ahl-9781943532339", "raw_text": "Land Sea Shelter  Culture A Story of Modern Architecture in Hawaii The Work of AHL Architects Hawaii Ltd Hardcover 9781943532339 Powells Books Cart   my account  wish list  help  8008787323 Hello\n Login MENU Browse New Arrivals Bestsellers Featured Preorders Award Winners Audio Books See All Subjects Used Staff Picks Staff Picks Picks of the Month Bookseller Displays 50 Books for 50 Years 25 Best 21st Century SciFi  Fantasy 25 PNW Books to Read Before You Die 25 Books From the 21st Century 25 Memoirs to Read Before You Die 25 Global Books to Read Before You Die 25 Women to Read Before You Die 25 Books to Read Before You Die Gifts Gift Cards  eGift Cards Powells Souvenirs Journals and Notebooks socks Games Sell Books Blog Events Find A Store Dont Miss BIG SALE 20 off sitewide Picks of the Season What Im Giving Great Gifts Under 25 Best Books of 2022 Powells Author Events Oregon Battle of the Books Audio Books Visit Our Stores Powells Books 14 Gift Ideas From 14 of Our Favorite Authors 0 comment Every year Powells reaches out to some of our favorite authors for some muchneeded giftgiving inspiration Below are 14 writerapproved recommendations to help you find the perfect book for even your mostdifficulttobuyfor loved one Read More  Powells Staff Best Books of 2022 Fiction 1 comment Kelsey Ford 6 Haunting Native American Horror Books 1 comment 1 LOCOK 1 LOCOK LOCCancel 1 LOCOK LOCCancel Land Sea Shelter  Culture A Story of Modern Architecture in Hawaii The Work of AHL by Architects Hawaii Ltd Comment on this title ISBN13 9781943532339 ISBN10 1943532338 All Product Details View Larger Image View Larger Images 5000 New Hardcover Release Date 112023 What Our Readers Are Saying Be the first to share your thoughts on this title Product Details ISBN 9781943532339 Binding Hardcover Publication date 01012023 Publisher ORO EDITIONS Pages 240 Author Architects Hawaii Ltd 5000 New Hardcover Release Date 112023 Receive an email when this ISBN is available used 1 LOCOK 1 LOCOK LOCCancel 1 LOCOK LOCCancel 1 LOCOK 1 LOCOK LOCCancel 1 LOCOK LOCCancel 1 LOCOK 1 LOCOK LOCCancel 1 LOCOK LOCCancel 1 LOCOK 1 LOCOK LOCCancel 1 LOCOK LOCCancel Help Guarantee My Account Careers About Us Security Wish List Partners Contact Us Shipping Transparency ACT MRF Sitemap  2022 POWELLSCOM Terms 1 LOCOK 1 LOCOK LOCCancel 1 LOCOK LOCCancel 1 LOCOK 1 LOCOK LOCCancel 1 LOCOK LOCCancel 1 LOCOK 1 LOCOK LOCCancel 1 LOCOK LOCCancel 1 LOCOK 1 LOCOK LOCCancel 1 LOCOK LOCCancel"}