{"Title": " Criando O Jogador de Basquete Definitivo: Aprenda OS Segredos E Truques Usados Pelos Melhores Jogadores de Basquete Profissionais E Treinadores Para M ", "Author": "Joseph Correa", "Cover Page": "https://powells-covers-2.s3.amazonaws.com/9781635310870.jpg", "ISBN10": "1635310873  \n", "ISBN13": "9781635310870", "Page URL": "https://powells.com/book/criando-o-jogador-de-basquete-definitivo-9781635310870", "raw_text": "Criando O Jogador de Basquete Definitivo Aprenda OS Segredos E Truques Usados Pelos Melhores Jogadores de Basquete Profissionais E Treinadores Para M Correa Joseph Trade Paperback 9781635310870 Cart   my account  wish list  help  8008787323 Hello\n Login MENU Browse New Arrivals Bestsellers Featured Preorders Award Winners Audio Books See All Subjects Used Staff Picks Staff Picks Picks of the Month Bookseller Displays 50 Books for 50 Years 25 Best 21st Century SciFi  Fantasy 25 PNW Books to Read Before You Die 25 Books From the 21st Century 25 Memoirs to Read Before You Die 25 Global Books to Read Before You Die 25 Women to Read Before You Die 25 Books to Read Before You Die Gifts Gift Cards  eGift Cards Powells Souvenirs Journals and Notebooks socks Games Sell Books Blog Events Find A Store Dont Miss BIG SALE 20 off sitewide Picks of the Season What Im Giving Great Gifts Under 25 Best Books of 2022 Powells Author Events Oregon Battle of the Books Audio Books Visit Our Stores Powells Books 14 Gift Ideas From 14 of Our Favorite Authors 0 comment Every year Powells reaches out to some of our favorite authors for some muchneeded giftgiving inspiration Below are 14 writerapproved recommendations to help you find the perfect book for even your mostdifficulttobuyfor loved one Read More  Powells Staff Best Books of 2022 Fiction 1 comment Kelsey Ford 6 Haunting Native American Horror Books 1 comment 1 LOCOK 1 LOCOK LOCCancel 1 LOCOK LOCCancel Criando O Jogador de Basquete Definitivo Aprenda OS Segredos E Truques Usados Pelos Melhores Jogadores de Basquete Profissionais E Treinadores Para M by Joseph Correa Comment on this title Synopses  Reviews ISBN13 9781635310870 ISBN10 1635310873 All Product Details View Larger Image View Larger Images 2695 New Trade Paperback Available at a Remote Warehouse Ships separately from other items Additional shipping charges may apply Not available for In Store Pickup More Info Qty Store 20 Remote Warehouse Synopses  Reviews Synopsis Para alcan ar o seu verdadeiro potencial voc precisa estar em tima condi o f sica e mental e para fazer isso voc precisa come ar um plano organizado que ir ajud lo a desenvolver a sua for a mobilidade nutri o e resist ncia mental Este livro vai fazer isso Comer corretamente e treinamento duro s o duas das pe as do enigma mas voc precisa da terceira pe a para fazer tudo isso acontecer A terceira pe a a resist ncia mental que pode ser obtida atrav s das t cnicas de medita o e visualiza o ensinadas neste livro Este livro ir fornecerlhe o seguinte Calend rios de treinamento normal e avan ado Exerc cios de alongamento din mico Exerc cios de treinamento de alto desempenho Exerc cios de recupera o ativa Calend rio de nutri o para aumento de massa muscular Calend rio de nutri o para queima de gordura Receitas para constru o muscular Receitas para queima de gordura T cnicas avan adas de respira o para melhorar o desempenho T cnicas de medita o T cnicas de visualiza o Sess es de visualiza o para melhorar o desempenho Condicionamento f sico e muscula o nutri o inteligente e t cnicas avan adas de medita ovisualiza o s o as tr s chaves para alcan ar o desempenho ideal A maioria dos atletas est esquecendo um ou dois destes ingredientes fundamentais mas ao tomar a decis o de mudar voc ter a possibilidade de alcan ar um novo voc DEFINITIVO Os atletas que come arem este plano de treinamento ver o o seguinte Aumento do crescimento muscular Redu o dos n veis de estresse For a aprimorada mobilidade e rea o Melhor capacidade de se concentrar por longos per odos de tempo Mais rapidez e mais estabilidade Menos fadiga muscular Maior rapidez de recupera o ap s competir ou treinar Ganho de flexibilidade Melhor supera o do nervosismo Melhor controle sobre sua respira o Controle sobre suas emo es sob press o Fa a a escolha Fa a a mudan a Fa a um novo voc DEFINITIVO What Our Readers Are Saying Be the first to share your thoughts on this title Product Details ISBN 9781635310870 Binding Trade Paperback Publication date 08172016 Publisher Finibi Inc Language Portuguese Pages 290 Height 61IN Width 600IN 2695 New Trade Paperback Available at a Remote Warehouse Ships separately from other items Additional shipping charges may apply Not available for In Store Pickup More Info Qty Store 20 Remote Warehouse Receive an email when this ISBN is available used 1 LOCOK 1 LOCOK LOCCancel 1 LOCOK LOCCancel 1 LOCOK 1 LOCOK LOCCancel 1 LOCOK LOCCancel 1 LOCOK 1 LOCOK LOCCancel 1 LOCOK LOCCancel 1 LOCOK 1 LOCOK LOCCancel 1 LOCOK LOCCancel Help Guarantee My Account Careers About Us Security Wish List Partners Contact Us Shipping Transparency ACT MRF Sitemap  2022 POWELLSCOM Terms 1 LOCOK 1 LOCOK LOCCancel 1 LOCOK LOCCancel 1 LOCOK 1 LOCOK LOCCancel 1 LOCOK LOCCancel 1 LOCOK 1 LOCOK LOCCancel 1 LOCOK LOCCancel 1 LOCOK 1 LOCOK LOCCancel 1 LOCOK LOCCancel"}