{"Title": " What My Mother and I Don't Talk About: Fifteen Writers Break the Silence ", "Author": "Michele Filgate", "Cover Page": "https://powells-covers-2.s3.amazonaws.com/9781982107345.jpg", "ISBN10": "1982107340  \n", "ISBN13": "9781982107345", "Page URL": "https://powells.com/book/-9781982107345", "raw_text": "What My Mother and I Dont Talk about Michele Filgate Hardcover 9781982107345 Powells Books Cart   my account  wish list  help  8008787323 Hello\n Login MENU Browse New Arrivals Bestsellers Featured Preorders Award Winners Audio Books See All Subjects Used Staff Picks Staff Picks Picks of the Month Bookseller Displays 50 Books for 50 Years 25 Best 21st Century SciFi  Fantasy 25 PNW Books to Read Before You Die 25 Books From the 21st Century 25 Memoirs to Read Before You Die 25 Global Books to Read Before You Die 25 Women to Read Before You Die 25 Books to Read Before You Die Gifts Gift Cards  eGift Cards Powells Souvenirs Journals and Notebooks socks Games Sell Books Blog Events Find A Store Dont Miss BIG SALE 20 off sitewide Picks of the Season What Im Giving Great Gifts Under 25 Best Books of 2022 Powells Author Events Oregon Battle of the Books Audio Books Visit Our Stores Powells Books 14 Gift Ideas From 14 of Our Favorite Authors 0 comment Every year Powells reaches out to some of our favorite authors for some muchneeded giftgiving inspiration Below are 14 writerapproved recommendations to help you find the perfect book for even your mostdifficulttobuyfor loved one Read More  Powells Staff Best Books of 2022 Fiction 1 comment Kelsey Ford 6 Haunting Native American Horror Books 1 comment 1 LOCOK 1 LOCOK LOCCancel 1 LOCOK LOCCancel What My Mother and I Dont Talk About Fifteen Writers Break the Silence by Michele Filgate Comment on this title Synopses  Reviews ISBN13 9781982107345 ISBN10 1982107340 Condition Standard DustJacket Standard All Product Details View Larger Image View Larger Images 1795 List Price 2600 Used Hardcover Ships in 1 to 3 days Qty Store 1 Cedar Hills From Powellscom Powells Picks of the Month Hot new releases and undertheradar gems for adults and kids Staff Pick This collection includes many of todays best writers reflecting on their first and often most important relationship The result is sometimes searing sometimes comforting often touching and always deeply humane Recommended By Keith M Powellscom Synopses  Reviews Publisher Comments Most Anticipated Reads of 2019 Selection by Publishers Weekly  BuzzFeed  The Rumpus  Lit Hub  and The Week  Fifteen brilliant writers explore what we dont talk to our mothers about and how it affects us for better or for worse As an undergraduate Michele Filgate started writing an essay about being abused by her stepfather It took her more than a decade to realize what she was actually trying to write how this affected her relationship with her mother When it was finally published the essay went viral shared on social media by Anne Lamott Rebecca Solnit and many others The outpouring of responses gave Filgate an idea and the resulting anthology offers a candid look at our relationships with our mothers While some of the writers in this book are estranged from their mothers others are extremely close Leslie Jamison writes about trying to discover who her seemingly perfect mother was before ever becoming a mom In Cathi Hanauers hilarious piece she finally gets a chance to have a conversation with her mother that isnt interrupted by her domineering but lovable father Andr Aciman writes about what it was like to have a deaf mother Melissa Febos uses mythology as a lens to look at her closeknit relationship with her psychotherapist mother And Julianna Baggott talks about having a mom who tells her everything  As Filgate writes Our mothers are our first homes and thats why were always trying to return to them Theres relief in breaking the silence Acknowledging what we couldnt say for so long is one way to heal our relationships with others and perhaps most important with ourselves Contributors include Cathi Hanauer Melissa Febos Alexander Chee Dylan Landis Bernice L McFadden Julianna Baggott Lynn Steger Strong Kiese Laymon Carmen Maria Machado Andr Aciman Sari Botton Nayomi Munaweera Brandon Taylor and Leslie Jamison Review A fascinating set of reflections on what it is like to be a son or daughter the range of stories and styles represented in this collection makes for rich and rewarding reading Publishers Weekly Review These are the hardest stories in the world to tell but they are told with absolute grace You will devour these beautifully written  and very important  tales of honesty pain and resilience Elizabeth Gilbert New York Times bestselling author of Eat Pray Love Review The essays all address the authors relationships with their mothers in stories to be savored but not necessarily read in one sittingbeautifully composed Library Journal Starred Review Review Fifteen essayists  many luminaries  write unflinchingly about their mothersEach one of these intimate and gutwrenching essays reaches beyond itself to forge connections with readers Kirkus Starred Review Review These essays each one exceptional on its own encompass both love and writing at their most vulnerable and could power entire cities with their electricity Booklist Starred Review About the Author Michele Filgates work has appeared in Longreads  The Washington Post  the Los Angeles Times  The Boston Globe  The Paris Review Daily  Tin House  Gulf Coast  O The Oprah Magazine  BuzzFeed  Refinery29  and many other publications Currently she is an MFA student at NYU where she is the recipient of the Stein Fellowship Shes a contributing editor at Literary Hub and teaches at the Sackett Street Writers Workshop and Catapult What My Mother and I Dont Talk About is her first book What Our Readers Are Saying Be the first to share your thoughts on this title Product Details ISBN 9781982107345 Binding Hardcover Publication date 04302019 Publisher SIMON  SCHUSTER TRADE Pages 288 Author Michele Filgate 1795 List Price 2600 Used Hardcover Ships in 1 to 3 days Qty Store 1 Cedar Hills 1 LOCOK 1 LOCOK LOCCancel 1 LOCOK LOCCancel 1 LOCOK 1 LOCOK LOCCancel 1 LOCOK LOCCancel 1 LOCOK 1 LOCOK LOCCancel 1 LOCOK LOCCancel 1 LOCOK 1 LOCOK LOCCancel 1 LOCOK LOCCancel Help Guarantee My Account Careers About Us Security Wish List Partners Contact Us Shipping Transparency ACT MRF Sitemap  2022 POWELLSCOM Terms 1 LOCOK 1 LOCOK LOCCancel 1 LOCOK LOCCancel 1 LOCOK 1 LOCOK LOCCancel 1 LOCOK LOCCancel 1 LOCOK 1 LOCOK LOCCancel 1 LOCOK LOCCancel 1 LOCOK 1 LOCOK LOCCancel 1 LOCOK LOCCancel"}