{"Title": " Modern Russian ", "Author": "Derek Offord", "Cover Page": "https://covers.powells.com/9781853993619.jpg", "ISBN10": "1853993611  \n", "ISBN13": "9781853993619", "Page URL": "https://powells.com/book/modern-russian-9781853993619", "raw_text": "Modern Russian  Derek Offord Trade Paperback 9781853993619 Powells Books Cart   my account  wish list  help  8008787323 Hello\n Login MENU Browse New Arrivals Bestsellers Featured Preorders Award Winners Audio Books See All Subjects Used Staff Picks Staff Picks Picks of the Month Bookseller Displays 50 Books for 50 Years 25 Best 21st Century SciFi  Fantasy 25 PNW Books to Read Before You Die 25 Books From the 21st Century 25 Memoirs to Read Before You Die 25 Global Books to Read Before You Die 25 Women to Read Before You Die 25 Books to Read Before You Die Gifts Gift Cards  eGift Cards Powells Souvenirs Journals and Notebooks socks Games Sell Books Blog Events Find A Store Dont Miss BIG SALE 20 off sitewide Picks of the Season What Im Giving Great Gifts Under 25 Best Books of 2022 Powells Author Events Oregon Battle of the Books Audio Books Visit Our Stores Powells Books 14 Gift Ideas From 14 of Our Favorite Authors 0 comment Every year Powells reaches out to some of our favorite authors for some muchneeded giftgiving inspiration Below are 14 writerapproved recommendations to help you find the perfect book for even your mostdifficulttobuyfor loved one Read More  Powells Staff Best Books of 2022 Fiction 1 comment Kelsey Ford 6 Haunting Native American Horror Books 1 comment 1 LOCOK 1 LOCOK LOCCancel 1 LOCOK LOCCancel Modern Russian by Derek Offord Comment on this title Synopses  Reviews ISBN13 9781853993619 ISBN10 1853993611 All Product Details View Larger Image View Larger Images 5060 New Trade Paperback Available at a Remote Warehouse Ships separately from other items Additional shipping charges may apply Not available for In Store Pickup More Info Qty Store 20 Remote Warehouse Synopses  Reviews Publisher Comments This course book is aimed primarily at students in higher education who have some prior knowledge of Russian It is dividen into 64 lessons covering all the main areas of Russian grammar including the declension of nouns the conjugation of verbs the use of cases the forms and use of adjectives pronouns numerals and verbs of motion verbal prefixes gerunds and participles It thus gives students the solid grammatical foundation which is essential if they are to go on to read write and speak Russian wellThe book includes many exercises and over 500 examples taken from the recent Soviet Russian press introducing much useful contemporary vocabulary in areas such as politics economics social problems ecology medicine and cultural and military affairs Synopsis This course book is aimed primarily at students in higher education who have some prior knowledge of RussianIt is dividen into 64 lessons covering all the main areas of Russian grammar including the declension of nouns the conjugation of verbs the use of cases the forms and use of adjectives pronouns numerals and verbs of motion verbal prefixes gerunds and participlesIt thus gives students the solid grammatical foundation which is essential if they are to go on to read write and speak Russian well Synopsis A course book aimed at students of Russian who have some previous knowledge of Russian Description Includes bibliographical references p ix and indexes What Our Readers Are Saying Be the first to share your thoughts on this title Product Details ISBN 9781853993619 Binding Trade Paperback Publication date 01011998 Publisher Bristol Classical Press Series info Russian Studies Language English Pages 472 Height 100IN Width 570IN Thickness 100 Series Russian Studies Number of Units 1 Copyright Year 2009 Series Volume v 79 Author Derek C Offord Author Derek Offord Subject Russian language  Grammar Subject Foreign LanguagesRussian Subject English Subject Russian language 5060 New  Trade Paperback Available at a Remote Warehouse Ships separately from other items Additional shipping charges may apply Not available for In Store Pickup More Info Qty Store 20 Remote Warehouse Receive an email when this ISBN is available used 1 LOCOK 1 LOCOK LOCCancel 1 LOCOK LOCCancel 1 LOCOK 1 LOCOK LOCCancel 1 LOCOK LOCCancel 1 LOCOK 1 LOCOK LOCCancel 1 LOCOK LOCCancel 1 LOCOK 1 LOCOK LOCCancel 1 LOCOK LOCCancel Help Guarantee My Account Careers About Us Security Wish List Partners Contact Us Shipping Transparency ACT MRF Sitemap  2022 POWELLSCOM Terms 1 LOCOK 1 LOCOK LOCCancel 1 LOCOK LOCCancel 1 LOCOK 1 LOCOK LOCCancel 1 LOCOK LOCCancel 1 LOCOK 1 LOCOK LOCCancel 1 LOCOK LOCCancel 1 LOCOK 1 LOCOK LOCCancel 1 LOCOK LOCCancel"}