{"Title": " How Food Works ", "Author": "DK", "Cover Page": "https://powells-covers-2.s3.amazonaws.com/9781465461193.jpg", "ISBN10": "1465461191  \n", "ISBN13": "9781465461193", "Page URL": "https://powells.com/book/how-food-works-9781465461193", "raw_text": "How Food Works DK Hardcover 9781465461193 Powells Books Cart   my account  wish list  help  8008787323 Hello\n Login MENU Browse New Arrivals Bestsellers Featured Preorders Award Winners Audio Books See All Subjects Used Staff Picks Staff Picks Picks of the Month Bookseller Displays 50 Books for 50 Years 25 Best 21st Century SciFi  Fantasy 25 PNW Books to Read Before You Die 25 Books From the 21st Century 25 Memoirs to Read Before You Die 25 Global Books to Read Before You Die 25 Women to Read Before You Die 25 Books to Read Before You Die Gifts Gift Cards  eGift Cards Powells Souvenirs Journals and Notebooks socks Games Sell Books Blog Events Find A Store Dont Miss BIG SALE 20 off sitewide Picks of the Season What Im Giving Great Gifts Under 25 Best Books of 2022 Powells Author Events Oregon Battle of the Books Audio Books Visit Our Stores Powells Books 14 Gift Ideas From 14 of Our Favorite Authors 0 comment Every year Powells reaches out to some of our favorite authors for some muchneeded giftgiving inspiration Below are 14 writerapproved recommendations to help you find the perfect book for even your mostdifficulttobuyfor loved one Read More  Powells Staff Best Books of 2022 Fiction 1 comment Kelsey Ford 6 Haunting Native American Horror Books 1 comment 1 LOCOK 1 LOCOK LOCCancel 1 LOCOK LOCCancel How Food Works by DK Comment on this title Synopses  Reviews ISBN13 9781465461193 ISBN10 1465461191 Condition Standard All Product Details View Larger Image View Larger Images 1450 List Price 2200 Used Hardcover Ships in 1 to 3 days Qty Store 2 Cedar Hills Synopses  Reviews Synopsis Let this guide be your very own friendly nutritionist on hand to debunk common food myths and give you the answers to those pressing health questions with easytoswallow information Is red wine good for your heart Will caffeine raise your blood pressure How Food Works gives you answers to these and several more questions by investigating claims surrounding a variety of foods and examining them from a biological standpoint Discover nutritional facts about the food you eat learn the benefits of superfoods and antioxidants and go behindthescenes of modern food production Packed with infographics and colorful images the book delves into the science behind ways of eating including glutenfree and veganism as well as the benefits of different diets from around the world Turn the pages to understand why food intolerances occur what actually makes food organic how important sellby dates really are and how much salt you should really be eating Readers will also learn about the social and economic implications of food choices such as eating disorders and fairtrade businesses Indispensable and accessible to young and old How Food Works is the perfect health and dietary companion What Our Readers Are Saying Be the first to share your thoughts on this title Product Details ISBN 9781465461193 Binding Hardcover Publication date 05232017 Publisher DK Publishing Dorling Kindersley Series info How Things Work Pages 256 Height 100IN Width 800IN Illustration Yes Author DK  Sarah Brewer 1450 List Price 2200 Used Hardcover Ships in 1 to 3 days Qty Store 2 Cedar Hills More copies of this ISBN New Hardcover 2200 Used Hardcover 1550 This title in other editions Used Trade Paperback 1098 1 LOCOK 1 LOCOK LOCCancel 1 LOCOK LOCCancel 1 LOCOK 1 LOCOK LOCCancel 1 LOCOK LOCCancel 1 LOCOK 1 LOCOK LOCCancel 1 LOCOK LOCCancel 1 LOCOK 1 LOCOK LOCCancel 1 LOCOK LOCCancel Help Guarantee My Account Careers About Us Security Wish List Partners Contact Us Shipping Transparency ACT MRF Sitemap  2022 POWELLSCOM Terms 1 LOCOK 1 LOCOK LOCCancel 1 LOCOK LOCCancel 1 LOCOK 1 LOCOK LOCCancel 1 LOCOK LOCCancel 1 LOCOK 1 LOCOK LOCCancel 1 LOCOK LOCCancel 1 LOCOK 1 LOCOK LOCCancel 1 LOCOK LOCCancel"}