{"Title": " Grandmaster of Demonic Cultivation Mo DAO Zu Shi Novel Volume 3 ", "Author": "Mo Xiang Tong Xiu", "Cover Page": "https://powells-covers-2.s3.amazonaws.com/9781638581567.jpg", "ISBN10": "1638581568  \n", "ISBN13": "9781638581567", "Page URL": "https://powells.com/book/grandmaster-of-demonic-cultivation-mo-dao-zu-shi-novel-volume-3-9781638581567", "raw_text": "Grandmaster of Demonic Cultivation Mo DAO Zu Shi Novel Volume 3 Mo Xiang Tong Xiu Trade Paperback 9781638581567 Powells Books Cart   my account  wish list  help  8008787323 Hello\n Login MENU Browse New Arrivals Bestsellers Featured Preorders Award Winners Audio Books See All Subjects Used Staff Picks Staff Picks Picks of the Month Bookseller Displays 50 Books for 50 Years 25 Best 21st Century SciFi  Fantasy 25 PNW Books to Read Before You Die 25 Books From the 21st Century 25 Memoirs to Read Before You Die 25 Global Books to Read Before You Die 25 Women to Read Before You Die 25 Books to Read Before You Die Gifts Gift Cards  eGift Cards Powells Souvenirs Journals and Notebooks socks Games Sell Books Blog Events Find A Store Dont Miss BIG SALE 20 off sitewide Picks of the Season What Im Giving Great Gifts Under 25 Best Books of 2022 Powells Author Events Oregon Battle of the Books Audio Books Visit Our Stores Powells Books 14 Gift Ideas From 14 of Our Favorite Authors 0 comment Every year Powells reaches out to some of our favorite authors for some muchneeded giftgiving inspiration Below are 14 writerapproved recommendations to help you find the perfect book for even your mostdifficulttobuyfor loved one Read More  Powells Staff Best Books of 2022 Fiction 1 comment Kelsey Ford 6 Haunting Native American Horror Books 1 comment 1 LOCOK 1 LOCOK LOCCancel 1 LOCOK LOCCancel Grandmaster of Demonic Cultivation Mo DAO Zu Shi Novel Volume 3 by Mo Xiang Tong Xiu Comment on this title Synopses  Reviews ISBN13 9781638581567 ISBN10 1638581568 Condition Standard All Product Details View Larger Image View Larger Images 1395 List Price 1999 Used Trade Paperback Ships in 1 to 3 days Qty Store 1 Cedar Hills Synopses  Reviews Synopsis SHOOT DOWN THE SUN The bloody war against the Wen Clan once led Wei Wuxian to seek power in demonic cultivation and the dark acts he committed drove a wedge between him and Lan Wangji Now those old sins come back to haunt him as his reincarnated identity is revealed to the cultivation world But even as the other clans call for Wei Wuxians death Lan Wangji stands by him making Wei Wuxian realize what he took for disapproval in the past might have been a much deeper emotion The novel series that inspired the liveaction drama The Untamed What Our Readers Are Saying Be the first to share your thoughts on this title Product Details ISBN 9781638581567 Binding Trade Paperback Publication date 08162022 Publisher Seven Seas Pages 416 Height 102IN Width 596IN Illustration Yes Author Mo Xiang Tong Xiu Author Mo Xiang Tong Xiu  Marina Privalova 1395 List Price 1999 Used Trade Paperback Ships in 1 to 3 days Qty Store 1 Cedar Hills More copies of this ISBN New Trade Paperback 1999 1 LOCOK 1 LOCOK LOCCancel 1 LOCOK LOCCancel 1 LOCOK 1 LOCOK LOCCancel 1 LOCOK LOCCancel 1 LOCOK 1 LOCOK LOCCancel 1 LOCOK LOCCancel 1 LOCOK 1 LOCOK LOCCancel 1 LOCOK LOCCancel Help Guarantee My Account Careers About Us Security Wish List Partners Contact Us Shipping Transparency ACT MRF Sitemap  2022 POWELLSCOM Terms 1 LOCOK 1 LOCOK LOCCancel 1 LOCOK LOCCancel 1 LOCOK 1 LOCOK LOCCancel 1 LOCOK LOCCancel 1 LOCOK 1 LOCOK LOCCancel 1 LOCOK LOCCancel 1 LOCOK 1 LOCOK LOCCancel 1 LOCOK LOCCancel"}