{"Title": " Oriens Animal Tarot 78 card deck & 144 page book ", "Author": "Ambi Sun", "Cover Page": "https://powells-covers-2.s3.amazonaws.com/9781925946826.jpg", "ISBN10": "1925946827  \n", "ISBN13": "9781925946826", "Page URL": "https://powells.com/book/oriens-animal-tarot-78-card-deck-144-page-book-9781925946826", "raw_text": "Oriens Animal Tarot 78 Card Deck and 144 Page Book Ambi Sun Other 9781925946826 Powells Books Cart   my account  wish list  help  8008787323 Hello\n Login MENU Browse New Arrivals Bestsellers Featured Preorders Award Winners Audio Books See All Subjects Used Staff Picks Staff Picks Picks of the Month Bookseller Displays 50 Books for 50 Years 25 Best 21st Century SciFi  Fantasy 25 PNW Books to Read Before You Die 25 Books From the 21st Century 25 Memoirs to Read Before You Die 25 Global Books to Read Before You Die 25 Women to Read Before You Die 25 Books to Read Before You Die Gifts Gift Cards  eGift Cards Powells Souvenirs Journals and Notebooks socks Games Sell Books Blog Events Find A Store Dont Miss BIG SALE 20 off sitewide Picks of the Season What Im Giving Great Gifts Under 25 Best Books of 2022 Powells Author Events Oregon Battle of the Books Audio Books Visit Our Stores Powells Books 14 Gift Ideas From 14 of Our Favorite Authors 0 comment Every year Powells reaches out to some of our favorite authors for some muchneeded giftgiving inspiration Below are 14 writerapproved recommendations to help you find the perfect book for even your mostdifficulttobuyfor loved one Read More  Powells Staff Best Books of 2022 Fiction 1 comment Kelsey Ford 6 Haunting Native American Horror Books 1 comment 1 LOCOK 1 LOCOK LOCCancel 1 LOCOK LOCCancel Oriens Animal Tarot 78 card deck  144 page book by Ambi Sun Comment on this title Synopses  Reviews ISBN13 9781925946826 ISBN10 1925946827 All Product Details View Larger Image View Larger Images 2995 New Info Not Available Ships in 1 to 3 days Qty Store 1 Burnside 2 Cedar Hills Synopses  Reviews Synopsis A perfect deck for tarot readers art enthusiasts and animal lovers This animalthemed tarot card deck reflects nature through mythical and ethereal means and is rich in animal symbolism allowing you to spiritually connect with the universe and yourself through the exquisite art of divination The deck is suitable for beginners enthusiasts and advanced tarot readers The cards feature brilliant colors of the animals set in shimmery mystical landscapes The companion book provides detailed explanations of each card along with each animals characteristics and relevance in the tarot Card examples The FoolSea Turtle The MagicianSpiny Bush Viper The High PriestessWolf The EmpressBlacknecked Stork The EmperorAfrican Elephant DevilPraying Mantis The MoonRabbit JudgmentCicada Ace of WandsDragonfly King of SwordsCrow All card stock used in the production of this deck is FSC certified meaning the paper has been sourced in an environmentally friendly socially responsible and economically viable manner What Our Readers Are Saying Be the first to share your thoughts on this title Product Details ISBN 9781925946826 Binding Info Not Available Publication date 12212021 Publisher Rockpool Publishing Width 450IN Author Ambi Sun 2995 New Info Not Available Ships in 1 to 3 days Qty Store 1 Burnside 2 Cedar Hills Receive an email when this ISBN is available used 1 LOCOK 1 LOCOK LOCCancel 1 LOCOK LOCCancel 1 LOCOK 1 LOCOK LOCCancel 1 LOCOK LOCCancel 1 LOCOK 1 LOCOK LOCCancel 1 LOCOK LOCCancel 1 LOCOK 1 LOCOK LOCCancel 1 LOCOK LOCCancel Help Guarantee My Account Careers About Us Security Wish List Partners Contact Us Shipping Transparency ACT MRF Sitemap  2022 POWELLSCOM Terms 1 LOCOK 1 LOCOK LOCCancel 1 LOCOK LOCCancel 1 LOCOK 1 LOCOK LOCCancel 1 LOCOK LOCCancel 1 LOCOK 1 LOCOK LOCCancel 1 LOCOK LOCCancel 1 LOCOK 1 LOCOK LOCCancel 1 LOCOK LOCCancel"}