{"Title": " A Most Remarkable Creature: The Hidden Life and Epic Journey of the Worlds Smartest Birds of Prey ", "Author": "Jonathan Meiburg", "Cover Page": "https://powells-covers-2.s3.amazonaws.com/9781101875704.jpg", "ISBN10": "1101875704  \n", "ISBN13": "9781101875704", "Page URL": "https://powells.com/book/a-most-remarkable-creature-9781101875704", "raw_text": "Most Remarkable Creature The Hidden Life  Epic Journey of the Worlds Smartest Birds of Prey Jonathan Meiburg Hardcover 9781101875704 Powells Books Cart   my account  wish list  help  8008787323 Hello\n Login MENU Browse New Arrivals Bestsellers Featured Preorders Award Winners Audio Books See All Subjects Used Staff Picks Staff Picks Picks of the Month Bookseller Displays 50 Books for 50 Years 25 Best 21st Century SciFi  Fantasy 25 PNW Books to Read Before You Die 25 Books From the 21st Century 25 Memoirs to Read Before You Die 25 Global Books to Read Before You Die 25 Women to Read Before You Die 25 Books to Read Before You Die Gifts Gift Cards  eGift Cards Powells Souvenirs Journals and Notebooks socks Games Sell Books Blog Events Find A Store Dont Miss BIG SALE 20 off sitewide Picks of the Season What Im Giving Great Gifts Under 25 Best Books of 2022 Powells Author Events Oregon Battle of the Books Audio Books Visit Our Stores Powells Books 14 Gift Ideas From 14 of Our Favorite Authors 0 comment Every year Powells reaches out to some of our favorite authors for some muchneeded giftgiving inspiration Below are 14 writerapproved recommendations to help you find the perfect book for even your mostdifficulttobuyfor loved one Read More  Powells Staff Best Books of 2022 Fiction 1 comment Kelsey Ford 6 Haunting Native American Horror Books 1 comment 1 LOCOK 1 LOCOK LOCCancel 1 LOCOK LOCCancel A Most Remarkable Creature The Hidden Life and Epic Journey of the Worlds Smartest Birds of Prey by Jonathan Meiburg Comment on this title Synopses  Reviews View Video ISBN13 9781101875704 ISBN10 1101875704 All Product Details View Larger Image View Larger Images 3000 New Hardcover Ships in 1 to 3 days Qty Store 20 Local Warehouse Synopses  Reviews Publisher Comments An enthralling account of a modern voyage of discovery as we meet the clever social birds of prey called caracaras which puzzled Darwin fascinate modernday falconers and carry secrets of our planets deep past in their family history In 1833 Charles Darwin was astonished by an animal he met in the Falkland Islands handsome social and oddly crowlike falcons that were tame and inquisitive quarrelsome and passionate and so insatiably curious that they stole hats compasses and other valuables from the crew of the Beagle Darwin wondered why these birds were confined to remote islands at the tip of South America sensing a larger story but he set this mystery aside and never returned to it Almost two hundred years later Jonathan Meiburg takes up this chase He takes us through South America from the fogbound coasts of Tierra del Fuego to the tropical forests of Guyana in search of these birds striated caracaras which still exist though theyre very rare He reveals the wild fascinating story of their history origins and possible futures And along the way he draws us into the life and work of William Henry Hudson the Victorian writer and naturalist who championed caracaras as an unsung wonder of the natural world and to falconry parks in the English countryside where captive caracaras perform incredible feats of memory and problemsolving A Most Remarkable Creature is a hybrid of science writing travelogue and biography as generous and accessible as it is sophisticated and absolutely riveting Review Meiburg elevates himself to the top ranks of science writers with this enthralling debut Meiburgs evocative prose will bring armchair naturalists into the wild with him Fans of literary nature narratives will be thrilled by his lyrical account and eager to see where Meiburg goes next Publishers Weekly starred review Review Utterly captivating and beautifully written this book is a hugely entertaining and enlightening exploration of a bird so wickedly smart curious and social it boggles the mind Along the way Meiburg takes us from the Falklands to the UK from Guyana to the Antarctic and Florida and from deep time to the present and back again describing in brilliant language why these birds  and their planet  are the way they are If you love birds natural history science travel adventure or just great writing you will be rapt Jennifer Ackerman author of The Bird Way Review This book is an evolutionary labyrinth taking Meiburg to the end of the world following a single curious predator Vivid beautiful and scientifically rich crawling with jungle ants blasted by Antarctic winds his tales will transport you from the page to wilder places Craig Childs author of Atlas of a Lost World Review A rich sprawling romp through time and farflung fabulous spaces in pursuit of one of Earths most enigmatic engaging and shrewdest creatures Alan Weisman author of Countdown Review Caracaras are not like other birds or even other birds of prey Curious wideranging gregarious and intelligent the ten species of caracara are a scientific puzzle that has intrigued biologists since the days of Darwin And this book  as curious wideranging gregarious and intelligent as its subject  is not like any other book that I have encountered A Most Remarkable Creature is not only about a bird but about the community of people that has formed almost accidentally around the bird and beyond that about humankind itself Charles C Mann author of 1491 Video Watch the Powells virtual event with Jonathan Meiburg and Michael Azerrad About the Author In 1997 Jonathan Meiburg received a Thomas J Watson Fellowship to travel to remote communities around the world a yearlong journey that sparked his enduring fascination with islands birds and the deep history of the living world Since then hes written reviews features and interviews for print and online publications including The Believer  The Talkhouse  and The Appendix on subjects ranging from a hidden exhibit hall at the American Museum of Natural History to the last longform interview with author Peter Matthiessen But hes best known as the leader of the band Shearwater whose albums and performances have often been praised by NPR The New York Times  The Guardian  and Pitchfork  He lives in central Texas What Our Readers Are Saying Be the first to share your thoughts on this title Product Details ISBN 9781101875704 Binding Hardcover Publication date 03302021 Publisher PENGUIN RANDOM HOUSE Pages 384 Author Jonathan Meiburg 3000 New Hardcover Ships in 1 to 3 days Qty Store 20 Local Warehouse Receive an email when this ISBN is available used 1 LOCOK 1 LOCOK LOCCancel 1 LOCOK LOCCancel 1 LOCOK 1 LOCOK LOCCancel 1 LOCOK LOCCancel 1 LOCOK 1 LOCOK LOCCancel 1 LOCOK LOCCancel 1 LOCOK 1 LOCOK LOCCancel 1 LOCOK LOCCancel Help Guarantee My Account Careers About Us Security Wish List Partners Contact Us Shipping Transparency ACT MRF Sitemap  2022 POWELLSCOM Terms 1 LOCOK 1 LOCOK LOCCancel 1 LOCOK LOCCancel 1 LOCOK 1 LOCOK LOCCancel 1 LOCOK LOCCancel 1 LOCOK 1 LOCOK LOCCancel 1 LOCOK LOCCancel 1 LOCOK 1 LOCOK LOCCancel 1 LOCOK LOCCancel"}