{"Title": " Gaias Garden 2nd Edition a Guide to Home Scale Permaculture ", "Author": "Toby Hemenway", "Cover Page": "https://powells-covers-2.s3.amazonaws.com/9781603580298.jpg", "ISBN10": "1603580298  \n", "ISBN13": "9781603580298", "Page URL": "https://powells.com/book/gaias-garden-2nd-edition-a-guide-to-home-scale-permaculture-9781603580298", "raw_text": "Gaias Garden 2nd Edition a Guide to Home Scale Permaculture Toby Hemenway Trade Paperback 9781603580298 Powells Books Cart   my account  wish list  help  8008787323 Hello\n Login MENU Browse New Arrivals Bestsellers Featured Preorders Award Winners Audio Books See All Subjects Used Staff Picks Staff Picks Picks of the Month Bookseller Displays 50 Books for 50 Years 25 Best 21st Century SciFi  Fantasy 25 PNW Books to Read Before You Die 25 Books From the 21st Century 25 Memoirs to Read Before You Die 25 Global Books to Read Before You Die 25 Women to Read Before You Die 25 Books to Read Before You Die Gifts Gift Cards  eGift Cards Powells Souvenirs Journals and Notebooks socks Games Sell Books Blog Events Find A Store Dont Miss BIG SALE 20 off sitewide Picks of the Season What Im Giving Great Gifts Under 25 Best Books of 2022 Powells Author Events Oregon Battle of the Books Audio Books Visit Our Stores Powells Books 14 Gift Ideas From 14 of Our Favorite Authors 0 comment Every year Powells reaches out to some of our favorite authors for some muchneeded giftgiving inspiration Below are 14 writerapproved recommendations to help you find the perfect book for even your mostdifficulttobuyfor loved one Read More  Powells Staff Best Books of 2022 Fiction 1 comment Kelsey Ford 6 Haunting Native American Horror Books 1 comment 1 LOCOK 1 LOCOK LOCCancel 1 LOCOK LOCCancel Gaias Garden 2nd Edition a Guide to Home Scale Permaculture by Toby Hemenway Comment on this title Synopses  Reviews ISBN13 9781603580298 ISBN10 1603580298 All Product Details View Larger Image View Larger Images 2995 New Trade Paperback Ships in 1 to 3 days Qty Store 1 Burnside 3 Hawthorne 20 Local Warehouse Synopses  Reviews Publisher Comments The first edition of Gaias Garden  sparked the imagination of Americas home gardeners introducing permacultures central message Working with Nature not against her results in more beautiful abundant and forgiving gardens This extensively revised and expanded second edition broadens the reach and depth of the permaculture approach for urban and suburban growers Many people mistakenly think that ecological gardening  which involves growing a wide range of edible and other useful plants  can take place only on a large multiacre scale As Hemenway demonstrates its fun and easy to create a backyard ecosystem by assembling communities of plants that can work cooperatively and perform a variety of functions including Building and maintaining soil fertility and structure Catching and conserving water in the landscape Providing habitat for beneficial insects birds and animals Growing an edible forest that yields seasonal fruits nuts and other foods This revised and updated edition also features a new chapter on urban permaculture designed especially for people in cities and suburbs who have very limited growing space Whatever size yard or garden you have to work with you can apply basic permaculture principles to make it more diverse more natural more productive and more beautiful Best of all once its established an ecological garden will reduce or eliminate most of the backbreaking work thats needed to maintain the typical lawn and garden Review  Gaias Garden is simply the best permaculture book ever written and is in the running for best gardening book ever written No one should be without it Sharon Astyk author of Depletion and Abundance Life on the New Home Front Review Tobys fun wellgrounded and engaging book is fast becoming a classic and deservedly so Practical yet visionary broadranging yet focused on the basics one needs to know this is a great place to start on the permaculture path The new edition builds solidly on the success of the first Congratulations Dave Jacke coauthor of the twovolume Edible Forest Gardens Review The world didnt come with an operating manual so its a good thing that some wise people have from time to time written them Gaias Garden is one of the more important a book that will be absolutely necessary in the world ahead Bill McKibben author of Deep Economy and Hope Human and Wild Review Permaculture gardens are no longer a thing of the future They are here to stay and flourish Gaias Garden is enlightening and required reading for all people who desire to make their homes landscape healthy sustainable and healing Robert Kourik author of Designing and Maintaining Your Edible Landscape  Naturally Review Toby Hemenways Gaias Garden will be recorded in history as a milestone for gardeners and landscapers  a fusion of the practical and the visionary  using the natural intelligence of Earths symbiotic communities to strengthen and sustain ecosystems in which humans are a partner not a competitor An amazing achievement showing how we can and must live in harmony with nature Paul Stamets author of Mycelium Running How Mushrooms Can Help Save the World Review There is so much wisdom in Gaias Garden that I would need a dozen columns to do it justicea bold wonderful natureembracing and completely sensible vision of the future Justin Siskin Los Angeles Daily News Review Takes the native plants and organic gardening movement to the next level Joel M Lerner The Washington Post Review Practical science for making your yard produce food and beauty Rose ODonnell The Seattle Times Review A gardeners blueprint for ecological abundance from the ground up Steve Spreckel Acres USA Review Become a sustainable producer of resources instead of a wasteful consumer This wonderful book shows you how by helping you create and enhance beautiful backyard ecosystems within the garden Put this book into action and youll begin to live an example that positively shifts your own community and beyond Best of all doing so with this book is simple juicy and fun Brad Lancaster author of Rainwater Harvesting for Drylands and Beyond and HarvestingRainwatercom Review This is a book you will use and reuse and enjoy having around for a long time Peter Bane The Permaculture Activist Synopsis  Gaias Garden will be recorded in history as a milestone for gardeners and landscapers   An amazing achievementPaul Stamets The classic book about ecological gardeningwhatever size your gardenwith over 250000 copies sold A great book  Mens Journal Gaias Garden has sparked the imagination of home gardeners the world over by introducing a simple message working with nature not against her results in more beautiful abundant and forgiving gardens Many people mistakenly think that ecological gardeningwhich involves growing a wide range of edible and other useful plantscan take place only on a large multiacre scale As Hemenway demonstrates its fun and easyeven for the beginnerto create a backyard ecosystem by assembling communities of plants that can work cooperatively and perform a variety of functions including Building and maintaining soil fertility and structure Catching and conserving water in the landscape Providing a rewilded and biodiverse habitat for beneficial insects birds and animals Growing an edible forest that yields seasonal fruits nuts and other foods This revised and updated edition also features a chapter on urban permaculture designed especially for people in cities and suburbs who have very limited growing space Whatever size yard or garden you have to work with you can apply basic permaculture principles to make it more diverse more natural more productive and more beautiful Best of all once its established an ecological garden will reduce or eliminate most of the backbreaking work thats needed to maintain the typical lawn and garden About the Author Toby Hemenway is the author of the first major North American book on permaculture Gaias Garden A Guide to HomeScale Permaculture  and an adjunct assistant professor at Portland State University He wrote the foreword for Heather C Flores Food Not Lawns  He teaches permaculture and consults and lectures on ecological design throughout the country His writing has appeared in magazines such as Whole Earth Review Natural Home and Kitchen Gardener  His current project is developing urban sustainability resources in Portland Oregon where he now lives 5 2 What Our Readers Are Saying Share your thoughts on this title Average customer rating 5 2 comments  JaneBePe  October 23 2014 view all comments by JaneBePe For those who are familiar with permaculture I would like to share how this book is different The more a permaculture book tries to be useful to everyone the more difficult it is for it to be useful to a specific person or climate zone This book was written by some one currently in Portland Oregon The first edition was written while he was in a comparatively rural area in Oregon This edition benefits by also having his insights about gardening in Portland itself For anyone who wants to practice permaculture in the Pacific Northwest you will find this book very valuable and useful\nFor those who are interested in permaculture but not familiar with it this is a great book Some permaculture books can be very technical and huge This book and the information in it are both very manageable For example his discussion with examples of what a guild is happens to be the best I have read in the literature especially for those new to permaculture\nPart of the beauty of the book is that those who are familiar with permaculture will find much of interest in this book especially if you are gardening in the Pacific Northwest But also those who are not familiar with permaculture will find the book very approachable\nI love this book Was this comment helpful  Yes  No 3 of 3 readers found this comment helpful report this\ncomment  Sarah Steinberg  May 13 2012 view all comments by Sarah Steinberg Gaias Garden is a fantastic guide to making gardening easier in other words how to make your garden produce the most food for the least amount of effort It guides you to set up natural systems that provide everything plants need on site The amount of information in the book is astounding and best of all the author lives in Portland so all of the plant lists and growing suggestions are appropriate for our growing seasons Not that it wouldnt be helpful in other climates but its perfect for Portland I am hoping that my first year efforts at permaculture lead to a great front yard farm Was this comment helpful  Yes  No report this\ncomment Product Details ISBN 9781603580298 Binding Trade Paperback Publication date 05012009 Publisher Chelsea Green Publishing Company Edition 2nd Ed Pages 328 Height 80IN Width 790IN Thickness 75 Number of Units 1 Illustration Yes Copyright Year 2009 UPC Code 2801603580290 Author Toby Hemenway Subject Natural landscaping Subject GardeningOrganic Gardening Subject Organic gardening 2995 New Trade Paperback Ships in 1 to 3 days Qty Store 1 Burnside 3 Hawthorne 20 Local Warehouse Receive an email when this ISBN is available used 1 LOCOK 1 LOCOK LOCCancel 1 LOCOK LOCCancel 1 LOCOK 1 LOCOK LOCCancel 1 LOCOK LOCCancel 1 LOCOK 1 LOCOK LOCCancel 1 LOCOK LOCCancel 1 LOCOK 1 LOCOK LOCCancel 1 LOCOK LOCCancel Help Guarantee My Account Careers About Us Security Wish List Partners Contact Us Shipping Transparency ACT MRF Sitemap  2022 POWELLSCOM Terms 1 LOCOK 1 LOCOK LOCCancel 1 LOCOK LOCCancel 1 LOCOK 1 LOCOK LOCCancel 1 LOCOK LOCCancel 1 LOCOK 1 LOCOK LOCCancel 1 LOCOK LOCCancel 1 LOCOK 1 LOCOK LOCCancel 1 LOCOK LOCCancel"}