{"Title": " Complete Book of Cat Names That Your Cat Wont Answer to Anyway ", "Author": "Bob Eckstein", "Cover Page": "https://powells-covers-2.s3.amazonaws.com/9781682687031.jpg", "ISBN10": "1682687031  \n", "ISBN13": "9781682687031", "Page URL": "https://powells.com/book/complete-book-of-cat-names-that-your-cat-wont-answer-to-anyway-9781682687031", "raw_text": "The Complete Book of Cat Names That Your Cat Wont Answer To Anyway Bob Eckstein Hardcover 9781682687031 Powells Books Cart   my account  wish list  help  8008787323 Hello\n Login MENU Browse New Arrivals Bestsellers Featured Preorders Award Winners Audio Books See All Subjects Used Staff Picks Staff Picks Picks of the Month Bookseller Displays 50 Books for 50 Years 25 Best 21st Century SciFi  Fantasy 25 PNW Books to Read Before You Die 25 Books From the 21st Century 25 Memoirs to Read Before You Die 25 Global Books to Read Before You Die 25 Women to Read Before You Die 25 Books to Read Before You Die Gifts Gift Cards  eGift Cards Powells Souvenirs Journals and Notebooks socks Games Sell Books Blog Events Find A Store Dont Miss BIG SALE 20 off sitewide Picks of the Season What Im Giving Great Gifts Under 25 Best Books of 2022 Powells Author Events Oregon Battle of the Books Audio Books Visit Our Stores Powells Books 14 Gift Ideas From 14 of Our Favorite Authors 0 comment Every year Powells reaches out to some of our favorite authors for some muchneeded giftgiving inspiration Below are 14 writerapproved recommendations to help you find the perfect book for even your mostdifficulttobuyfor loved one Read More  Powells Staff Best Books of 2022 Fiction 1 comment Kelsey Ford 6 Haunting Native American Horror Books 1 comment 1 LOCOK 1 LOCOK LOCCancel 1 LOCOK LOCCancel Complete Book of Cat Names That Your Cat Wont Answer to Anyway by Bob Eckstein Comment on this title Synopses  Reviews ISBN13 9781682687031 ISBN10 1682687031 All Product Details View Larger Image View Larger Images 1495 New Hardcover Ships in 1 to 3 days Qty Store 9 Burnside 2 Cedar Hills 2 Hawthorne 20 Local Warehouse Synopses  Reviews Synopsis Reader beware A cats name will set the tone for the rest of their personal and professional life Recent studies from dubious cat blogs have shown that 80 percent of cat owners regret the name they gave their feline friends The number one reason it became too popular Fear not Whether the goal is a name to carry on family tradition or to find something new and different The Complete Book of Cat Names is packed with options along with allnew catthemed cartoons by Eckstein making this crucial step in owning a pet a pleasure Here you will find the most popular cat names to avoid bookstore cat names Homer or Pip cat names for foodies Smore or Capers James Bond villain cats Golden Paws or Jinx and many more In addition Eckstein provides handy charts for identifying a cats type inside or outside sassy or sweet Its the perfect gift for any cat owner What Our Readers Are Saying Be the first to share your thoughts on this title Product Details ISBN 9781682687031 Binding Hardcover Publication date 08022022 Publisher COUNTRYMAN PRESS Pages 112 Height 53IN Width 626IN Illustration Yes Author Bob Eckstein 1495 New Hardcover Ships in 1 to 3 days Qty Store 9 Burnside 2 Cedar Hills 2 Hawthorne 20 Local Warehouse Receive an email when this ISBN is available used 1 LOCOK 1 LOCOK LOCCancel 1 LOCOK LOCCancel 1 LOCOK 1 LOCOK LOCCancel 1 LOCOK LOCCancel 1 LOCOK 1 LOCOK LOCCancel 1 LOCOK LOCCancel 1 LOCOK 1 LOCOK LOCCancel 1 LOCOK LOCCancel Help Guarantee My Account Careers About Us Security Wish List Partners Contact Us Shipping Transparency ACT MRF Sitemap  2022 POWELLSCOM Terms 1 LOCOK 1 LOCOK LOCCancel 1 LOCOK LOCCancel 1 LOCOK 1 LOCOK LOCCancel 1 LOCOK LOCCancel 1 LOCOK 1 LOCOK LOCCancel 1 LOCOK LOCCancel 1 LOCOK 1 LOCOK LOCCancel 1 LOCOK LOCCancel"}