{"Title": " Vocabolario Italiano-Olandese per studio autodidattico - 9000 parole ", "Author": "Andrey Taranov", "Cover Page": "https://powells-covers-2.s3.amazonaws.com/9781783146901.jpg", "ISBN10": "1783146907  \n", "ISBN13": "9781783146901", "Page URL": "https://powells.com/book/vocabolario-italiano-olandese-per-studio-autodidattico-9000-parole-9781783146901", "raw_text": "Vocabolario ItalianoOlandese Per Studio Autodidattico  9000 Parole Taranov Andrey and IngelmanSundberg Catharina Trade Paperback 9781783146901 Powells Books Cart   my account  wish list  help  8008787323 Hello\n Login MENU Browse New Arrivals Bestsellers Featured Preorders Award Winners Audio Books See All Subjects Used Staff Picks Staff Picks Picks of the Month Bookseller Displays 50 Books for 50 Years 25 Best 21st Century SciFi  Fantasy 25 PNW Books to Read Before You Die 25 Books From the 21st Century 25 Memoirs to Read Before You Die 25 Global Books to Read Before You Die 25 Women to Read Before You Die 25 Books to Read Before You Die Gifts Gift Cards  eGift Cards Powells Souvenirs Journals and Notebooks socks Games Sell Books Blog Events Find A Store Dont Miss BIG SALE 20 off sitewide Picks of the Season What Im Giving Great Gifts Under 25 Best Books of 2022 Powells Author Events Oregon Battle of the Books Audio Books Visit Our Stores Powells Books 14 Gift Ideas From 14 of Our Favorite Authors 0 comment Every year Powells reaches out to some of our favorite authors for some muchneeded giftgiving inspiration Below are 14 writerapproved recommendations to help you find the perfect book for even your mostdifficulttobuyfor loved one Read More  Powells Staff Best Books of 2022 Fiction 1 comment Kelsey Ford 6 Haunting Native American Horror Books 1 comment 1 LOCOK 1 LOCOK LOCCancel 1 LOCOK LOCCancel Vocabolario ItalianoOlandese per studio autodidattico  9000 parole by Andrey Taranov Comment on this title Synopses  Reviews ISBN13 9781783146901 ISBN10 1783146907 All Product Details View Larger Image View Larger Images 1795 List Price 1799 New Trade Paperback Available at a Remote Warehouse Ships separately from other items Additional shipping charges may apply Not available for In Store Pickup More Info Qty Store 20 Remote Warehouse Synopses  Reviews Synopsis I vocabolari TP Books si propongono come strumento di aiuto per apprendere memorizzare e revisionare luso di termini stranieri Il vocabolario contiene oltre 9000 parole di uso comune ordinate per argomenti Caratteristiche specifiche del vocabolario Le parole sono ordinate secondo il proprio significato e non alfabeticamente Le parole sono riportate in tre colonne diverse per facilitare il metodo di revisione e autovalutazione I gruppi di parole sono divisi in sottogruppi per facilitare il processo di apprendimento Il vocabolario offre una pratica e semplice trascrizione fonetica per ogni termine straniero Il vocabolario contiene 256 argomenti tra cui Concetti di Base Numeri Colori Mesi Stagioni Unita di Misura Abbigliamento e Accessori Cibo e Alimentazione Ristorante Membri della Famiglia Parenti Personalita Sentimenti Emozioni Malattie Citta Visita Turistica Acquisti Denaro Casa Ufficio Lavoro dUfficio Importexport Marketing Ricerca di un Lavoro Sport Istruzione Computer Internet Utensili Natura Paesi Nazionalita e altro ancora  Il vocabolario TP Books e consigliato in aggiunta ad un corso di lingua Risponde alle esigenze degli studenti principianti o di livello avanzato Pratico per un uso quotidiano per gli esercizi di revisione e di autovalutazione Edizione riveduta 062017 What Our Readers Are Saying Be the first to share your thoughts on this title Product Details ISBN 9781783146901 Binding Trade Paperback Publication date 08202013 Publisher Tp Books Language Italian Pages 244 Height 51IN Width 550IN Series Number 206 Author Catharina IngelmanSundberg Author Andrey Taranov Subject Foreign LanguagesDutch 1795 List Price 1799 New Trade Paperback Available at a Remote Warehouse Ships separately from other items Additional shipping charges may apply Not available for In Store Pickup More Info Qty Store 20 Remote Warehouse Receive an email when this ISBN is available used 1 LOCOK 1 LOCOK LOCCancel 1 LOCOK LOCCancel 1 LOCOK 1 LOCOK LOCCancel 1 LOCOK LOCCancel 1 LOCOK 1 LOCOK LOCCancel 1 LOCOK LOCCancel 1 LOCOK 1 LOCOK LOCCancel 1 LOCOK LOCCancel Help Guarantee My Account Careers About Us Security Wish List Partners Contact Us Shipping Transparency ACT MRF Sitemap  2022 POWELLSCOM Terms 1 LOCOK 1 LOCOK LOCCancel 1 LOCOK LOCCancel 1 LOCOK 1 LOCOK LOCCancel 1 LOCOK LOCCancel 1 LOCOK 1 LOCOK LOCCancel 1 LOCOK LOCCancel 1 LOCOK 1 LOCOK LOCCancel 1 LOCOK LOCCancel"}