{"Title": " Fevered Star: Volume 2 ", "Author": "Rebecca Roanhorse", "Cover Page": "https://powells-covers-2.s3.amazonaws.com/9781534437739.jpg", "ISBN10": "1534437738  \n", "ISBN13": "9781534437739", "Page URL": "https://powells.com/book/fevered-star-9781534437739", "raw_text": "Fevered Star 2 Rebecca Roanhorse Hardcover 9781534437739 Powells Books Cart   my account  wish list  help  8008787323 Hello\n Login MENU Browse New Arrivals Bestsellers Featured Preorders Award Winners Audio Books See All Subjects Used Staff Picks Staff Picks Picks of the Month Bookseller Displays 50 Books for 50 Years 25 Best 21st Century SciFi  Fantasy 25 PNW Books to Read Before You Die 25 Books From the 21st Century 25 Memoirs to Read Before You Die 25 Global Books to Read Before You Die 25 Women to Read Before You Die 25 Books to Read Before You Die Gifts Gift Cards  eGift Cards Powells Souvenirs Journals and Notebooks socks Games Sell Books Blog Events Find A Store Dont Miss BIG SALE 20 off sitewide Picks of the Season What Im Giving Great Gifts Under 25 Best Books of 2022 Powells Author Events Oregon Battle of the Books Audio Books Visit Our Stores Powells Books 14 Gift Ideas From 14 of Our Favorite Authors 0 comment Every year Powells reaches out to some of our favorite authors for some muchneeded giftgiving inspiration Below are 14 writerapproved recommendations to help you find the perfect book for even your mostdifficulttobuyfor loved one Read More  Powells Staff Best Books of 2022 Fiction 1 comment Kelsey Ford 6 Haunting Native American Horror Books 1 comment 1 LOCOK 1 LOCOK LOCCancel 1 LOCOK LOCCancel Fevered Star Volume 2 by Rebecca Roanhorse Comment on this title Synopses  Reviews ISBN13 9781534437739 ISBN10 1534437738 All Product Details View Larger Image View Larger Images 2799 New Hardcover Ships in 1 to 3 days Qty Store 3 Burnside 5 Cedar Hills 2 Hawthorne 20 Local Warehouse Synopses  Reviews Publisher Comments Return to The Meridian with New York Times bestselling author Rebecca Roanhorses sequel to the most critically hailed epic fantasy of 2020 Black Sun  finalist for the Hugo Nebula Lambda and Locus awards There are no tides more treacherous than those of the heart Teek saying The great city of Tova is shattered The sun is held within the smothering grip of the Crow Gods eclipse but a comet that marks the death of a ruler and heralds the rise of a new order is imminent The Meridian a land where magic has been codified and the worship of gods suppressed How do you live when legends come to life and the faith you had is rewarded As sea captain Xiala is swept up in the chaos and currents of change she finds an unexpected ally in the former Priest of Knives For the Clan Matriarchs of Tova tense alliances form as farflung enemies gather and the war in the heavens is reflected upon the earth And for Serapio and Naranpa both now living avatars the struggle for free will and personhood in the face of destiny rages How will Serapio stay human when he is steeped in prophecy and surrounded by those who desire only his power Is there a future for Naranpa in a transformed Tova without her total destruction Welcome back to the fantasy series of the decade in Fevered Star  book two of Between Earth and Sky Review Roanhorse introduces an epic fantasy with vivid worldbuilding and exciting prose Readers will be attracted to the story in which there is no real right vs wrong Only inevitable change will draw out the heroes of this imaginative tale Library Journal Starred Review Review A razorsharp examination of politics generational trauma and the path to redemptionRoanhorse strikes a perfect balance between powerful worldbuilding and rich thematic exploration as the protagonists struggle against their fates Fantasy fans will be wowed Publishers Weekly Starred Review Review The pages turn themselves A beautifully crafted setting with complex character dynamics and layers of political intrigue Perfection Mark your calendars this is the next big thing Kirkus Starred Review Review This is the novel Ive been waiting for This is the novel weve all been waiting for Everythings different now with Black Sun  Different and better Stands shoulder to shoulder with the very best fantasy out there Theres Martin theres Jemisin and now theres Roanhorse Stephen Graham Jones awardwinning author of The Only Good Indians and Mongrels About the Author Rebecca Roanhorse is the New York Times bestselling author of Trail of Lightning Storm of Locusts Black Sun  and Star Wars Resistance Reborn  She has won the Nebula Hugo and Locus Awards for her fiction and was the recipient of the 2018 Astounding Award for Best New Writer The next book in her Between Earth and Sky series Fevered Star  is out in April 2022 She lives in New Mexico with her family What Our Readers Are Saying Be the first to share your thoughts on this title Product Details ISBN 9781534437739 Binding Hardcover Publication date 04192022 Publisher Gallery  Saga Press Language English Pages 400 Height 99IN Width 600IN Author Rebecca Roanhorse 2799 New Hardcover Ships in 1 to 3 days Qty Store 3 Burnside 5 Cedar Hills 2 Hawthorne 20 Local Warehouse Receive an email when this ISBN is available used 1 LOCOK 1 LOCOK LOCCancel 1 LOCOK LOCCancel 1 LOCOK 1 LOCOK LOCCancel 1 LOCOK LOCCancel 1 LOCOK 1 LOCOK LOCCancel 1 LOCOK LOCCancel 1 LOCOK 1 LOCOK LOCCancel 1 LOCOK LOCCancel Help Guarantee My Account Careers About Us Security Wish List Partners Contact Us Shipping Transparency ACT MRF Sitemap  2022 POWELLSCOM Terms 1 LOCOK 1 LOCOK LOCCancel 1 LOCOK LOCCancel 1 LOCOK 1 LOCOK LOCCancel 1 LOCOK LOCCancel 1 LOCOK 1 LOCOK LOCCancel 1 LOCOK LOCCancel 1 LOCOK 1 LOCOK LOCCancel 1 LOCOK LOCCancel"}