{"Title": " Girl from the Sea ", "Author": "Molly Knox Ostertag", "Cover Page": "https://powells-covers-2.s3.amazonaws.com/9781338540574.jpg", "ISBN10": "1338540572  \n", "ISBN13": "9781338540574", "Page URL": "https://powells.com/book/girl-from-the-sea-9781338540574", "raw_text": "The Girl from the Sea Molly Knox Ostertag Trade Paperback 9781338540574 Powells Books Cart   my account  wish list  help  8008787323 Hello\n Login MENU Browse New Arrivals Bestsellers Featured Preorders Award Winners Audio Books See All Subjects Used Staff Picks Staff Picks Picks of the Month Bookseller Displays 50 Books for 50 Years 25 Best 21st Century SciFi  Fantasy 25 PNW Books to Read Before You Die 25 Books From the 21st Century 25 Memoirs to Read Before You Die 25 Global Books to Read Before You Die 25 Women to Read Before You Die 25 Books to Read Before You Die Gifts Gift Cards  eGift Cards Powells Souvenirs Journals and Notebooks socks Games Sell Books Blog Events Find A Store Dont Miss BIG SALE 20 off sitewide Picks of the Season What Im Giving Great Gifts Under 25 Best Books of 2022 Powells Author Events Oregon Battle of the Books Audio Books Visit Our Stores Powells Books 14 Gift Ideas From 14 of Our Favorite Authors 0 comment Every year Powells reaches out to some of our favorite authors for some muchneeded giftgiving inspiration Below are 14 writerapproved recommendations to help you find the perfect book for even your mostdifficulttobuyfor loved one Read More  Powells Staff Best Books of 2022 Fiction 1 comment Kelsey Ford 6 Haunting Native American Horror Books 1 comment 1 LOCOK 1 LOCOK LOCCancel 1 LOCOK LOCCancel Girl from the Sea by Molly Knox Ostertag Comment on this title Synopses  Reviews ISBN13 9781338540574 ISBN10 1338540572 All Product Details View Larger Image View Larger Images 1199 List Price 1499 Sale New Trade Paperback Ships in 1 to 3 days Qty Store 55 Burnside 29 Cedar Hills 14 Hawthorne 20 Local Warehouse From Powellscom Powells Picks of the Month Hot new releases and undertheradar gems for adults and kids Staff Pick Morgan Kwon keeps her life in boxes family troubles here social life there and a future where shes free to be herself in the distance Things start to change when a mysterious girl from the sea splashes into her life and helps her realize that you dont have to wait to be yourself Beautifully illustrated this sweet graphic novel of first love and selfacceptance is the perfect addition to a summer bookshelf Recommended By Sarah R Powellscom Synopses  Reviews Publisher Comments From the author of The Witch Boy trilogy comes a graphic novel about family romance and first love\nFifteenyearold Morgan has a secret She cant wait to escape the perfect little island where she lives Shes desperate to finish high school and escape her sad divorced mom her volatile little brother and worst of all her great group of friendswho dont understand Morgan at all Because really Morgans biggest secret is that she has a lot of secrets including the one about wanting to kiss another girl Then one night Morgan is saved from drowning by a mysterious girl named Keltie The two become friends and suddenly life on the island doesnt seem so stifling anymore But Keltie has some secrets of her own And as the girls start to fall in love everything theyre each trying to hide will find its way to the surfacewhether Morgan is ready or not Review An endearing and often funny graphic novelOstertags the Witch Boy series artistically and textually strong characters are easy to root for from their witty text exchanges to their contemporary fashions and layered emotions Publishers Weekly Review Morgan and Kelties mutual attraction is adorable and their cute happy kisses and cuddles are sure to elicit joy Kirkus Reviews About the Author Molly Knox Ostertag is the author and illustrator of the acclaimed graphic novels The Witch Boy and The Hidden Witch and the illustrator of several projects for older readers including the webcomic Strong Female Protagonist and Shattered Warrior by Sharon Shinn She grew up in the forests of upstate New York and graduated in 2014 from the School of Visual Arts where she studied cartooning and illustration She currently lives in Los Angeles with her girlfriend and several pets Visit her online at mollyostertagcom What Our Readers Are Saying Be the first to share your thoughts on this title Product Details ISBN 9781338540574 Binding Trade Paperback Publication date 06012021 Publisher SCHOLASTIC INC Pages 256 Height 100IN Width 590IN Age Range 13 to 17 Grade Range 8 to 12 Illustration Yes Author Molly Knox Ostertag 1199 List Price 1499 Sale New Trade Paperback Ships in 1 to 3 days Qty Store 55 Burnside 29 Cedar Hills 14 Hawthorne 20 Local Warehouse Receive an email when this ISBN is available used 1 LOCOK 1 LOCOK LOCCancel 1 LOCOK LOCCancel 1 LOCOK 1 LOCOK LOCCancel 1 LOCOK LOCCancel 1 LOCOK 1 LOCOK LOCCancel 1 LOCOK LOCCancel 1 LOCOK 1 LOCOK LOCCancel 1 LOCOK LOCCancel Help Guarantee My Account Careers About Us Security Wish List Partners Contact Us Shipping Transparency ACT MRF Sitemap  2022 POWELLSCOM Terms 1 LOCOK 1 LOCOK LOCCancel 1 LOCOK LOCCancel 1 LOCOK 1 LOCOK LOCCancel 1 LOCOK LOCCancel 1 LOCOK 1 LOCOK LOCCancel 1 LOCOK LOCCancel 1 LOCOK 1 LOCOK LOCCancel 1 LOCOK LOCCancel"}