{"Title": " Cambodian Rock Band ", "Author": "Lauren Yee", "Cover Page": "https://powells-covers-2.s3.amazonaws.com/9781559369817.jpg", "ISBN10": "1559369817  \n", "ISBN13": "9781559369817", "Page URL": "https://powells.com/book/cambodian-rock-band-9781559369817", "raw_text": "Cambodian Rock Band Lauren Yee Trade Paperback 9781559369817 Powells Books Cart   my account  wish list  help  8008787323 Hello\n Login MENU Browse New Arrivals Bestsellers Featured Preorders Award Winners Audio Books See All Subjects Used Staff Picks Staff Picks Picks of the Month Bookseller Displays 50 Books for 50 Years 25 Best 21st Century SciFi  Fantasy 25 PNW Books to Read Before You Die 25 Books From the 21st Century 25 Memoirs to Read Before You Die 25 Global Books to Read Before You Die 25 Women to Read Before You Die 25 Books to Read Before You Die Gifts Gift Cards  eGift Cards Powells Souvenirs Journals and Notebooks socks Games Sell Books Blog Events Find A Store Dont Miss BIG SALE 20 off sitewide Picks of the Season What Im Giving Great Gifts Under 25 Best Books of 2022 Powells Author Events Oregon Battle of the Books Audio Books Visit Our Stores Powells Books 14 Gift Ideas From 14 of Our Favorite Authors 0 comment Every year Powells reaches out to some of our favorite authors for some muchneeded giftgiving inspiration Below are 14 writerapproved recommendations to help you find the perfect book for even your mostdifficulttobuyfor loved one Read More  Powells Staff Best Books of 2022 Fiction 1 comment Kelsey Ford 6 Haunting Native American Horror Books 1 comment 1 LOCOK 1 LOCOK LOCCancel 1 LOCOK LOCCancel Cambodian Rock Band by Lauren Yee Comment on this title Synopses  Reviews ISBN13 9781559369817 ISBN10 1559369817 All Product Details View Larger Image View Larger Images 1595 New Trade Paperback Release Date 12202022 Synopses  Reviews Synopsis Cambodian Rock Band is an epic playrock concert that thrusts us into the life of a young woman trying to piece together her family history thirty years after her father fled Cambodia Featuring actormusicians who perform a mix of contemporary Dengue Fever hits and classic Cambodian oldies live Lauren Yee brings to vivid life the Cambodian rock scene of the 60s and 70s a movement cut short by the Khmer Rouges brutal attempt to erase the music and musicians once and for all A story about survivors the resilient bond of family and the enduring power of music What Our Readers Are Saying Be the first to share your thoughts on this title Product Details ISBN 9781559369817 Binding Trade Paperback Publication date 12202022 Publisher THEATRE COMMUNICATIONS GROUP Pages 96 Author Lauren Yee 1595 New Trade Paperback Release Date 12202022 Receive an email when this ISBN is available used This title in other editions New Trade Paperback 1460 1 LOCOK 1 LOCOK LOCCancel 1 LOCOK LOCCancel 1 LOCOK 1 LOCOK LOCCancel 1 LOCOK LOCCancel 1 LOCOK 1 LOCOK LOCCancel 1 LOCOK LOCCancel 1 LOCOK 1 LOCOK LOCCancel 1 LOCOK LOCCancel Help Guarantee My Account Careers About Us Security Wish List Partners Contact Us Shipping Transparency ACT MRF Sitemap  2022 POWELLSCOM Terms 1 LOCOK 1 LOCOK LOCCancel 1 LOCOK LOCCancel 1 LOCOK 1 LOCOK LOCCancel 1 LOCOK LOCCancel 1 LOCOK 1 LOCOK LOCCancel 1 LOCOK LOCCancel 1 LOCOK 1 LOCOK LOCCancel 1 LOCOK LOCCancel"}