{"Title": " Dirtbag, Massachusetts: A Confessional ", "Author": "Isaac Fitzgerald", "Cover Page": "https://powells-covers-2.s3.amazonaws.com/9781635573978.jpg", "ISBN10": "1635573971  \n", "ISBN13": "9781635573978", "Page URL": "https://powells.com/book/dirtbag-massachusetts-9781635573978", "raw_text": "Dirtbag Massachusetts A Confessional Isaac Fitzgerald Hardcover 9781635573978 Powells Books Cart   my account  wish list  help  8008787323 Hello\n Login MENU Browse New Arrivals Bestsellers Featured Preorders Award Winners Audio Books See All Subjects Used Staff Picks Staff Picks Picks of the Month Bookseller Displays 50 Books for 50 Years 25 Best 21st Century SciFi  Fantasy 25 PNW Books to Read Before You Die 25 Books From the 21st Century 25 Memoirs to Read Before You Die 25 Global Books to Read Before You Die 25 Women to Read Before You Die 25 Books to Read Before You Die Gifts Gift Cards  eGift Cards Powells Souvenirs Journals and Notebooks socks Games Sell Books Blog Events Find A Store Dont Miss BIG SALE 20 off sitewide Picks of the Season What Im Giving Great Gifts Under 25 Best Books of 2022 Powells Author Events Oregon Battle of the Books Audio Books Visit Our Stores Powells Books 14 Gift Ideas From 14 of Our Favorite Authors 0 comment Every year Powells reaches out to some of our favorite authors for some muchneeded giftgiving inspiration Below are 14 writerapproved recommendations to help you find the perfect book for even your mostdifficulttobuyfor loved one Read More  Powells Staff Best Books of 2022 Fiction 1 comment Kelsey Ford 6 Haunting Native American Horror Books 1 comment 1 LOCOK 1 LOCOK LOCCancel 1 LOCOK LOCCancel Dirtbag Massachusetts A Confessional by Isaac Fitzgerald Comment on this title Synopses  Reviews ISBN13 9781635573978 ISBN10 1635573971 Condition Standard DustJacket Standard All Product Details View Larger Image View Larger Images 1895 List Price 2700 Used Hardcover Ships in 1 to 3 days Qty Store 1 Burnside Staff Pick As someone who reads a lot of memoirs it takes a lot for me to read one and think This book has changed me as a person a reader or as a writer Dirtbag Massachusetts manages to hit all three in a way that left me clutching the book to my chest when I finished This book is for every adult who grew up with a traumatic childhood made some mistakes and lived to tell the tale Its for the misfits romantics dreamers doers and those who believe that no matter what life throws at them itll all make for a good story at the end This book deserves to be shared Recommended By Katherine M Powellscom Synopses  Reviews Publisher Comments INSTANT NEW YORK TIMES BESTSELLER INSTANT USA TODAY BESTSELLER The best of what memoir can accomplish pulling no punches on the path to truth but it always finds the capacity for grace and joy  Esquire  Best Memoirs of the Year A TIME Best Book of the Summer  A Rolling Stone Top Culture Pick  A Publishers Weekly Best Memoir of the Season  A Buzzfeed Book Pick  A Goodreads Readers Most Anticipated Book  A Chicago Tribune Book Pick  A Bostoncom Book You Should Read  A Los Angeles Times Book to Add to Your Reading List  An Entertainment Weekly Best Book of the Month  A 2022 New England Book Award Finalist Isaac Fitzgerald has lived many lives Hes been an altar boy a bartender a fat kid a smuggler a biker a prince of New England But before all that he was a bomb that exploded his parents lives  or so he was told In Dirtbag Massachusetts  Fitzgerald with warmth and humor recounts his ongoing search for forgiveness a more farreaching vision of masculinity and a more expansive definition of family and self Fitzgeralds memoirinessays begins with a childhood that moves at breakneck speed from safety to violence recounting an extraordinary pilgrimage through trauma to selfunderstanding and ultimately acceptance From growing up in a Boston homeless shelter to bartending in San Francisco from smuggling medical supplies into Burma to his lifelong struggle to make peace with his body Fitzgerald strives to take control of his own story one that aims to put aside anger isolation and entitlement to embrace the idea that one can be generous to oneself by being generous to others Gritty and cleareyed loudhearted and beautiful Dirtbag Massachusetts is a rollicking book that might also be a lifeline Review Fitzgerald weaves a raucous mosaic of a roughandready New England rarely seen with a transfixing story of his path to finding himselfA marvelous comingofage story thats as wily and raunchy as it is heartfelt Publishers Weekly Starred Review Review Isaac Fitzgeralds memoirinessays is a bighearted read infused with candor sharp humor and the hope that comes from discovering saints can be found in all sorts of places Rolling Stone Top Culture Picks of the Month Review  Dirtbag Massachusetts is the best of what memoir can accomplish Its blisteringly honest and vulnerable pulling no punches on the path to truth but it always finds the capacity for grace and joy Esquire Best Memoirs of the Year Review Told without piety or violin strains of uplift but rather an embrace of the chaos of just getting by Chicago Tribune Books for Summer 2022 Our Picks Review Fitzgerald reflects on his origins  and coming to terms with selfconsciousness anger and strained family relationships His writing is gritty yet vulnerable TIME 27 New Books You Need to Read This Summer Review Isaac Fitzgerald contains multitudes in this frank engaging memoir severely lapsed Catholic lifelong rabblerouser wellinked tattoo aficionado The tales recounted here find the bittersweet spot between dirtbag and sublime Entertainment Weekly Best New Books of July Review Equal parts illuminating and poignant Fitzgeralds essays attempt to untangle what it means to be a man in this world and in his own body Buzzfeed Summer Books You Wont Be Able To Put Down Review An endearing and tattered catalog of one mans transgressions and the ways in which it is our sins far more than our virtues that make us who we are New York Times Book Review Review Fitzgerald joins the ranks of some of the very best memoiristsThis entertaining and thoughtful book reveals Fitzgeralds talents as a master craftsman of unusual insight and will leave readers eager for more BookPage Starred Review Review TenderheartedFitzgeralds stories are introspective and exude selfawareness Readers will leave with a true soft spot for him Library Journal Review Ebullient irreverent tender Dirtbag Massachusetts is a record of a love for the world in all its messy fullness that you just cant fake and how that came to be I felt more alive after reading these essays and whatever I thought I knew Isaac Fitzgerald taught me something new Hes a ringleader for the Circus in the House of Love Alexander Chee author of How To Write An Autobiographical Novel Review  Dirtbag Massachusetts is a wondrously crafted confessional in every sense of the word one of the finest and really sneakiest narrative boasts Ive read in decades Isaac Fitzgerald will remind you of the wobbly majesty possible when fears of tomorrow and yesterday are innovatively confronted and masculinity is shredded Goodness gracious Kiese Laymon author of Heavy Review This book this beautiful sprawling chaotic memoir in essays is indeed a confessional It is a man peeling back the layers of himself revealing the white of his bones the depth of his soul the truth of his flaws and the power of the best parts of him of which there are so many Isaac Fitzgerald will make you feel absolutely everything as he recounts a childhood no one should have to endure and how he has tried to rebuild the parts of himself that other people broke He is charming and vulnerable curious and candid full of dirtbag swagger I loved this book When I turned the last page I wanted more but was so grateful to have spent this time with a man who is on the complicated but joyful journey of becoming and being himself Roxane Gay Review Isaac Fitzgerald lays himself bare in this stunning memoir stripping off all the things that no long serve him Raw vulnerable and powerful this book will be a key in the lock of many hearts and minds Emma Straub Review Vulnerable revealing and tender Fitzgeralds Dirtbag Massachusetts has it all  faith sex fear resilience and love His is a story of a real American family and a beautiful and creative American son Min Jin Lee author of the National Book Award Finalist Pachinko Review Any fool can confess Its the rare writer who reveals and Dirtbag Massachusetts is a heart on the sleeve demons in check eyes unblinking unbearably sad laughoutloud funny revelation Marlon James Booker Prizewinning author of Moon Witch Spider King Review  Dirtbag Massachusetts isnt just a book its lifework Saeed Jones author of How We Fight For Our Lives Review  Dirtbag Massachusetts is a diamond of a memoir Fitzgeralds sentences are so clean and true that youll never realize youre cut until youre bleeding Or you know crying Mira Jacob author of The Sleepwalkers Guide To Dancing Review This book is a rock anthem youre so busy dancing to you almost dont notice when the lyrics slip in and break your heart What a gorgeous sensitive rambunctious and funny book about the ways we survive our own lives and choices I loved going on adventures with Fitzgerald in these essays hunting alongside him for the kinds of chosen family and love and purpose and storytelling that have the power to carry us through even the darkest of days CJ Hauser author of The Crane Wife Review  Dirtbag Massachusetts is glimmering dirty and humble A masterful blend of humor intelligence and craft This book is the antidote to toxic masculinity Chloe Caldwell author of The Red Zone A Love Story Review As an essayist and editor Fitzgerald had long served as a kind of genial barkeep of the literary internet  an avuncular boozy presence with killer taste in books Robert Moor New York Magazine Review Any fool can confess Its the rare writer who reveals and Dirtbag Massachusetts is a heart on the sleeve demons in check eyes unblinking unbearably sad laughoutloud funny revelation Marlon James author of Moon Witch Spider King About the Author Isaac Fitzgerald appears frequently on The Today Show and is the author of the bestselling childrens book How to Be a Pirate as well as the coauthor of Pen  Ink and Knives  Ink winner of an IACP Award His writing has appeared in the New York Times  the Guardian  the Best American Nonrequired Reading  and numerous other publications He lives in Brooklyn What Our Readers Are Saying Be the first to share your thoughts on this title Product Details ISBN 9781635573978 Binding Hardcover Publication date 07192022 Publisher BLOOMSBURY BOOKS Pages 256 Height 120IN Width 550IN Illustration Yes Author Isaac Fitzgerald 1895 List Price 2700 Used Hardcover Ships in 1 to 3 days Qty Store 1 Burnside More copies of this ISBN Signed New Hardcover 2700 New Hardcover 2700 1 LOCOK 1 LOCOK LOCCancel 1 LOCOK LOCCancel 1 LOCOK 1 LOCOK LOCCancel 1 LOCOK LOCCancel 1 LOCOK 1 LOCOK LOCCancel 1 LOCOK LOCCancel 1 LOCOK 1 LOCOK LOCCancel 1 LOCOK LOCCancel Help Guarantee My Account Careers About Us Security Wish List Partners Contact Us Shipping Transparency ACT MRF Sitemap  2022 POWELLSCOM Terms 1 LOCOK 1 LOCOK LOCCancel 1 LOCOK LOCCancel 1 LOCOK 1 LOCOK LOCCancel 1 LOCOK LOCCancel 1 LOCOK 1 LOCOK LOCCancel 1 LOCOK LOCCancel 1 LOCOK 1 LOCOK LOCCancel 1 LOCOK LOCCancel"}