{"Title": " Flour Water Salt Yeast: The Fundamentals of Artisan Bread and Pizza ", "Author": "Ken Forkish", "Cover Page": "https://covers.powells.com/9781607742739.jpg", "ISBN10": "160774273X  \n", "ISBN13": "9781607742739", "Page URL": "https://powells.com/book/flour-water-salt-yeast-9781607742739", "raw_text": "Flour Water Salt Yeast The Fundamentals of Artisan Bread  Pizza Ken Forkish Hardcover 9781607742739 Powells Books Cart   my account  wish list  help  8008787323 Hello\n Login MENU Browse New Arrivals Bestsellers Featured Preorders Award Winners Audio Books See All Subjects Used Staff Picks Staff Picks Picks of the Month Bookseller Displays 50 Books for 50 Years 25 Best 21st Century SciFi  Fantasy 25 PNW Books to Read Before You Die 25 Books From the 21st Century 25 Memoirs to Read Before You Die 25 Global Books to Read Before You Die 25 Women to Read Before You Die 25 Books to Read Before You Die Gifts Gift Cards  eGift Cards Powells Souvenirs Journals and Notebooks socks Games Sell Books Blog Events Find A Store Dont Miss BIG SALE 20 off sitewide Picks of the Season What Im Giving Great Gifts Under 25 Best Books of 2022 Powells Author Events Oregon Battle of the Books Audio Books Visit Our Stores Powells Books 14 Gift Ideas From 14 of Our Favorite Authors 0 comment Every year Powells reaches out to some of our favorite authors for some muchneeded giftgiving inspiration Below are 14 writerapproved recommendations to help you find the perfect book for even your mostdifficulttobuyfor loved one Read More  Powells Staff Best Books of 2022 Fiction 1 comment Kelsey Ford 6 Haunting Native American Horror Books 1 comment 1 LOCOK 1 LOCOK LOCCancel 1 LOCOK LOCCancel Flour Water Salt Yeast The Fundamentals of Artisan Bread and Pizza by Ken Forkish Comment on this title Synopses  Reviews ISBN13 9781607742739 ISBN10 160774273X All Product Details View Larger Image View Larger Images 3500 New Hardcover Ships in 1 to 3 days Qty Store 21 Burnside 2 Cedar Hills 6 Hawthorne 20 Local Warehouse Synopses  Reviews Publisher Comments There are few things more satisfying than biting into a freshly made crispyontheoutside softandsuppleontheinside slice of perfectly baked bread For Portlandbased baker Ken Forkish wellmade bread is more than just a pleasure  it is a passion that has led him to create some of the best and most critically lauded breads and pizzas in the country In Flour Water Salt Yeast  Forkish translates his obsessively honed craft into scores of recipes for rustic boules and Neapolitanstyle pizzas all suited for the home baker Forkish developed and tested all of the recipes in his home oven and his impeccable formulas and clear instructions result in topquality artisan breads and pizzas that stand up against those sold in the best bakeries anywhere Whether youre a total beginner or a serious baker Flour Water Salt Yeast has a recipe that suits your skill level and time constraints Start with a straight dough and have fresh bread ready by supper time or explore preferments with a bread that uses biga or poolish If youre ready to take your baking to the next level follow Forkishs stepbystep guide to making a levain starter with only flour and water and be amazed by the delicious complexity of your naturally leavened bread Pizza lovers can experiment with a variety of doughs and sauces to create the perfect pie using either a pizza stone or a castiron skillet Flour Water Salt Yeast is more than just a collection of recipes for amazing bread and pizza  it offers a complete baking education with a thorough yet accessible explanation of the tools and techniques that set artisan bread apart Featuring a tutorial on bakers percentages advice for manipulating ingredients ratios to create custom doughs tips for adapting bread baking schedules to fit your daytoday life and an entire chapter that demystifies the levainmaking process Flour Water Salt Yeast is an indispensable resource for bakers who want to make their daily bread exceptional bread Review Forkishs instructions are clear concise and incredibly preciseFor true artisan bread lovers  and homemade pizza fanatics  this book sets a new standard The Oregonian Review Exceptionally detailed and clearly written with dedicated bakers in mindCooks and students who are serious about the craft of bread baking will definitely want to check out this title Library Journal Review Ken Forkishs story is as unique interesting and delicious as his famous breads and pizzas The man abandoned his past courageously stepped off the cliff and followed his passion and the result has been a gift to all of us great breads fabulous pizzas and now this beautiful book  Flour Water Salt Yeast  in which he reveals all Peter Reinhart author of Artisan Breads Every Day and The Joy of GlutenFree SugarFree Baking Review Ken nails it end of story when it comes to the best levain bread or the thinnest most perfect pizza crust youve ever had He has set the bar for Portland bakeries  thats why we use his bread at Le Pigeon For anybody looking to bake amazing bread at home this book is a musthave Gabriel Rucker chefowner of Le Pigeon restaurant Review This fun book offers more than just topquality bread Flour Water Salt Yeast reveals all the formulas processes tips and tricks Ken established in his years of experience as a professional baker But most importantly it teaches home bakers how to create their own bread using multiple schedules and ingredient combinations Hey  all that without having to get up to bake in the middle of the night Michel Suas founder of the San Francisco Baking Institute and author of Advanced Bread and Pastry Review Ken Forkish is an artisan for our times and the kind of handcraftityourself dreamer who makes Portland Oregon one of Americas top food destinations This book is a handsome expression of his breadbaking vision Forkish is a man unbound obsessed by the science of fermentation and excitedly sharing hardwon secrets and exacting recipes from his celebrated sourdough laboratory Karen Brooks restaurant critic Portland Monthly Synopsis From Portlands most acclaimed and beloved baker comes this musthave baking guide featuring scores of recipes for worldclass breads and pizzas and a variety of schedules suited for the home baker In Flour Water Salt Yeast  author Ken Forkish demonstrates that highquality artisan bread and pizza is within the reach of any home baker Whether its a basic straight dough dough made with a preferment or a complex levain each of Forkishs impeccable recipes yields exceptional results Tips on creating and adapting bread baking schedules that fit in readers daytoday lives  enabling them to bake the breads they love in the time they have available  make Flour Water Salt Yeast an indispensable resource for bakers be they novices or serious enthusiasts About the Author After a twentyyear career in the hightech industry KEN FORKISH decided to leave Silicon Valley and corporate America behind to become a baker He moved to Portland Oregon and opened Kens Artisan Bakery in 2001 followed by Kens Artisan Pizza in 2006 Forkish trained at the San Francisco Baking Institute the CIA Greystone Toscana Saporita in Italy and lInstitut Paul Bocuse in France 47 6 What Our Readers Are Saying Share your thoughts on this title Average customer rating 47 6 comments  email\u00a0protected  March 10 2018 very good Was this comment helpful  Yes  No report this\ncomment  Tanjamaltija  February 09 2013 view all comments by Tanjamaltija Bread is the staff and stuff of life and the best bread of all comes from Malta httpwwwplanetmona com foodonplanetmona 65news3024 themaltesehobza Was this comment helpful  Yes  No 2 of 18 readers found this comment helpful report this\ncomment  dulcimist  January 30 2013 A wonderful guide to the art of artisan bread  pizza by Portlands own baker Step by step Ken Forkish lays out the steps to not only bake your own bread but opens the door to realizing how versatile just the four ingredients flour water salt and yeast plus time and temperature can be Was this comment helpful  Yes  No 3 of 5 readers found this comment helpful report this\ncomment  Jessica Weissman  January 02 2013 view all comments by Jessica Weissman Heres an artisan bread book that takes a new approach Ken Forkish includes recipes with timings that are realistic for people with day jobs who cant stay home to tend developing dough He has several nonperferment recipes that work as well as preferment and levain recipes that are a notch or two less fussy than some\nIve had nothing but good results from his recipes and techniques Was this comment helpful  Yes  No 5 of 6 readers found this comment helpful report this\ncomment  WongKaiWen  December 23 2012 view all comments by WongKaiWen Awesome bread book It doesnt have a ton of recipes but it does have a ton of technique information Changed my bread baking for the better The recipes make 2 loaves of bread so I prepped my neighbors for random bread gifts but weve been finishing every bite And theres only 2 of us Was this comment helpful  Yes  No 1 of 1 readers found this comment helpful report this\ncomment  seniye  August 29 2012 view all comments by seniye Given how great Kens baked goods and pizza are I cannot wait to check out this book Was this comment helpful  Yes  No 1 of 6 readers found this comment helpful report this\ncomment View all 6 comments Product Details ISBN 9781607742739 Binding Hardcover Publication date 09182012 Publisher Ten Speed Press Pages 265 Height 100IN Width 830IN Thickness 100 Illustration Yes Copyright Year 2012 Author Ken Forkish Photographer Alan Weiner Photographer Alan Weiner Subject Cooking and FoodBreads Subject Cooking and FoodBaking General 3500 New Hardcover Ships in 1 to 3 days Qty Store 21 Burnside 2 Cedar Hills 6 Hawthorne 20 Local Warehouse Receive an email when this ISBN is available used 1 LOCOK 1 LOCOK LOCCancel 1 LOCOK LOCCancel 1 LOCOK 1 LOCOK LOCCancel 1 LOCOK LOCCancel 1 LOCOK 1 LOCOK LOCCancel 1 LOCOK LOCCancel 1 LOCOK 1 LOCOK LOCCancel 1 LOCOK LOCCancel Help Guarantee My Account Careers About Us Security Wish List Partners Contact Us Shipping Transparency ACT MRF Sitemap  2022 POWELLSCOM Terms 1 LOCOK 1 LOCOK LOCCancel 1 LOCOK LOCCancel 1 LOCOK 1 LOCOK LOCCancel 1 LOCOK LOCCancel 1 LOCOK 1 LOCOK LOCCancel 1 LOCOK LOCCancel 1 LOCOK 1 LOCOK LOCCancel 1 LOCOK LOCCancel"}