{"Title": " Unmasked: My Life Solving America's Cold Cases ", "Author": "Paul Holes", "Cover Page": "https://powells-covers-2.s3.amazonaws.com/9781250622792.jpg", "ISBN10": "1250622794  \n", "ISBN13": "9781250622792", "Page URL": "https://powells.com/book/unmasked-9781250622792", "raw_text": "Unmasked My Life Solving Americas Cold Cases Paul Holes Hardcover 9781250622792 Powells Books Cart   my account  wish list  help  8008787323 Hello\n Login MENU Browse New Arrivals Bestsellers Featured Preorders Award Winners Audio Books See All Subjects Used Staff Picks Staff Picks Picks of the Month Bookseller Displays 50 Books for 50 Years 25 Best 21st Century SciFi  Fantasy 25 PNW Books to Read Before You Die 25 Books From the 21st Century 25 Memoirs to Read Before You Die 25 Global Books to Read Before You Die 25 Women to Read Before You Die 25 Books to Read Before You Die Gifts Gift Cards  eGift Cards Powells Souvenirs Journals and Notebooks socks Games Sell Books Blog Events Find A Store Dont Miss BIG SALE 20 off sitewide Picks of the Season What Im Giving Great Gifts Under 25 Best Books of 2022 Powells Author Events Oregon Battle of the Books Audio Books Visit Our Stores Powells Books 14 Gift Ideas From 14 of Our Favorite Authors 0 comment Every year Powells reaches out to some of our favorite authors for some muchneeded giftgiving inspiration Below are 14 writerapproved recommendations to help you find the perfect book for even your mostdifficulttobuyfor loved one Read More  Powells Staff Best Books of 2022 Fiction 1 comment Kelsey Ford 6 Haunting Native American Horror Books 1 comment 1 LOCOK 1 LOCOK LOCCancel 1 LOCOK LOCCancel Unmasked My Life Solving Americas Cold Cases by Paul Holes Comment on this title Synopses  Reviews ISBN13 9781250622792 ISBN10 1250622794 All Product Details View Larger Image View Larger Images 2899 New Hardcover Ships in 1 to 3 days Qty Store 2 Burnside 4 Cedar Hills 20 Local Warehouse Synopses  Reviews Publisher Comments From the detective who found The Golden State Killer a memoir of investigating Americas toughest cold cases and the rewards  and toll  of a life solving crime I order another bourbon neat This is the drink that will flip the switch I dont even know how I got here to this place to this point Something is happening to me lately Im drinking too much My sheets are soaking wet when I wake up from nightmares of decaying corpses I order another drink and swig it trying to forget about the latest case I cant shake Crimesolving for me is more complex than the challenge of the hunt or the process of piecing together a scientific puzzle The thought of good people suffering drives me for better or worse to the point of obsession People always ask how I am able to detach from the horrors of my work Part of it is an innate capacity to compartmentalize the rest is experience and exposure and Ive had plenty of both But I had always taken pride in the fact that I can keep my feelings locked up to get the job done Its only been recently that it feels like all that suppressed darkness is beginning to seep out When I look back at my long career there is a lot I am proud of I have caught some of the most notorious killers of the twentyfirst century and brought justice and closure for their victims and families I want to tell you about a lifetime solving these cold cases from Laci Peterson to Jaycee Dugard to the Pittsburg homicides to yes my twentyyearlong hunt for the Golden State Killer But a deeper question eats at me as I ask myself at what cost I have sacrificed relationships joy  even fatherhood  because the pursuit of evil always came first Did I make the right choice Its something I grapple with every day Yet as I stand in the spot where a young girl took her last breath as I look into the eyes of her family I know that for me there has never been a choice I dont know if I can solve your case I whisper But I promise I will do my best It is a promise I know I can keep Review Paul Holes takes you on a fascinating and sometimes disturbing journey inside the mind of someone who hunts monsters for a living  and in order to live And his insights on Michelle McNamara  whose loss I still feel every day  are incredible Patton Oswalt Review Paul Holes is a natural criminal profiler with a talent for describing how the process works In his book Unmasked  he marches the reader into the real world of criminal behavior and blends his forensic expertise with his unfiltered personal life experiences as he tackles both cold cases and modern crimes This is a book you will not be able to put down Dr Ann Wolbert Burgess author of A Killer by Design and coauthor of Sexual Homicide About the Author In 2018 Paul Holes retired as a cold case investigator after spending more than twentyseven years working in Contra Costa County in the San Francisco Bay Area Paul specialized in cold case and serial predator crimes lending his expertise to notable cases including the murder of Laci Peterson and the kidnapping of Jaycee Dugard Most prominently Pauls career culminated with his identification of the Golden State Killer Joseph DeAngelo the most notorious and cunning serial predator in US history Since the arrest of DeAngelo Holes has been very involved on the media side continuing to assist law enforcement and victims families with their unsolved cases through the television shows The DNA of Murder with Paul Holes and Americas Most Wanted and the podcast Jensen  Holes The Murder Squad 5 3 What Our Readers Are Saying Share your thoughts on this title Average customer rating 5 3 comments  Mallory  April 30 2022 view all comments by Mallory I wasnt totally sure what to expect but I really enjoyed this true crime memoir The author writes about his career and his fascination with cold cases I found him to be a very interesting person and one I would like to hear more stories from I liked that I had heard of a good number of the cases and that I hadnt heard of some and all of them were very interesting I also liked to hear about the evolution that DNA technology has taken and how it has helped us to be better investigators into crime Paul Holes spends a lot of the book focused on the cold case he spent the most years on the Golden State Killer I found his process to be very interesting but I also liked that he included the toll his work took on himself his marriages and his relationships with his children We need people passionate about finding the truth and keeping community safe but we also need to help them care for themselves I would definitely read another book by Paul Holes Was this comment helpful  Yes  No 1 of 1 readers found this comment helpful report this\ncomment  bookish_78bookieluvr  April 24 2022 view all comments by bookish_78bookieluvr Good\nAfter reading this book you might become more understanding of crime detectives or youll reconsider becoming a crime detective because that means youll have to sacrifice your family and friends emotional needs becuase youll be way too consumed with solving crimes and then you wont have any emotional compacity nor time left for those you really love Solving crimes is like a book lover saying that theyll never read a book again because they already found their favorite book ever Though the book lover never stops reading because there are new books every year just as there are new crimes every year The only difference being that book lovers actually dont harm their family nor friends and the only other similarity with new crimes and new books being that book lovers love reading new books and crime detectives finally closing a case after finding the killers The cover matches the point of the story in which I would say flows nicely with the point of the story is eyecatching and oozes a mysterious aura Was this comment helpful  Yes  No 0 of 1 readers found this comment helpful report this\ncomment  lurkykitty  April 04 2022 view all comments by lurkykitty In Unmasked Paul Holes reflects on his life and distinguished career in criminology from high school until retirement Although known best for his identification of the Golden State Killer Mr Holes was instrumental in the conviction of many violent criminals and the closure of a variety of cold cases He describes his commitment to protect the public and find justice and closure for victims and their families His nearobsessive dedication unbreakable determination thirst for knowledge and gift for investigation and analytical thinking were instrumental in his work The forensic science is fascinating especially the evolution of the use of DNA evidence Those considering a career in forensics and criminology should read this book as the author reveals the grisly reality of these violent crimes and the hard work it takes to solve them He also describes his frustration with how interdepartmental politics often created barriers to cooperation and investigation\nMr Holes is honest about the toll his career and calling took on his personal life and mental health Not everyone can handle intense proximity to darkness and evil for such a prolonged time His work shines light on the support needed for those who work to apprehend and convict violent killers Unmasked is not for the faint of heart There are graphic descriptions of the crimes reading about those committed against children is especially disturbing This book is gripping fascinating and terrifying Was this comment helpful  Yes  No 1 of 1 readers found this comment helpful report this\ncomment Product Details ISBN 9781250622792 Binding Hardcover Publication date 04262022 Publisher CELADON BOOKS Pages 288 Author Paul Holes 2899 New Hardcover Ships in 1 to 3 days Qty Store 2 Burnside 4 Cedar Hills 20 Local Warehouse Receive an email when this ISBN is available used 1 LOCOK 1 LOCOK LOCCancel 1 LOCOK LOCCancel 1 LOCOK 1 LOCOK LOCCancel 1 LOCOK LOCCancel 1 LOCOK 1 LOCOK LOCCancel 1 LOCOK LOCCancel 1 LOCOK 1 LOCOK LOCCancel 1 LOCOK LOCCancel Help Guarantee My Account Careers About Us Security Wish List Partners Contact Us Shipping Transparency ACT MRF Sitemap  2022 POWELLSCOM Terms 1 LOCOK 1 LOCOK LOCCancel 1 LOCOK LOCCancel 1 LOCOK 1 LOCOK LOCCancel 1 LOCOK LOCCancel 1 LOCOK 1 LOCOK LOCCancel 1 LOCOK LOCCancel 1 LOCOK 1 LOCOK LOCCancel 1 LOCOK LOCCancel"}