{"Title": " Trauma Stewardship An Everyday Guide to Caring for Self While Caring for Others ", "Author": "Laura van Dernoot Lipsky, Connie Burk", "Cover Page": "https://powells-covers-2.s3.amazonaws.com/9781576759448.jpg", "ISBN10": "157675944X  \n", "ISBN13": "9781576759448", "Page URL": "https://powells.com/book/trauma-stewardship-an-everyday-guide-to-caring-for-self-while-caring-for-others-9781576759448", "raw_text": "Trauma Stewardship An Everyday Guide to Caring for Self While Caring for Others Laura Van De Lipsky Laura Van Dernoot Lipsky Connie Burk Trade Paperback 9781576759448 Powells Books Cart   my account  wish list  help  8008787323 Hello\n Login MENU Browse New Arrivals Bestsellers Featured Preorders Award Winners Audio Books See All Subjects Used Staff Picks Staff Picks Picks of the Month Bookseller Displays 50 Books for 50 Years 25 Best 21st Century SciFi  Fantasy 25 PNW Books to Read Before You Die 25 Books From the 21st Century 25 Memoirs to Read Before You Die 25 Global Books to Read Before You Die 25 Women to Read Before You Die 25 Books to Read Before You Die Gifts Gift Cards  eGift Cards Powells Souvenirs Journals and Notebooks socks Games Sell Books Blog Events Find A Store Dont Miss BIG SALE 20 off sitewide Picks of the Season What Im Giving Great Gifts Under 25 Best Books of 2022 Powells Author Events Oregon Battle of the Books Audio Books Visit Our Stores Powells Books 14 Gift Ideas From 14 of Our Favorite Authors 0 comment Every year Powells reaches out to some of our favorite authors for some muchneeded giftgiving inspiration Below are 14 writerapproved recommendations to help you find the perfect book for even your mostdifficulttobuyfor loved one Read More  Powells Staff Best Books of 2022 Fiction 1 comment Kelsey Ford 6 Haunting Native American Horror Books 1 comment 1 LOCOK 1 LOCOK LOCCancel 1 LOCOK LOCCancel Trauma Stewardship An Everyday Guide to Caring for Self While Caring for Others by Laura van Dernoot Lipsky Connie Burk Comment on this title Synopses  Reviews ISBN13 9781576759448 ISBN10 157675944X Condition Standard All Product Details View Larger Image View Larger Images 1550 List Price 2195 Used Trade Paperback Ships in 1 to 3 days Qty Store 1 Cedar Hills Synopses  Reviews Publisher Comments A longtime trauma worker Laura van Dernoot Lipsky offers a deep and empathetic survey of the oftenunrecognized toll on those working to make the world a better place We may feel tired cynical numb or like we can never do enough These and other symptoms affect us individually and collectively sapping the energy and effectiveness we so desperately need if we are to benefit humankind other animals and the planet itself Through Trauma Stewardship we are called to meet these challenges in an intentional waynot by becoming overwhelmed but by developing a quality of mindful presence Joining the wisdom of ancient cultural traditions with modern psychological research Lipsky offers a variety of simple and profound practices that will allow us to remake ourselvesand ultimately the world Synopsis Laura van Dernoot Lipsky takes a deep and empathetic look at the many ways the stress of dealing with others trauma or suffering manifests itself feelings of helplessness and hopelessness diminished creativity chronic exhaustion cynicism and a dozen more To keep from being overwhelmed we need to respond to this toll in a thoughtful intentional waynot by hardening our hearts or by internalizing others struggles as our own but by developing a quality of compassionate presence This is trauma stewardship To help achieve this Lipsky offers a variety of simple and profound practices drawn from modern psychology and ancient cultural traditions that enable us to look carefully at our ourselves our organizations and our society and discover new sources of energy and renewal Synopsis Working to make the world a more hopeful and sustainable place can mean having to confront trauma headon day in and day out Over months and years this takes an enormous toll one that were often not even fully aware of until the day we feel like we just cant go on any more And the work is too important to risk that happening What Our Readers Are Saying Be the first to share your thoughts on this title Product Details ISBN 9781576759448 Binding Trade Paperback Publication date 05042009 Publisher BERRETTKOEHLER PUBLISHERS Series info BK Life Pages 288 Height 80IN Width 600IN Thickness 100 Series BK Life Number of Units 1 Illustration Yes Copyright Year 2009 UPC Code 2801576759440 Author Laura Van Dernoot Lipsky Author Connie Burk Subject Selfhelp  personal development Subject Caregivers Subject Health and hygiene Subject Caregivers  Health and hygiene 1550 List Price 2195 Used Trade Paperback Ships in 1 to 3 days Qty Store 1 Cedar Hills More copies of this ISBN New Trade Paperback 2195 Used Trade Paperback 1150 1 LOCOK 1 LOCOK LOCCancel 1 LOCOK LOCCancel 1 LOCOK 1 LOCOK LOCCancel 1 LOCOK LOCCancel 1 LOCOK 1 LOCOK LOCCancel 1 LOCOK LOCCancel 1 LOCOK 1 LOCOK LOCCancel 1 LOCOK LOCCancel Help Guarantee My Account Careers About Us Security Wish List Partners Contact Us Shipping Transparency ACT MRF Sitemap  2022 POWELLSCOM Terms 1 LOCOK 1 LOCOK LOCCancel 1 LOCOK LOCCancel 1 LOCOK 1 LOCOK LOCCancel 1 LOCOK LOCCancel 1 LOCOK 1 LOCOK LOCCancel 1 LOCOK LOCCancel 1 LOCOK 1 LOCOK LOCCancel 1 LOCOK LOCCancel"}