{"Title": " This Will Not Pass: Trump, Biden, and the Battle for America's Future ", "Author": "Jonathan Martin", "Cover Page": "https://powells-covers-2.s3.amazonaws.com/9781982172480.jpg", "ISBN10": "1982172487  \n", "ISBN13": "9781982172480", "Page URL": "https://powells.com/book/this-will-not-pass-9781982172480", "raw_text": "This Will Not Pass Trump Biden and the Battle for American Democracy Jonathan Martin and Alexander Burns Hardcover 9781982172480 Powells Books Cart   my account  wish list  help  8008787323 Hello\n Login MENU Browse New Arrivals Bestsellers Featured Preorders Award Winners Audio Books See All Subjects Used Staff Picks Staff Picks Picks of the Month Bookseller Displays 50 Books for 50 Years 25 Best 21st Century SciFi  Fantasy 25 PNW Books to Read Before You Die 25 Books From the 21st Century 25 Memoirs to Read Before You Die 25 Global Books to Read Before You Die 25 Women to Read Before You Die 25 Books to Read Before You Die Gifts Gift Cards  eGift Cards Powells Souvenirs Journals and Notebooks socks Games Sell Books Blog Events Find A Store Dont Miss BIG SALE 20 off sitewide Picks of the Season What Im Giving Great Gifts Under 25 Best Books of 2022 Powells Author Events Oregon Battle of the Books Audio Books Visit Our Stores Powells Books 14 Gift Ideas From 14 of Our Favorite Authors 0 comment Every year Powells reaches out to some of our favorite authors for some muchneeded giftgiving inspiration Below are 14 writerapproved recommendations to help you find the perfect book for even your mostdifficulttobuyfor loved one Read More  Powells Staff Best Books of 2022 Fiction 1 comment Kelsey Ford 6 Haunting Native American Horror Books 1 comment 1 LOCOK 1 LOCOK LOCCancel 1 LOCOK LOCCancel This Will Not Pass Trump Biden and the Battle for Americas Future by Jonathan Martin and Alexander Burns Comment on this title Synopses  Reviews ISBN13 9781982172480 ISBN10 1982172487 Condition Standard DustJacket Standard All Product Details View Larger Image View Larger Images 2100 List Price 2999 Used Hardcover Ships in 1 to 3 days Qty Store 1 Burnside 1 Cedar Hills 1 Hawthorne 1 Local Warehouse Synopses  Reviews Publisher Comments The shocking definitive account of the 2020 election and the first year of the Biden presidency by two New York Times reporters exposing the deep fissures within both parties as the country approaches a political breaking point This is the authoritative account of an eighteenmonth crisis in American democracy that will be seared into the countrys political memory for decades to come With stunning intheroom detail New York Times reporters Jonathan Martin and Alexander Burns show how both our political parties confronted a series of national traumas including the coronavirus pandemic the January 6 attack on the Capitol and the political brinksmanship of President Bidens first year in the White House From Donald Trumps assault on the 2020 election and his ongoing campaign of vengeance against his fellow Republicans to the behindthescenes story of Bidens selection of Kamala Harris as his running mate and his bitter struggles to unite the Democratic Party this book exposes the degree to which the twoparty system has been strained to the point of disintegration More than at any time in recent history the longestablished traditions and institutions of American politics are under siege as a set of aging political leaders struggle to hold together a changing country Martin and Burns break news on most every page drawing on hundreds of interviews and neverbeforeseen documents and recordings from the highest levels of government The book asks the vitally important and disturbing question can American democracy as we know it ever work again Review Alex Burns and Jonathan Martin are two of our best sourced most insightful and honest chroniclers of American politics Their book takes us not only through those harrowing final days of the Trumpera but is the first to deeply explore the central tension of President Bidens presidency thus far that of a man who is trying to balance national reconciliation with his aspiration to craft a presidency of grand and lasting impact The writing full of luscious details and newsy nuggets allows the reader an in the room where it happened experience Amy Walter Publisher  EditorinChief The Cook Political Report with Amy Walter Review This is an enthralling and at times frightening account that weaves together the Trump implosion and the roller coaster ride of Bidens first year Deeply reported it combines amazing inside scoops with a fine feel for the historic forces that have roiled our times By helping us understand what happened it provides insight about where we are heading Walter Isaacson 1 New York Times bestselling author of The Code Breaker Review What an account of these extraordinary times Martin and Burns deliver reporting from deep inside both parties with fresh facts and new details on nearly every page Peggy Noonan The Wall Street Journal Review Martin and Burns have chronicled a tumultuous time with precision and scope and their tireless reporting unearths revealing new details Their wideangle lens reminds us how much was  and remains  at stake Masterful George Stephanopoulos ABC News anchor About the Author Jonathan Martin is a national political correspondent for The New York Times and a political analyst for CNN He joined the Times in 2013 after working as a senior political writer for POLITICO His work has been featured in The New Republic The Washington Post  and The Wall Street Journal  among others A native of Arlington Virginia Martin is a graduate of HampdenSydney College Alexander Burns is a national political correspondent for The New York Times and a political analyst for CNN He joined the Times in 2015 after working as a reporter and editor at POLITICO Born and raised in New York City Burns is a graduate of Harvard College where he edited the Harvard Political Review What Our Readers Are Saying Be the first to share your thoughts on this title Product Details ISBN 9781982172480 Binding Hardcover Publication date 05032022 Publisher SIMON  SCHUSTER TRADE Pages 480 Height 123IN Width 600IN Author Jonathan Martin Author Alexander Burns 2100 List Price 2999 Used Hardcover Ships in 1 to 3 days Qty Store 1 Burnside 1 Cedar Hills 1 Hawthorne 1 Local Warehouse More copies of this ISBN New Hardcover 2999 1 LOCOK 1 LOCOK LOCCancel 1 LOCOK LOCCancel 1 LOCOK 1 LOCOK LOCCancel 1 LOCOK LOCCancel 1 LOCOK 1 LOCOK LOCCancel 1 LOCOK LOCCancel 1 LOCOK 1 LOCOK LOCCancel 1 LOCOK LOCCancel Help Guarantee My Account Careers About Us Security Wish List Partners Contact Us Shipping Transparency ACT MRF Sitemap  2022 POWELLSCOM Terms 1 LOCOK 1 LOCOK LOCCancel 1 LOCOK LOCCancel 1 LOCOK 1 LOCOK LOCCancel 1 LOCOK LOCCancel 1 LOCOK 1 LOCOK LOCCancel 1 LOCOK LOCCancel 1 LOCOK 1 LOCOK LOCCancel 1 LOCOK LOCCancel"}