{"Title": " Code Check Building: An Illustrated Guide to the Building Codes ", "Author": "Redwood Kardon", "Cover Page": "https://powells-covers-2.s3.amazonaws.com/9781600853296.jpg", "ISBN10": "1600853293  \n", "ISBN13": "9781600853296", "Page URL": "https://powells.com/book/code-check-building-9781600853296", "raw_text": "Code Check Building 3rd Edition Douglas Hansen Redwood Kardon Paddy Morrissey SpiralComb 9781600853296 Powells Books Cart   my account  wish list  help  8008787323 Hello\n Login MENU Browse New Arrivals Bestsellers Featured Preorders Award Winners Audio Books See All Subjects Used Staff Picks Staff Picks Picks of the Month Bookseller Displays 50 Books for 50 Years 25 Best 21st Century SciFi  Fantasy 25 PNW Books to Read Before You Die 25 Books From the 21st Century 25 Memoirs to Read Before You Die 25 Global Books to Read Before You Die 25 Women to Read Before You Die 25 Books to Read Before You Die Gifts Gift Cards  eGift Cards Powells Souvenirs Journals and Notebooks socks Games Sell Books Blog Events Find A Store Dont Miss BIG SALE 20 off sitewide Picks of the Season What Im Giving Great Gifts Under 25 Best Books of 2022 Powells Author Events Oregon Battle of the Books Audio Books Visit Our Stores Powells Books 14 Gift Ideas From 14 of Our Favorite Authors 0 comment Every year Powells reaches out to some of our favorite authors for some muchneeded giftgiving inspiration Below are 14 writerapproved recommendations to help you find the perfect book for even your mostdifficulttobuyfor loved one Read More  Powells Staff Best Books of 2022 Fiction 1 comment Kelsey Ford 6 Haunting Native American Horror Books 1 comment 1 LOCOK 1 LOCOK LOCCancel 1 LOCOK LOCCancel Code Check Building An Illustrated Guide to the Building Codes by Redwood Kardon and Douglas Hansen Comment on this title Synopses  Reviews ISBN13 9781600853296 ISBN10 1600853293 All Product Details View Larger Image View Larger Images 000 SpiralComb Ships in 1 to 3 days Synopses  Reviews Publisher Comments Code Check Building An Illustrated Guide to the Building Codes 4th Edition  emphasizes the key safety principles underlying building codes throughout the United States Using clear language to ensure compliance with codes at each stage of construction this edition reflects the most uptodate changes in the 2015 International Residential Code Tables and illustrations help to clarify the complex rules and numerous changes in the latest edition of the codes Specific code change are highlighted throughout the text and summarized at the end of the book The Code Check series is one of Tauntons most successful book lines selling over 1100000 copies Spiral bound with durable laminiated pages the books in this series are designed to be used onsite for quick reference ensuring that all jobs meet the highest safety standards while drastically reducing code violation callbacks The Code Check series is endorsed by the International Code Council ICC Synopsis Now in its third edition this invaluable reference provides users all the information they need to avoid the most common building code violations  no matter the project Using clear and concise language the book underscores the safety principles on which codes are based and ensures compliance at every stage of construction This latest edition reflects the most uptodate changes in the International Residential Code recent changes to the code highlighted throughout the text Theres a wealth of information here all presented in the hugely successful format  spiralbound with durable laminated pages  that has made Code Check an indispensable tool on the job site Synopsis Tauntons Code Check series is widely recognized as the most reliable and uptodate code reference available Now the thousands of builders remodelers and inspectors who have relied on their Code Checks for accuracy and thoroughness will delight in this handsome new edition that combines all the codes into a single layflat volume This comprehensive manual spotlights the safety issues behind all the codes Uptodate and featuring more than 400 illustrations Code Check Complete is crossreferenced to the International Residential Code Uniform Plumbing Code Uniform Mechanical Code and the National Electrical Code It is the only resource any builder or inspector needs to be completely up to code Synopsis Sure you can build it but will it be up to code Spiralbound with durable laminated pages the latest volume of the welltrusted Code Check series delivers the most uptodate information on the 2006 International Residential Code to builders remodelers and both home and building inspectors Newly revised and loaded with illustrations this second edition covers foundations framing fireplaces chimneys and exterior and interior walls With a handy flip chart format the guide clearly and confidently emphasizes the lifesafety principles that underlie building codes in a compact onsite format The spiralbound Code Check series is endorsed by the International Conference of Building Officials ICBO Synopsis A complete reference to current national building codes is offered in a handyspiralbound format 85 color illustrations Synopsis Code Check Building California An Illustrated Guide to the Building Codes emphasizes lifesafety principles underlying building codes for California Using clear language and helpful diagrams this edition reflects the most uptodate changes in the International Residential Code The spiralbound Code Check series is endorsed by the International Conference of Building Officials ICBO With durable laminated pages it is designed to be used onsite for quick reference The Code Check series is one of Tauntons most successful book lines selling over 1 million copies Spiral bound with durable laminated pages the books in this series are designed to be used onsite for quick reference ensuring that all jobs meet the highest safety standards while drastically reducing code violation callbacks The Code Check series is endorsed by the International Conference of Building Officials ICBO Synopsis Code Check Commercial is a field guide for code issues commonly encountered in the construction of retail stores offices warehouses health services locations schools service stations hotels restaurants apartments and condos Using clear language and informative diagrams Code Check Commercial is based on the 2009 International and Uniform Codes and the 2009 National Electrical Code The spiralbound CODE CHECK series emphasizes the central safety principles that underlie building codes With durable laminated pages it is designed to be used onsite for quick reference Synopsis This useful guide emphasizes lifesafety principles underlying building codes Designed for quick reference this edition reflects the most uptodate changes in the 2003 International Residential Code Also crossreferenced to the Uniform Plumbing Code Uniform Mechanical Code and the National Electrical Code Code Check is endorsed by the International Conference of Building Officials ICBO Included are summaries of international code specifications in an easytouse format that reduces code violation callbacks Synopsis This revised edition of Code Check Electrical has been completely updated to the 2011 National Electrical Code and the 2009 International Residential Code Spiral bound with durable laminated pages this reliable resource clearly details how to avoid the most common electrical violations while stressing the central safety principles behind the National Electrical Code The sixth edition covers every type of residential electrical system offering the most uptodate information on grounding bonding service panels branch circuits GFCIs and AFCIs switches receptacles and so much more Over one hundred tables and figures make this the onthejob choice for electricians contractors and inspectors Synopsis Designed to emphasize the central lifesafety principles that underscore building codes throughout the United States this updated sixth edition of the essential Code Check guide provides all the information that builders need to avoid the most common code violations Featuring laminated pages and a spiralbound spine that lies flat this reliable reference reflects the most uptodate changes in the current International Residential Code Covering foundations framing plumbing wiring interior and exterior walls fireplaces and chimneys the flipbook is also crossreferenced to the Uniform Plumbing Code the Uniform Mechanical Code and the National Electrical Code This toughasnails new edition belongs on every job site Synopsis Code Check Building California An Illustrated Guide to the Building Codes emphasizes lifesafety principles underlying building codes for California Using clear language and helpful diagrams this edition reflects the most uptodate changes in the International Residential Code The spiralbound Code Check series is endorsed by the International Conference of Building Officials ICBO With durable laminated pages it is designed to be used onsite for quick reference About the Author Redwood Kardon is a former building inspector for Oakland CA and is the leading professional lecturer nationwide on building codes He also owns and maintains codecheckcom a website devoted to promoting the Code Check manual Coauthors Douglas Hansen and Michael Casey have 25 and 18 years of field experience respectively All three authors teach seminars for inspectors around the country using the Code Check series as their primary material Paddy Morrissey was the senior illustrator for CornerHardwarecom and has been the sole illustrator for the Code Check seriesDouglas Hansen lives in Palo Alto CAPaddy Morrissey was senior illustrator for CornerHardwarecom All three live in the San Francisco Bay area Table of Contents Services Grounding Panels AFCIs and GFCIs Boxes Branch Circuits Wiring Methods Appliances Lighting Old Wiring What Our Readers Are Saying Be the first to share your thoughts on this title Product Details ISBN 9781600853296 Binding SpiralComb Publication date 04122011 Publisher Taunton Press Series info Code Check Building Language English Edition 4 Pages 32 Height 20IN Width 810IN Number of Units 1 Illustration Yes Copyright Year 2011 UPC Code 9781600853296 Author Redwood Kardon Author Douglas Hansen Author Paddy Morrissey Subject Home ConstructionGeneral Subject GeneralGeneral 000 SpiralComb Ships in 1 to 3 days Receive an email when this ISBN is available used This title in other editions New SpiralComb 2195 1 LOCOK 1 LOCOK LOCCancel 1 LOCOK LOCCancel 1 LOCOK 1 LOCOK LOCCancel 1 LOCOK LOCCancel 1 LOCOK 1 LOCOK LOCCancel 1 LOCOK LOCCancel 1 LOCOK 1 LOCOK LOCCancel 1 LOCOK LOCCancel Help Guarantee My Account Careers About Us Security Wish List Partners Contact Us Shipping Transparency ACT MRF Sitemap  2022 POWELLSCOM Terms 1 LOCOK 1 LOCOK LOCCancel 1 LOCOK LOCCancel 1 LOCOK 1 LOCOK LOCCancel 1 LOCOK LOCCancel 1 LOCOK 1 LOCOK LOCCancel 1 LOCOK LOCCancel 1 LOCOK 1 LOCOK LOCCancel 1 LOCOK LOCCancel"}