{"Title": " Pandemic Effect Ninety Experts on Immunizing the Built Environment ", "Author": "Blaine Brownell", "Cover Page": "https://powells-covers-2.s3.amazonaws.com/9781648961649.jpg", "ISBN10": "1648961649  \n", "ISBN13": "9781648961649", "Page URL": "https://powells.com/book/pandemic-effect-ninety-experts-on-immunizing-the-built-environment-9781648961649", "raw_text": "Pandemic Effect Ninety Experts on Immunizing the Built Environment Blaine Brownell Trade Paperback 9781648961649 Powells Books Cart   my account  wish list  help  8008787323 Hello\n Login MENU Browse New Arrivals Bestsellers Featured Preorders Award Winners Audio Books See All Subjects Used Staff Picks Staff Picks Picks of the Month Bookseller Displays 50 Books for 50 Years 25 Best 21st Century SciFi  Fantasy 25 PNW Books to Read Before You Die 25 Books From the 21st Century 25 Memoirs to Read Before You Die 25 Global Books to Read Before You Die 25 Women to Read Before You Die 25 Books to Read Before You Die Gifts Gift Cards  eGift Cards Powells Souvenirs Journals and Notebooks socks Games Sell Books Blog Events Find A Store Dont Miss BIG SALE 20 off sitewide Picks of the Season What Im Giving Great Gifts Under 25 Best Books of 2022 Powells Author Events Oregon Battle of the Books Audio Books Visit Our Stores Powells Books 14 Gift Ideas From 14 of Our Favorite Authors 0 comment Every year Powells reaches out to some of our favorite authors for some muchneeded giftgiving inspiration Below are 14 writerapproved recommendations to help you find the perfect book for even your mostdifficulttobuyfor loved one Read More  Powells Staff Best Books of 2022 Fiction 1 comment Kelsey Ford 6 Haunting Native American Horror Books 1 comment 1 LOCOK 1 LOCOK LOCCancel 1 LOCOK LOCCancel Pandemic Effect Ninety Experts on Immunizing the Built Environment by Blaine Brownell Comment on this title Synopses  Reviews ISBN13 9781648961649 ISBN10 1648961649 All Product Details View Larger Image View Larger Images 3000 New Trade Paperback Release Date 1102023 Synopses  Reviews Synopsis Leading architects designers materials scientists and health officials reflect on the influence of COVID19 on buildings and citiesand propose solutions to safeguard the built environment from future pandemics COVID19 caused a significant global disruption of human activities with striking consequences for the built environment causing an abrupt fear as it relates to architecture and building design Buildings became magnifiers of contagion instead of shelters for protection Immunizing the built environment against contagion is a monumental task requiring a variety of approaches and disciplinary expertise at multiple scales of inquiry In this book 60 of the worlds leading architects designers engineers materials scientists and public health experts contribute to an expansive overview of inoculation strategies for todays world These approaches are organized according to the primary sites of exposure generally arranged by scale surface materials and tactile interfaces system mechanical plumbing electrical and lighting assemblies space interior and exterior environments and society cities regions and the general public This broad collection of perspectives elucidates the transformations underway in the built environmentand offers design strategies to limit the severity of subsequent pandemics In this way the book aims to serve both as a multidisciplinary snapshot of COVID19s effects and a guidebook for futureproofing architecture against widespread disease What Our Readers Are Saying Be the first to share your thoughts on this title Product Details ISBN 9781648961649 Binding Trade Paperback Publication date 01102023 Publisher PRINCETON ARCHITECTURAL PRESS Pages 208 Author Blaine Brownell 3000 New Trade Paperback Release Date 1102023 Receive an email when this ISBN is available used 1 LOCOK 1 LOCOK LOCCancel 1 LOCOK LOCCancel 1 LOCOK 1 LOCOK LOCCancel 1 LOCOK LOCCancel 1 LOCOK 1 LOCOK LOCCancel 1 LOCOK LOCCancel 1 LOCOK 1 LOCOK LOCCancel 1 LOCOK LOCCancel Help Guarantee My Account Careers About Us Security Wish List Partners Contact Us Shipping Transparency ACT MRF Sitemap  2022 POWELLSCOM Terms 1 LOCOK 1 LOCOK LOCCancel 1 LOCOK LOCCancel 1 LOCOK 1 LOCOK LOCCancel 1 LOCOK LOCCancel 1 LOCOK 1 LOCOK LOCCancel 1 LOCOK LOCCancel 1 LOCOK 1 LOCOK LOCCancel 1 LOCOK LOCCancel"}