{"Title": " 50 German Coffee Breaks Short activities to improve your German one cup at a time ", "Author": "Coffee Break Languages", "Cover Page": "https://powells-covers-2.s3.amazonaws.com/9781399802420.jpg", "ISBN10": "1399802429  \n", "ISBN13": "9781399802420", "Page URL": "https://powells.com/book/50-german-coffee-breaks-short-activities-to-improve-your-german-one-cup-at-a-time-9781399802420", "raw_text": "50 German Coffee Breaks Short activities to improve your German one cup at a time Coffee Break Languages Trade Paperback 9781399802420 Powells Books Cart   my account  wish list  help  8008787323 Hello\n Login MENU Browse New Arrivals Bestsellers Featured Preorders Award Winners Audio Books See All Subjects Used Staff Picks Staff Picks Picks of the Month Bookseller Displays 50 Books for 50 Years 25 Best 21st Century SciFi  Fantasy 25 PNW Books to Read Before You Die 25 Books From the 21st Century 25 Memoirs to Read Before You Die 25 Global Books to Read Before You Die 25 Women to Read Before You Die 25 Books to Read Before You Die Gifts Gift Cards  eGift Cards Powells Souvenirs Journals and Notebooks socks Games Sell Books Blog Events Find A Store Dont Miss BIG SALE 20 off sitewide Picks of the Season What Im Giving Great Gifts Under 25 Best Books of 2022 Powells Author Events Oregon Battle of the Books Audio Books Visit Our Stores Powells Books 14 Gift Ideas From 14 of Our Favorite Authors 0 comment Every year Powells reaches out to some of our favorite authors for some muchneeded giftgiving inspiration Below are 14 writerapproved recommendations to help you find the perfect book for even your mostdifficulttobuyfor loved one Read More  Powells Staff Best Books of 2022 Fiction 1 comment Kelsey Ford 6 Haunting Native American Horror Books 1 comment 1 LOCOK 1 LOCOK LOCCancel 1 LOCOK LOCCancel 50 German Coffee Breaks Short activities to improve your German one cup at a time by Coffee Break Languages Comment on this title ISBN13 9781399802420 ISBN10 1399802429 All Product Details View Larger Image View Larger Images 1499 New Trade Paperback Ships in 1 to 3 days Qty Store 6 Cedar Hills 1 Hawthorne 13 Local Warehouse What Our Readers Are Saying Be the first to share your thoughts on this title Product Details ISBN 9781399802420 Binding Trade Paperback Publication date 06072022 Publisher TEACH YOURSELF BOOKS Pages 256 Height 70IN Width 511IN Author Coffee Break Languages 1499 New Trade Paperback Ships in 1 to 3 days Qty Store 6 Cedar Hills 1 Hawthorne 13 Local Warehouse Receive an email when this ISBN is available used 1 LOCOK 1 LOCOK LOCCancel 1 LOCOK LOCCancel 1 LOCOK 1 LOCOK LOCCancel 1 LOCOK LOCCancel 1 LOCOK 1 LOCOK LOCCancel 1 LOCOK LOCCancel 1 LOCOK 1 LOCOK LOCCancel 1 LOCOK LOCCancel Help Guarantee My Account Careers About Us Security Wish List Partners Contact Us Shipping Transparency ACT MRF Sitemap  2022 POWELLSCOM Terms 1 LOCOK 1 LOCOK LOCCancel 1 LOCOK LOCCancel 1 LOCOK 1 LOCOK LOCCancel 1 LOCOK LOCCancel 1 LOCOK 1 LOCOK LOCCancel 1 LOCOK LOCCancel 1 LOCOK 1 LOCOK LOCCancel 1 LOCOK LOCCancel"}