{"Title": " Treinamento de Resist?ncia Mental Avan?ado para Fisiculturismo: Usando a Visualiza??o para Lev?-lo ao seu Limite ", "Author": "Joseph Correa", "Cover Page": "https://powells-covers-2.s3.amazonaws.com/9781635311884.jpg", "ISBN10": "1635311888  \n", "ISBN13": "9781635311884", "Page URL": "https://powells.com/book/treinamento-de-resistncia-mental-avanado-para-fisiculturismo-9781635311884", "raw_text": "Treinamento de Resistencia Mental Avancado Para Fisiculturismo Usando a Visualizacao Para LevaLo Ao Seu Limite Correa Joseph Trade Paperback 9781635311884 Powells Books Cart   my account  wish list  help  8008787323 Hello\n Login MENU Browse New Arrivals Bestsellers Featured Preorders Award Winners Audio Books See All Subjects Used Staff Picks Staff Picks Picks of the Month Bookseller Displays 50 Books for 50 Years 25 Best 21st Century SciFi  Fantasy 25 PNW Books to Read Before You Die 25 Books From the 21st Century 25 Memoirs to Read Before You Die 25 Global Books to Read Before You Die 25 Women to Read Before You Die 25 Books to Read Before You Die Gifts Gift Cards  eGift Cards Powells Souvenirs Journals and Notebooks socks Games Sell Books Blog Events Find A Store Dont Miss BIG SALE 20 off sitewide Picks of the Season What Im Giving Great Gifts Under 25 Best Books of 2022 Powells Author Events Oregon Battle of the Books Audio Books Visit Our Stores Powells Books 14 Gift Ideas From 14 of Our Favorite Authors 0 comment Every year Powells reaches out to some of our favorite authors for some muchneeded giftgiving inspiration Below are 14 writerapproved recommendations to help you find the perfect book for even your mostdifficulttobuyfor loved one Read More  Powells Staff Best Books of 2022 Fiction 1 comment Kelsey Ford 6 Haunting Native American Horror Books 1 comment 1 LOCOK 1 LOCOK LOCCancel 1 LOCOK LOCCancel Treinamento de Resistncia Mental Avanado para Fisiculturismo Usando a Visualizao para Levlo ao seu Limite by Joseph Correa Comment on this title Synopses  Reviews ISBN13 9781635311884 ISBN10 1635311888 All Product Details View Larger Image View Larger Images 2150 New Trade Paperback Available at a Remote Warehouse Ships separately from other items Additional shipping charges may apply Not available for In Store Pickup More Info Qty Store 20 Remote Warehouse Synopses  Reviews Synopsis Esse Livro vai mudar significantemente a maneira como voc pode impulsionarse mental e emocionalmente atrav s das t cnicas de visualiza o ensinadas nesse livro Voc quer ser o melhor Para ser o melhor deve treinar psicologicamente e mentalmente para alcan ar a sua m xima capacidade Comumente pensase que visualizar uma atividade que n o pode ser quantificada o que torna mais dif cil de verificar se voc est obtendo uma melhoria ou fazendo alguma diferen a mas na realidade visualizar vai aumentar suas chances de sucesso muito mais do que qualquer outra atividade Voc aprender tr s t cnicas comprovadas para melhorar sua performance sob qualquer situa o Elas s o T cnicas de Visualiza o Motivacionais T cnicas de Visualiza o para resolver problemas T cnicas de Visualiza o em busca de um objetivo Essas t cnicas de visualiza o no Fisiculturismo ir o lhe ajudar em  Ganhar mais frequentemente  Se tornar mais forte mentalmente   Sobreviver competi o  Avan ar ao pr ximo n vel  Recuperarse rapidamente e treinar por mais tempo Como isso poss vel Visualizar lhe ajudar a ter mais controle sobre suas emo es estresse ansiedade e desempenho sob situa es de press o que s o geralmente a diferen a entre sucesso e fracasso Conseguir o seu melhor em qualquer esporte e atingir o seu verdadeiro potencial poder acontecer apenas por meio de um regime de treino balanceado que inclui treino mental treino f sico e nutri o apropriada E porque n o h mais pessoas usando as t cnicas de visualiza o a fim de aumentar seu desempenho no Fisiculturismo H diversas raz es para isso por m na realidade a maioria das pessoas nunca tentou e tem medo de tentar coisas novas Outras pessoas pensam que aumentar a capacidade mental n o far nenhuma diferen a mas elas est o erradas Praticar as t cnicas de visualiza o para Fisiculturismo ir permitir que voc  Aumente sua capacidade pulmonar ajudando a relaxar a tens o muscular e diminuir a carga  Recuperarse mais rapidamente ap s treinar ou competir por meio de t cnicas de respira o que reduzir o a tens o muscular  Superar situa es de press o  Treinar mais pesado e por mais tempo sem se cansar excessivamente  Reduzir as chances de ter c ibras e les es musculares  Aumentar o controle de suas emo es em situa es estressantes  Ver resultados nunca antes vistos Visualizar um trabalho rduo e requer pratica constante e por isso que no final voc alcan ar seu triunfo Seja o melhor que pode ser impulsionandose para seu limite mental usando a visualiza o What Our Readers Are Saying Be the first to share your thoughts on this title Product Details ISBN 9781635311884 Binding Trade Paperback Publication date 10182016 Publisher Finibi Inc Language Portuguese Pages 128 Height 27IN Width 600IN 2150 New Trade Paperback Available at a Remote Warehouse Ships separately from other items Additional shipping charges may apply Not available for In Store Pickup More Info Qty Store 20 Remote Warehouse Receive an email when this ISBN is available used 1 LOCOK 1 LOCOK LOCCancel 1 LOCOK LOCCancel 1 LOCOK 1 LOCOK LOCCancel 1 LOCOK LOCCancel 1 LOCOK 1 LOCOK LOCCancel 1 LOCOK LOCCancel 1 LOCOK 1 LOCOK LOCCancel 1 LOCOK LOCCancel Help Guarantee My Account Careers About Us Security Wish List Partners Contact Us Shipping Transparency ACT MRF Sitemap  2022 POWELLSCOM Terms 1 LOCOK 1 LOCOK LOCCancel 1 LOCOK LOCCancel 1 LOCOK 1 LOCOK LOCCancel 1 LOCOK LOCCancel 1 LOCOK 1 LOCOK LOCCancel 1 LOCOK LOCCancel 1 LOCOK 1 LOCOK LOCCancel 1 LOCOK LOCCancel"}