{"Title": " Hamnet ", "Author": "Maggie Ofarrell", "Cover Page": "https://powells-covers-2.s3.amazonaws.com/9781984898876.jpg", "ISBN10": "1984898876  \n", "ISBN13": "9781984898876", "Page URL": "https://powells.com/book/hamnet-9781984898876", "raw_text": "Hamnet Maggie Ofarrell Trade Paperback 9781984898876 Powells Books Cart   my account  wish list  help  8008787323 Hello\n Login MENU Browse New Arrivals Bestsellers Featured Preorders Award Winners Audio Books See All Subjects Used Staff Picks Staff Picks Picks of the Month Bookseller Displays 50 Books for 50 Years 25 Best 21st Century SciFi  Fantasy 25 PNW Books to Read Before You Die 25 Books From the 21st Century 25 Memoirs to Read Before You Die 25 Global Books to Read Before You Die 25 Women to Read Before You Die 25 Books to Read Before You Die Gifts Gift Cards  eGift Cards Powells Souvenirs Journals and Notebooks socks Games Sell Books Blog Events Find A Store Dont Miss BIG SALE 20 off sitewide Picks of the Season What Im Giving Great Gifts Under 25 Best Books of 2022 Powells Author Events Oregon Battle of the Books Audio Books Visit Our Stores Powells Books 14 Gift Ideas From 14 of Our Favorite Authors 0 comment Every year Powells reaches out to some of our favorite authors for some muchneeded giftgiving inspiration Below are 14 writerapproved recommendations to help you find the perfect book for even your mostdifficulttobuyfor loved one Read More  Powells Staff Best Books of 2022 Fiction 1 comment Kelsey Ford 6 Haunting Native American Horror Books 1 comment 1 LOCOK 1 LOCOK LOCCancel 1 LOCOK LOCCancel Hamnet by Maggie Ofarrell Comment on this title Synopses  Reviews ISBN13 9781984898876 ISBN10 1984898876 Condition Standard All Product Details View Larger Image View Larger Images 1195 List Price 1695 Used Trade Paperback Ships in 1 to 3 days Qty Store 1 Hawthorne Synopses  Reviews Synopsis A New York Times Best Seller One of The New York Times 10 Best Books of the Year A New York Public Library Best Book of the Year Of all the stories that argue and speculate about Shakespeares life here is a novel  so gorgeously written that it transports you  The Boston Globe In 1580s England during the Black Plague a young Latin tutor falls in love with an extraordinary eccentric young woman in this exceptional historical novel  The New Yorker  and bestselling winner of the Womens Prize for Fiction Agnes is a wild creature who walks her familys land with a falcon on her glove and is known throughout the countryside for her unusual gifts as a healer understanding plants and potions better than she does people Once she settles with her husband on Henley Street in StratforduponAvon she becomes a fiercely protective mother and a steadfast centrifugal force in the life of her young husband whose career on the London stage is taking off when his beloved young son succumbs to sudden fever A luminous portrait of a marriage a shattering evocation of a family ravaged by grief and loss and a tender and unforgettable reimagining of a boy whose life has been all but forgotten and whose name was given to one of the most celebrated plays of all time Hamnet is mesmerizing seductive impossible to put downa magnificent leap forward from one of our most gifted novelists Synopsis WINNER OF THE NATIONAL BOOK CRITICS CIRCLE AWARD A New York Times Best Seller One of The New York Times 10 Best Books of the Year A New York Public Library Best Book of the Year Of all the stories that argue and speculate about Shakespeares life here is a novel  so gorgeously written that it transports you  The Boston Globe In 1580s England during the Black Plague a young Latin tutor falls in love with an extraordinary eccentric young woman in this exceptional historical novel  The New Yorker  and bestselling winner of the Womens Prize for Fiction Agnes is a wild creature who walks her familys land with a falcon on her glove and is known throughout the countryside for her unusual gifts as a healer understanding plants and potions better than she does people Once she settles with her husband on Henley Street in StratforduponAvon she becomes a fiercely protective mother and a steadfast centrifugal force in the life of her young husband whose career on the London stage is taking off when his beloved young son succumbs to sudden fever A luminous portrait of a marriage a shattering evocation of a family ravaged by grief and loss and a tender and unforgettable reimagining of a boy whose life has been all but forgotten and whose name was given to one of the most celebrated plays of all time Hamnet is mesmerizing seductive impossible to put downa magnificent leap forward from one of our most gifted novelists Synopsis WINNER OF THE NATIONAL BOOK CRITICS CIRCLE AWARD A New York Times Best Seller Of all the stories that argue and speculate about Shakespeares life here is a novel  so gorgeously written that it transports you  The Boston Globe In 1580s England during the Black Plague a young Latin tutor falls in love with an extraordinary eccentric young woman in this exceptional historical novel  The New Yorker  and bestselling winner of the Womens Prize for Fiction Agnes is a wild creature who walks her familys land with a falcon on her glove and is known throughout the countryside for her unusual gifts as a healer understanding plants and potions better than she does people Once she settles with her husband on Henley Street in StratforduponAvon she becomes a fiercely protective mother and a steadfast centrifugal force in the life of her young husband whose career on the London stage is taking off when his beloved young son succumbs to sudden fever A luminous portrait of a marriage a shattering evocation of a family ravaged by grief and loss and a tender and unforgettable reimagining of a boy whose life has been all but forgotten and whose name was given to one of the most celebrated plays of all time Hamnet is mesmerizing seductive impossible to put downa magnificent leap forward from one of our most gifted novelists Synopsis NATIONAL BOOK CRITICS CIRCLE AWARD WINNER  NEW YORK TIMES BESTSELLER  Of all the stories that argue and speculate about Shakespeares life  here is a novel  so gorgeously written that it transports you  The Boston Globe England 1580 The Black Death creeps across the land an everpresent threat infecting the healthy the sick the old and the young alike The end of days is near but life always goes on A young Latin tutorpenniless and bullied by a violent fatherfalls in love with an extraordinary eccentric young woman Agnes is a wild creature who walks her familys land with a falcon on her glove and is known throughout the countryside for her unusual gifts as a healer understanding plants and potions better than she does people Once she settles with her husband on Henley Street in StratforduponAvon she becomes a fiercely protective mother and a steadfast centrifugal force in the life of her young husband whose career on the London stage is just taking off when his beloved young son succumbs to sudden fever Synopsis NEW YORK TIMES BESTSELLER  Of all the stories that argue and speculate about Shakespeares life  here is a novel  so gorgeously written that it transports you  The Boston Globe England 1580 The Black Death creeps across the land an everpresent threat infecting the healthy the sick the old and the young alike The end of days is near but life always goes on A young Latin tutorpenniless and bullied by a violent fatherfalls in love with an extraordinary eccentric young woman Agnes is a wild creature who walks her familys land with a falcon on her glove and is known throughout the countryside for her unusual gifts as a healer understanding plants and potions better than she does people Once she settles with her husband on Henley Street in StratforduponAvon she becomes a fiercely protective mother and a steadfast centrifugal force in the life of her young husband whose career on the London stage is just taking off when his beloved young son succumbs to sudden fever Synopsis NATIONAL BOOK CRITICS CIRCLE AWARD WINNER  NATIONAL BESTSELLER  Of all the stories that argue and speculate about Shakespeares life  here is a novel  so gorgeously written that it transports you  The Boston Globe England 1580 The Black Death creeps across the land an everpresent threat infecting the healthy the sick the old and the young alike The end of days is near but life always goes on A young Latin tutorpenniless and bullied by a violent fatherfalls in love with an extraordinary eccentric young woman Agnes is a wild creature who walks her familys land with a falcon on her glove and is known throughout the countryside for her unusual gifts as a healer understanding plants and potions better than she does people Once she settles with her husband on Henley Street in StratforduponAvon she becomes a fiercely protective mother and a steadfast centrifugal force in the life of her young husband whose career on the London stage is just taking off when his beloved young son succumbs to sudden fever Dont miss Maggie OFarrells new novel The Marriage Portrait What Our Readers Are Saying Be the first to share your thoughts on this title Product Details ISBN 9781984898876 Binding Trade Paperback Publication date 05182021 Publisher VINTAGE BOOKS Pages 320 Height 75IN Width 515IN Author Maggie Ofarrell Author Maggie OFarrell 1195 List Price 1695 Used Trade Paperback Ships in 1 to 3 days Qty Store 1 Hawthorne More copies of this ISBN New Trade Paperback 1695 Used Trade Paperback 850 This title in other editions Used Hardcover 1095 1 LOCOK 1 LOCOK LOCCancel 1 LOCOK LOCCancel 1 LOCOK 1 LOCOK LOCCancel 1 LOCOK LOCCancel 1 LOCOK 1 LOCOK LOCCancel 1 LOCOK LOCCancel 1 LOCOK 1 LOCOK LOCCancel 1 LOCOK LOCCancel Help Guarantee My Account Careers About Us Security Wish List Partners Contact Us Shipping Transparency ACT MRF Sitemap  2022 POWELLSCOM Terms 1 LOCOK 1 LOCOK LOCCancel 1 LOCOK LOCCancel 1 LOCOK 1 LOCOK LOCCancel 1 LOCOK LOCCancel 1 LOCOK 1 LOCOK LOCCancel 1 LOCOK LOCCancel 1 LOCOK 1 LOCOK LOCCancel 1 LOCOK LOCCancel"}