{"Title": " How the French Live ", "Author": "Siham Mazouz", "Cover Page": "https://powells-covers-2.s3.amazonaws.com/9781423648161.jpg", "ISBN10": "1423648161  \n", "ISBN13": "9781423648161", "Page URL": "https://powells.com/book/-9781423648161", "raw_text": "How the French Live Modern French Style Siham Mazouz Hardcover 9781423648161 Powells Books Cart   my account  wish list  help  8008787323 Hello\n Login MENU Browse New Arrivals Bestsellers Featured Preorders Award Winners Audio Books See All Subjects Used Staff Picks Staff Picks Picks of the Month Bookseller Displays 50 Books for 50 Years 25 Best 21st Century SciFi  Fantasy 25 PNW Books to Read Before You Die 25 Books From the 21st Century 25 Memoirs to Read Before You Die 25 Global Books to Read Before You Die 25 Women to Read Before You Die 25 Books to Read Before You Die Gifts Gift Cards  eGift Cards Powells Souvenirs Journals and Notebooks socks Games Sell Books Blog Events Find A Store Dont Miss BIG SALE 20 off sitewide Picks of the Season What Im Giving Great Gifts Under 25 Best Books of 2022 Powells Author Events Oregon Battle of the Books Audio Books Visit Our Stores Powells Books 14 Gift Ideas From 14 of Our Favorite Authors 0 comment Every year Powells reaches out to some of our favorite authors for some muchneeded giftgiving inspiration Below are 14 writerapproved recommendations to help you find the perfect book for even your mostdifficulttobuyfor loved one Read More  Powells Staff Best Books of 2022 Fiction 1 comment Kelsey Ford 6 Haunting Native American Horror Books 1 comment 1 LOCOK 1 LOCOK LOCCancel 1 LOCOK LOCCancel How the French Live by Siham Mazouz Comment on this title Synopses  Reviews ISBN13 9781423648161 ISBN10 1423648161 All Product Details View Larger Image View Larger Images 3500 New Hardcover Ships in 1 to 3 days Qty Store 8 Local Warehouse Synopses  Reviews Synopsis At home with modern French families    Si Mazouz curator of the popular blog FRENCHBYDESIGN introduces a dozen sophisticated French families in her debut book How the French Live to engage and inspire Si shares each familys personality and values through the lens of their uniquely styled homes The aesthetic is clean and unpretentious decor elements are eclecticreflecting each familys Frenchness regardless of where they live Each chapter closes with a family recipe to prolong the warmth of the hospitality theyve shared This is the new paragon of a generation living the French lifestyle in France Morocco and the US Si Mazouz is a French girl expatriated in San Francisco She is the curator of the FRENCHBYDESIGN blog where she compiles daily a selection of interiors house tours or DIY projects She is also a strategic marketing and social media consultant What Our Readers Are Saying Be the first to share your thoughts on this title Product Details ISBN 9781423648161 Binding Hardcover Publication date 03062018 Publisher GIBBS SMITH PUBLISHERS Pages 272 Height 120IN Width 780IN Illustration Yes Copyright Year 2018 Author Siham Mazouz 3500 New Hardcover Ships in 1 to 3 days Qty Store 8 Local Warehouse Receive an email when this ISBN is available used 1 LOCOK 1 LOCOK LOCCancel 1 LOCOK LOCCancel 1 LOCOK 1 LOCOK LOCCancel 1 LOCOK LOCCancel 1 LOCOK 1 LOCOK LOCCancel 1 LOCOK LOCCancel 1 LOCOK 1 LOCOK LOCCancel 1 LOCOK LOCCancel Help Guarantee My Account Careers About Us Security Wish List Partners Contact Us Shipping Transparency ACT MRF Sitemap  2022 POWELLSCOM Terms 1 LOCOK 1 LOCOK LOCCancel 1 LOCOK LOCCancel 1 LOCOK 1 LOCOK LOCCancel 1 LOCOK LOCCancel 1 LOCOK 1 LOCOK LOCCancel 1 LOCOK LOCCancel 1 LOCOK 1 LOCOK LOCCancel 1 LOCOK LOCCancel"}