{"Title": " A Ghost in the Throat ", "Author": "Doireann N\u00ed Ghr\u00edofa", "Cover Page": "https://powells-covers-2.s3.amazonaws.com/9781771964111.jpg", "ISBN10": "1771964111  \n", "ISBN13": "9781771964111", "Page URL": "https://powells.com/book/a-ghost-in-the-throat-9781771964111", "raw_text": "Ghost in the Throat Doireann Ni Ghriofa Trade Paperback 9781771964111 Powells Books Cart   my account  wish list  help  8008787323 Hello\n Login MENU Browse New Arrivals Bestsellers Featured Preorders Award Winners Audio Books See All Subjects Used Staff Picks Staff Picks Picks of the Month Bookseller Displays 50 Books for 50 Years 25 Best 21st Century SciFi  Fantasy 25 PNW Books to Read Before You Die 25 Books From the 21st Century 25 Memoirs to Read Before You Die 25 Global Books to Read Before You Die 25 Women to Read Before You Die 25 Books to Read Before You Die Gifts Gift Cards  eGift Cards Powells Souvenirs Journals and Notebooks socks Games Sell Books Blog Events Find A Store Dont Miss BIG SALE 20 off sitewide Picks of the Season What Im Giving Great Gifts Under 25 Best Books of 2022 Powells Author Events Oregon Battle of the Books Audio Books Visit Our Stores Powells Books 14 Gift Ideas From 14 of Our Favorite Authors 0 comment Every year Powells reaches out to some of our favorite authors for some muchneeded giftgiving inspiration Below are 14 writerapproved recommendations to help you find the perfect book for even your mostdifficulttobuyfor loved one Read More  Powells Staff Best Books of 2022 Fiction 1 comment Kelsey Ford 6 Haunting Native American Horror Books 1 comment 1 LOCOK 1 LOCOK LOCCancel 1 LOCOK LOCCancel A Ghost in the Throat by Doireann N\u00ed Ghr\u00edofa Comment on this title Synopses  Reviews ISBN13 9781771964111 ISBN10 1771964111 Condition Standard All Product Details View Larger Image View Larger Images 1195 List Price 1695 Used Trade Paperback Ships in 1 to 3 days Qty Store 1 Cedar Hills From Powellscom Staff Top Fives 20202021 Our favorite books of 20202021 Staff Pick N\u00ed Ghr\u00edofas A Ghost in the Throat is the most interesting and beautiful book Ive read this year Biography memoir and autofiction an intoxicating blend for anyone with lit critical impulses A Ghost explores N\u00ed Ghr\u00edofas obsession with Eibhl\u00edn Dubh and her 18thcentury lament Caoineadh Airt U\u00ed Laoghaire Unable to find much scholarship about Dubh N\u00ed Ghr\u00edofa plunges headfirst into translation and archival records traversing Ireland as she imagines the circumstances of Dubhs life and losses into being on the page At the same time N\u00ed Ghr\u00edofa is bearing nursing and caring for four children and the twin acts of raising a ghost and raising children form the core of the work which is as invested in female sacrifice and desire as it is in literary biography A poet N\u00ed Ghr\u00edofa has an unerring talent for structure and the tonal quality of words theres no exposition here only deeply felt keenly designed chapters that pull the reader into N\u00ed Ghr\u00edofas fixations and experiences A remarkable work that remakes biography and memoir into something wholly unexpected and pulsing with life Recommended By Rhianna W Powellscom Synopses  Reviews Publisher Comments An Post Irish Book Awards Nonfiction Book of the Year  A Guardian Best Book of 2020  Shortlisted for the 2021 Rathbones Folio Prize  Longlisted for the 2021 Republic of Consciousness Prize  Shortlisted for the James Tait Black Biography Prize When we first met I was a child and she had been dead for centuries On discovering her murdered husbands body an eighteenthcentury Irish noblewoman drinks handfuls of his blood and composes an extraordinary lament Eibhl\u00edn Dubh N\u00ed Chonaills poem travels through the centuries finding its way to a new mother who has narrowly avoided her own fatal tragedy When she realizes that the literature dedicated to the poem reduces Eibhl\u00edn Dubhs life to flimsy sketches she wants more the details of the poets girlhood and old age her unique rages joys sorrows and desires the shape of her days and site of her final place of rest What follows is an adventure in which Doireann Ni Ghriofa sets out to discover Eibhl\u00edn Dubhs erased lifeand in doing so discovers her own Moving fluidly between past and present quest and elegy poetry and those who make it A Ghost in the Throat is a shapeshifting book a record of literary obsession a narrative about the erasure of a people of a language of women a meditation on motherhood and on translation and an unforgettable story about finding your voice by freeing anothers Review A powerful bewitching blend of memoir and literary investigation  N\u00ed Ghr\u00edofa is deeply attuned to the gaps silences and mysteries in womens lives and the book reveals perhaps above all else how we absorb what we lovea child a lover a poemand how it changes us from the inside out Nina Maclaughlin New York Times Review One of the best books of this dreadful year Billed as a genrebusting blend of autofiction essay scholarship sleuthing and literary translation the book is an extraordinary feat of ventriloquism delivered in a lush lyrical prose that dazzles readers from the getgo When you write like this there is almost nothing a writer cannot get away with Sunday Times Review  A Ghost in the Throat is something strange and very special a ravishingly immersive telling of the way in which a poet and mothers obsession with a poet and mother who died centuries ago makes their different lives chime like bells Emma Donoghue Review  A Ghost in the Throat moves between past and present with hallucinogenic intensity as the narrator uncovers the details of the dead womans life each revelation deepening her own sense of herself as a writer and a woman and creating in the process a brave and beautiful work of art Republic of Consciousness Prize About the Author Doireann N\u00ed Ghr\u00edofa is a poet and essayist In addition to A Ghost in the Throat  she is author of six critically acclaimed books of poetry each a deepening exploration of birth death desire and domesticity Awards for her writing include a Lannan Literary Fellowship the Ostana Prize a Seamus Heaney Fellowship and the Rooney Prize for Irish Literature 5 1 What Our Readers Are Saying Share your thoughts on this title Average customer rating 5 1 comments  Julie L  October 29 2021 The most stunning book N\u00ed Ghr\u00edofas language is as spellbinding for readers as the story of Eibhl\u00edn Dubh N\u00ed Chonaill is for her I cherished every page of this delicious genredefying milkfilled book See too her interview with David Naimon on Between the Covers for more magic Was this comment helpful  Yes  No 2 of 2 readers found this comment helpful report this\ncomment Product Details ISBN 9781771964111 Binding Trade Paperback Publication date 06012021 Publisher Biblioasis Pages 224 Height 100IN Width 500IN Author Doireann N\u00ed Ghr\u00edofa 1195 List Price 1695 Used Trade Paperback Ships in 1 to 3 days Qty Store 1 Cedar Hills More copies of this ISBN New Trade Paperback 1695 1 LOCOK 1 LOCOK LOCCancel 1 LOCOK LOCCancel 1 LOCOK 1 LOCOK LOCCancel 1 LOCOK LOCCancel 1 LOCOK 1 LOCOK LOCCancel 1 LOCOK LOCCancel 1 LOCOK 1 LOCOK LOCCancel 1 LOCOK LOCCancel Help Guarantee My Account Careers About Us Security Wish List Partners Contact Us Shipping Transparency ACT MRF Sitemap  2022 POWELLSCOM Terms 1 LOCOK 1 LOCOK LOCCancel 1 LOCOK LOCCancel 1 LOCOK 1 LOCOK LOCCancel 1 LOCOK LOCCancel 1 LOCOK 1 LOCOK LOCCancel 1 LOCOK LOCCancel 1 LOCOK 1 LOCOK LOCCancel 1 LOCOK LOCCancel"}