{"Title": " Dance We Must The Art & Costumes of Ruth St Denis & Ted Shawn 19061940 ", "Author": "Ruth St Denis, Ted Shawn, Kevin M Murphy", "Cover Page": "https://powells-covers-2.s3.amazonaws.com/9781646570270.jpg", "ISBN10": "1646570278  \n", "ISBN13": "9781646570270", "Page URL": "https://powells.com/book/dance-we-must-the-art-costumes-of-ruth-st-denis-ted-shawn-19061940-9781646570270", "raw_text": "Dance We Must The Art  Costumes of Ruth St Denis  Ted Shawn 19061940 Ruth St Denis Ted Shawn Kevin M Murphy Hardcover 9781646570270 Powells Books Cart   my account  wish list  help  8008787323 Hello\n Login MENU Browse New Arrivals Bestsellers Featured Preorders Award Winners Audio Books See All Subjects Used Staff Picks Staff Picks Picks of the Month Bookseller Displays 50 Books for 50 Years 25 Best 21st Century SciFi  Fantasy 25 PNW Books to Read Before You Die 25 Books From the 21st Century 25 Memoirs to Read Before You Die 25 Global Books to Read Before You Die 25 Women to Read Before You Die 25 Books to Read Before You Die Gifts Gift Cards  eGift Cards Powells Souvenirs Journals and Notebooks socks Games Sell Books Blog Events Find A Store Dont Miss BIG SALE 20 off sitewide Picks of the Season What Im Giving Great Gifts Under 25 Best Books of 2022 Powells Author Events Oregon Battle of the Books Audio Books Visit Our Stores Powells Books 14 Gift Ideas From 14 of Our Favorite Authors 0 comment Every year Powells reaches out to some of our favorite authors for some muchneeded giftgiving inspiration Below are 14 writerapproved recommendations to help you find the perfect book for even your mostdifficulttobuyfor loved one Read More  Powells Staff Best Books of 2022 Fiction 1 comment Kelsey Ford 6 Haunting Native American Horror Books 1 comment 1 LOCOK 1 LOCOK LOCCancel 1 LOCOK LOCCancel Dance We Must The Art  Costumes of Ruth St Denis  Ted Shawn 19061940 by Ruth St Denis Ted Shawn Kevin M Murphy Comment on this title Synopses  Reviews ISBN13 9781646570270 ISBN10 1646570278 All Product Details View Larger Image View Larger Images 4500 New Hardcover Release Date 12272022 Synopses  Reviews Synopsis On Americas first modern dance company and its many collaborators with reproductions of costumes sets ephemera and more Ruth St Denis 18791968 and Ted Shawn 18911972 pioneered modern dance in the US with their company Denishawn founded in 1914 Incorporating elements from ancient nonWestern and Native American sources Denishawn became the first important American dance company A generation of dancers and choreographers including Martha Graham trained and performed with the company and many artists including Auguste Rodin John Singer Sargent Katherine Dreier Marcel Duchamp and Joseph Cornell collaborated with them This catalog reproduces artwork sets ephemera and especially costumes many of which have not been seen since the 1930s Some of the materials and costumes as well as the choreography borrow from East and South Asian and Native American cultures and the publication interrogates the legacy of cultural appropriation in dance The materials also demonstrate St Denis and Shawns stylistic and personal connections to American and European modernists broadening an understanding of American dance in early modernism What Our Readers Are Saying Be the first to share your thoughts on this title Product Details ISBN 9781646570270 Binding Hardcover Publication date 12272022 Publisher WILLIAMS COLLEGE MUSEUM OF ART Pages 128 Height 70IN Width 840IN Ed Ruth St Denis Oth Ted Shawn Author Kevin M Murphy Ed Kevin M Murphy Author Ruth St Denis Author Ted Shawn 4500 New Hardcover Release Date 12272022 Receive an email when this ISBN is available used 1 LOCOK 1 LOCOK LOCCancel 1 LOCOK LOCCancel 1 LOCOK 1 LOCOK LOCCancel 1 LOCOK LOCCancel 1 LOCOK 1 LOCOK LOCCancel 1 LOCOK LOCCancel 1 LOCOK 1 LOCOK LOCCancel 1 LOCOK LOCCancel Help Guarantee My Account Careers About Us Security Wish List Partners Contact Us Shipping Transparency ACT MRF Sitemap  2022 POWELLSCOM Terms 1 LOCOK 1 LOCOK LOCCancel 1 LOCOK LOCCancel 1 LOCOK 1 LOCOK LOCCancel 1 LOCOK LOCCancel 1 LOCOK 1 LOCOK LOCCancel 1 LOCOK LOCCancel 1 LOCOK 1 LOCOK LOCCancel 1 LOCOK LOCCancel"}