{"Title": " Godshot ", "Author": "Chelsea Bieker", "Cover Page": "https://powells-covers-2.s3.amazonaws.com/9781646220557.jpg", "ISBN10": "1646220552  \n", "ISBN13": "9781646220557", "Page URL": "https://powells.com/book/godshot-9781646220557", "raw_text": "Godshot Chelsea Bieker Trade Paperback 9781646220557 Powells Books Cart   my account  wish list  help  8008787323 Hello\n Login MENU Browse New Arrivals Bestsellers Featured Preorders Award Winners Audio Books See All Subjects Used Staff Picks Staff Picks Picks of the Month Bookseller Displays 50 Books for 50 Years 25 Best 21st Century SciFi  Fantasy 25 PNW Books to Read Before You Die 25 Books From the 21st Century 25 Memoirs to Read Before You Die 25 Global Books to Read Before You Die 25 Women to Read Before You Die 25 Books to Read Before You Die Gifts Gift Cards  eGift Cards Powells Souvenirs Journals and Notebooks socks Games Sell Books Blog Events Find A Store Dont Miss BIG SALE 20 off sitewide Picks of the Season What Im Giving Great Gifts Under 25 Best Books of 2022 Powells Author Events Oregon Battle of the Books Audio Books Visit Our Stores Powells Books 14 Gift Ideas From 14 of Our Favorite Authors 0 comment Every year Powells reaches out to some of our favorite authors for some muchneeded giftgiving inspiration Below are 14 writerapproved recommendations to help you find the perfect book for even your mostdifficulttobuyfor loved one Read More  Powells Staff Best Books of 2022 Fiction 1 comment Kelsey Ford 6 Haunting Native American Horror Books 1 comment 1 LOCOK 1 LOCOK LOCCancel 1 LOCOK LOCCancel Godshot by Chelsea Bieker Comment on this title Synopses  Reviews ISBN13 9781646220557 ISBN10 1646220552 Condition Standard All Product Details View Larger Image View Larger Images 1195 List Price 1695 Used Trade Paperback Ships in 1 to 3 days Qty Store 5 Burnside 1 Cedar Hills 2 Hawthorne Staff Pick When an eccentric evangelist arrives in the parched city of Peaches California with promises of rain and salvation the locals are quick to form a flock But soon one of the devout goes missing the secret assignments Pastor Vern demands of his parishioners come into focus and 14yearold Lacey May discovers there are things more worrisome than drought Godshot is a cancelyourplansforgettoeatfailtonoticeitsnighttimetillyouglanceoutthewindowandthesunsgonedown kind of book A fervent layered debut that made me thirsty for whatever else Chelsea Bieker has in store Recommended By Tove H Powellscom Synopses  Reviews Publisher Comments Imagine if Annie Proulx wrote something like White Oleander crossed with Geek Love or Cruddy  and then add cults God motherhood girlhood class deserts witches the divinity of women Terrifying resplendent and profoundly moving this book will leave you changed T Kira Madden author of Long Live the Tribe of Fatherless Girls Drought has settled on the town of Peaches California The area of the Central Valley where fourteenyearold Lacey May and her alcoholic mother live was once an agricultural paradise Now its an environmental disaster a place of cracked earth and barren raisin farms In their desperation residents have turned to a cult leader named Pastor Vern for guidance He promises through secret assignments to bring the rain everybody is praying for Lacey has no reason to doubt the pastor But then her life explodes in a single unimaginable act of abandonment her mother exiled from the community for her sins leaves Lacey and runs off with a man she barely knows Abandoned and distraught Lacey May moves in with her widowed grandma Cherry who is more concerned with her taxidermy mouse collection than her own granddaughter As Lacey May endures the increasingly appalling acts of men who want to write all the rules and begins to uncover the full extent of Pastor Verns shocking plan to bring fertility back to the land she decides she must find her mother no matter what it takes Possessed of an unstoppable plot and a brilliantly soulful voice Godshot is a book of grit and humor and heart a debut novel about female friendship and resilience motherloss and motherhood and seeking salvation in unexpected places It introduces a writer who gives Flannery OConnors Gothic parables a Californian twist and who emerges with a miracle that is all her own Review A spectacular novel What follows is a gritty gripping tale of girlhood spirituality and how salvation comes from the unlikeliest of places Esquire A Best Book of the Year Review Surreal Godshot culminates in a dizzying depiction of childbirth  a true holy rite that instantly reveals the falseness of the rest The Wall Street Journal Review Try not to get excited about a book thats described as Flannery OConnors Gothic parables cut with a California twist San Francisco Chronicle Synopsis Imagine if Annie Proulx wrote something like White Oleander crossed with Geek Love or Cruddy  and then add cults God motherhood girlhood class deserts witches the divinity of women    Terrifying resplendent and profoundly moving this book will leave you changed T Kira Madden author of Long Live the Tribe of Fatherless Girls Drought has settled on the town of Peaches California The area of the Central Valley where fourteenyearold Lacey May and her alcoholic mother live was once an agricultural paradise Now its an environmental disaster a place of cracked earth and barren raisin farms In their desperation residents have turned to a cult leader named Pastor Vern for guidance He promises through secret assignments to bring the rain everybody is praying for Lacey has no reason to doubt the pastor But then her life explodes in a single unimaginable act of abandonment her mother exiled from the community for her sins leaves Lacey and runs off with a man she barely knows Abandoned and distraught Lacey May moves in with her widowed grandma Cherry who is more concerned with her taxidermy mouse collection than her own granddaughter As Lacey May endures the increasingly appalling acts of men who want to write all the rules and begins to uncover the full extent of Pastor Verns shocking plan to bring fertility back to the land she decides she must find her mother no matter what it takes Possessed of an unstoppable plot and a brilliantly soulful voice Godshot is a book of grit and humor and heart a debut novel about female friendship and resilience motherloss and motherhood and seeking salvation in unexpected places It introduces a writer who gives Flannery OConnors Gothic parables a Californian twist and who emerges with a miracle that is all her own About the Author Chelsea Bieker is from Californias Central Valley She is the recipient of a Rona Jaffe Writers Foundation Award and her fiction and essays have been published in Granta  McSweeneys  Catapult magazine Electric Literature and Joyland  among other publications She was awarded a MacDowell Colony fellowship and holds an MFA in creative writing from Portland State University Godshot is her first novel What Our Readers Are Saying Be the first to share your thoughts on this title Product Details ISBN 9781646220557 Binding Trade Paperback Publication date 03302021 Publisher Catapult Pages 336 Height 100IN Width 550IN Author Chelsea Bieker 1195 List Price 1695 Used Trade Paperback Ships in 1 to 3 days Qty Store 5 Burnside 1 Cedar Hills 2 Hawthorne More copies of this ISBN New Trade Paperback 1695 This title in other editions New Compact Disc 3595 New Other 2495 Used Hardcover 1295 1 LOCOK 1 LOCOK LOCCancel 1 LOCOK LOCCancel 1 LOCOK 1 LOCOK LOCCancel 1 LOCOK LOCCancel 1 LOCOK 1 LOCOK LOCCancel 1 LOCOK LOCCancel 1 LOCOK 1 LOCOK LOCCancel 1 LOCOK LOCCancel Help Guarantee My Account Careers About Us Security Wish List Partners Contact Us Shipping Transparency ACT MRF Sitemap  2022 POWELLSCOM Terms 1 LOCOK 1 LOCOK LOCCancel 1 LOCOK LOCCancel 1 LOCOK 1 LOCOK LOCCancel 1 LOCOK LOCCancel 1 LOCOK 1 LOCOK LOCCancel 1 LOCOK LOCCancel 1 LOCOK 1 LOCOK LOCCancel 1 LOCOK LOCCancel"}