{"Title": " How I Learned to Drive (Stand-Alone Tcg Edition) ", "Author": "Paula Vogel", "Cover Page": "https://powells-covers-2.s3.amazonaws.com/9781559365642.jpg", "ISBN10": "1559365641  \n", "ISBN13": "9781559365642", "Page URL": "https://powells.com/book/how-i-learned-to-drive-stand-alone-tcg-edition-9781559365642", "raw_text": "How I Learned to Drive Stand Alone TCG Edition Paula Vogel Trade Paperback 9781559365642 Powells Books Cart   my account  wish list  help  8008787323 Hello\n Login MENU Browse New Arrivals Bestsellers Featured Preorders Award Winners Audio Books See All Subjects Used Staff Picks Staff Picks Picks of the Month Bookseller Displays 50 Books for 50 Years 25 Best 21st Century SciFi  Fantasy 25 PNW Books to Read Before You Die 25 Books From the 21st Century 25 Memoirs to Read Before You Die 25 Global Books to Read Before You Die 25 Women to Read Before You Die 25 Books to Read Before You Die Gifts Gift Cards  eGift Cards Powells Souvenirs Journals and Notebooks socks Games Sell Books Blog Events Find A Store Dont Miss BIG SALE 20 off sitewide Picks of the Season What Im Giving Great Gifts Under 25 Best Books of 2022 Powells Author Events Oregon Battle of the Books Audio Books Visit Our Stores Powells Books 14 Gift Ideas From 14 of Our Favorite Authors 0 comment Every year Powells reaches out to some of our favorite authors for some muchneeded giftgiving inspiration Below are 14 writerapproved recommendations to help you find the perfect book for even your mostdifficulttobuyfor loved one Read More  Powells Staff Best Books of 2022 Fiction 1 comment Kelsey Ford 6 Haunting Native American Horror Books 1 comment 1 LOCOK 1 LOCOK LOCCancel 1 LOCOK LOCCancel How I Learned to Drive StandAlone Tcg Edition by Paula Vogel Comment on this title Synopses  Reviews ISBN13 9781559365642 ISBN10 1559365641 All Product Details View Larger Image View Larger Images 1595 New Trade Paperback Available at a Remote Warehouse Ships separately from other items Additional shipping charges may apply Not available for In Store Pickup More Info Qty Store 10 Remote Warehouse Synopses  Reviews Synopsis The play is steeped in a gentle lyricism we associate with nostalgic portraits of American youth The tone the setting the characters seem at first so familiar so well normal that its only by degrees that we sense the poison within the pastels By then we feel both locked into and complicit with this portrait of a warping relationship Thats the art of DriveBen Brantley The New York Times Paula Vogels widely celebrated masterpiece How I Learned to Drive  winner of the 1998 Pulitzer Prize for Drama and many other accolades is published here for the first time as a standalone edition Following a disjointed timeline of the twisted dynamics between Uncle Peck and his young niece Lil Bit the story unfolds through her perspective detailing the murky transformation she underwent Known for its dark subject matter the work demonstrates the result of child abuse on identity and the discovery of strength through trauma Paula Vogel s play How I Learned to Drive  received the 1998 Pulitzer Prize for Drama the Lortel Prize Drama Desk Outer Critics Circle and New York Drama Critics Awards for Best Play as well as winning her second Obie Other plays include The Baltimore Waltz Desdemona And Baby Makes Seven The Long Christmas Ride Home A Civil War Christmas  and Don Juan Comes Home from Iraq  She also has a distinguished career as a teacher and mentor to younger playwrights first at Brown University and most recently at the Yale School of Drama What Our Readers Are Saying Be the first to share your thoughts on this title Product Details ISBN 9781559365642 Binding Trade Paperback Publication date 04242018 Publisher Theatre Communications Group Language English Pages 96 Height 50IN Width 530IN LCCN 2017058704 Author Paula Vogel 1595 New Trade Paperback Available at a Remote Warehouse Ships separately from other items Additional shipping charges may apply Not available for In Store Pickup More Info Qty Store 10 Remote Warehouse Receive an email when this ISBN is available used 1 LOCOK 1 LOCOK LOCCancel 1 LOCOK LOCCancel 1 LOCOK 1 LOCOK LOCCancel 1 LOCOK LOCCancel 1 LOCOK 1 LOCOK LOCCancel 1 LOCOK LOCCancel 1 LOCOK 1 LOCOK LOCCancel 1 LOCOK LOCCancel Help Guarantee My Account Careers About Us Security Wish List Partners Contact Us Shipping Transparency ACT MRF Sitemap  2022 POWELLSCOM Terms 1 LOCOK 1 LOCOK LOCCancel 1 LOCOK LOCCancel 1 LOCOK 1 LOCOK LOCCancel 1 LOCOK LOCCancel 1 LOCOK 1 LOCOK LOCCancel 1 LOCOK LOCCancel 1 LOCOK 1 LOCOK LOCCancel 1 LOCOK LOCCancel"}