{"Title": " Windcliff A Story of People Plants & Gardens ", "Author": "Daniel J Hinkley, Claire Takacs", "Cover Page": "https://powells-covers-2.s3.amazonaws.com/9781604699012.jpg", "ISBN10": "1604699019  \n", "ISBN13": "9781604699012", "Page URL": "https://powells.com/book/windcliff-a-story-of-people-plants-gardens-9781604699012", "raw_text": "Windcliff A Story of People Plants  Gardens Daniel J Hinkley Claire Takacs Hardcover 9781604699012 Powells Books Cart   my account  wish list  help  8008787323 Hello\n Login MENU Browse New Arrivals Bestsellers Featured Preorders Award Winners Audio Books See All Subjects Used Staff Picks Staff Picks Picks of the Month Bookseller Displays 50 Books for 50 Years 25 Best 21st Century SciFi  Fantasy 25 PNW Books to Read Before You Die 25 Books From the 21st Century 25 Memoirs to Read Before You Die 25 Global Books to Read Before You Die 25 Women to Read Before You Die 25 Books to Read Before You Die Gifts Gift Cards  eGift Cards Powells Souvenirs Journals and Notebooks socks Games Sell Books Blog Events Find A Store Dont Miss BIG SALE 20 off sitewide Picks of the Season What Im Giving Great Gifts Under 25 Best Books of 2022 Powells Author Events Oregon Battle of the Books Audio Books Visit Our Stores Powells Books 14 Gift Ideas From 14 of Our Favorite Authors 0 comment Every year Powells reaches out to some of our favorite authors for some muchneeded giftgiving inspiration Below are 14 writerapproved recommendations to help you find the perfect book for even your mostdifficulttobuyfor loved one Read More  Powells Staff Best Books of 2022 Fiction 1 comment Kelsey Ford 6 Haunting Native American Horror Books 1 comment 1 LOCOK 1 LOCOK LOCCancel 1 LOCOK LOCCancel Windcliff A Story of People Plants  Gardens by Daniel J Hinkley Claire Takacs Comment on this title Synopses  Reviews ISBN13 9781604699012 ISBN10 1604699019 Condition Like New All Product Details View Larger Image View Larger Images 1798 List Price 3500 Used Hardcover Ships in 1 to 3 days Qty Store 3 Burnside 1 Cedar Hills 1 Hawthorne 1 Local Warehouse Synopses  Reviews Synopsis Daniel Hinkley is widely recognized as one of the foremost modern plant explorers and one of the worlds leading plant collectors He has also created two outstanding private gardensHeronswood and Windcliff Both gardens and the story of how one begat the other are beautifully celebrated in Hinkleys new book Windcliff  Readers will delight in Hinkleys retelling of the creation of his garden the stories of the plants that fill its space and in his sage advice on gardening and plant selection Readers will also cherish Hinkleys spirited ruminations on the audacity and importance of gardenmakingcontemplations on the beauty of a sunflower turning its neck from dawn to dusk the way a plants scent can spur a memory and much more Filled with Clair Takacs otherworldly photography Windcliff is spectacular for both its physical beauty and the quality of information it contains It is a mustread for every passionate gardener and a musthave gift book for gardeners and plant lovers Synopsis Dan Hinkley is a rare man generous inspired and gifted with an eye for beauty that is given to few people How I long to wander again in the galloping beauty of his garden at Windcliff Here it is in all its inspiring wonder Anna Pavord author of Landskipping and The Curious Gardener Daniel Hinkley is widely recognized as one of the foremost modern plant explorers and one of the worlds leading plant collectors He has created two outstanding private gardensHeronswood and Windcliff Both gardens and the story of how one begat the other are beautifully celebrated in Hinkleys new book Windcliff  In these pages you will delight in Hinkleys recounting of the creation of his garden the stories of the plants that fill its space and in his sage gardening advice Hinkleys spirited ruminations on the audacity and importance of gardenmakingcontemplations on the beauty of a sunflower turning its neck from dawn to dusk the way a plants scent can spur a memory and much morewill appeal to the hearts of every gardener Filled with Claire Takacss otherworldly photography Windcliff is spectacular for both its physical beauty and the quality of information it contains What Our Readers Are Saying Be the first to share your thoughts on this title Product Details ISBN 9781604699012 Binding Hardcover Publication date 09222020 Publisher TIMBER PRESS Pages 280 Height 90IN Width 870IN Photo Claire Takacs Author Claire Takacs Author Daniel J Hinkley Author Daniel J Hinkley 1798 List Price 3500 Used Hardcover Ships in 1 to 3 days Qty Store 3 Burnside 1 Cedar Hills 1 Hawthorne 1 Local Warehouse More copies of this ISBN New Hardcover 3500 1 LOCOK 1 LOCOK LOCCancel 1 LOCOK LOCCancel 1 LOCOK 1 LOCOK LOCCancel 1 LOCOK LOCCancel 1 LOCOK 1 LOCOK LOCCancel 1 LOCOK LOCCancel 1 LOCOK 1 LOCOK LOCCancel 1 LOCOK LOCCancel Help Guarantee My Account Careers About Us Security Wish List Partners Contact Us Shipping Transparency ACT MRF Sitemap  2022 POWELLSCOM Terms 1 LOCOK 1 LOCOK LOCCancel 1 LOCOK LOCCancel 1 LOCOK 1 LOCOK LOCCancel 1 LOCOK LOCCancel 1 LOCOK 1 LOCOK LOCCancel 1 LOCOK LOCCancel 1 LOCOK 1 LOCOK LOCCancel 1 LOCOK LOCCancel"}