{"Title": " The Method: How the Twentieth Century Learned to ACT ", "Author": "Isaac Butler", "Cover Page": "https://powells-covers-2.s3.amazonaws.com/9781639730766.jpg", "ISBN10": "1639730761  \n", "ISBN13": "9781639730766", "Page URL": "https://www.powells.com/book/the-method-9781639730766/61-0", "raw_text": "The Method How the Twentieth Century Learned to ACT Isaac Butler Trade Paperback 9781639730766 Powells Books Cart   my account  wish list  help  8008787323 Hello\n Login MENU Browse New Arrivals Bestsellers Featured Preorders Award Winners Audio Books See All Subjects Used Staff Picks Staff Picks Picks of the Month Bookseller Displays 50 Books for 50 Years 25 Best 21st Century SciFi  Fantasy 25 PNW Books to Read Before You Die 25 Books From the 21st Century 25 Memoirs to Read Before You Die 25 Global Books to Read Before You Die 25 Women to Read Before You Die 25 Books to Read Before You Die Gifts Gift Cards  eGift Cards Powells Souvenirs Journals and Notebooks socks Games Sell Books Blog Events Find A Store Dont Miss BIG SALE 20 off sitewide Picks of the Season What Im Giving Great Gifts Under 25 Best Books of 2022 Powells Author Events Oregon Battle of the Books Audio Books Visit Our Stores Powells Books 14 Gift Ideas From 14 of Our Favorite Authors 0 comment Every year Powells reaches out to some of our favorite authors for some muchneeded giftgiving inspiration Below are 14 writerapproved recommendations to help you find the perfect book for even your mostdifficulttobuyfor loved one Read More  Powells Staff Best Books of 2022 Fiction 1 comment Kelsey Ford 6 Haunting Native American Horror Books 1 comment 1 LOCOK 1 LOCOK LOCCancel 1 LOCOK LOCCancel The Method How the Twentieth Century Learned to ACT by Isaac Butler Comment on this title Synopses  Reviews ISBN13 9781639730766 ISBN10 1639730761 All Product Details View Larger Image View Larger Images 1999 New Trade Paperback Release Date 5162023 Synopses  Reviews Synopsis Entertaining  a remarkable storyThe New Yorker The best and most important book about acting Ive ever readNathan Lane From acclaimed writer Isaac Butler the first cultural history of Method actingan ebullient account of creative discovery and the birth of classic Hollywood  On stage and screen we know a great performance when we see it But how do actors draw from their bodies and minds to turn their selves into art What is the craft of being an authentic fake More than a century ago amid tsarist Russias crushing repression one of the most talented actors ever Konstantin Stanislavski asked these very questions reached deep into himself and emerged with an answer How his system remade itself into the Method and forever transformed American theater and film is an unlikely saga that has never before been fully told Now critic and theater director Isaac Butler chronicles the history of the Method in a narrative that transports readers from Moscow to New York to Los Angeles from The Seagull to A Streetcar Named Desire to Raging Bull  He traces how a cohort of American mavericksincluding Stella Adler Lee Strasberg and the storied Group Theatrerefashioned Stanislavskis ideas for a Depressionplagued nation that had yet to find its place as an artistic powerhouse The Groups feuds and rivalries would in turn shape generations of actors who enabled Hollywood to become the global dreamfactory it is today Some of these performers the Method would uplift others it would destroy Long after its midcentury heyday the Method lives on as one of the most influentialand misunderstoodideas in American culture Studded with marquee namesfrom Marlon Brando Marilyn Monroe and Elia Kazan to James Baldwin Ellen Burstyn and Dustin Hoffman The Method is a spirited history of ideas and a mustread for any fan of Broadway or American film Synopsis A New Yorker Best Book of 2022  A Time MustRead Book of 2022  A 2022 New York Times Holiday Gift Guide selection Entertaining and illuminating The New Yorker  Compulsively readable New York Times  Delicious humane probing Vulture  The best and most important book about acting Ive ever readNathan Lane From the coauthor of The World Only Spins Forward comes the first cultural history of Method actingan ebullient account of creative discovery and the birth of classic Hollywood On stage and screen we know a great performance when we see it But how do actors draw from their bodies and minds to turn their selves into art What is the craft of being an authentic fake More than a century ago amid tsarist Russias crushing repression one of the most talented actors ever Konstantin Stanislavski asked these very questions reached deep into himself and emerged with an answer How his system remade itself into the Method and forever transformed American theater and film is an unlikely saga that has never before been fully told Now critic and theater director Isaac Butler chronicles the history of the Method in a narrative that transports readers from Moscow to New York to Los Angeles from The Seagull to A Streetcar Named Desire to Raging Bull  He traces how a cohort of American mavericksincluding Stella Adler Lee Strasberg and the storied Group Theatrerefashioned Stanislavskis ideas for a Depressionplagued nation that had yet to find its place as an artistic powerhouse The Groups feuds and rivalries would in turn shape generations of actors who enabled Hollywood to become the global dreamfactory it is today Some of these performers the Method would uplift others it would destroy Long after its midcentury heyday the Method lives on as one of the most influentialand misunderstoodideas in American culture Studded with marquee namesfrom Marlon Brando Marilyn Monroe and Elia Kazan to James Baldwin Ellen Burstyn and Dustin Hoffman The Method is a spirited history of ideas and a mustread for any fan of Broadway or American film What Our Readers Are Saying Be the first to share your thoughts on this title Product Details ISBN 9781639730766 Binding Trade Paperback Publication date 05162023 Publisher Bloomsbury Publishing Language English Pages 512 Height 100IN Width 551IN Author Isaac Butler 1999 New Trade Paperback Release Date 5162023 Receive an email when this ISBN is available used This title in other editions New Hardcover 3000 Used Hardcover 1895 1 LOCOK 1 LOCOK LOCCancel 1 LOCOK LOCCancel 1 LOCOK 1 LOCOK LOCCancel 1 LOCOK LOCCancel 1 LOCOK 1 LOCOK LOCCancel 1 LOCOK LOCCancel 1 LOCOK 1 LOCOK LOCCancel 1 LOCOK LOCCancel Help Guarantee My Account Careers About Us Security Wish List Partners Contact Us Shipping Transparency ACT MRF Sitemap  2022 POWELLSCOM Terms 1 LOCOK 1 LOCOK LOCCancel 1 LOCOK LOCCancel 1 LOCOK 1 LOCOK LOCCancel 1 LOCOK LOCCancel 1 LOCOK 1 LOCOK LOCCancel 1 LOCOK LOCCancel 1 LOCOK 1 LOCOK LOCCancel 1 LOCOK LOCCancel"}