{"Title": " Look at That Bird!: A Young Naturalist's Guide to Pacific Northwest Birding ", "Author": "Karen DeWitz", "Cover Page": "https://powells-covers-2.s3.amazonaws.com/9781632173171.jpg", "ISBN10": "1632173174  \n", "ISBN13": "9781632173171", "Page URL": "https://powells.com/book/look-at-that-bird-9781632173171", "raw_text": "Look at That Bird A Young Naturalists Guide to Pacific Northwest Birding Karen Dewitz Trade Paperback 9781632173171 Powells Books Cart   my account  wish list  help  8008787323 Hello\n Login MENU Browse New Arrivals Bestsellers Featured Preorders Award Winners Audio Books See All Subjects Used Staff Picks Staff Picks Picks of the Month Bookseller Displays 50 Books for 50 Years 25 Best 21st Century SciFi  Fantasy 25 PNW Books to Read Before You Die 25 Books From the 21st Century 25 Memoirs to Read Before You Die 25 Global Books to Read Before You Die 25 Women to Read Before You Die 25 Books to Read Before You Die Gifts Gift Cards  eGift Cards Powells Souvenirs Journals and Notebooks socks Games Sell Books Blog Events Find A Store Dont Miss BIG SALE 20 off sitewide Picks of the Season What Im Giving Great Gifts Under 25 Best Books of 2022 Powells Author Events Oregon Battle of the Books Audio Books Visit Our Stores Powells Books 14 Gift Ideas From 14 of Our Favorite Authors 0 comment Every year Powells reaches out to some of our favorite authors for some muchneeded giftgiving inspiration Below are 14 writerapproved recommendations to help you find the perfect book for even your mostdifficulttobuyfor loved one Read More  Powells Staff Best Books of 2022 Fiction 1 comment Kelsey Ford 6 Haunting Native American Horror Books 1 comment 1 LOCOK 1 LOCOK LOCCancel 1 LOCOK LOCCancel Look at That Bird A Young Naturalists Guide to Pacific Northwest Birding by Karen DeWitz Comment on this title Synopses  Reviews ISBN13 9781632173171 ISBN10 1632173174 Condition Like New All Product Details View Larger Image View Larger Images 998 List Price 1999 Used Trade Paperback Ships in 1 to 3 days Qty Store 1 Cedar Hills From Powellscom Powells Picks of the Month Hot new releases and undertheradar gems for adults and kids Staff Pick Look at That Bird is a super fun guide thats easy to use for new birders and specific to the Pacific Northwest so PNW kids can find identify and learn about birds in their own environment Full of great pictures fascinating facts and projects they can perform themselves Recommended By Gigi L Powellscom Synopses  Reviews Publisher Comments Kids will love learning more about birds they spot in the outdoors  in their backyards and beyond  with this fun factfilled fullcolor guidebook of over 50 common Pacific Northwest birds Filled with fun and interesting kidfriendly facts and fullcolor photographs of over 50 birds that Northwesterners are most likely to see every day this book encourages curious kids and their adults to go outside and learn more about nature Kids will learn basic information about what makes a bird a bird and specific information about each bird species all of which can be used to help identify birds Look at That Bird also includes projects kids can do to attract birds to their backyards About the Author Kare DeWitz is a natureloving bird nerd Her happy place is a nest of blankets on her porch in a small woods outside of Oregon City where she can watch and photograph the almost 50 species of birds that visit her backyard Karen has a rich background in instruction outdoor education and photography As a former teacher with a masters degree in education she understands how to intrigue and inspire young people She has experience both in the classroom and in Northwest forests  teaching writing exploring and marveling in the beauty of the Pacific Northwest What Our Readers Are Saying Be the first to share your thoughts on this title Product Details ISBN 9781632173171 Binding Trade Paperback Publication date 04062021 Publisher Little Bigfoot Pages 224 Age Range 8 to 12 Grade Range 3 to 7 Author Karen Dewitz 998 List Price 1999 Used Trade Paperback Ships in 1 to 3 days Qty Store 1 Cedar Hills More copies of this ISBN New Trade Paperback 1999 1 LOCOK 1 LOCOK LOCCancel 1 LOCOK LOCCancel 1 LOCOK 1 LOCOK LOCCancel 1 LOCOK LOCCancel 1 LOCOK 1 LOCOK LOCCancel 1 LOCOK LOCCancel 1 LOCOK 1 LOCOK LOCCancel 1 LOCOK LOCCancel Help Guarantee My Account Careers About Us Security Wish List Partners Contact Us Shipping Transparency ACT MRF Sitemap  2022 POWELLSCOM Terms 1 LOCOK 1 LOCOK LOCCancel 1 LOCOK LOCCancel 1 LOCOK 1 LOCOK LOCCancel 1 LOCOK LOCCancel 1 LOCOK 1 LOCOK LOCCancel 1 LOCOK LOCCancel 1 LOCOK 1 LOCOK LOCCancel 1 LOCOK LOCCancel"}