{"Title": " 50 Drag Queens Who Changed the World A Celebration of the Most Influential Drag Artists of All Time ", "Author": "Dan Jones", "Cover Page": "https://powells-covers-2.s3.amazonaws.com/9781784883225.jpg", "ISBN10": "1784883220  \n", "ISBN13": "9781784883225", "Page URL": "https://powells.com/book/50-drag-queens-who-changed-the-world-a-celebration-of-the-most-influential-drag-artists-of-all-time-9781784883225", "raw_text": "50 Drag Queens Who Changed the World A Celebration of the Most Influential Drag Artists of All Time Dan Jones Hardcover 9781784883225 Powells Books Cart   my account  wish list  help  8008787323 Hello\n Login MENU Browse New Arrivals Bestsellers Featured Preorders Award Winners Audio Books See All Subjects Used Staff Picks Staff Picks Picks of the Month Bookseller Displays 50 Books for 50 Years 25 Best 21st Century SciFi  Fantasy 25 PNW Books to Read Before You Die 25 Books From the 21st Century 25 Memoirs to Read Before You Die 25 Global Books to Read Before You Die 25 Women to Read Before You Die 25 Books to Read Before You Die Gifts Gift Cards  eGift Cards Powells Souvenirs Journals and Notebooks socks Games Sell Books Blog Events Find A Store Dont Miss BIG SALE 20 off sitewide Picks of the Season What Im Giving Great Gifts Under 25 Best Books of 2022 Powells Author Events Oregon Battle of the Books Audio Books Visit Our Stores Powells Books 14 Gift Ideas From 14 of Our Favorite Authors 0 comment Every year Powells reaches out to some of our favorite authors for some muchneeded giftgiving inspiration Below are 14 writerapproved recommendations to help you find the perfect book for even your mostdifficulttobuyfor loved one Read More  Powells Staff Best Books of 2022 Fiction 1 comment Kelsey Ford 6 Haunting Native American Horror Books 1 comment 1 LOCOK 1 LOCOK LOCCancel 1 LOCOK LOCCancel 50 Drag Queens Who Changed the World A Celebration of the Most Influential Drag Artists of All Time by Dan Jones Comment on this title Synopses  Reviews ISBN13 9781784883225 ISBN10 1784883220 Condition Like New All Product Details View Larger Image View Larger Images 898 List Price 1499 Used Hardcover Ships in 1 to 3 days Qty Store 8 Burnside 2 Cedar Hills 2 Hawthorne 4 Local Warehouse From Powellscom Celebrate Pride Month Discover staff favorites booklists guest essays and more Synopses  Reviews Synopsis 50 Drag Queens Who Changed the World is a tribute to the hugely influential pioneers who have shaped the fantastic world of drag as well as the queens of today that we all know and love Learn about the wild and brilliant lives of Mama Ru and the bestloved Drag Race superstars including Alaska Bianca Del Rio and Courtney Act as well as legends like Divine and Lady Bunny and the new scene of radical contemporary drag artists such as Amrou AlKadhi and Victoria Sin Drag queens have been sissying that walk for a lot longer than you think and this book is a sparkling celebration of the highheeled hairsprayed punkrock art form that has influenced pop culture for as long as it has been around What Our Readers Are Saying Be the first to share your thoughts on this title Product Details ISBN 9781784883225 Binding Hardcover Publication date 05122020 Publisher HARDIE GRANT BOOKS Pages 112 Height 70IN Width 550IN Illustration Yes Author Dan Jones 898 List Price 1499 Used Hardcover Ships in 1 to 3 days Qty Store 8 Burnside 2 Cedar Hills 2 Hawthorne 4 Local Warehouse More copies of this ISBN New Hardcover 1499 1 LOCOK 1 LOCOK LOCCancel 1 LOCOK LOCCancel 1 LOCOK 1 LOCOK LOCCancel 1 LOCOK LOCCancel 1 LOCOK 1 LOCOK LOCCancel 1 LOCOK LOCCancel 1 LOCOK 1 LOCOK LOCCancel 1 LOCOK LOCCancel Help Guarantee My Account Careers About Us Security Wish List Partners Contact Us Shipping Transparency ACT MRF Sitemap  2022 POWELLSCOM Terms 1 LOCOK 1 LOCOK LOCCancel 1 LOCOK LOCCancel 1 LOCOK 1 LOCOK LOCCancel 1 LOCOK LOCCancel 1 LOCOK 1 LOCOK LOCCancel 1 LOCOK LOCCancel 1 LOCOK 1 LOCOK LOCCancel 1 LOCOK LOCCancel"}