{"Title": " Urban Trails Portland: Beaverton, Lake Oswego, Troutdale ", "Author": "Eli Boschetto", "Cover Page": "https://powells-covers-2.s3.amazonaws.com/9781680511222.jpg", "ISBN10": "168051122X  \n", "ISBN13": "9781680511222", "Page URL": "https://powells.com/book/urban-trails-portland-9781680511222", "raw_text": "Urban Trails Portland Beaverton Lake Oswego Troutdale Eli Boschetto Trade Paperback 9781680511222 Powells Books Cart   my account  wish list  help  8008787323 Hello\n Login MENU Browse New Arrivals Bestsellers Featured Preorders Award Winners Audio Books See All Subjects Used Staff Picks Staff Picks Picks of the Month Bookseller Displays 50 Books for 50 Years 25 Best 21st Century SciFi  Fantasy 25 PNW Books to Read Before You Die 25 Books From the 21st Century 25 Memoirs to Read Before You Die 25 Global Books to Read Before You Die 25 Women to Read Before You Die 25 Books to Read Before You Die Gifts Gift Cards  eGift Cards Powells Souvenirs Journals and Notebooks socks Games Sell Books Blog Events Find A Store Dont Miss BIG SALE 20 off sitewide Picks of the Season What Im Giving Great Gifts Under 25 Best Books of 2022 Powells Author Events Oregon Battle of the Books Audio Books Visit Our Stores Powells Books 14 Gift Ideas From 14 of Our Favorite Authors 0 comment Every year Powells reaches out to some of our favorite authors for some muchneeded giftgiving inspiration Below are 14 writerapproved recommendations to help you find the perfect book for even your mostdifficulttobuyfor loved one Read More  Powells Staff Best Books of 2022 Fiction 1 comment Kelsey Ford 6 Haunting Native American Horror Books 1 comment 1 LOCOK 1 LOCOK LOCCancel 1 LOCOK LOCCancel Urban Trails Portland Beaverton Lake Oswego Troutdale by Eli Boschetto Comment on this title Synopses  Reviews ISBN13 9781680511222 ISBN10 168051122X All Product Details View Larger Image View Larger Images 1695 New Trade Paperback Ships in 1 to 3 days Qty Store 18 Burnside 2 Cedar Hills 2 Hawthorne 20 Local Warehouse Synopses  Reviews Publisher Comments Among the hundreds of parks and natural spaces around the Portland area Forest Park gets the most recognitionand deservedly soas Americas largest urban forest with more than 80 miles of hiking trails and biking paths Yet theres more to explore in and around the city than just this one forest and Urban Trails Portland  by hiking writer Eli Boschetto brings this abundance to the people There are plenty of opportunities for wandering the banks and wetlands of Portlands three major rivers as well as hiking on volcanic buttes strolling through community gardens discovering historic sites and walking urban footpaths Add to that tips on observing some of the hundreds of species of birds and mammals that reside in these areas and you practically have an urban safari at your doorstep With an emphasis on easy access to the outdoors and fitness features of this guide include  Trailhead directions including public transit where available  Know Before You Go tips for park hours events etc  Trail distance and high point  Trailhead amenities  Info for families with kids dog owners and bikers  Sidebars on area history nature and sights  Fun checklists for plants trees flowers and wildlife you may spot  Easy to reference maps  Indicates trail suitability for walkers hikers and runners About the Author Eli Boschetto is a hiker and outdoor writerphotographer with 1000s of trail miles under his boots throughout the western US and Canada A seeker of diverse and unique landscapes he has a particular love for the high country of the Sierra Nevada in his native California as well as the variety of the Cascade Range from his current home in the Northwest Eli is a longtime correspondent for Backpacker  as well the editor of Washington Trails  5 1 What Our Readers Are Saying Share your thoughts on this title Average customer rating 5 1 comments  TerriLynn  October 29 2018 Urban Trails Portland Beaverton Lake Oswego Troutdale I am so excited to get this book My husband and I 60  70 yrs have recently started to hike To learn that there are so many wonderful places for us to go without having to drive hours to reach keeps us out and about I am looking forward to being there Wednesday November 28  700 PM\nPowells Books at Cedar Hills Crossing for a great night of information and meeting Eli Boschetto Onward Was this comment helpful  Yes  No 3 of 3 readers found this comment helpful report this\ncomment Product Details ISBN 9781680511222 Binding Trade Paperback Publication date 10012018 Publisher MOUNTAINEERS BOOKS Pages 240 Height 60IN Width 400IN Author Eli Boschetto 1695 New Trade Paperback Ships in 1 to 3 days Qty Store 18 Burnside 2 Cedar Hills 2 Hawthorne 20 Local Warehouse Receive an email when this ISBN is available used 1 LOCOK 1 LOCOK LOCCancel 1 LOCOK LOCCancel 1 LOCOK 1 LOCOK LOCCancel 1 LOCOK LOCCancel 1 LOCOK 1 LOCOK LOCCancel 1 LOCOK LOCCancel 1 LOCOK 1 LOCOK LOCCancel 1 LOCOK LOCCancel Help Guarantee My Account Careers About Us Security Wish List Partners Contact Us Shipping Transparency ACT MRF Sitemap  2022 POWELLSCOM Terms 1 LOCOK 1 LOCOK LOCCancel 1 LOCOK LOCCancel 1 LOCOK 1 LOCOK LOCCancel 1 LOCOK LOCCancel 1 LOCOK 1 LOCOK LOCCancel 1 LOCOK LOCCancel 1 LOCOK 1 LOCOK LOCCancel 1 LOCOK LOCCancel"}