{"Title": " Rin Tin Tin The Life & the Legend ", "Author": "Susan Orlean", "Cover Page": "https://powells-covers-2.s3.amazonaws.com/9781439190142.jpg", "ISBN10": "1439190143  \n", "ISBN13": "9781439190142", "Page URL": "https://powells.com/book/rin-tin-tin-the-life-the-legend-9781439190142", "raw_text": "Rin Tin Tin The Life  the Legend Susan Orlean Trade Paperback 9781439190142 Powells Books Cart   my account  wish list  help  8008787323 Hello\n Login MENU Browse New Arrivals Bestsellers Featured Preorders Award Winners Audio Books See All Subjects Used Staff Picks Staff Picks Picks of the Month Bookseller Displays 50 Books for 50 Years 25 Best 21st Century SciFi  Fantasy 25 PNW Books to Read Before You Die 25 Books From the 21st Century 25 Memoirs to Read Before You Die 25 Global Books to Read Before You Die 25 Women to Read Before You Die 25 Books to Read Before You Die Gifts Gift Cards  eGift Cards Powells Souvenirs Journals and Notebooks socks Games Sell Books Blog Events Find A Store Dont Miss BIG SALE 20 off sitewide Picks of the Season What Im Giving Great Gifts Under 25 Best Books of 2022 Powells Author Events Oregon Battle of the Books Audio Books Visit Our Stores Powells Books 14 Gift Ideas From 14 of Our Favorite Authors 0 comment Every year Powells reaches out to some of our favorite authors for some muchneeded giftgiving inspiration Below are 14 writerapproved recommendations to help you find the perfect book for even your mostdifficulttobuyfor loved one Read More  Powells Staff Best Books of 2022 Fiction 1 comment Kelsey Ford 6 Haunting Native American Horror Books 1 comment 1 LOCOK 1 LOCOK LOCCancel 1 LOCOK LOCCancel Rin Tin Tin The Life  the Legend by Susan Orlean Comment on this title Synopses  Reviews Read an Excerpt ISBN13 9781439190142 ISBN10 1439190143 Condition Standard All Product Details View Larger Image View Larger Images 895 List Price 1899 Used Trade Paperback Ships in 1 to 3 days Qty Store 1 Burnside Synopses  Reviews Publisher Comments One of the most acclaimed nonfiction books of 2011 Susan Orleans New York Times bestseller Rin Tin Tin is an unforgettable book about the mutual devotion between one man and one dog  The Wall Street Journal  Rin Tin Tins journey from orphaned puppy to movie star and international icon begins on a World War I battlefield when an American soldier Lee Duncan discovered the newborn German shepherd in the ruins of a bombedout dog kennel Back in California the dogs athleticism and acting ability drew the attention of Warner Bros and over the next ten years Rinty starred in twentythree blockbuster silent films that made him the most famous dog in the world During the decades that followed Rinty and his descendants rose and fell with the times making a tumultuous journey from silent films to talkies from blackandwhite to color from radio programs to one of the most popular television shows of the baby boom era The Adventures of RinTinTin Spanning ninety years this enormously satisfying story about a dog and the man who believed in him  USA Today  is an irresistible blend of history human interest and masterful storytelling  a dazzling celebration of a great American dog by one of our most gifted writers Review FascinatingThe sweeping story of the soulful German shepherd who was born on the battlefields of World War I immigrated to America conquered Hollywood struggled in the transition to the talkies helped mobilize thousands of dog volunteers against Hitler and himself emerged victorious as the perfect familyfriendly icon of cold war gunslinging thanks to the new medium of televisionDo dogs deserve biographies In Rin Tin Tin Susan Orlean answers that question resoundingly in the affirmativeBy the end of this expertly told tale she may persuade even the most hardened skeptic that Rin Tin Tin belongs on Mount Rushmore with George Washington and Teddy Roosevelt or at least somewhere nearby with John Wayne and Seabiscuit The New York Times Book Review Review RemarkableOrleans pursuit of detail is mindbogglingThe book is less about a dog than the prototypes he embodied and the people who surrounded him It is about storymaking itself about devotion luck and heroesUltimately the reader is left well nourished and in awe of both Orleans reportorial devotion and at her magpie ability to find the tiniest sparkling detail San Francisco Chronicle Review Deeply movingAn unforgettable book about the mutual devotion between one man and one dog The Wall Street Journal Review DazzlingSusan Orlean has fashioned a masterpiece of reporting and storytelling some of it quite personal and all of it compelling Animalrelated books have always peppered bestseller lists  Seabiscuit comes quickly to mind  and this one will top such lists It deserves to and also to work its way into millions of hearts and mindsCarl Sandburg called Rin Tin Tin thrillingly intelligent and phenomenal The same can be said for this remarkable bookSpectacular Chicago Tribune Review EpicHeartfeltAn enormously satisfying story about a dog and the man who believed in him USA Today Review StunningA book so moving it melted the heart of at least this one dogged Lassie loverDont let the books title fool you Calling Rin Tin Tin the story of a dog is like calling MobyDick the story of a whale Orlean surfs the tide of time pushing off in the 1900s and landing in the now delivering a witty synopsis of nearly a century of Rin Tin Tins and American popular culture The result is a truly exceptional book that marries historical journalism memoir and the technique of characterdriven psychologically astute finely crafted fiction a whole far greater than the sum of its parts The Boston Globe Review A story of magnificent obsession Nearly a decade in the making combining worldwide research with personal connection it offers the kind of satisfactions you only get when an impeccable writer gets hold of one heck of a story Los Angeles Times Review Susan Orlean has written a book about how an orphaned dog became part of millions of households and hearts in a way that may reveal the changing bonds between humans and animals tooOne of the many pleasures of this book is the historical breadth of the story NPRs Weekend Edition Review An improbably fascinating tale of one of the first canine celebrities the times that catapulted him to fame and the legacy that endures People Synopsis From Susan Orleanacclaimed New York Times bestselling author of The Orchid Thief and The Library Book  Rin Tin Tin is an unforgettable book about the mutual devotion between one man and one dog  The Wall Street Journal  He believed the dog was immortal So begins Susan Orleans sweeping powerfully moving account of Rin Tin Tins journey from abandoned puppy to international moviestar dog who appeared in twentyseven films throughout the 1920s Spanning almost one hundred years of history from the dogs improbable discovery on a battlefield in 1918 by an American soldier to his tumultuous rise through Hollywood and beyond Rin Tin Tin is a love story and a masterpiece  Chicago Tribune  that is also a quintessentially American story of reinvention a captivating exploration of our spiritual bond with animals and a stirring meditation on mortality and immortality Synopsis From Susan Orleanacclaimed New York Times bestselling author of The Orchid Thief and The Library BookRin Tin Tin is an unforgettable book about the mutual devotion between one man and one dog The Wall Street JournalHe believed the dog was immortal So begins Susan Orleans sweeping powerfully moving account of Rin Tin Tins journey from abandoned puppy to international moviestar dog who appeared in twentyseven films throughout the 1920s Spanning almost one hundred years of history from the dogs improbable discovery on a battlefield in 1918 by an American soldier to his tumultuous rise through Hollywood and beyond Rin Tin Tin is a love story and a masterpiece Chicago Tribune that is also a quintessentially American story of reinvention a captivating exploration of our spiritual bond with animals and a stirring meditation on mortality and immortality Synopsis He believed the dog was immortal So begins Susan Orleans sweeping powerfully moving account of Rin Tin Tins journey from abandoned puppy to movie star and international icon Spanning almost one hundred years of history from the dogs improbable discovery on a battlefield in 1918 to his tumultuous rise through Hollywood and beyond Rin Tin Tin is a love story about the mutual devotion between one man and one dog  The Wall Street Journal  that is also a quintessentially American story of reinvention a captivating exploration of our spiritual bond with animals and a stirring meditation on mortality and immortality About the Author Susan Orlean has been a staff writer at The New Yorker since 1992 She is the author of seven books including Rin Tin Tin  Saturday Night  and The Orchid Thief  which was made into the Academy Awardwinning film Adaptation  She lives with her family and her animals in upstate New York and may be reached at SusanOrleancom and TwittercomSusanOrlean 5 2 What Our Readers Are Saying Share your thoughts on this title Average customer rating 5 2 comments  carolcody  January 30 2013 view all comments by carolcody More than a portrait of the original and legendary Rin Tin Tin Susan Orlean discusses early Hollywood the cult of a movie star albeit a canine one the love between a human and a noble dog and the admirers fans and dog lovers alike who have kept Rintys legend alive over the decades of silent film talkies radio dramas and television adventure shows Orleans humor research and sensitivity to her subject are all present in this book which I would recommend to those interested in American popular culture as well as anyone who treasures a relationship with a special dog even if the dog in question existed only in the movies Was this comment helpful  Yes  No 0 of 1 readers found this comment helpful report this\ncomment  aussiegail  January 01 2013 Rin Tin Tin is a joy to read because of the excellent writing and the thoroughly enjoyable subject matter Its almost a pity that the title is the name of a dog albeit it a famous one because I fear that many people will think that it belongs only with literature about animals The is book equally an historical account and commentary on American culture as well as the fascinating story of Rin Tin Tin and the man who found and trained him In short you dont have to be a dog lover to love this book Was this comment helpful  Yes  No 0 of 1 readers found this comment helpful report this\ncomment Product Details ISBN 9781439190142 Binding Trade Paperback Publication date 10092012 Publisher SIMON  SCHUSTER TRADE Pages 352 Height 82IN Width 550IN Thickness 100 Author Susan Orlean Subject BiographyEntertainment and Performing Arts 895 List Price 1899 Used Trade Paperback Ships in 1 to 3 days Qty Store 1 Burnside More copies of this ISBN New Trade Paperback 1800 This title in other editions Used Hardcover Starting from 1050 1 LOCOK 1 LOCOK LOCCancel 1 LOCOK LOCCancel 1 LOCOK 1 LOCOK LOCCancel 1 LOCOK LOCCancel 1 LOCOK 1 LOCOK LOCCancel 1 LOCOK LOCCancel 1 LOCOK 1 LOCOK LOCCancel 1 LOCOK LOCCancel Help Guarantee My Account Careers About Us Security Wish List Partners Contact Us Shipping Transparency ACT MRF Sitemap  2022 POWELLSCOM Terms 1 LOCOK 1 LOCOK LOCCancel 1 LOCOK LOCCancel 1 LOCOK 1 LOCOK LOCCancel 1 LOCOK LOCCancel 1 LOCOK 1 LOCOK LOCCancel 1 LOCOK LOCCancel 1 LOCOK 1 LOCOK LOCCancel 1 LOCOK LOCCancel"}