{"Title": " SPIKE ", "Author": "Spike Lee", "Cover Page": "https://powells-covers-2.s3.amazonaws.com/9781797203850.jpg", "ISBN10": "1797203851  \n", "ISBN13": "9781797203850", "Page URL": "https://powells.com/book/spike-9781797203850", "raw_text": "SPIKE Spike Lee Hardcover 9781797203850 Powells Books Cart   my account  wish list  help  8008787323 Hello\n Login MENU Browse New Arrivals Bestsellers Featured Preorders Award Winners Audio Books See All Subjects Used Staff Picks Staff Picks Picks of the Month Bookseller Displays 50 Books for 50 Years 25 Best 21st Century SciFi  Fantasy 25 PNW Books to Read Before You Die 25 Books From the 21st Century 25 Memoirs to Read Before You Die 25 Global Books to Read Before You Die 25 Women to Read Before You Die 25 Books to Read Before You Die Gifts Gift Cards  eGift Cards Powells Souvenirs Journals and Notebooks socks Games Sell Books Blog Events Find A Store Dont Miss BIG SALE 20 off sitewide Picks of the Season What Im Giving Great Gifts Under 25 Best Books of 2022 Powells Author Events Oregon Battle of the Books Audio Books Visit Our Stores Powells Books 14 Gift Ideas From 14 of Our Favorite Authors 0 comment Every year Powells reaches out to some of our favorite authors for some muchneeded giftgiving inspiration Below are 14 writerapproved recommendations to help you find the perfect book for even your mostdifficulttobuyfor loved one Read More  Powells Staff Best Books of 2022 Fiction 1 comment Kelsey Ford 6 Haunting Native American Horror Books 1 comment 1 LOCOK 1 LOCOK LOCCancel 1 LOCOK LOCCancel SPIKE by Spike Lee Comment on this title Synopses  Reviews ISBN13 9781797203850 ISBN10 1797203851 All Product Details View Larger Image View Larger Images 5000 New Hardcover Ships in 1 to 3 days Qty Store 2 Burnside 13 Local Warehouse Synopses  Reviews Publisher Comments Spike Lee is a worldrenowned Academy Awardwinning filmmaker a cultural icon and one of the most prominent voices on race and racism for more than three decades His prolific career has included over 35 films including his directorial debut Shes Gotta Have It 1986 his seminal masterpiece Do the Right Thing 1989 and more recently his Oscarwinning film BlacKkKlansman 2018 Spike Lees provocative feature films documentaries commercials and music videos have shone the spotlight on significant stories and have made an indelible mark in both cinematic history and in contemporary society This careerspanning monograph titled SPIKE is a visual celebration of his life and career to date The custom bold typographic design is inspired by the LOVEHATE brass rings that Radio Raheem wore in Do the Right Thing and that Spike Lee wore at the 2019 Academy Awards The gold foil deboss on SPIKE on the vibrant fuchsia front cover is a bold and beautiful eyecatching design Featuring hundreds of neverbeforeseen photographs by David Lee Spikes brother and longtime still photographer SPIKE the book includes behindthescenes insider images that underscore his creative process and his significant impact on the culture at large From his critically acclaimed film Malcolm X 1992 starring Denzel Washington to his recent film Da 5 Bloods 2020 featuring the late Chadwick Boseman Spike Lees work continues to resonate now more than ever Also included here are his beloved commercials with Michael Jordan for Nike which helped launch the billiondollar Jordan brand product empire as well as his music videos with Prince and Michael Jackson This is a musthave collectors item and ideal gift for any cinephile and fan of one of the most prominent and influential filmmakers in history About the Author Shelton Jackson Spike Lee is an American film director producer screenwriter actor and professor His production company 40 Acres and a Mule Filmworks based in Fort Greene Brooklyn has produced more than 35 films since 1983 He has won numerous awards including two Academy Awards two Emmy Awards two BAFTA awards and the Cannes Grand Prix He is a graduate of Morehouse College and New York Universitys Tisch School of the Arts where he is a tenured Professor of Film and Artistic Director What Our Readers Are Saying Be the first to share your thoughts on this title Product Details ISBN 9781797203850 Binding Hardcover Publication date 11172021 Publisher Chronicle Books Pages 360 Author Spike Lee 5000 New Hardcover Ships in 1 to 3 days Qty Store 2 Burnside 13 Local Warehouse Receive an email when this ISBN is available used 1 LOCOK 1 LOCOK LOCCancel 1 LOCOK LOCCancel 1 LOCOK 1 LOCOK LOCCancel 1 LOCOK LOCCancel 1 LOCOK 1 LOCOK LOCCancel 1 LOCOK LOCCancel 1 LOCOK 1 LOCOK LOCCancel 1 LOCOK LOCCancel Help Guarantee My Account Careers About Us Security Wish List Partners Contact Us Shipping Transparency ACT MRF Sitemap  2022 POWELLSCOM Terms 1 LOCOK 1 LOCOK LOCCancel 1 LOCOK LOCCancel 1 LOCOK 1 LOCOK LOCCancel 1 LOCOK LOCCancel 1 LOCOK 1 LOCOK LOCCancel 1 LOCOK LOCCancel 1 LOCOK 1 LOCOK LOCCancel 1 LOCOK LOCCancel"}