{"Title": " Le Petit Nicolas ", "Author": "Jean-Jacques Semp\u00e9", "Cover Page": "https://covers.powells.com/9782070364237.jpg", "ISBN10": "2070364232  \n", "ISBN13": "9782070364237", "Page URL": "https://powells.com/book/le-petit-nicolas-9782070364237", "raw_text": "Le Petit Nicolas Sempe  Goscinny Mass Market 9782070364237 Powells Books Cart   my account  wish list  help  8008787323 Hello\n Login MENU Browse New Arrivals Bestsellers Featured Preorders Award Winners Audio Books See All Subjects Used Staff Picks Staff Picks Picks of the Month Bookseller Displays 50 Books for 50 Years 25 Best 21st Century SciFi  Fantasy 25 PNW Books to Read Before You Die 25 Books From the 21st Century 25 Memoirs to Read Before You Die 25 Global Books to Read Before You Die 25 Women to Read Before You Die 25 Books to Read Before You Die Gifts Gift Cards  eGift Cards Powells Souvenirs Journals and Notebooks socks Games Sell Books Blog Events Find A Store Dont Miss BIG SALE 20 off sitewide Picks of the Season What Im Giving Great Gifts Under 25 Best Books of 2022 Powells Author Events Oregon Battle of the Books Audio Books Visit Our Stores Powells Books 14 Gift Ideas From 14 of Our Favorite Authors 0 comment Every year Powells reaches out to some of our favorite authors for some muchneeded giftgiving inspiration Below are 14 writerapproved recommendations to help you find the perfect book for even your mostdifficulttobuyfor loved one Read More  Powells Staff Best Books of 2022 Fiction 1 comment Kelsey Ford 6 Haunting Native American Horror Books 1 comment 1 LOCOK 1 LOCOK LOCCancel 1 LOCOK LOCCancel Le Petit Nicolas by JeanJacques Semp\u00e9 and Ren\u00e9 Goscinny Comment on this title Synopses  Reviews ISBN13 9782070364237 ISBN10 2070364232 Condition Standard All Product Details View Larger Image View Larger Images 1095 List Price 2095 Used Mass Market Ships in 1 to 3 days Qty Store 1 Cedar Hills Synopses  Reviews Synopsis Told from the perspective of a young French boy this collection of charming storiespresented in Frenchisnt just for young readers It doubles as an entertaining primer for anyone who is studying the French language What Our Readers Are Saying Be the first to share your thoughts on this title Product Details ISBN 9782070364237 Binding Mass Market Publication date 07011973 Publisher FOLIO FRENCH Series info Folio Language French Pages 156 Height 50IN Width 430IN Thickness 50 Series Collection Folio  Series Number A364 Age Range 8 to 12 Grade Range 3 to 7 Number of Units 1 Copyright Year 1973 Series Volume 58423 UPC Code 2802070364239 Author Ren\u00e9 Goscinny Illustrator JeanJacques Semp\u00e9 Illustrator JeanJacques Sempe Author Rene Goscinny Author Sempe Subject Childrens 12Up  Fiction  General Subject Fiction 1095 List Price 2095 Used Mass Market Ships in 1 to 3 days Qty Store 1 Cedar Hills More copies of this ISBN New Mass Market Starting from 1660 Used Mass Market 750 1 LOCOK 1 LOCOK LOCCancel 1 LOCOK LOCCancel 1 LOCOK 1 LOCOK LOCCancel 1 LOCOK LOCCancel 1 LOCOK 1 LOCOK LOCCancel 1 LOCOK LOCCancel 1 LOCOK 1 LOCOK LOCCancel 1 LOCOK LOCCancel Help Guarantee My Account Careers About Us Security Wish List Partners Contact Us Shipping Transparency ACT MRF Sitemap  2022 POWELLSCOM Terms 1 LOCOK 1 LOCOK LOCCancel 1 LOCOK LOCCancel 1 LOCOK 1 LOCOK LOCCancel 1 LOCOK LOCCancel 1 LOCOK 1 LOCOK LOCCancel 1 LOCOK LOCCancel 1 LOCOK 1 LOCOK LOCCancel 1 LOCOK LOCCancel"}