{"Title": " An Introduction to Combustion ", "Author": "Warren C. Strahle", "Cover Page": "https://powells-covers-2.s3.amazonaws.com/9782881246081.jpg", "ISBN10": "2881246087  \n", "ISBN13": "9782881246081", "Page URL": "https://powells.com/book/an-introduction-to-combustion-9782881246081", "raw_text": "An Introduction to Combustion Strahle Warren C and Strahle and Strahle W Trade Paperback 9782881246081 Powells Books Cart   my account  wish list  help  8008787323 Hello\n Login MENU Browse New Arrivals Bestsellers Featured Preorders Award Winners Audio Books See All Subjects Used Staff Picks Staff Picks Picks of the Month Bookseller Displays 50 Books for 50 Years 25 Best 21st Century SciFi  Fantasy 25 PNW Books to Read Before You Die 25 Books From the 21st Century 25 Memoirs to Read Before You Die 25 Global Books to Read Before You Die 25 Women to Read Before You Die 25 Books to Read Before You Die Gifts Gift Cards  eGift Cards Powells Souvenirs Journals and Notebooks socks Games Sell Books Blog Events Find A Store Dont Miss BIG SALE 20 off sitewide Picks of the Season What Im Giving Great Gifts Under 25 Best Books of 2022 Powells Author Events Oregon Battle of the Books Audio Books Visit Our Stores Powells Books 14 Gift Ideas From 14 of Our Favorite Authors 0 comment Every year Powells reaches out to some of our favorite authors for some muchneeded giftgiving inspiration Below are 14 writerapproved recommendations to help you find the perfect book for even your mostdifficulttobuyfor loved one Read More  Powells Staff Best Books of 2022 Fiction 1 comment Kelsey Ford 6 Haunting Native American Horror Books 1 comment 1 LOCOK 1 LOCOK LOCCancel 1 LOCOK LOCCancel An Introduction to Combustion by Warren C Strahle Comment on this title Synopses  Reviews ISBN13 9782881246081 ISBN10 2881246087 All Product Details View Larger Image View Larger Images 5327 New Trade Paperback Available at a Remote Warehouse Ships separately from other items Additional shipping charges may apply Not available for In Store Pickup More Info Qty Store 20 Remote Warehouse Synopses  Reviews Synopsis This book introduces combustion related topics including chemical thermodynamics chemical kinetics deflagrations detonations in premixed media diffusion flames ignition and flame stabilization to undergraduate students in mechanical aerospace chemical and civil engineering What Our Readers Are Saying Be the first to share your thoughts on this title Product Details ISBN 9782881246081 Binding Trade Paperback Publication date 12131993 Publisher CRC Press Series info Combustion Science and Technology Book Series Language English Pages 192 Height 39IN Width 604IN Thickness 39 in LCCN 92042248 Series Number 1 Number of Units 1 Copyright Year 1993 Series Volume 1 UPC Code 9782881246081 Author Strahle Author W Strahle Author Warren C Strahle Ed William A Sirignano Author Strahle Author Warren C Strahle Subject Mechanical Subject Chemistry  Physical Chemistry Subject Combustion 5327 New Trade Paperback Available at a Remote Warehouse Ships separately from other items Additional shipping charges may apply Not available for In Store Pickup More Info Qty Store 20 Remote Warehouse Receive an email when this ISBN is available used 1 LOCOK 1 LOCOK LOCCancel 1 LOCOK LOCCancel 1 LOCOK 1 LOCOK LOCCancel 1 LOCOK LOCCancel 1 LOCOK 1 LOCOK LOCCancel 1 LOCOK LOCCancel 1 LOCOK 1 LOCOK LOCCancel 1 LOCOK LOCCancel Help Guarantee My Account Careers About Us Security Wish List Partners Contact Us Shipping Transparency ACT MRF Sitemap  2022 POWELLSCOM Terms 1 LOCOK 1 LOCOK LOCCancel 1 LOCOK LOCCancel 1 LOCOK 1 LOCOK LOCCancel 1 LOCOK LOCCancel 1 LOCOK 1 LOCOK LOCCancel 1 LOCOK LOCCancel 1 LOCOK 1 LOCOK LOCCancel 1 LOCOK LOCCancel"}