{"Title": " Alchemy & Mysticism ", "Author": "Alexander Roob", "Cover Page": "https://powells-covers-2.s3.amazonaws.com/9783836549363.jpg", "ISBN10": "3836549360  \n", "ISBN13": "9783836549363", "Page URL": "https://powells.com/book/alchemy-mysticism-9783836549363", "raw_text": "Alchemy  Mysticism Alexander Roob Hardcover 9783836549363 Powells Books Cart   my account  wish list  help  8008787323 Hello\n Login MENU Browse New Arrivals Bestsellers Featured Preorders Award Winners Audio Books See All Subjects Used Staff Picks Staff Picks Picks of the Month Bookseller Displays 50 Books for 50 Years 25 Best 21st Century SciFi  Fantasy 25 PNW Books to Read Before You Die 25 Books From the 21st Century 25 Memoirs to Read Before You Die 25 Global Books to Read Before You Die 25 Women to Read Before You Die 25 Books to Read Before You Die Gifts Gift Cards  eGift Cards Powells Souvenirs Journals and Notebooks socks Games Sell Books Blog Events Find A Store Dont Miss BIG SALE 20 off sitewide Picks of the Season What Im Giving Great Gifts Under 25 Best Books of 2022 Powells Author Events Oregon Battle of the Books Audio Books Visit Our Stores Powells Books 14 Gift Ideas From 14 of Our Favorite Authors 0 comment Every year Powells reaches out to some of our favorite authors for some muchneeded giftgiving inspiration Below are 14 writerapproved recommendations to help you find the perfect book for even your mostdifficulttobuyfor loved one Read More  Powells Staff Best Books of 2022 Fiction 1 comment Kelsey Ford 6 Haunting Native American Horror Books 1 comment 1 LOCOK 1 LOCOK LOCCancel 1 LOCOK LOCCancel Alchemy  Mysticism by Alexander Roob Comment on this title Synopses  Reviews ISBN13 9783836549363 ISBN10 3836549360 All Product Details View Larger Image View Larger Images 2500 New Hardcover Ships in 1 to 3 days Qty Store 8 Burnside 20 Local Warehouse Synopses  Reviews Publisher Comments Signs and wonders\u00a0A fantastic journey through the history of esoteric lore The Hermetic Museum takes readers on a magical mystery tour spanning an arc from the medieval cosmogram and images of Christian mysticism through the fascinating world of alchemy to the art of the Romantic era The enigmatic hieroglyphs of cabalists Rosicrucians and freemasons are shown to be closely linked with the early scientific illustrations in the fields of medicine chemistry optics and color theory Even for those with no knowledge of the fascinating history of alchemy this book is a delight to explore Each richly illustrated chapter begins with an introduction and quotes from alchemists by specialist Alexander Roob The roots of surrealism and many other more recent artistic movements can be found in this treasure trove About the Series Bibliotheca Universalis  Compact cultural companions celebrating the eclectic TASCHEN universe at an unbeatable democratic price  Since we started our work as cultural archaeologists in 1980 the name TASCHEN has become synonymous with accessible openminded publishing Bibliotheca Universalis brings together nearly 100 of our alltime favorite titles in a neat new format so you can curate your own affordable library of art anthropology and aphrodisia Bookworms delight  never bore always excite  Synopsis A fantastic journey through the history of esoteric lore The Hermetic Museum takes its readers on a magical mystery tour spanning an arc from the mediaeval cosmogram and images of Christian mysticism through the fascinating world of alchemy to the art of the Romantic era The enigmatic hieroglyphs of cabbalists Rosicrucians and freemasons are shown to be closely linked with the early scientific illustrations in the fields of medicine chemistry optics and colour theory Synopsis The Hermetic Museum takes readers on a magical mystery tour spanning an arc from the medieval cosmogram and images of Christian mysticism through the fascinating world of alchemy to the art of the Romantic era The enigmatic hieroglyphs of cabalists Rosicrucians and freemasons are shown to be closely linked with the early scientific illustrations in the fields of medicine chemistry optics and color theory Even for those with no knowledge of the fascinating history of alchemy this book is a delight to explore Each richly illustrated chapter begins with an introduction and quotes from alchemists by specialist Alexander Roob The roots of surrealism and many other more recent artistic movements can be found in this treasure trove About the series Bibliotheca UniversalisCompact cultural companions celebrating the eclectic TASCHEN universe at an unbeatable democratic price Since we started our work as cultural archaeologists in 1980 TASCHEN has become synonymous with accessible openminded publishing Bibliotheca Universalis brings together more than 100 of our alltime favorite titles in a neat new format so you can curate your own affordable library of art anthropology and aphrodisiaBookworms delightnever bore always excite About the Author Alexander Roob studied painting at the University of Fine Arts Berlin From 2000 to 2002 he was a professor at the University of Fine Arts Hamburg He has been teaching at the Academy of Fine Arts Stuttgart since 2002 What Our Readers Are Saying Be the first to share your thoughts on this title Product Details ISBN 9783836549363 Binding Hardcover Publication date 02282014 Publisher BENEDIKT TASCHEN Pages 576 Height 160IN Width 580IN Illustration Yes Copyright Year 2014 Author Alexander Roob Subject MetaphysicsMagic Witchcraft and Paganism Subject MetaphysicsGeneral 2500 New Hardcover Ships in 1 to 3 days Qty Store 8 Burnside 20 Local Warehouse Receive an email when this ISBN is available used This title in other editions Used Flexible 1595 Used Hardcover 1795 1 LOCOK 1 LOCOK LOCCancel 1 LOCOK LOCCancel 1 LOCOK 1 LOCOK LOCCancel 1 LOCOK LOCCancel 1 LOCOK 1 LOCOK LOCCancel 1 LOCOK LOCCancel 1 LOCOK 1 LOCOK LOCCancel 1 LOCOK LOCCancel Help Guarantee My Account Careers About Us Security Wish List Partners Contact Us Shipping Transparency ACT MRF Sitemap  2022 POWELLSCOM Terms 1 LOCOK 1 LOCOK LOCCancel 1 LOCOK LOCCancel 1 LOCOK 1 LOCOK LOCCancel 1 LOCOK LOCCancel 1 LOCOK 1 LOCOK LOCCancel 1 LOCOK LOCCancel 1 LOCOK 1 LOCOK LOCCancel 1 LOCOK LOCCancel"}