{"Title": " Berlin Architecture & Design ", "Author": "Chris Van Uffelen", "Cover Page": "https://covers.powells.com/9783823845485.jpg", "ISBN10": "3823845489  \n", "ISBN13": "9783823845485", "Page URL": "https://powells.com/book/berlin-architecture-design-9783823845485", "raw_text": "Berlin Architecture  Design Chris Van Uffelen Flexible 9783823845485 Powells Books Cart   my account  wish list  help  8008787323 Hello\n Login MENU Browse New Arrivals Bestsellers Featured Preorders Award Winners Audio Books See All Subjects Used Staff Picks Staff Picks Picks of the Month Bookseller Displays 50 Books for 50 Years 25 Best 21st Century SciFi  Fantasy 25 PNW Books to Read Before You Die 25 Books From the 21st Century 25 Memoirs to Read Before You Die 25 Global Books to Read Before You Die 25 Women to Read Before You Die 25 Books to Read Before You Die Gifts Gift Cards  eGift Cards Powells Souvenirs Journals and Notebooks socks Games Sell Books Blog Events Find A Store Dont Miss BIG SALE 20 off sitewide Picks of the Season What Im Giving Great Gifts Under 25 Best Books of 2022 Powells Author Events Oregon Battle of the Books Audio Books Visit Our Stores Powells Books 14 Gift Ideas From 14 of Our Favorite Authors 0 comment Every year Powells reaches out to some of our favorite authors for some muchneeded giftgiving inspiration Below are 14 writerapproved recommendations to help you find the perfect book for even your mostdifficulttobuyfor loved one Read More  Powells Staff Best Books of 2022 Fiction 1 comment Kelsey Ford 6 Haunting Native American Horror Books 1 comment 1 LOCOK 1 LOCOK LOCCancel 1 LOCOK LOCCancel Berlin Architecture  Design by Chris Van Uffelen Comment on this title Synopses  Reviews ISBN13 9783823845485 ISBN10 3823845489 Condition Standard All Product Details View Larger Image View Larger Images 895 List Price 1295 Used Flexible Ships in 1 to 3 days Qty Store 1 Burnside 1 Local Warehouse Synopses  Reviews Publisher Comments An invaluable guide to this city on the cuttingedge Since the end of the Cold War and unification Berlins scale and skyline have been utterly transformed by some of the best architects working today All of the citys new landmark buildings are covered beginning with Daniel Libeskinds Jewish Museum 19881998 and continuing through to a host of diplomatic municipal residential and commercial projects What Our Readers Are Saying Be the first to share your thoughts on this title Product Details ISBN 9783823845485 Binding Flexible Publication date 11012003 Publisher TENEUES PUBLISHING Pages 192 Height 524 in Width 504 in Thickness 83 in Number of Units 1 Copyright Year 2003 UPC Code 2803823845487 Editor Chris Van Uffelen Author Chris Van Uffelen 895 List Price 1295 Used Flexible Ships in 1 to 3 days Qty Store 1 Burnside 1 Local Warehouse 1 LOCOK 1 LOCOK LOCCancel 1 LOCOK LOCCancel 1 LOCOK 1 LOCOK LOCCancel 1 LOCOK LOCCancel 1 LOCOK 1 LOCOK LOCCancel 1 LOCOK LOCCancel 1 LOCOK 1 LOCOK LOCCancel 1 LOCOK LOCCancel Help Guarantee My Account Careers About Us Security Wish List Partners Contact Us Shipping Transparency ACT MRF Sitemap  2022 POWELLSCOM Terms 1 LOCOK 1 LOCOK LOCCancel 1 LOCOK LOCCancel 1 LOCOK 1 LOCOK LOCCancel 1 LOCOK LOCCancel 1 LOCOK 1 LOCOK LOCCancel 1 LOCOK LOCCancel 1 LOCOK 1 LOCOK LOCCancel 1 LOCOK LOCCancel"}