{"Title": " Vermeer ", "Author": "Taschen", "Cover Page": "https://powells-covers-2.s3.amazonaws.com/9783836504898.jpg", "ISBN10": "3836504898  \n", "ISBN13": "9783836504898", "Page URL": "https://powells.com/book/vermeer-9783836504898", "raw_text": "Vermeer  Norbert Schneider Hardcover 9783836504898 Powells Books Cart   my account  wish list  help  8008787323 Hello\n Login MENU Browse New Arrivals Bestsellers Featured Preorders Award Winners Audio Books See All Subjects Used Staff Picks Staff Picks Picks of the Month Bookseller Displays 50 Books for 50 Years 25 Best 21st Century SciFi  Fantasy 25 PNW Books to Read Before You Die 25 Books From the 21st Century 25 Memoirs to Read Before You Die 25 Global Books to Read Before You Die 25 Women to Read Before You Die 25 Books to Read Before You Die Gifts Gift Cards  eGift Cards Powells Souvenirs Journals and Notebooks socks Games Sell Books Blog Events Find A Store Dont Miss BIG SALE 20 off sitewide Picks of the Season What Im Giving Great Gifts Under 25 Best Books of 2022 Powells Author Events Oregon Battle of the Books Audio Books Visit Our Stores Powells Books 14 Gift Ideas From 14 of Our Favorite Authors 0 comment Every year Powells reaches out to some of our favorite authors for some muchneeded giftgiving inspiration Below are 14 writerapproved recommendations to help you find the perfect book for even your mostdifficulttobuyfor loved one Read More  Powells Staff Best Books of 2022 Fiction 1 comment Kelsey Ford 6 Haunting Native American Horror Books 1 comment 1 LOCOK 1 LOCOK LOCCancel 1 LOCOK LOCCancel Vermeer by Taschen Comment on this title Synopses  Reviews ISBN13 9783836504898 ISBN10 3836504898 All Product Details View Larger Image View Larger Images 1600 List Price 2000 New Hardcover Ships in 1 to 3 days Qty Store 5 Burnside Synopses  Reviews Publisher Comments Veiled emotions\u00a0Vermeers women their duties and unspoken dreams The 35 paintings that have come down to us from the hand of Jan Vermeer 16321675 place him beside Rembrandt and Frans Hals as one of the great masters of the golden age of Dutch art  Little is known of Vermeers early life and training though we can be certain that he never knew great success or acclaim during his lifetime and after his deathreputedly in part because of the stress of his debtshis work was almost completely forgotten for the best part of two centuries And yet today he is acknowledged as an exquisitely talented and highly original artist  Most of his pictures all of which are reproduced in this book show middleclass women about their daily business Vermeer records the tasks and duties of these women the imperatives of virtue under which their lives were lived while also evoking their dreams and their contrasting inner worlds About the Series Each book in TASCHENs Basic Art series features a detailed chronological summary of the life and oeuvre of the artist covering his or her cultural and historical importance a concise biography approximately 100 illustrations with explanatory captions Synopsis Surfaces and secrets A spellbinding realism and intrigue Though numbering just 35 known works the oeuvre of Johannes Vermeer 16321675 is hailed as one of the most important and inspiring portfolios in art history  His paintings have prompted a New York Times bestseller a film starring Scarlett Johansson and record visitor numbers at art institutions from Amsterdam to Washington Vermeers subjects focus on daily domestic activities from letter writing to music playing to preparations in the kitchen The scenes astound with their meticulous detail majestic planes of light  and with Vermeers extraordinary ability to draw out narrative intrigues  In such beloved paintings as Lady Standing at a Virginal  A Lady Writing a Letter with Her Maid and most famously the enigmatic wideeyed and enchanting Girl with a Pearl Earring  Vermeer evokes not only the effects of substance and texture but also the many stories and secrets that reside beneath the surface Featuring all Vermeers known works and succinct accessible texts this essential introduction explores Vermeers leading place in art history and his unique ability to transform oil paint into a living breathing scene of human life About the series Each book in TASCHENs Basic Art series features a detailed chronological summary of the life and oeuvre of the artist covering his or her cultural and historical importance a concise biography approximately 100 illustrations with explanatory captions Synopsis Though numbering just 35 known works the oeuvre of Johannes Vermeer 16321675 is hailed as one of the most important and inspiring portfolios in art history His paintings have prompted a New York Times best seller a film starring Scarlett Johansson and record visitor numbers at art institutions from Amsterdam to Washington Vermeers subjects focus on daily domestic activities from letter writing to music playing to preparations in the kitchen The scenes astound with their meticulous detail majestic planes of light and with Vermeers extraordinary ability to draw out narrative intrigues In such beloved paintings as Lady Standing at a Virginal A Lady Writing a Letter with Her Maid and most famously the enigmatic wideeyed and enchanting Girl with a Pearl Earring Vermeer evokes not only the effects of substance and texture but also the many stories and secrets that reside beneath the surface Featuring all Vermeers known works and succinct accessible texts this essential introduction explores Vermeers leading place in art history and his unique ability to transform oil paint into a living breathing scene of human life About the series Each book in TASCHENs Basic Art series features a detailed chronological summary of the life and oeuvre of the artist covering his or her cultural and historical importance a concise biography approximately 100 illustrations with explanatory captions About the Author Norbert Schneider b 1945 is Professor of Art History at the University of Karlsruhe His research focuses on art history of the Middle Ages and early modern times and the history of genres of painting the methodology of art studies and the history of philosophy His numerous books include TASCHENs The Art of the Portrait Masterpieces of European Portrait Painting 14201670 and Jan Vermeer The Complete Paintings What Our Readers Are Saying Be the first to share your thoughts on this title Product Details ISBN 9783836504898 Binding Hardcover Publication date 02152016 Publisher BENEDIKT TASCHEN Pages 96 Height 70IN Width 830IN Illustration Yes Author Taschen Author Norbert Schneider Subject ART  Individual Artists  Monographs Subject ART  Individual Artists  General 1600 List Price 2000 New Hardcover Ships in 1 to 3 days Qty Store 5 Burnside Receive an email when this ISBN is available used More copies of this ISBN New Hardcover 2000 1 LOCOK 1 LOCOK LOCCancel 1 LOCOK LOCCancel 1 LOCOK 1 LOCOK LOCCancel 1 LOCOK LOCCancel 1 LOCOK 1 LOCOK LOCCancel 1 LOCOK LOCCancel 1 LOCOK 1 LOCOK LOCCancel 1 LOCOK LOCCancel Help Guarantee My Account Careers About Us Security Wish List Partners Contact Us Shipping Transparency ACT MRF Sitemap  2022 POWELLSCOM Terms 1 LOCOK 1 LOCOK LOCCancel 1 LOCOK LOCCancel 1 LOCOK 1 LOCOK LOCCancel 1 LOCOK LOCCancel 1 LOCOK 1 LOCOK LOCCancel 1 LOCOK LOCCancel 1 LOCOK 1 LOCOK LOCCancel 1 LOCOK LOCCancel"}