{"Title": " Seminaire de Probabilites XXXIV ", "Author": "Azema, J.", "Cover Page": "https://covers.powells.com/9783540673149.jpg", "ISBN10": "3540673148  \n", "ISBN13": "9783540673149", "Page URL": "https://powells.com/book/seminaire-de-probabilites-xxxiv-9783540673149", "raw_text": "Seminaire de Probabilites XXXIV Azema J Trade Paperback 9783540673149 Powells Books Cart   my account  wish list  help  8008787323 Hello\n Login MENU Browse New Arrivals Bestsellers Featured Preorders Award Winners Audio Books See All Subjects Used Staff Picks Staff Picks Picks of the Month Bookseller Displays 50 Books for 50 Years 25 Best 21st Century SciFi  Fantasy 25 PNW Books to Read Before You Die 25 Books From the 21st Century 25 Memoirs to Read Before You Die 25 Global Books to Read Before You Die 25 Women to Read Before You Die 25 Books to Read Before You Die Gifts Gift Cards  eGift Cards Powells Souvenirs Journals and Notebooks socks Games Sell Books Blog Events Find A Store Dont Miss BIG SALE 20 off sitewide Picks of the Season What Im Giving Great Gifts Under 25 Best Books of 2022 Powells Author Events Oregon Battle of the Books Audio Books Visit Our Stores Powells Books 14 Gift Ideas From 14 of Our Favorite Authors 0 comment Every year Powells reaches out to some of our favorite authors for some muchneeded giftgiving inspiration Below are 14 writerapproved recommendations to help you find the perfect book for even your mostdifficulttobuyfor loved one Read More  Powells Staff Best Books of 2022 Fiction 1 comment Kelsey Ford 6 Haunting Native American Horror Books 1 comment 1 LOCOK 1 LOCOK LOCCancel 1 LOCOK LOCCancel Seminaire de Probabilites XXXIV by Azema J Comment on this title ISBN13 9783540673149 ISBN10 3540673148 All Product Details View Larger Image View Larger Images 8995 New Trade Paperback Available at a Remote Warehouse Ships separately from other items Additional shipping charges may apply Not available for In Store Pickup More Info Qty Store 20 Remote Warehouse Table of Contents Branching and interacting particle systems  Approximations of FeynmanKac formulae with applications to nonlinear filtering  P del Moral L Miclo  Exponential inequalities for Bessel processes  N Eisenbaum  On sums of iid random variables indexed by N parameters  D Khoshnevisan  Series of iterated quantum stochastic integrals  S Attal RL Hudson  pvariation for families of local times on lines  H Kaspi J Rosen  Large deviations for some Poisson random integrals  ZJ Jurek L Wu  Formes de Dirichlet sur un espace de WienerPoisson  Application au grossissement de filtration  L DenisA Grorud M Pontier  Saturations of gambling houses  A Maitra W Sudderth  Convergence of a GibbsBoltzmann random measure for a typed branching diffusion  SC Harris  Time dependent subordination and Markov processes with jumps  M Nagasawa H Tanaka  Marked excursions and random trees  DG Hobson  Laws of the iterated logarithm for the Brownian snake  L Serlet  On the OnsagerMachlup functional for elliptic diffusion processes  M Capitaine  A unified approach to several inequalities for Gaussian and diffusion measures  Y Hu  Trous spectraux pour certains algorithmes de Metropolis sur R  L Miclo C Roberto  Comportement asymptotique des fonctions harmoniques sur les arbres  F Mouton  Asymptotic estimates for the first hitting time of fluctuating additive functionals of Brownian motion  Y Isozaki S Kotani  Monotonicity property for a class of semilinear partial differential equations  S Athreya  Fast sets and points for fractional Brownian motion  D Khoshnevisan Z Shi  Some invariance properties of the laws of Ocones martingales  L Vostrikova M Yor What Our Readers Are Saying Be the first to share your thoughts on this title Product Details ISBN 9783540673149 Binding Trade Paperback Publication date 05062000 Publisher Springer Series info Lecture Notes in Mathematics Language English Pages 440 Height 91IN Width 614IN Series Lecture Notes in Mathematics  S\u00c3minaire de Probabilit\u00c3s Number of Units 1 Copyright Year 2000 Series Volume 1729 UPC Code 2803540673141 Editor M Emery Author M LeDoux Author M Emery Author M Yor Editor M Yor Author J Azema Editor J Azema Subject Probability Theory and Stochastic Processes Subject Stochastic processes Subject Language literature and biography Subject Distribution Probability theory Subject random particle systems Subject Mathematics  Probability and Statistics Subject mathematics and statistics Subject Probabilities Subject Mathematics 8995 New Trade Paperback Available at a Remote Warehouse Ships separately from other items Additional shipping charges may apply Not available for In Store Pickup More Info Qty Store 20 Remote Warehouse Receive an email when this ISBN is available used 1 LOCOK 1 LOCOK LOCCancel 1 LOCOK LOCCancel 1 LOCOK 1 LOCOK LOCCancel 1 LOCOK LOCCancel 1 LOCOK 1 LOCOK LOCCancel 1 LOCOK LOCCancel 1 LOCOK 1 LOCOK LOCCancel 1 LOCOK LOCCancel Help Guarantee My Account Careers About Us Security Wish List Partners Contact Us Shipping Transparency ACT MRF Sitemap  2022 POWELLSCOM Terms 1 LOCOK 1 LOCOK LOCCancel 1 LOCOK LOCCancel 1 LOCOK 1 LOCOK LOCCancel 1 LOCOK LOCCancel 1 LOCOK 1 LOCOK LOCCancel 1 LOCOK LOCCancel 1 LOCOK 1 LOCOK LOCCancel 1 LOCOK LOCCancel"}