{"Title": " James Serrin. Selected Papers: Volume 1 ", "Author": "Pucci, Patrizia", "Cover Page": "https://covers.powells.com/9783034806848.jpg", "ISBN10": "3034806841  \n", "ISBN13": "9783034806848", "Page URL": "https://powells.com/book/james-serrin-selected-papers-9783034806848", "raw_text": "James Serrin Selected Papers Volume 1 Pucci Patrizia Hardcover 9783034806848 Powells Books Cart   my account  wish list  help  8008787323 Hello\n Login MENU Browse New Arrivals Bestsellers Featured Preorders Award Winners Audio Books See All Subjects Used Staff Picks Staff Picks Picks of the Month Bookseller Displays 50 Books for 50 Years 25 Best 21st Century SciFi  Fantasy 25 PNW Books to Read Before You Die 25 Books From the 21st Century 25 Memoirs to Read Before You Die 25 Global Books to Read Before You Die 25 Women to Read Before You Die 25 Books to Read Before You Die Gifts Gift Cards  eGift Cards Powells Souvenirs Journals and Notebooks socks Games Sell Books Blog Events Find A Store Dont Miss BIG SALE 20 off sitewide Picks of the Season What Im Giving Great Gifts Under 25 Best Books of 2022 Powells Author Events Oregon Battle of the Books Audio Books Visit Our Stores Powells Books 14 Gift Ideas From 14 of Our Favorite Authors 0 comment Every year Powells reaches out to some of our favorite authors for some muchneeded giftgiving inspiration Below are 14 writerapproved recommendations to help you find the perfect book for even your mostdifficulttobuyfor loved one Read More  Powells Staff Best Books of 2022 Fiction 1 comment Kelsey Ford 6 Haunting Native American Horror Books 1 comment 1 LOCOK 1 LOCOK LOCCancel 1 LOCOK LOCCancel James Serrin Selected Papers Volume 1 by Pucci Patrizia Comment on this title Synopses  Reviews ISBN13 9783034806848 ISBN10 3034806841 All Product Details View Larger Image View Larger Images 22695 New Hardcover Available at a Remote Warehouse Ships separately from other items Additional shipping charges may apply Not available for In Store Pickup More Info Qty Store 20 Remote Warehouse Synopses  Reviews Publisher Comments These two volumes present the collected works of James Serrin He has done seminal work on a number of the basic tools needed for the study of solutions of partial differential equations Many of them have been and are being applied to solving problems in science and engineering Among the areas which he studied are maximum principle methods and related phenomena such as Harnacks inequality the compact support principle dead cores and bursts free boundary problems phase transitions the symmetry of solutions boundary layer theory singularities and fine regularity properties The volumes include commentaries by leading mathematicians to indicate the significance of the articles and to discuss further developments along the lines of these articles Table of Contents Photos Part 1 Preface Introduction Biography of James Serrin Papers and commentaries What Our Readers Are Saying Be the first to share your thoughts on this title Product Details ISBN 9783034806848 Binding Hardcover Publication date 07012014 Publisher Birkhauser Series info Contemporary Mathematicians Language English Pages 835 Height 175IN Width 700IN Series Contemporary Mathematicians Number of Units 1 Copyright Year 2013 Series Volume Volume 1 UPC Code 9783034806848 Author Patrizia Pucci Author Vicentiu D Radulescu Author Hans Weinberger Subject Language literature and biography Subject nonlinear analysis Subject James Serrin Subject Mathematics  History Subject History of Mathematical Sciences Subject Applied Functional Analysis Subject mathematics and statistics Subject Mathematics Subject History 22695 New Hardcover Available at a Remote Warehouse Ships separately from other items Additional shipping charges may apply Not available for In Store Pickup More Info Qty Store 20 Remote Warehouse Receive an email when this ISBN is available used 1 LOCOK 1 LOCOK LOCCancel 1 LOCOK LOCCancel 1 LOCOK 1 LOCOK LOCCancel 1 LOCOK LOCCancel 1 LOCOK 1 LOCOK LOCCancel 1 LOCOK LOCCancel 1 LOCOK 1 LOCOK LOCCancel 1 LOCOK LOCCancel Help Guarantee My Account Careers About Us Security Wish List Partners Contact Us Shipping Transparency ACT MRF Sitemap  2022 POWELLSCOM Terms 1 LOCOK 1 LOCOK LOCCancel 1 LOCOK LOCCancel 1 LOCOK 1 LOCOK LOCCancel 1 LOCOK LOCCancel 1 LOCOK 1 LOCOK LOCCancel 1 LOCOK LOCCancel 1 LOCOK 1 LOCOK LOCCancel 1 LOCOK LOCCancel"}