{"Title": " Positive Polynomials: From Hilbert's 17th Problem to Real Algebra ", "Author": "Alexander Prestel", "Cover Page": "https://covers.powells.com/9783540412151.jpg", "ISBN10": "3540412158  \n", "ISBN13": "9783540412151", "Page URL": "https://powells.com/book/positive-polynomials-9783540412151", "raw_text": "Positive Polynomials From Hilbert S 17th Problem to Real Algebra Prestel Alexander and Prestel A and Delzell Charles N Hardcover 9783540412151 Powells Books Cart   my account  wish list  help  8008787323 Hello\n Login MENU Browse New Arrivals Bestsellers Featured Preorders Award Winners Audio Books See All Subjects Used Staff Picks Staff Picks Picks of the Month Bookseller Displays 50 Books for 50 Years 25 Best 21st Century SciFi  Fantasy 25 PNW Books to Read Before You Die 25 Books From the 21st Century 25 Memoirs to Read Before You Die 25 Global Books to Read Before You Die 25 Women to Read Before You Die 25 Books to Read Before You Die Gifts Gift Cards  eGift Cards Powells Souvenirs Journals and Notebooks socks Games Sell Books Blog Events Find A Store Dont Miss BIG SALE 20 off sitewide Picks of the Season What Im Giving Great Gifts Under 25 Best Books of 2022 Powells Author Events Oregon Battle of the Books Audio Books Visit Our Stores Powells Books 14 Gift Ideas From 14 of Our Favorite Authors 0 comment Every year Powells reaches out to some of our favorite authors for some muchneeded giftgiving inspiration Below are 14 writerapproved recommendations to help you find the perfect book for even your mostdifficulttobuyfor loved one Read More  Powells Staff Best Books of 2022 Fiction 1 comment Kelsey Ford 6 Haunting Native American Horror Books 1 comment 1 LOCOK 1 LOCOK LOCCancel 1 LOCOK LOCCancel Positive Polynomials From Hilberts 17th Problem to Real Algebra by Alexander Prestel and Charles Delzell Comment on this title Synopses  Reviews ISBN13 9783540412151 ISBN10 3540412158 All Product Details View Larger Image View Larger Images 14395 New Hardcover Available at a Remote Warehouse Ships separately from other items Additional shipping charges may apply Not available for In Store Pickup More Info Qty Store 20 Remote Warehouse Synopses  Reviews Publisher Comments Positivity is one of the most basic mathematical concepts involved in many areas of mathematics analysis real algebraic geometry functional analysis etc The main objective of the book is to give useful characterizations of polynomials Beyond basic knowledge in algebra only valuation theory as explained in the appendix is needed Review From the reviews of the first edition This is a nicely written introduction to reality and positivity in rings and besides students and researchers it can also be interesting for anyone who would like to learn more on positivity and orderings Vilmos Totik Acta Scientiarum Mathematicarum Vol 68 2002 A book on real algebra that serves as an introduction to the subject in addition to the main theme of the text  Well written with exercises for every chapter ASLIB Book Guide Vol 66 11 2001 Review From the reviews of the first edition This is a nicely written introduction to reality and positivity in rings and besides students and researchers it can also be interesting for anyone who would like to learn more on positivity and orderings Vilmos Totik Acta Scientiarum Mathematicarum Vol 68 2002 A book on real algebra that serves as an introduction to the subject in addition to the main theme of the text  Well written with exercises for every chapter ASLIB Book Guide Vol 66 11 2001 Synopsis Positivity is one of the most basic mathematical concepts In many areas of mathematics like analysis real algebraic geometry functional analysis etc it shows up as positivity of a polynomial on a certain subset of Rn which itself is often given by polynomial inequalities The main objective of the book is to give useful characterizations of such polynomials It takes as starting point Hilberts 17th Problem from 1900 and explains how E Artins solution of that problem eventually led to the development of real algebra towards the end of the 20th century Beyond basic knowledge in algebra only valuation theory as explained in the appendix is needed Thus the monograph can also serve as the basis for a 2semester course in real algebra Table of Contents I Real Fields II Semialgebraic Sets III Quadratic Forms over Real Fields IV Real Rings V Archimedean Rings VI Positive Polynomials on Semialgebraic Sets VII Sums of 2mth Powers VIII Bounds Appendix What Our Readers Are Saying Be the first to share your thoughts on this title Product Details ISBN 9783540412151 Binding Hardcover Publication date 04242001 Publisher Springer Series info Springer Monographs in Mathematics Language English Pages 268 Height 86IN Width 640IN LCCN 2001020855 Series Springer Monographs in Mathematics Number of Units 1 Copyright Year 2001 Series Volume FS04601 UPC Code 2803540412153 Author Charles N Delzell Author A Prestel Author Alexander Prestel Author Charles Delzell Subject Hilberts 17th Problem Subject mathematics and statistics Subject Mathematics Subject B Subject Positive polynomials Subject Real Algebra Subject Valued fields Subject Polynomials Subject Semialgebraic sets Subject Algebra Subject MathematicsAnalysis General 14395 New Hardcover Available at a Remote Warehouse Ships separately from other items Additional shipping charges may apply Not available for In Store Pickup More Info Qty Store 20 Remote Warehouse Receive an email when this ISBN is available used This title in other editions New Trade Paperback 11995 1 LOCOK 1 LOCOK LOCCancel 1 LOCOK LOCCancel 1 LOCOK 1 LOCOK LOCCancel 1 LOCOK LOCCancel 1 LOCOK 1 LOCOK LOCCancel 1 LOCOK LOCCancel 1 LOCOK 1 LOCOK LOCCancel 1 LOCOK LOCCancel Help Guarantee My Account Careers About Us Security Wish List Partners Contact Us Shipping Transparency ACT MRF Sitemap  2022 POWELLSCOM Terms 1 LOCOK 1 LOCOK LOCCancel 1 LOCOK LOCCancel 1 LOCOK 1 LOCOK LOCCancel 1 LOCOK LOCCancel 1 LOCOK 1 LOCOK LOCCancel 1 LOCOK LOCCancel 1 LOCOK 1 LOCOK LOCCancel 1 LOCOK LOCCancel"}