{"Title": " Density Functional Theory II Relativistic & Time Dependent Extensions ", "Author": "R F Nalewajski", "Cover Page": "https://covers.powells.com/9783540610922.jpg", "ISBN10": "3540610928  \n", "ISBN13": "9783540610922", "Page URL": "https://powells.com/book/density-functional-theory-ii-relativistic-time-dependent-extensions-9783540610922", "raw_text": "Density Functional Theory II Relativistic and Time Dependent Extensions Nalewajski Hardcover 9783540610922 Powells Books Cart   my account  wish list  help  8008787323 Hello\n Login MENU Browse New Arrivals Bestsellers Featured Preorders Award Winners Audio Books See All Subjects Used Staff Picks Staff Picks Picks of the Month Bookseller Displays 50 Books for 50 Years 25 Best 21st Century SciFi  Fantasy 25 PNW Books to Read Before You Die 25 Books From the 21st Century 25 Memoirs to Read Before You Die 25 Global Books to Read Before You Die 25 Women to Read Before You Die 25 Books to Read Before You Die Gifts Gift Cards  eGift Cards Powells Souvenirs Journals and Notebooks socks Games Sell Books Blog Events Find A Store Dont Miss BIG SALE 20 off sitewide Picks of the Season What Im Giving Great Gifts Under 25 Best Books of 2022 Powells Author Events Oregon Battle of the Books Audio Books Visit Our Stores Powells Books 14 Gift Ideas From 14 of Our Favorite Authors 0 comment Every year Powells reaches out to some of our favorite authors for some muchneeded giftgiving inspiration Below are 14 writerapproved recommendations to help you find the perfect book for even your mostdifficulttobuyfor loved one Read More  Powells Staff Best Books of 2022 Fiction 1 comment Kelsey Ford 6 Haunting Native American Horror Books 1 comment 1 LOCOK 1 LOCOK LOCCancel 1 LOCOK LOCCancel Density Functional Theory II Relativistic  Time Dependent Extensions by R F Nalewajski Comment on this title ISBN13 9783540610922 ISBN10 3540610928 All Product Details View Larger Image View Larger Images 29995 New Hardcover Available at a Remote Warehouse Ships separately from other items Additional shipping charges may apply Not available for In Store Pickup More Info Qty Store 20 Remote Warehouse Table of Contents Contents Forewords by Professor RG Parr and Professor W Kohn E Engel and RM Dreizler Relativistic Density Functional Theory  EK Gross JF Dobson and M Petersilka Density Functional Theory of TimeDependent Phenomena  AK Rajagopal and FA Buot Generalized Functional Theory of Interacting Coupled Liouvillean Quantum Fields of Condensed Matter  What Our Readers Are Saying Be the first to share your thoughts on this title Product Details ISBN 9783540610922 Binding Hardcover Publication date 10021996 Publisher SPRINGER NEW YORK INC Series info Topics in Current Chemistry Pages 220 Height 56IN Width 614IN Series Topics in Current Chemistry Series Number 181 Number of Units 1 Illustration Yes Copyright Year 1996 Series Volume 181 UPC Code 2803540610924 Author R F Nalewajski Subject density functional theory Subject Mathematical physics  Congresses Subject Physical chemistry Subject Computerchemie Subject Chemistry and Materials Science Subject Theoretical and Computational Chemistry Subject DichtefunktionalTheorie Subject Organic chemistry Subject Computer Applications in Chemistry Subject Chemistry  Physical Chemistry Subject Chemistry physical organic Subject Density functionals Subject Language literature and biography Subject Chemistry Subject Computational chemistry 29995 New Hardcover Available at a Remote Warehouse Ships separately from other items Additional shipping charges may apply Not available for In Store Pickup More Info Qty Store 20 Remote Warehouse Receive an email when this ISBN is available used 1 LOCOK 1 LOCOK LOCCancel 1 LOCOK LOCCancel 1 LOCOK 1 LOCOK LOCCancel 1 LOCOK LOCCancel 1 LOCOK 1 LOCOK LOCCancel 1 LOCOK LOCCancel 1 LOCOK 1 LOCOK LOCCancel 1 LOCOK LOCCancel Help Guarantee My Account Careers About Us Security Wish List Partners Contact Us Shipping Transparency ACT MRF Sitemap  2022 POWELLSCOM Terms 1 LOCOK 1 LOCOK LOCCancel 1 LOCOK LOCCancel 1 LOCOK 1 LOCOK LOCCancel 1 LOCOK LOCCancel 1 LOCOK 1 LOCOK LOCCancel 1 LOCOK LOCCancel 1 LOCOK 1 LOCOK LOCCancel 1 LOCOK LOCCancel"}