{"Title": " Cool Shops Barcelona ", "Author": "Aurora Cuito", "Cover Page": "https://covers.powells.com/9783832790738.jpg", "ISBN10": "383279073X  \n", "ISBN13": "9783832790738", "Page URL": "https://powells.com/book/cool-shops-barcelona-9783832790738", "raw_text": "Cool Shops Barcelona Aurora Cuito Flexible 9783832790738 Powells Books Cart   my account  wish list  help  8008787323 Hello\n Login MENU Browse New Arrivals Bestsellers Featured Preorders Award Winners Audio Books See All Subjects Used Staff Picks Staff Picks Picks of the Month Bookseller Displays 50 Books for 50 Years 25 Best 21st Century SciFi  Fantasy 25 PNW Books to Read Before You Die 25 Books From the 21st Century 25 Memoirs to Read Before You Die 25 Global Books to Read Before You Die 25 Women to Read Before You Die 25 Books to Read Before You Die Gifts Gift Cards  eGift Cards Powells Souvenirs Journals and Notebooks socks Games Sell Books Blog Events Find A Store Dont Miss BIG SALE 20 off sitewide Picks of the Season What Im Giving Great Gifts Under 25 Best Books of 2022 Powells Author Events Oregon Battle of the Books Audio Books Visit Our Stores Powells Books 14 Gift Ideas From 14 of Our Favorite Authors 0 comment Every year Powells reaches out to some of our favorite authors for some muchneeded giftgiving inspiration Below are 14 writerapproved recommendations to help you find the perfect book for even your mostdifficulttobuyfor loved one Read More  Powells Staff Best Books of 2022 Fiction 1 comment Kelsey Ford 6 Haunting Native American Horror Books 1 comment 1 LOCOK 1 LOCOK LOCCancel 1 LOCOK LOCCancel Cool Shops Barcelona by Aurora Cuito Comment on this title ISBN13 9783832790738 ISBN10 383279073X Condition Standard All Product Details View Larger Image View Larger Images 250 List Price 1695 Used Flexible Ships in 1 to 3 days Qty Store 1 Local Warehouse What Our Readers Are Saying Be the first to share your thoughts on this title Product Details ISBN 9783832790738 Binding Flexible Publication date 10012005 Publisher TENEUES PUBLISHING Series info Cool Shops Pages 135 Height 876 in Width 608 in Thickness 45 in Series Cool Shops Number of Units 1 Copyright Year 2005 UPC Code 2803832790730 Editor Aurora Cuito Author Aurora Cuito 250 List Price 1695 Used Flexible Ships in 1 to 3 days Qty Store 1 Local Warehouse 1 LOCOK 1 LOCOK LOCCancel 1 LOCOK LOCCancel 1 LOCOK 1 LOCOK LOCCancel 1 LOCOK LOCCancel 1 LOCOK 1 LOCOK LOCCancel 1 LOCOK LOCCancel 1 LOCOK 1 LOCOK LOCCancel 1 LOCOK LOCCancel Help Guarantee My Account Careers About Us Security Wish List Partners Contact Us Shipping Transparency ACT MRF Sitemap  2022 POWELLSCOM Terms 1 LOCOK 1 LOCOK LOCCancel 1 LOCOK LOCCancel 1 LOCOK 1 LOCOK LOCCancel 1 LOCOK LOCCancel 1 LOCOK 1 LOCOK LOCCancel 1 LOCOK LOCCancel 1 LOCOK 1 LOCOK LOCCancel 1 LOCOK LOCCancel"}