{"Title": " Buildings That Changed The World ", "Author": "Klaus Reichold", "Cover Page": "https://covers.powells.com/9783791331317.jpg", "ISBN10": "3791331310  \n", "ISBN13": "9783791331317", "Page URL": "https://powells.com/book/buildings-that-changed-the-world-9783791331317", "raw_text": "Buildings That Changed the World  Klaus  Reichold Flexible 9783791331317 Powells Books Cart   my account  wish list  help  8008787323 Hello\n Login MENU Browse New Arrivals Bestsellers Featured Preorders Award Winners Audio Books See All Subjects Used Staff Picks Staff Picks Picks of the Month Bookseller Displays 50 Books for 50 Years 25 Best 21st Century SciFi  Fantasy 25 PNW Books to Read Before You Die 25 Books From the 21st Century 25 Memoirs to Read Before You Die 25 Global Books to Read Before You Die 25 Women to Read Before You Die 25 Books to Read Before You Die Gifts Gift Cards  eGift Cards Powells Souvenirs Journals and Notebooks socks Games Sell Books Blog Events Find A Store Dont Miss BIG SALE 20 off sitewide Picks of the Season What Im Giving Great Gifts Under 25 Best Books of 2022 Powells Author Events Oregon Battle of the Books Audio Books Visit Our Stores Powells Books 14 Gift Ideas From 14 of Our Favorite Authors 0 comment Every year Powells reaches out to some of our favorite authors for some muchneeded giftgiving inspiration Below are 14 writerapproved recommendations to help you find the perfect book for even your mostdifficulttobuyfor loved one Read More  Powells Staff Best Books of 2022 Fiction 1 comment Kelsey Ford 6 Haunting Native American Horror Books 1 comment 1 LOCOK 1 LOCOK LOCCancel 1 LOCOK LOCCancel Buildings That Changed The World by Klaus Reichold Comment on this title Synopses  Reviews ISBN13 9783791331317 ISBN10 3791331310 Condition Standard All Product Details View Larger Image View Larger Images 950 List Price 1995 Used Flexible Ships in 1 to 3 days Qty Store 1 Cedar Hills Synopses  Reviews Publisher Comments A journey through the worlds most exciting buildings through stunning pictures and entertaining essays Synopsis Now available in an attractive flexicover edition this book takes the reader on an unconventional and lively journey around the globe and through the history of human civilization introducing many architectural icons and offering an overview of 4000 years of architectural history 403 illustrations 324 in color What Our Readers Are Saying Be the first to share your thoughts on this title Product Details ISBN 9783791331317 Binding Flexible Publication date 09012004 Publisher PRESTEL PUBLISHING Series info Changed the World Pages 191 Height 964 in Width 780 in Thickness 56 in Series Changed the World Number of Units 1 Copyright Year 2004 UPC Code 2803791331319 Author Bernhard Graf Author Klaus Reichold Subject Criticism 950 List Price 1995 Used Flexible Ships in 1 to 3 days Qty Store 1 Cedar Hills 1 LOCOK 1 LOCOK LOCCancel 1 LOCOK LOCCancel 1 LOCOK 1 LOCOK LOCCancel 1 LOCOK LOCCancel 1 LOCOK 1 LOCOK LOCCancel 1 LOCOK LOCCancel 1 LOCOK 1 LOCOK LOCCancel 1 LOCOK LOCCancel Help Guarantee My Account Careers About Us Security Wish List Partners Contact Us Shipping Transparency ACT MRF Sitemap  2022 POWELLSCOM Terms 1 LOCOK 1 LOCOK LOCCancel 1 LOCOK LOCCancel 1 LOCOK 1 LOCOK LOCCancel 1 LOCOK LOCCancel 1 LOCOK 1 LOCOK LOCCancel 1 LOCOK LOCCancel 1 LOCOK 1 LOCOK LOCCancel 1 LOCOK LOCCancel"}