{"Title": " Moorish Architecture In Andalusia ", "Author": "Marianne Barrucand", "Cover Page": "https://powells-covers-2.s3.amazonaws.com/9783822821169.jpg", "ISBN10": "3822821160  \n", "ISBN13": "9783822821169", "Page URL": "https://powells.com/book/moorish-architecture-in-andalusia-9783822821169", "raw_text": "Moorish Architecture In Andalusia Marianne Barrucand Flexible 9783822821169 Powells Books Cart   my account  wish list  help  8008787323 Hello\n Login MENU Browse New Arrivals Bestsellers Featured Preorders Award Winners Audio Books See All Subjects Used Staff Picks Staff Picks Picks of the Month Bookseller Displays 50 Books for 50 Years 25 Best 21st Century SciFi  Fantasy 25 PNW Books to Read Before You Die 25 Books From the 21st Century 25 Memoirs to Read Before You Die 25 Global Books to Read Before You Die 25 Women to Read Before You Die 25 Books to Read Before You Die Gifts Gift Cards  eGift Cards Powells Souvenirs Journals and Notebooks socks Games Sell Books Blog Events Find A Store Dont Miss BIG SALE 20 off sitewide Picks of the Season What Im Giving Great Gifts Under 25 Best Books of 2022 Powells Author Events Oregon Battle of the Books Audio Books Visit Our Stores Powells Books 14 Gift Ideas From 14 of Our Favorite Authors 0 comment Every year Powells reaches out to some of our favorite authors for some muchneeded giftgiving inspiration Below are 14 writerapproved recommendations to help you find the perfect book for even your mostdifficulttobuyfor loved one Read More  Powells Staff Best Books of 2022 Fiction 1 comment Kelsey Ford 6 Haunting Native American Horror Books 1 comment 1 LOCOK 1 LOCOK LOCCancel 1 LOCOK LOCCancel Moorish Architecture In Andalusia by Marianne Barrucand Comment on this title Synopses  Reviews ISBN13 9783822821169 ISBN10 3822821160 Condition Standard All Product Details View Larger Image View Larger Images 1895 Used Flexible Ships in 1 to 3 days Qty Store 1 Local Warehouse Synopses  Reviews Publisher Comments Includes bibliographical references p 231234 and index What Our Readers Are Saying Be the first to share your thoughts on this title Product Details ISBN 9783822821169 Binding Flexible Publication date 11012002 Publisher TASCHEN BOOKS Pages 240 Height 1030 in Width 702 in Thickness 99 in Number of Units 1 Copyright Year 2002 Series Volume 107292 UPC Code 2803822821161 Author Marianne Barrucand Author Achim Bednorz Subject Architecture Subject Architecture islamic Subject Historic buildings Subject Andalusia 1895 Used Flexible Ships in 1 to 3 days Qty Store 1 Local Warehouse 1 LOCOK 1 LOCOK LOCCancel 1 LOCOK LOCCancel 1 LOCOK 1 LOCOK LOCCancel 1 LOCOK LOCCancel 1 LOCOK 1 LOCOK LOCCancel 1 LOCOK LOCCancel 1 LOCOK 1 LOCOK LOCCancel 1 LOCOK LOCCancel Help Guarantee My Account Careers About Us Security Wish List Partners Contact Us Shipping Transparency ACT MRF Sitemap  2022 POWELLSCOM Terms 1 LOCOK 1 LOCOK LOCCancel 1 LOCOK LOCCancel 1 LOCOK 1 LOCOK LOCCancel 1 LOCOK LOCCancel 1 LOCOK 1 LOCOK LOCCancel 1 LOCOK LOCCancel 1 LOCOK 1 LOCOK LOCCancel 1 LOCOK LOCCancel"}