{"Title": " Skycar City ", "Author": "Winy Maas", "Cover Page": "https://powells-covers-2.s3.amazonaws.com/9788496540583.jpg", "ISBN10": "8496540588  \n", "ISBN13": "9788496540583", "Page URL": "https://powells.com/book/skycar-city-9788496540583", "raw_text": "Skycar City  Winy Maas and Grace La Trade Paperback 9788496540583 Powells Books Cart   my account  wish list  help  8008787323 Hello\n Login MENU Browse New Arrivals Bestsellers Featured Preorders Award Winners Audio Books See All Subjects Used Staff Picks Staff Picks Picks of the Month Bookseller Displays 50 Books for 50 Years 25 Best 21st Century SciFi  Fantasy 25 PNW Books to Read Before You Die 25 Books From the 21st Century 25 Memoirs to Read Before You Die 25 Global Books to Read Before You Die 25 Women to Read Before You Die 25 Books to Read Before You Die Gifts Gift Cards  eGift Cards Powells Souvenirs Journals and Notebooks socks Games Sell Books Blog Events Find A Store Dont Miss BIG SALE 20 off sitewide Picks of the Season What Im Giving Great Gifts Under 25 Best Books of 2022 Powells Author Events Oregon Battle of the Books Audio Books Visit Our Stores Powells Books 14 Gift Ideas From 14 of Our Favorite Authors 0 comment Every year Powells reaches out to some of our favorite authors for some muchneeded giftgiving inspiration Below are 14 writerapproved recommendations to help you find the perfect book for even your mostdifficulttobuyfor loved one Read More  Powells Staff Best Books of 2022 Fiction 1 comment Kelsey Ford 6 Haunting Native American Horror Books 1 comment 1 LOCOK 1 LOCOK LOCCancel 1 LOCOK LOCCancel Skycar City by Winy Maas Comment on this title Synopses  Reviews ISBN13 9788496540583 ISBN10 8496540588 Condition Standard All Product Details View Larger Image View Larger Images 2600 Used Trade Paperback Ships in 1 to 3 days Qty Store 1 Burnside Synopses  Reviews Publisher Comments From the 2006 Marcus Prize Studio at the University of WisconsinMilwaukee Winy Maas of MVDRV and Grace La of UWM present the work of twelve students who explored the relationship between infrastructure architecture and urban form This highly investigative studio pushed the physical and conceptual limits of given definitions of city circulation and program Tested in two scenarios one real in Tianjin China and the other purely hypothetical the studio severed vehicular traffic flow from its traditional twodimensional plane and then forecast the potentials of a new hypervolumetric city where given urban activity inflate to fully occupy all threedimensions Populated by 5 million inhabitants and rising 800 meters high this new sky car city is buzzing with the flows of goods and people as they navigate the airways in several models of newly designed airborn vehicles Synopsis From the 2006 Marcus Prize Studio at the University of WisconsinMilwaukee Winy Maas of MVDRV presents the work of twelve students who explored the relationship between infrastructure architecture and urban form What Our Readers Are Saying Be the first to share your thoughts on this title Product Details ISBN 9788496540583 Binding Trade Paperback Publication date 11012007 Publisher ACTAR D Series info MVRDV Pages 237 Height 68IN Width 595IN Thickness 75 Series MVRDV Number of Units 1 Illustration Yes Copyright Year 2007 UPC Code 2808496540585 Editor Grace La Author Mvrdv Author  University of WisconsinMilwaukee Editor Winy Maas Author University of WisconsinMilwaukee MVRDV Author Ryan OConnor Editor Grace La Editor Grace La Editor Grace La Author Winy Maas Author Winy edt Maas Author Grace EDT La Author Winy EDT Maas Author University Of Wisconsin Mvrdv Subject Architecture  History Subject ArchitectureUnited States General Subject Planning Subject Forecasting Subject City planning Subject Art 2600 Used Trade Paperback Ships in 1 to 3 days Qty Store 1 Burnside 1 LOCOK 1 LOCOK LOCCancel 1 LOCOK LOCCancel 1 LOCOK 1 LOCOK LOCCancel 1 LOCOK LOCCancel 1 LOCOK 1 LOCOK LOCCancel 1 LOCOK LOCCancel 1 LOCOK 1 LOCOK LOCCancel 1 LOCOK LOCCancel Help Guarantee My Account Careers About Us Security Wish List Partners Contact Us Shipping Transparency ACT MRF Sitemap  2022 POWELLSCOM Terms 1 LOCOK 1 LOCOK LOCCancel 1 LOCOK LOCCancel 1 LOCOK 1 LOCOK LOCCancel 1 LOCOK LOCCancel 1 LOCOK 1 LOCOK LOCCancel 1 LOCOK LOCCancel 1 LOCOK 1 LOCOK LOCCancel 1 LOCOK LOCCancel"}