{"Title": " Trademarks Of The Chinese Volume 1 Chinese ", "Author": "Li Chu Chen", "Cover Page": "/Portals/0/Images/NoImageAvailable.gif", "ISBN10": "9579188157  \n", "ISBN13": "9789579188159", "Page URL": "https://powells.com/book/trademarks-of-the-chinese-volume-1-chinese-9789579188159", "raw_text": "Chungkuo jen ti Chu tse shang piao   9789579188159 Powells Books Cart   my account  wish list  help  8008787323 Hello\n Login MENU Browse New Arrivals Bestsellers Featured Preorders Award Winners Audio Books See All Subjects Used Staff Picks Staff Picks Picks of the Month Bookseller Displays 50 Books for 50 Years 25 Best 21st Century SciFi  Fantasy 25 PNW Books to Read Before You Die 25 Books From the 21st Century 25 Memoirs to Read Before You Die 25 Global Books to Read Before You Die 25 Women to Read Before You Die 25 Books to Read Before You Die Gifts Gift Cards  eGift Cards Powells Souvenirs Journals and Notebooks socks Games Sell Books Blog Events Find A Store Dont Miss BIG SALE 20 off sitewide Picks of the Season What Im Giving Great Gifts Under 25 Best Books of 2022 Powells Author Events Oregon Battle of the Books Audio Books Visit Our Stores Powells Books 14 Gift Ideas From 14 of Our Favorite Authors 0 comment Every year Powells reaches out to some of our favorite authors for some muchneeded giftgiving inspiration Below are 14 writerapproved recommendations to help you find the perfect book for even your mostdifficulttobuyfor loved one Read More  Powells Staff Best Books of 2022 Fiction 1 comment Kelsey Ford 6 Haunting Native American Horror Books 1 comment 1 LOCOK 1 LOCOK LOCCancel 1 LOCOK LOCCancel Trademarks Of The Chinese Volume 1 Chinese by Li Chu Chen Comment on this title ISBN13 9789579188159 ISBN10 9579188157 Condition Standard All Product Details View Larger Image View Larger Images 895 Used Trade Paperback Ships in 1 to 3 days Qty Store 2 Burnside What Our Readers Are Saying Be the first to share your thoughts on this title Product Details ISBN 9789579188159 Binding Trade Paperback Publication date Min kuo 81 1992 Publisher SHENS BOOKS  SUPPLIES Language Chinese English Pages v 1 Illustration Yes Series Volume 17 Author Li Chu Chen Subject China Social life and customs 895 Used Trade Paperback Ships in 1 to 3 days Qty Store 2 Burnside 1 LOCOK 1 LOCOK LOCCancel 1 LOCOK LOCCancel 1 LOCOK 1 LOCOK LOCCancel 1 LOCOK LOCCancel 1 LOCOK 1 LOCOK LOCCancel 1 LOCOK LOCCancel 1 LOCOK 1 LOCOK LOCCancel 1 LOCOK LOCCancel Help Guarantee My Account Careers About Us Security Wish List Partners Contact Us Shipping Transparency ACT MRF Sitemap  2022 POWELLSCOM Terms 1 LOCOK 1 LOCOK LOCCancel 1 LOCOK LOCCancel 1 LOCOK 1 LOCOK LOCCancel 1 LOCOK LOCCancel 1 LOCOK 1 LOCOK LOCCancel 1 LOCOK LOCCancel 1 LOCOK 1 LOCOK LOCCancel 1 LOCOK LOCCancel"}