{"Title": " Demon Copperhead ", "Author": "Barbara Kingsolver", "Cover Page": "https://powells-covers-2.s3.amazonaws.com/9798212037280.jpg", "ISBN10": "   \n \n All Pr", "ISBN13": "9798212037280", "Page URL": "https://www.powells.com/book/demon-copperhead-9798212037280/62-0", "raw_text": "Demon Copperhead Barbara Kingsolver Compact Disc 9798212037280 Powells Books Cart   my account  wish list  help  8008787323 Hello\n Login MENU Browse New Arrivals Bestsellers Featured Preorders Award Winners Audio Books See All Subjects Used Staff Picks Staff Picks Picks of the Month Bookseller Displays 50 Books for 50 Years 25 Best 21st Century SciFi  Fantasy 25 PNW Books to Read Before You Die 25 Books From the 21st Century 25 Memoirs to Read Before You Die 25 Global Books to Read Before You Die 25 Women to Read Before You Die 25 Books to Read Before You Die Gifts Gift Cards  eGift Cards Powells Souvenirs Journals and Notebooks socks Games Sell Books Blog Events Find A Store Dont Miss BIG SALE 20 off sitewide Picks of the Season What Im Giving Great Gifts Under 25 Best Books of 2022 Powells Author Events Oregon Battle of the Books Audio Books Visit Our Stores Powells Books 14 Gift Ideas From 14 of Our Favorite Authors 0 comment Every year Powells reaches out to some of our favorite authors for some muchneeded giftgiving inspiration Below are 14 writerapproved recommendations to help you find the perfect book for even your mostdifficulttobuyfor loved one Read More  Powells Staff Best Books of 2022 Fiction 1 comment Kelsey Ford 6 Haunting Native American Horror Books 1 comment 1 LOCOK 1 LOCOK LOCCancel 1 LOCOK LOCCancel Demon Copperhead by Barbara Kingsolver Comment on this title Synopses  Reviews ISBN13 9798212037280 All Product Details View Larger Image View Larger Images 6799 New Compact Disc Ships in 1 to 3 days Qty Store 4 Local Warehouse Synopses  Reviews Synopsis From the New York Times bestselling author comes a brilliant novel which enthralls compels and captures the heart as it evokes a young heros unforgettable journey to maturity Anyone will tell you the born of this world are marked from the getout win or lose Set in the mountains of southern Appalachia this is the story of a boy born to a teenaged single mother in a singlewide trailer with no assets beyond his dead fathers good looks and coppercolored hair a caustic wit and a fierce talent for survival In a plot that never pauses for breath relayed in his own unsparing voice he braves the modern perils of foster care child labor derelict schools athletic success addiction disastrous loves and crushing losses Through all of it he reckons with his own invisibility in a popular culture where even the superheroes have abandoned rural people in favor of cities Many generations ago Charles Dickens wrote David Copperfield from his experience as a survivor of institutional poverty and its damages to children in his society Those problems have yet to be solved in ours Dickens is not a prerequisite for readers of this novel but he provided its inspiration In transposing a Victorian epic novel to the contemporary American South Barbara Kingsolver enlists Dickens anger and compassion and above all his faith in the transformative powers of a good story Demon Copperhead speaks for a new generation of lost boys and all those born into beautiful cursed places they cant imagine leaving behind What Our Readers Are Saying Be the first to share your thoughts on this title Product Details ISBN 9798212037280 Binding Compact Disc Publication date 10182022 Publisher HarperCollins Language English Height 183IN Width 612IN Author Barbara Kingsolver Oth Charlie Thurston 6799 New Compact Disc Ships in 1 to 3 days Qty Store 4 Local Warehouse Receive an email when this ISBN is available used This title in other editions New Hardcover 3250 New Other 5799 New Trade Paperback 3450 1 LOCOK 1 LOCOK LOCCancel 1 LOCOK LOCCancel 1 LOCOK 1 LOCOK LOCCancel 1 LOCOK LOCCancel 1 LOCOK 1 LOCOK LOCCancel 1 LOCOK LOCCancel 1 LOCOK 1 LOCOK LOCCancel 1 LOCOK LOCCancel Help Guarantee My Account Careers About Us Security Wish List Partners Contact Us Shipping Transparency ACT MRF Sitemap  2022 POWELLSCOM Terms 1 LOCOK 1 LOCOK LOCCancel 1 LOCOK LOCCancel 1 LOCOK 1 LOCOK LOCCancel 1 LOCOK LOCCancel 1 LOCOK 1 LOCOK LOCCancel 1 LOCOK LOCCancel 1 LOCOK 1 LOCOK LOCCancel 1 LOCOK LOCCancel"}