{
    "Title": " Shits Fucked Still ",
    "Author": "Gina Sarti",
    "Cover Page": "/Portals/0/Images/NoImageAvailable.gif",
    "ISBN10": "   \n \n All Pr",
    "ISBN13": "1110000351468",
    "Page URL": "https://powells.com/book/shits-fucked-still-1110000351468",
    "raw_text": "Shits Fucked Still Gina Sarti Pamphlet 1110000351468 Powells Books Cart   my account  wish list  help  8008787323 Hello\n Login MENU Browse New Arrivals Bestsellers Featured Preorders Award Winners Audio Books See All Subjects Used Staff Picks Staff Picks Picks of the Month Bookseller Displays 50 Books for 50 Years 25 Best 21st Century SciFi  Fantasy 25 PNW Books to Read Before You Die 25 Books From the 21st Century 25 Memoirs to Read Before You Die 25 Global Books to Read Before You Die 25 Women to Read Before You Die 25 Books to Read Before You Die Gifts Gift Cards  eGift Cards Powells Souvenirs Journals and Notebooks socks Games Sell Books Blog Events Find A Store Dont Miss BIG SALE 20 off sitewide Picks of the Season What Im Giving Great Gifts Under 25 Best Books of 2022 Powells Author Events Oregon Battle of the Books Audio Books Visit Our Stores Powells Books 14 Gift Ideas From 14 of Our Favorite Authors 0 comment Every year Powells reaches out to some of our favorite authors for some muchneeded giftgiving inspiration Below are 14 writerapproved recommendations to help you find the perfect book for even your mostdifficulttobuyfor loved one Read More  Powells Staff Best Books of 2022 Fiction 1 comment Kelsey Ford 6 Haunting Native American Horror Books 1 comment 1 LOCOK 1 LOCOK LOCCancel 1 LOCOK LOCCancel Shits Fucked Still by Gina Sarti Comment on this title ISBN13 1110000351468 All Product Details View Larger Image View Larger Images 300 New Pamphlet Ships in 1 to 3 days Qty Store 10 Burnside 96 Hawthorne 5 1 What Our Readers Are Saying Share your thoughts on this title Average customer rating 5 1 comments  Erin Bern  May 18 2022 A wonderful cute helpful selfhelp zine by Gina Sarti\nMany tips from Comfort Potatoes to Bad Mood Bags\nThis 20 page zine which can be purchased at Powells in PDX possesses a unique  endearing personality I think everyone will enjoy Was this comment helpful  Yes  No report this\ncomment Product Details ISBN 1110000351468 Binding Pamphlet Publisher Antiquated Future Author Gina Sarti 300 New Pamphlet Ships in 1 to 3 days Qty Store 10 Burnside 96 Hawthorne Receive an email when this ISBN is available used 1 LOCOK 1 LOCOK LOCCancel 1 LOCOK LOCCancel 1 LOCOK 1 LOCOK LOCCancel 1 LOCOK LOCCancel 1 LOCOK 1 LOCOK LOCCancel 1 LOCOK LOCCancel 1 LOCOK 1 LOCOK LOCCancel 1 LOCOK LOCCancel Help Guarantee My Account Careers About Us Security Wish List Partners Contact Us Shipping Transparency ACT MRF Sitemap  2022 POWELLSCOM Terms 1 LOCOK 1 LOCOK LOCCancel 1 LOCOK LOCCancel 1 LOCOK 1 LOCOK LOCCancel 1 LOCOK LOCCancel 1 LOCOK 1 LOCOK LOCCancel 1 LOCOK LOCCancel 1 LOCOK 1 LOCOK LOCCancel 1 LOCOK LOCCancel",
    "page_rank": 7.650631888986117e-05
}