{
    "Title": " Shit's Fucked: A Positivity Guide ",
    "Author": "Gina Sarti",
    "Cover Page": "https://covers.powells.com/1110000226843.jpg",
    "ISBN10": "   \n \n All Pr",
    "ISBN13": "1110000226843",
    "Page URL": "https://powells.com/book/shits-fucked-1110000226843",
    "raw_text": "Shits Fucked A Positivity Guide Gina Sarti Pamphlet 1110000226843 Powells Books Cart   my account  wish list  help  8008787323 Hello\n Login MENU Browse New Arrivals Bestsellers Featured Preorders Award Winners Audio Books See All Subjects Used Staff Picks Staff Picks Picks of the Month Bookseller Displays 50 Books for 50 Years 25 Best 21st Century SciFi  Fantasy 25 PNW Books to Read Before You Die 25 Books From the 21st Century 25 Memoirs to Read Before You Die 25 Global Books to Read Before You Die 25 Women to Read Before You Die 25 Books to Read Before You Die Gifts Gift Cards  eGift Cards Powells Souvenirs Journals and Notebooks socks Games Sell Books Blog Events Find A Store Dont Miss BIG SALE 20 off sitewide Picks of the Season What Im Giving Great Gifts Under 25 Best Books of 2022 Powells Author Events Oregon Battle of the Books Audio Books Visit Our Stores Powells Books 14 Gift Ideas From 14 of Our Favorite Authors 0 comment Every year Powells reaches out to some of our favorite authors for some muchneeded giftgiving inspiration Below are 14 writerapproved recommendations to help you find the perfect book for even your mostdifficulttobuyfor loved one Read More  Powells Staff Best Books of 2022 Fiction 1 comment Kelsey Ford 6 Haunting Native American Horror Books 1 comment 1 LOCOK 1 LOCOK LOCCancel 1 LOCOK LOCCancel Shits Fucked A Positivity Guide by Gina Sarti Comment on this title ISBN13 1110000226843 All Product Details View Larger Image View Larger Images 300 New Pamphlet Ships in 1 to 3 days Qty Store 9 Burnside 137 Hawthorne 0 1 What Our Readers Are Saying Share your thoughts on this title Average customer rating 0 1 comments  kat  November 16 2019 omg what a title i just wanna know the front of the title sounds like my life and i would dearly love to know how to shift this to positivity shopping for gifts unfortunately dad hasnt my sensibility   Was this comment helpful  Yes  No 1 of 1 readers found this comment helpful report this\ncomment Product Details ISBN 1110000226843 Binding Pamphlet Publication date 01010001 Publisher Antiquated Future Author Gina Sarti 300 New Pamphlet Ships in 1 to 3 days Qty Store 9 Burnside 137 Hawthorne Receive an email when this ISBN is available used 1 LOCOK 1 LOCOK LOCCancel 1 LOCOK LOCCancel 1 LOCOK 1 LOCOK LOCCancel 1 LOCOK LOCCancel 1 LOCOK 1 LOCOK LOCCancel 1 LOCOK LOCCancel 1 LOCOK 1 LOCOK LOCCancel 1 LOCOK LOCCancel Help Guarantee My Account Careers About Us Security Wish List Partners Contact Us Shipping Transparency ACT MRF Sitemap  2022 POWELLSCOM Terms 1 LOCOK 1 LOCOK LOCCancel 1 LOCOK LOCCancel 1 LOCOK 1 LOCOK LOCCancel 1 LOCOK LOCCancel 1 LOCOK 1 LOCOK LOCCancel 1 LOCOK LOCCancel 1 LOCOK 1 LOCOK LOCCancel 1 LOCOK LOCCancel",
    "page_rank": 7.650631888986117e-05
}