{
    "Title": " Three Sisters Wilderness Map ",
    "Author": "Geographics",
    "Cover Page": "https://powells-covers-2.s3.amazonaws.com/2221123004045.jpg",
    "ISBN10": "dition:  Stan",
    "ISBN13": "2221123004045",
    "Page URL": "https://powells.com/book/three-sisters-wilderness-map-2221123004045",
    "raw_text": "Three Sisters Wilderness Map Geographics Map 2221123004045 Powells Books Cart   my account  wish list  help  8008787323 Hello\n Login MENU Browse New Arrivals Bestsellers Featured Preorders Award Winners Audio Books See All Subjects Used Staff Picks Staff Picks Picks of the Month Bookseller Displays 50 Books for 50 Years 25 Best 21st Century SciFi  Fantasy 25 PNW Books to Read Before You Die 25 Books From the 21st Century 25 Memoirs to Read Before You Die 25 Global Books to Read Before You Die 25 Women to Read Before You Die 25 Books to Read Before You Die Gifts Gift Cards  eGift Cards Powells Souvenirs Journals and Notebooks socks Games Sell Books Blog Events Find A Store Dont Miss BIG SALE 20 off sitewide Picks of the Season What Im Giving Great Gifts Under 25 Best Books of 2022 Powells Author Events Oregon Battle of the Books Audio Books Visit Our Stores Powells Books 14 Gift Ideas From 14 of Our Favorite Authors 0 comment Every year Powells reaches out to some of our favorite authors for some muchneeded giftgiving inspiration Below are 14 writerapproved recommendations to help you find the perfect book for even your mostdifficulttobuyfor loved one Read More  Powells Staff Best Books of 2022 Fiction 1 comment Kelsey Ford 6 Haunting Native American Horror Books 1 comment 1 LOCOK 1 LOCOK LOCCancel 1 LOCOK LOCCancel Three Sisters Wilderness Map by Geographics Comment on this title ISBN13 2221123004045 Condition Standard All Product Details View Larger Image View Larger Images 495 Used Map Ships in 1 to 3 days Qty Store 1 Burnside 5 1 What Our Readers Are Saying Share your thoughts on this title Average customer rating 5 1 comments  sean stroup  September 20 2011 view all comments by sean stroup Gorgeous map that is very legible and perfect for planning ahead or having ontrail as the tearwater resistant material makes it very durable Was this comment helpful  Yes  No 1 of 1 readers found this comment helpful report this\ncomment Product Details ISBN 2221123004045 Binding Map Publisher GEO GRAPHICS UPC Code 2841123004043 Author Geographics 495 Used Map Ships in 1 to 3 days Qty Store 1 Burnside More copies of this ISBN New Map 720 1 LOCOK 1 LOCOK LOCCancel 1 LOCOK LOCCancel 1 LOCOK 1 LOCOK LOCCancel 1 LOCOK LOCCancel 1 LOCOK 1 LOCOK LOCCancel 1 LOCOK LOCCancel 1 LOCOK 1 LOCOK LOCCancel 1 LOCOK LOCCancel Help Guarantee My Account Careers About Us Security Wish List Partners Contact Us Shipping Transparency ACT MRF Sitemap  2022 POWELLSCOM Terms 1 LOCOK 1 LOCOK LOCCancel 1 LOCOK LOCCancel 1 LOCOK 1 LOCOK LOCCancel 1 LOCOK LOCCancel 1 LOCOK 1 LOCOK LOCCancel 1 LOCOK LOCCancel 1 LOCOK 1 LOCOK LOCCancel 1 LOCOK LOCCancel",
    "page_rank": 3.7747874787349726e-05
}