{
    "Title": " Faded Sun Shon Jir Mri Wars 02 - Signed Edition ",
    "Author": "C J Cherryh",
    "Cover Page": "/Portals/0/Images/NoImageAvailable.gif",
    "ISBN10": "dition:  Stan",
    "ISBN13": "2221117108636",
    "Page URL": "https://powells.com/book/faded-sun-shon-jir-mri-wars-02-2221117108636",
    "raw_text": "Faded Sun Shon Jir Mri Wars 02 C J Cherryh Book Club Hardcover 2221117108636 Powells Books Cart   my account  wish list  help  8008787323 Hello\n Login MENU Browse New Arrivals Bestsellers Featured Preorders Award Winners Audio Books See All Subjects Used Staff Picks Staff Picks Picks of the Month Bookseller Displays 50 Books for 50 Years 25 Best 21st Century SciFi  Fantasy 25 PNW Books to Read Before You Die 25 Books From the 21st Century 25 Memoirs to Read Before You Die 25 Global Books to Read Before You Die 25 Women to Read Before You Die 25 Books to Read Before You Die Gifts Gift Cards  eGift Cards Powells Souvenirs Journals and Notebooks socks Games Sell Books Blog Events Find A Store Dont Miss BIG SALE 20 off sitewide Picks of the Season What Im Giving Great Gifts Under 25 Best Books of 2022 Powells Author Events Oregon Battle of the Books Audio Books Visit Our Stores Powells Books 14 Gift Ideas From 14 of Our Favorite Authors 0 comment Every year Powells reaches out to some of our favorite authors for some muchneeded giftgiving inspiration Below are 14 writerapproved recommendations to help you find the perfect book for even your mostdifficulttobuyfor loved one Read More  Powells Staff Best Books of 2022 Fiction 1 comment Kelsey Ford 6 Haunting Native American Horror Books 1 comment 1 LOCOK 1 LOCOK LOCCancel 1 LOCOK LOCCancel Faded Sun Shon Jir Mri Wars 02  Signed Edition by C J Cherryh Comment on this title ISBN13 2221117108636 Condition Standard DustJacket Standard All Product Details View Larger Image View Larger Images 1995 Used Book Club Hardcover Ships in 1 to 3 days Qty Store 1 Cedar Hills What Our Readers Are Saying Be the first to share your thoughts on this title Product Details ISBN 2221117108636 Binding Book Club Hardcover Publisher NELSON DOUBLEDAY INC Series info Mri Wars 02 Series Mri Wars 02 Copyright Year 1978 UPC Code 2841117108634 Author C J Cherryh 1995 Used Book Club Hardcover Ships in 1 to 3 days Qty Store 1 Cedar Hills More copies of this ISBN Used Book Club Hardcover 495 1 LOCOK 1 LOCOK LOCCancel 1 LOCOK LOCCancel 1 LOCOK 1 LOCOK LOCCancel 1 LOCOK LOCCancel 1 LOCOK 1 LOCOK LOCCancel 1 LOCOK LOCCancel 1 LOCOK 1 LOCOK LOCCancel 1 LOCOK LOCCancel Help Guarantee My Account Careers About Us Security Wish List Partners Contact Us Shipping Transparency ACT MRF Sitemap  2022 POWELLSCOM Terms 1 LOCOK 1 LOCOK LOCCancel 1 LOCOK LOCCancel 1 LOCOK 1 LOCOK LOCCancel 1 LOCOK LOCCancel 1 LOCOK 1 LOCOK LOCCancel 1 LOCOK LOCCancel 1 LOCOK 1 LOCOK LOCCancel 1 LOCOK LOCCancel",
    "page_rank": 0
}