{
    "Title": " Citrix Xenapp(tm) Platinum Edition Advanced Concepts: The Official Guide ",
    "Author": "Inc Citrix Systems",
    "Cover Page": "https://powells-covers-2.s3.amazonaws.com/9780071543811.jpg",
    "ISBN10": "0071543813  \n",
    "ISBN13": "9780071543811",
    "Page URL": "https://powells.com/book/citrix-xenapptm-platinum-edition-advanced-concepts-9780071543811",
    "raw_text": "Citrix Xenapptm Platinum Edition Advanced Concepts The Official Guide Citrix Product Development Team Trade Paperback 9780071543811 Powells Books Cart   my account  wish list  help  8008787323 Hello\n Login MENU Browse New Arrivals Bestsellers Featured Preorders Award Winners Audio Books See All Subjects Used Staff Picks Staff Picks Picks of the Month Bookseller Displays 50 Books for 50 Years 25 Best 21st Century SciFi  Fantasy 25 PNW Books to Read Before You Die 25 Books From the 21st Century 25 Memoirs to Read Before You Die 25 Global Books to Read Before You Die 25 Women to Read Before You Die 25 Books to Read Before You Die Gifts Gift Cards  eGift Cards Powells Souvenirs Journals and Notebooks socks Games Sell Books Blog Events Find A Store Dont Miss BIG SALE 20 off sitewide Picks of the Season What Im Giving Great Gifts Under 25 Best Books of 2022 Powells Author Events Oregon Battle of the Books Audio Books Visit Our Stores Powells Books 14 Gift Ideas From 14 of Our Favorite Authors 0 comment Every year Powells reaches out to some of our favorite authors for some muchneeded giftgiving inspiration Below are 14 writerapproved recommendations to help you find the perfect book for even your mostdifficulttobuyfor loved one Read More  Powells Staff Best Books of 2022 Fiction 1 comment Kelsey Ford 6 Haunting Native American Horror Books 1 comment 1 LOCOK 1 LOCOK LOCCancel 1 LOCOK LOCCancel Citrix Xenapptm Platinum Edition Advanced Concepts The Official Guide by Inc Citrix Systems Comment on this title Synopses  Reviews ISBN13 9780071543811 ISBN10 0071543813 All Product Details View Larger Image View Larger Images 6500 New Trade Paperback Available at a Remote Warehouse Ships separately from other items Additional shipping charges may apply Not available for In Store Pickup More Info Qty Store 20 Remote Warehouse Synopses  Reviews Publisher Comments The Only Official Guide to All Components of Citrix XenApp Platinum Edition Citrix XenApp the new name for Citrix Presentation Server is an endtoend Windows application delivery system that offers both clientside and serverside application virtualization for optimal application performance and flexible delivery options Its the best access experience for any user With the secure application architecture organizations can centralize applications and data in secure data centers reducing costs of management and support increasing data security and ensuring fast reliable performance Build and maintain a scalable costeffective and secure enterprise application delivery infrastructure with expert advice from the Citrix Product Development Team Citrix XenApp Platinum Edition Advanced Concepts The Official Guide explains how to configure hardware and software and centrally manage enterprise resources Youll learn to use Citrix Conferencing Manager Citrix Access Gateway Citrix Password Manager and other tools The book also includes indepth coverage of advanced troubleshooting techniques disk and memory tuning methods and security strategies Deploy Citrix XenApp across a large enterprise successfully Understand the network bandwidth requirements of servertoserver communication and communication between Access Management Console and servers Secure remote access with Citrix Access Gateway Administer and customize Citrix Password Manager Maximize the capabilities of Citrix Conferencing Manager Secure Citrix XenApp using certificates encryption and smart cards Configure Virtual IP addressing PDA synchronization and SpeedScreen browser acceleration Gain insights from Citrix eLabs server load and capacity hardware testing Synopsis Publishers Note Products purchased from Third Party sellers are not guaranteed by the publisher for quality authenticity or access to any online entitlements included with the product The Only Official Guide to All Components of Citrix XenApp Platinum Edition Citrix XenApp the new name for Citrix Presentation Server is an endtoend Windows application delivery system that offers both clientside and serverside application virtualization for optimal application performance and flexible delivery options Its the best access experience for any user With the secure application architecture organizations can centralize applications and data in secure data centers reducing costs of management and support increasing data security and ensuring fast reliable performance Build and maintain a scalable costeffective and secure enterprise application delivery infrastructure with expert advice from the Citrix Product Development Team Citrix XenApp Platinum Edition Advanced Concepts The Official Guide explains how to configure hardware and software and centrally manage enterprise resources Youll learn to use Citrix Conferencing Manager Citrix Access Gateway Citrix Password Manager and other tools The book also includes indepth coverage of advanced troubleshooting techniques disk and memory tuning methods and security strategies Deploy Citrix XenApp across a large enterprise successfully Understand the network bandwidth requirements of servertoserver communication and communication between Access Management Console and servers Secure remote access with Citrix Access Gateway Administer and customize Citrix Password Manager Maximize the capabilities of Citrix Conferencing Manager Secure Citrix XenApp using certificates encryption and smart cards Configure Virtual IP addressing PDA synchronization and SpeedScreen browser acceleration Gain insights from Citrix eLabs server load and capacity hardware testing About the Author Citrix Product Development Team engages in the design and development of application virtualization technology solutions that enable secure ondemand access to information and applications Table of Contents Foreword Acknowledgments Introduction Part I An Introduction to Citrix XenApp Platinum Edition Chapter 1 Introduction to Citrix XenAPP Platinum Edition and Components Chapter 2 Server Configuration Design and Recommendations Chapter 3 Independent Management Architecture Chapter 4 Data Store Design and Recommendations Chapter 5 Citrix XenApp Deployment Chapter 6 Novell Directory Services Integration Chapter 7 Advanced Access Control Chapter 8 Password Manager Chapter 9 Conferencing Manager Chapter 10 Security Issues and Guidelines Part II XenApp Platinum Edition Administration Maintenance and Troubleshooting Chapter 11 Application Publishing and Deployment Chapter 12 Advanced Multimedia CPU and Memory Optimization and Virtual IP Addressing Chapter 13 Printer Management Chapter 14 Farm Maintenance Chapter 15 Password Manager Administration Chapter 16 Tuning and Optimizations Chapter 17 XenApp Troubleshooting Chapter 18 Troubleshooting the Other Platinum Edition Components Part III Appendices Appendix A Error Messages Appendix B Registered Citrix Ports Appendix C Tested Hardware Index What Our Readers Are Saying Be the first to share your thoughts on this title Product Details ISBN 9780071543811 Binding Trade Paperback Publication date 06022008 Publisher McGrawHill Companies Language English Pages 480 Height 100IN Width 737IN Thickness 100 in LCCN 2008020059 Number of Units 1 Illustration Yes Copyright Year 2008 UPC Code 2800071543813 Author Citrix Development Author Citrix Sytems Inc Author Citrix Systems Inc Author Inc Citrix Systems Subject Clientserver computing Subject Citrix Citrix XenApp Citrix Access Suite 9780071545976 0071485430 0072262893 0072262931 6500 New Trade Paperback Available at a Remote Warehouse Ships separately from other items Additional shipping charges may apply Not available for In Store Pickup More Info Qty Store 20 Remote Warehouse Receive an email when this ISBN is available used 1 LOCOK 1 LOCOK LOCCancel 1 LOCOK LOCCancel 1 LOCOK 1 LOCOK LOCCancel 1 LOCOK LOCCancel 1 LOCOK 1 LOCOK LOCCancel 1 LOCOK LOCCancel 1 LOCOK 1 LOCOK LOCCancel 1 LOCOK LOCCancel Help Guarantee My Account Careers About Us Security Wish List Partners Contact Us Shipping Transparency ACT MRF Sitemap  2022 POWELLSCOM Terms 1 LOCOK 1 LOCOK LOCCancel 1 LOCOK LOCCancel 1 LOCOK 1 LOCOK LOCCancel 1 LOCOK LOCCancel 1 LOCOK 1 LOCOK LOCCancel 1 LOCOK LOCCancel 1 LOCOK 1 LOCOK LOCCancel 1 LOCOK LOCCancel",
    "page_rank": 2.421403429390642e-05
}