{
    "Title": " Tao Te Ching Pocket Edition ",
    "Author": "Lao Tzu, Stephen Mitchell",
    "Cover Page": "https://covers.powells.com/9780060812454.jpg",
    "ISBN10": "0060812451  \n",
    "ISBN13": "9780060812454",
    "Page URL": "https://powells.com/book/tao-te-ching-pocket-edition-9780060812454",
    "raw_text": "Tao Te Ching Pocket Edition Stephen Mitchell  Lao Tzu Trade Paperback 9780060812454 Powells Books Cart   my account  wish list  help  8008787323 Hello\n Login MENU Browse New Arrivals Bestsellers Featured Preorders Award Winners Audio Books See All Subjects Used Staff Picks Staff Picks Picks of the Month Bookseller Displays 50 Books for 50 Years 25 Best 21st Century SciFi  Fantasy 25 PNW Books to Read Before You Die 25 Books From the 21st Century 25 Memoirs to Read Before You Die 25 Global Books to Read Before You Die 25 Women to Read Before You Die 25 Books to Read Before You Die Gifts Gift Cards  eGift Cards Powells Souvenirs Journals and Notebooks socks Games Sell Books Blog Events Find A Store Dont Miss BIG SALE 20 off sitewide Picks of the Season What Im Giving Great Gifts Under 25 Best Books of 2022 Powells Author Events Oregon Battle of the Books Audio Books Visit Our Stores Powells Books 14 Gift Ideas From 14 of Our Favorite Authors 0 comment Every year Powells reaches out to some of our favorite authors for some muchneeded giftgiving inspiration Below are 14 writerapproved recommendations to help you find the perfect book for even your mostdifficulttobuyfor loved one Read More  Powells Staff Best Books of 2022 Fiction 1 comment Kelsey Ford 6 Haunting Native American Horror Books 1 comment 1 LOCOK 1 LOCOK LOCCancel 1 LOCOK LOCCancel Tao Te Ching Pocket Edition by Lao Tzu Stephen Mitchell Comment on this title Synopses  Reviews ISBN13 9780060812454 ISBN10 0060812451 Condition Standard All Product Details View Larger Image View Larger Images 1050 List Price 1499 Used Trade Paperback Ships in 1 to 3 days Qty Store 2 Burnside Synopses  Reviews Publisher Comments Laotzus Tao Te Ching or Book of the Way is the classic manual on the art of living and one of the wonders of the world In eightyone brief chapters the Tao Te Ching looks at the basic predicament of being alive and gives advice that imparts balance and perspective a serene and generous spirit This book is about wisdom in action It teaches how to work for the good with the effortless skill that comes from being in accord with the Tao the basic principle of the universe and applies equally to good government and sexual love to child rearing business and ecology Stephen Mitchells bestselling version has been widely acclaimed as a gift to contemporary culture Synopsis Laotzus Tao Te Ching or Book of the Way is the classic manual on the art of living and one of the wonders of the world In eightyone brief chapters the Tao Te Ching looks at the basic predicament of being alive and gives advice that imparts balance and perspective a serene and generous spirit This book is about wisdom in action It teaches how to work for the good with the effortless skill that comes from being in accord with the Tao the basic principle of the universe and applies equally to good government and sexual love to child rearing business and ecology Stephen Mitchells bestselling version has been widely acclaimed as a gift to contemporary culture About the Author Stephen Mitchells many books include the bestselling Tao Te Ching  Gilgamesh  and The Second Book of the Tao  as well as The Selected Poetry of Rainer Maria Rilke  The Gospel According to Jesus  Bhagavad Gita  The Book of Job  and Meetings with the Archangel  38 4 What Our Readers Are Saying Share your thoughts on this title Average customer rating 38 4 comments  metababe  August 30 2013 I personally believe this is the best translation of the Tao Te Ching I have compared at least 8 translations from several languages It is the translation I study almost daily Was this comment helpful  Yes  No 1 of 1 readers found this comment helpful report this\ncomment  nimblewan  April 04 2009 I love this book It is the first version of the Tao Te Ching I had read Though I have read others I believe this is the easiest version to understand I dont speak Chinese so I cant speak to the accuracy of the translation Many say it isnt accurate However the idea of the Tao is universal and if you wish to explore and perhaps become enlightened to the power of the Tao I recommend you start here There are versions which are known to be more accurate I have some of them and enjoy them but they dont read as easily as this translation by Stephen Mitchell For that reason when someone asks me what is the Tao I hand them a copy of this translation and say read this I never get the book back so I am here to buy another Was this comment helpful  Yes  No 1 of 2 readers found this comment helpful report this\ncomment  aimeealtman  April 01 2009 This book has added so much to my life I have had a copy for many years and it has traveled many miles by my side It is worth owning and easy to use because of its small size It fits well in most purses or backpacks I find myself pulling it out and opening up to any given page when I am in moments of waiting\nI have come across other translations but this is so poetic and eloquent that it is by far my favorite It should sit on the family bookshelf right next to the bible I hope you enjoy Was this comment helpful  Yes  No 3 of 4 readers found this comment helpful report this\ncomment  Profchan  May 02 2007 view all comments by Profchan Mitchells book has a nice cover I like the size Its a good design And thats about all the good things I see in it The fact that it sells so well underscores the abysmally low level of Chinese knowledge in the US and European countries\nThe scholars who praise this version like Huston Smith are themselves not knowledgeable in Chinese and are not really qualified to evaluate it They do praise it lavishly not necessarily due to merit but due to mutual backscratching in the academic world  about which I am fully qualified to comment\nSome have called this definitive  but if you really know Chinese you will instantly see from any chapter that it is anything but Each chapter verse in this book has about a dozen errors in the sense of omission of original concepts additions of authors own ideas and distortions and twists the original meaning into something that only superficially resembles the original Tao teachings\nLets take a look at one example Chapter 60 has this line You spoil it with too much poking Well this is something added by the author not a translation because the orignial says absolutely nothing about spoiling the fish or poking it\nThe content is sparse Theres not much meat between the covers The author uses a lot of New Ageisms and his personal philosophies to fill out the blanks where he does not understand the original\nOr look at chapter 64 Between the example about the tree and the journey of a thousand miles the orignal says a tower of nine levels starts as accumulated dirt This line is completely missing possibly because Mitchell does not understand the line\nTake the above mistakes and imagine them duplicated several times in every chapter and you start to get the idea how inaccurate this translation is I am not opposed to calling it inspired by Lao Tzu or based on Lao Tzu but to call it a translation of Lao Tzu is simply false advertising\nThis book has a lot of momentum and is often recommended I fully expect it will continue to be very very popular For those who are interested in more authenticity as opposed to this Americanized watereddown stuff my recommendation is to continue your investigation and look at the other options available to you Was this comment helpful  Yes  No 22 of 37 readers found this comment helpful report this\ncomment View all 4 comments Product Details ISBN 9780060812454 Binding Trade Paperback Publication date 10271992 Publisher HARPERCOLLINS PUBLISHERS Pages 144 Height 40IN Width 350IN Thickness 50 Number of Units 1 Publication Country United States Copyright Year 1992 Series Volume Report no 93110 UPC Code 2800060812456 Author Lao Tzu Author Lao Tzu Author LaoTzu Author Stephen A Mitchell Author Stephen Mitchell Subject Religion EasternTaoism Subject Tao te ching 1050 List Price 1499 Used Trade Paperback Ships in 1 to 3 days Qty Store 2 Burnside More copies of this ISBN New Trade Paperback 1499 1 LOCOK 1 LOCOK LOCCancel 1 LOCOK LOCCancel 1 LOCOK 1 LOCOK LOCCancel 1 LOCOK LOCCancel 1 LOCOK 1 LOCOK LOCCancel 1 LOCOK LOCCancel 1 LOCOK 1 LOCOK LOCCancel 1 LOCOK LOCCancel Help Guarantee My Account Careers About Us Security Wish List Partners Contact Us Shipping Transparency ACT MRF Sitemap  2022 POWELLSCOM Terms 1 LOCOK 1 LOCOK LOCCancel 1 LOCOK LOCCancel 1 LOCOK 1 LOCOK LOCCancel 1 LOCOK LOCCancel 1 LOCOK 1 LOCOK LOCCancel 1 LOCOK LOCCancel 1 LOCOK 1 LOCOK LOCCancel 1 LOCOK LOCCancel",
    "page_rank": 3.873185017316509e-05
}