{
    "Title": " The House of Brides - Large Print Edition ",
    "Author": "Jane Cockram",
    "Cover Page": "https://powells-covers-2.s3.amazonaws.com/9780062944795.jpg",
    "ISBN10": "0062944797  \n",
    "ISBN13": "9780062944795",
    "Page URL": "https://powells.com/book/the-house-of-brides-large-print-edition-9780062944795",
    "raw_text": "The House of Brides Jane Cockram Trade Paperback 9780062944795 Powells Books Cart   my account  wish list  help  8008787323 Hello\n Login MENU Browse New Arrivals Bestsellers Featured Preorders Award Winners Audio Books See All Subjects Used Staff Picks Staff Picks Picks of the Month Bookseller Displays 50 Books for 50 Years 25 Best 21st Century SciFi  Fantasy 25 PNW Books to Read Before You Die 25 Books From the 21st Century 25 Memoirs to Read Before You Die 25 Global Books to Read Before You Die 25 Women to Read Before You Die 25 Books to Read Before You Die Gifts Gift Cards  eGift Cards Powells Souvenirs Journals and Notebooks socks Games Sell Books Blog Events Find A Store Dont Miss BIG SALE 20 off sitewide Picks of the Season What Im Giving Great Gifts Under 25 Best Books of 2022 Powells Author Events Oregon Battle of the Books Audio Books Visit Our Stores Powells Books 14 Gift Ideas From 14 of Our Favorite Authors 0 comment Every year Powells reaches out to some of our favorite authors for some muchneeded giftgiving inspiration Below are 14 writerapproved recommendations to help you find the perfect book for even your mostdifficulttobuyfor loved one Read More  Powells Staff Best Books of 2022 Fiction 1 comment Kelsey Ford 6 Haunting Native American Horror Books 1 comment 1 LOCOK 1 LOCOK LOCCancel 1 LOCOK LOCCancel The House of Brides  Large Print Edition by Jane Cockram Comment on this title Synopses  Reviews ISBN13 9780062944795 ISBN10 0062944797 All Product Details View Larger Image View Larger Images 2995 List Price 2999 New Trade Paperback Available at a Remote Warehouse Ships separately from other items Additional shipping charges may apply Not available for In Store Pickup More Info Qty Store 4 Remote Warehouse Synopses  Reviews Synopsis Jane Cockram makes her thrilling debut with this pageturning tale of psychological suspense in which a young woman whose life is in tatters flees to the safety of a family estate in England but instead of comfort finds chilling secrets and lies Mirandas life and career has been a rollercoaster ride Her successful rise to the top of the booming lifestyle industry as a social media influencer led to a humiliating fall after a controversial product she endorsed flopped Desperate to get away from the hatespewing trolls shaming her on the internet she receives a mysterious letter from a young cousin in England that plunges her into a dark family mystery Mirandas mother Tessa Summer a famous author died when Miranda was a child The young womans only connection to the Summer family is through Tessas famous book The House of Brides a chronicle of the generations of women who married into the infamous Summer family and made their home in the rambling Barnsley House the familys estate From Gertrude Summer a famed crime novelist to Mirandas grandmother Beatrice who killed herself after setting fire to Barnsley while her children slept each woman in The House of Brides is more notorious than the next The houses current bride is the beautiful effervescent Daphne her Uncle Maxs wifea famed celebrity chef who saved Barnsley from ruin turning the estate into an exclusive culinary destination and hotel Curious about this legendary family she has never met Miranda arrives at Barnsley posing as a prospective nanny answering an advertisement Shes greeted by the compelling yet cold housekeeper Mrs Mins and meets the children and her Uncle Maxnone of whom know her true identity But Barnsley is not what Miranda expected The luxury destination and awardwinning restaurant is gone and Daphne is nowhere to be found Most disturbing one of the children is in a wheelchair after a mysterious accident What happened in this house Where is Daphne What darkness lies hidden in Barnsley What Our Readers Are Saying Be the first to share your thoughts on this title Product Details ISBN 9780062944795 Binding Trade Paperback Publication date 10222019 Publisher Harperluxe Pages 528 Height 140IN Width 590IN Large print Yes Author Jane Cockram 2995 List Price 2999 New Trade Paperback Available at a Remote Warehouse Ships separately from other items Additional shipping charges may apply Not available for In Store Pickup More Info Qty Store 4 Remote Warehouse Receive an email when this ISBN is available used 1 LOCOK 1 LOCOK LOCCancel 1 LOCOK LOCCancel 1 LOCOK 1 LOCOK LOCCancel 1 LOCOK LOCCancel 1 LOCOK 1 LOCOK LOCCancel 1 LOCOK LOCCancel 1 LOCOK 1 LOCOK LOCCancel 1 LOCOK LOCCancel Help Guarantee My Account Careers About Us Security Wish List Partners Contact Us Shipping Transparency ACT MRF Sitemap  2022 POWELLSCOM Terms 1 LOCOK 1 LOCOK LOCCancel 1 LOCOK LOCCancel 1 LOCOK 1 LOCOK LOCCancel 1 LOCOK LOCCancel 1 LOCOK 1 LOCOK LOCCancel 1 LOCOK LOCCancel 1 LOCOK 1 LOCOK LOCCancel 1 LOCOK LOCCancel",
    "page_rank": 3.7747874787349726e-05
}