{
    "Title": " Great Divorce ",
    "Author": "C S Lewis",
    "Cover Page": "https://covers.powells.com/9780060652951.jpg",
    "ISBN10": "0060652950  \n",
    "ISBN13": "9780060652951",
    "Page URL": "https://powells.com/book/great-divorce-9780060652951",
    "raw_text": "Great Divorce C S Lewis Trade Paperback 9780060652951 Powells Books Cart   my account  wish list  help  8008787323 Hello\n Login MENU Browse New Arrivals Bestsellers Featured Preorders Award Winners Audio Books See All Subjects Used Staff Picks Staff Picks Picks of the Month Bookseller Displays 50 Books for 50 Years 25 Best 21st Century SciFi  Fantasy 25 PNW Books to Read Before You Die 25 Books From the 21st Century 25 Memoirs to Read Before You Die 25 Global Books to Read Before You Die 25 Women to Read Before You Die 25 Books to Read Before You Die Gifts Gift Cards  eGift Cards Powells Souvenirs Journals and Notebooks socks Games Sell Books Blog Events Find A Store Dont Miss BIG SALE 20 off sitewide Picks of the Season What Im Giving Great Gifts Under 25 Best Books of 2022 Powells Author Events Oregon Battle of the Books Audio Books Visit Our Stores Powells Books 14 Gift Ideas From 14 of Our Favorite Authors 0 comment Every year Powells reaches out to some of our favorite authors for some muchneeded giftgiving inspiration Below are 14 writerapproved recommendations to help you find the perfect book for even your mostdifficulttobuyfor loved one Read More  Powells Staff Best Books of 2022 Fiction 1 comment Kelsey Ford 6 Haunting Native American Horror Books 1 comment 1 LOCOK 1 LOCOK LOCCancel 1 LOCOK LOCCancel Great Divorce by C S Lewis Comment on this title Synopses  Reviews ISBN13 9780060652951 ISBN10 0060652950 Condition Standard All Product Details View Larger Image View Larger Images 795 List Price 1699 Used Trade Paperback Ships in 1 to 3 days Qty Store 1 Local Warehouse Synopses  Reviews Publisher Comments Chapter One It was a wonderful vehicle blazing with golden light heraldically coloured The Driver himself seemed full of light and he used only one hand to drive with The other he waved before his face as if to fan away the greasy steam of the rain A growl went up from the queue as he came in sight Looks as if he had a good time of it eh Bloody pleased with himself I bet My dear why cant he behave naturally  Thinks himself too good to look at us Who does he imagine he is All that gilding and purple I call it a wicked waste Why dont they spend some of the money on their house property down here  God Id like to give him one in the earole I could see nothing in the countenance of the Driver to justify all this unless it were that he had a look of authority and seemed intent on carrying out his job My fellow passengers fought like hens to get on board the bus though there was plenty of room for us all I was the last to get in The bus was only half full and I selected a seat at the back well away from the others But a touslehaired youth at once came and sat down beside me As he did so we moved off I thought you wouldnt mind my tacking on to you  he said for Ive noticed that you feel just as I do about the present company Why on earth they insist on coming I cant imagine They wont like it at all when we get there and theyd really be much more comfortable at home Its different for you and me Do they like this place I asked As much as theyd like anything  he answered Review Much deserves to be quoted attractive imagery amusing satire exciting speculations Lewis rouses curiosity about life after death only to sharpen awareness of this world Guardian Synopsis C S Lewis takes us on a profound journey through both heaven and hell in this engaging allegorical tale Using his extraordinary descriptive powers Lewis introduces us to supernatural beings who will change the way we think about good and evil Synopsis C S Lewiss dazzling allegory about Heaven and Helland the chasm fixed between themis one of his most brilliantly imaginative tales where we discover that the gates of Hell are locked from the inside In a dream the narrator boards a bus on a drizzly afternoon in Hell and embarks on an incredible voyage to Heaven Anyone in Hell is invited on board and anyone may remain in Heaven if he or she so chooses But do we really want to live in Heaven This powerful exquisitely written fantasy is one of C S Lewiss most enduring works of fiction and a profound meditation on good and evil and on what God really offers us Synopsis CS Lewis The Great Divorce is a classic Christian allegorical tale about a bus ride from hell to heaven An extraordinary meditation upon good and evil grace and judgment Lewiss revolutionary idea in the The Great Divorce is that the gates of Hell are locked from the inside Using his extraordinary descriptive powers Lewis The Great Divorce will change the way we think about good and evil About the Author Clive Staples Lewis 18981963 was one of the intellectual giants of the twentieth century and arguably one of the most influential writers of his day He was a Fellow and Tutor in English Literature at Oxford University until 1954 when he was unanimously elected to the Chair of Medieval and Renaissance Literature at Cambridge University a position he held until his retirement He wrote more than thirty books allowing him to reach a vast audience and his works continue to attract thousands of new readers every year His most distinguished and popular accomplishments include Mere Christianity  Out of the Silent Planet  The Great Divorce  The Screwtape Letters  and the universally acknowledged classics The Chronicles of Narnia To date the Narnia books have sold over one hundred million copies and have been transformed into three major motion pictures Clive Staples Lewis 18981963 fue uno de los intelectuales m\u00e1s importantes del siglo veinte y podr\u00eda decirse que fue el escritor cristiano m\u00e1s influyente de su tiempo Fue profesor particular de literatura inglesa y miembro de la junta de gobierno en la Universidad Oxford hasta 1954 cuando fue nombrado profesor de literatura medieval y renacentista en la Universidad Cambridge cargo que desempe\u00f1\u00f3 hasta que se jubil\u00f3 Sus contribuciones a la cr\u00edtica literaria literatura infantil literatura fant\u00e1stica y teolog\u00eda popular le trajeron fama y aclamaci\u00f3n a nivel internacional C S Lewis escribi\u00f3 m\u00e1s de treinta libros lo cual le permiti\u00f3 alcanzar una enorme audiencia y sus obras a\u00fan atraen a miles de nuevos lectores cada a\u00f1o Sus m\u00e1s distinguidas y populares obras incluyen Las Cr\u00f3nicas de Narnia Los Cuatro Amores Cartas del Diablo a Su Sobrino y Mero Cristianismo  5 2 What Our Readers Are Saying Share your thoughts on this title Average customer rating 5 2 comments  SuzEque  January 01 2013 Makes you think about the path your on and if that will lead you toward heaven on earth and heaven when you leave this earth Was this comment helpful  Yes  No 1 of 1 readers found this comment helpful report this\r\n\r\ncomment  meganpardue  June 16 2008 view all comments by meganpardue C S Lewis has not only written the ever famous Chronicles of Narnia but also other beautiful works of literature that remain years later masterful imaginary tales  This book in particular which I believe is often overlooked articulates powerfully through allegory questions about the meaning and purpose of life  In reading this account about what Lewis calls the great divorce I was swept up into this imaginary world  found myself asking these difficult questions and resonating easily with his intricate characters Was this comment helpful  Yes  No 2 of 3 readers found this comment helpful report this\r\n\r\ncomment Product Details ISBN 9780060652951 Binding Trade Paperback Publication date 04212015 Publisher HARPERCOLLINS PUBLISHERS Series info Collected Letters of CS Lewis Pages 160 Height 44IN Width 538IN Thickness 50 Number of Units 1 Copyright Year 1973 Series Volume 1 UPC Code 2800060652953 Author CS Lewis Author L Author C S Lewis Author C S Lewis Author C S ewis Subject ChristianityChristian Fiction Subject Good and evil 795 List Price 1699 Used  Trade Paperback Ships in 1 to 3 days Qty Store 1 Local Warehouse More copies of this ISBN New  Trade Paperback  1699 Used  Trade Paperback Starting from 550 This title in other editions New  Hardcover  2395 Used  Mass Market Starting from 495 Used  Trade Paperback  695 1 LOCOK 1 LOCOK LOCCancel 1 LOCOK LOCCancel 1 LOCOK 1 LOCOK LOCCancel 1 LOCOK LOCCancel 1 LOCOK 1 LOCOK LOCCancel 1 LOCOK LOCCancel 1 LOCOK 1 LOCOK LOCCancel 1 LOCOK LOCCancel Help Guarantee My Account Careers About Us Security Wish List Partners Contact Us Shipping Transparency ACT MRF Sitemap  2022 POWELLSCOM Terms 1 LOCOK 1 LOCOK LOCCancel 1 LOCOK LOCCancel 1 LOCOK 1 LOCOK LOCCancel 1 LOCOK LOCCancel 1 LOCOK 1 LOCOK LOCCancel 1 LOCOK LOCCancel 1 LOCOK 1 LOCOK LOCCancel 1 LOCOK LOCCancel",
    "page_rank": 3.873185017316509e-05
}