{
    "Title": " Record of a Spaceborn Few (Wayfarers 03) ",
    "Author": "Becky Chambers",
    "Cover Page": "https://powells-covers-2.s3.amazonaws.com/9780062699220.jpg",
    "ISBN10": "0062699229  \n",
    "ISBN13": "9780062699220",
    "Page URL": "https://powells.com/book/record-of-a-spaceborn-few-wayfarers-03-9780062699220",
    "raw_text": "Record of a Spaceborn Few Becky Chambers Trade Paperback 9780062699220 Powells Books Cart   my account  wish list  help  8008787323 Hello\n Login MENU Browse New Arrivals Bestsellers Featured Preorders Award Winners Audio Books See All Subjects Used Staff Picks Staff Picks Picks of the Month Bookseller Displays 50 Books for 50 Years 25 Best 21st Century SciFi  Fantasy 25 PNW Books to Read Before You Die 25 Books From the 21st Century 25 Memoirs to Read Before You Die 25 Global Books to Read Before You Die 25 Women to Read Before You Die 25 Books to Read Before You Die Gifts Gift Cards  eGift Cards Powells Souvenirs Journals and Notebooks socks Games Sell Books Blog Events Find A Store Dont Miss BIG SALE 20 off sitewide Picks of the Season What Im Giving Great Gifts Under 25 Best Books of 2022 Powells Author Events Oregon Battle of the Books Audio Books Visit Our Stores Powells Books 14 Gift Ideas From 14 of Our Favorite Authors 0 comment Every year Powells reaches out to some of our favorite authors for some muchneeded giftgiving inspiration Below are 14 writerapproved recommendations to help you find the perfect book for even your mostdifficulttobuyfor loved one Read More  Powells Staff Best Books of 2022 Fiction 1 comment Kelsey Ford 6 Haunting Native American Horror Books 1 comment 1 LOCOK 1 LOCOK LOCCancel 1 LOCOK LOCCancel Record of a Spaceborn Few Wayfarers 03 by Becky Chambers Comment on this title Synopses  Reviews ISBN13 9780062699220 ISBN10 0062699229 All Product Details View Larger Image View Larger Images 1799 New Trade Paperback Ships in 1 to 3 days Qty Store 18 Burnside 9 Cedar Hills 7 Hawthorne 20 Local Warehouse Staff Pick Each of the four books in Chamberss Wayfarers series is remarkable but Record of a Spaceborn Few is by far my favorite This book is a deep reminder for me of what it means to be human how small acts of deliberate kindness can make all the difference and that everyones story deserves to be told I cried on the bus while reading this book about five different times and theres no higher recommendation I can give Recommended By Anna B Powellscom Synopses  Reviews Publisher Comments Winner of the Hugo Award for Best Series Brimming with Chambers signature blend of heartwarming character relationships and dazzling adventure Record of a Spaceborn few is the third standalone installment of the Wayfarers series set in the sprawling universe of the Galactic Commons and following a new motley crew on a journey to another corner corner of the cosmosone often mentioned but not yet explored Return to the sprawling universe of the Galactic Commons as humans artificial intelligence aliens and some beings yet undiscovered explore what it means to be a community in this exciting third adventure in the acclaimed and multiawardnominated science fiction Wayfarers series brimming with heartwarming characters and dazzling space adventure Hundreds of years ago the last humans on Earth boarded the Exodus Fleet in search of a new home among the stars After centuries spent wandering empty space their descendants were eventually accepted by the wellestablished species that govern the Milky Way But that was long ago Today the Exodus Fleet is a living relic the birthplace of many yet a place few outsiders have ever visited While the Exodans take great pride in their original community and traditions their culture has been influenced by others beyond their bulkheads As many Exodans leave for alien cities or terrestrial colonies those who remain are left to ponder their own lives and futures What is the purpose of a ship that has reached its destination Why remain in space when there are habitable worlds available to live What is the price of sustaining their carefully balanced way of life  and is it worth saving at all A young apprentice a lifelong spacer with young children a planetraised traveler an alien academic a caretaker for the dead and an Archivist whose mission is to ensure no ones story is forgotten wrestle with these profound universal questions The answers may seem small on the galactic scale but to these individuals it could mean everything Review This is a superb work from one of the genres rising stars Publishers Weekly starred review About the Author Becky Chambers is a science fiction author based in Northern California She is best known for her Hugo Awardwinning Wayfarers series which currently includes The Long Way to a Small Angry Planet A Closed and Common Orbit  and Record of a Spaceborn Few  Her books have also been nominated for the Arthur C Clarke Award the Locus Award and the Womens Prize for Fiction among others Her most recent work is To Be Taught If Fortunate  a standalone novella Becky has a background in performing arts and grew up in a family heavily involved in space science She spends her free time playing video and tabletop games keeping bees and looking through her telescope Having hopped around the world a bit shes now back in her home state where she lives with her wife She hopes to see Earth from orbit one day 5 1 What Our Readers Are Saying Share your thoughts on this title Average customer rating 5 1 comments  Jeffrey Bluhm  January 23 2022 view all comments by Jeffrey Bluhm This will be a review of all four books in the Wayfarers Series Given that the first three won the 2019 Hugo Award for Best Series you know already that youre reading quality the fourth is intended to be the conclusion of the series In summary these books seem mostly about how life in a universe with multiple sentient species might function with humanity a recent and so far relatively minor presence in fact in the 4th book there is no major human character The crises within each book and the resolutions are less important than the journey and the interaction of the characters on that journey The books are best read in order though thats not essential as travels of the crew of a spaceship in the first novel introduces many of the species and concepts that inform the subsequent books I enjoyed that while there is no core group of characters throughout the series ones that we meet in earlier books reappear in later ones For example a secondary and a minor character in the first are jointly the focus of the second book and a different minor character from the first is a major player in the last These are characterdriven books which the scifi setting serves to bring together and to add influences to the relationships Overall less the dramatics of a space opera and more the sense of a comprehensive composition Was this comment helpful  Yes  No report this\ncomment Product Details ISBN 9780062699220 Binding Trade Paperback Publication date 07242018 Publisher HARPERCOLLINS PUBLISHERS Series info Wayfarers Language English Pages 368 Height 80IN Width 530IN Series Wayfarers Series Number 3 Author Becky Chambers 1799 New Trade Paperback Ships in 1 to 3 days Qty Store 18 Burnside 9 Cedar Hills 7 Hawthorne 20 Local Warehouse Receive an email when this ISBN is available used 1 LOCOK 1 LOCOK LOCCancel 1 LOCOK LOCCancel 1 LOCOK 1 LOCOK LOCCancel 1 LOCOK LOCCancel 1 LOCOK 1 LOCOK LOCCancel 1 LOCOK LOCCancel 1 LOCOK 1 LOCOK LOCCancel 1 LOCOK LOCCancel Help Guarantee My Account Careers About Us Security Wish List Partners Contact Us Shipping Transparency ACT MRF Sitemap  2022 POWELLSCOM Terms 1 LOCOK 1 LOCOK LOCCancel 1 LOCOK LOCCancel 1 LOCOK 1 LOCOK LOCCancel 1 LOCOK LOCCancel 1 LOCOK 1 LOCOK LOCCancel 1 LOCOK LOCCancel 1 LOCOK 1 LOCOK LOCCancel 1 LOCOK LOCCancel",
    "page_rank": 3.9528401675968005e-05
}