{
    "Title": " Babel: Or the Necessity of Violence: An Arcane History of the Oxford Translators' Revolution ",
    "Author": "R. F. Kuang",
    "Cover Page": "https://powells-covers-2.s3.amazonaws.com/9780063021426.jpg",
    "ISBN10": "0063021420  \n",
    "ISBN13": "9780063021426",
    "Page URL": "https://www.powells.com/book/babel-9780063021426#SR",
    "raw_text": "Babel Or the Necessity of Violence An Arcane History of the Oxford Translators Revolution R F Kuang Hardcover 9780063021426 Powells Books Cart   my account  wish list  help  8008787323 Hello\n Login MENU Browse New Arrivals Bestsellers Featured Preorders Award Winners Audio Books See All Subjects Used Staff Picks Staff Picks Picks of the Month Bookseller Displays 50 Books for 50 Years 25 Best 21st Century SciFi  Fantasy 25 PNW Books to Read Before You Die 25 Books From the 21st Century 25 Memoirs to Read Before You Die 25 Global Books to Read Before You Die 25 Women to Read Before You Die 25 Books to Read Before You Die Gifts Gift Cards  eGift Cards Powells Souvenirs Journals and Notebooks socks Games Sell Books Blog Events Find A Store Dont Miss BIG SALE 20 off sitewide Picks of the Season What Im Giving Great Gifts Under 25 Best Books of 2022 Powells Author Events Oregon Battle of the Books Audio Books Visit Our Stores Powells Books 14 Gift Ideas From 14 of Our Favorite Authors 0 comment Every year Powells reaches out to some of our favorite authors for some muchneeded giftgiving inspiration Below are 14 writerapproved recommendations to help you find the perfect book for even your mostdifficulttobuyfor loved one Read More  Powells Staff Best Books of 2022 Fiction 1 comment Kelsey Ford 6 Haunting Native American Horror Books 1 comment 1 LOCOK 1 LOCOK LOCCancel 1 LOCOK LOCCancel Babel Or the Necessity of Violence An Arcane History of the Oxford Translators Revolution by R F Kuang Comment on this title Synopses  Reviews ISBN13 9780063021426 ISBN10 0063021420 All Product Details View Larger Image View Larger Images 2799 New Hardcover Ships in 1 to 3 days Qty Store 47 Burnside 25 Cedar Hills 5 Hawthorne 20 Local Warehouse From Powellscom Best Books of 2022 Discover the books that made our 2022 list Powells Picks of the Month Hot new releases and undertheradar gems for adults and kids Staff Pick This was the loveliest and most fulfilling read The story is smart and exciting and thoughtful and human The author R F Kuang makes magic and science out of etymology and the words in this book the characters what they have to say  it all rings true Recommended By Doug C Powellscom Synopses  Reviews Publisher Comments From awardwinning author R F Kuang comes Babel a thematic response to The Secret History and a tonal retort to Jonathan Strange  Mr Norrell that grapples with student revolutions colonial resistance and the use of language and translation as the dominating tool of the British empire Traduttore traditore  An act of translation is always an act of betrayal 1828 Robin Swift orphaned by cholera in Canton is brought to London by the mysterious Professor Lovell There he trains for years in Latin Ancient Greek and Chinese all in preparation for the day hell enroll in Oxford Universitys prestigious Royal Institute of Translation  also known as Babel Babel is the worlds center for translation and more importantly magic Silver working  the art of manifesting the meaning lost in translation using enchanted silver bars  has made the British unparalleled in power as its knowledge serves the Empires quest for colonization For Robin Oxford is a utopia dedicated to the pursuit of knowledge But knowledge obeys power and as a Chinese boy raised in Britain Robin realizes serving Babel means betraying his motherland As his studies progress Robin finds himself caught between Babel and the shadowy Hermes Society an organization dedicated to stopping imperial expansion When Britain pursues an unjust war with China over silver and opium Robin must decide Can powerful institutions be changed from within or does revolution always require violence Review A brilliant and often harrowing exploration of violence etymology colonialism and the intersections that run between them Babel is as profound as it is moving  Alexis Henderson author of The Year of the Witching Review Babel is a masterpiece A stunningly brilliant exploration of identity belonging the cost of empire and revolution  and the true power of language Kuang has written the book the world has been waiting for  Peng Shepherd bestselling author of The Cartographers Review An astonishing mix of erudition and emotion What Kuang has done here I have never before seen in literature  Tochi Onyebuchi author of Goliath About the Author Rebecca F Kuang is a Marshall Scholar ChineseEnglish translator and the Astounding Awardwinning and the Hugo Nebula Locus and World Fantasy Award nominated author of the Poppy War trilogy and the forthcoming Babel  Her work has won the Crawford Award and the Compton Crook Award for Best First Novel She has an MPhil in Chinese Studies from Cambridge and an MSc in Contemporary Chinese Studies from Oxford she is now pursuing a PhD in East Asian Languages and Literatures at Yale 5 1 What Our Readers Are Saying Share your thoughts on this title Average customer rating 5 1 comments  Ann Straight  November 10 2022 view all comments by Ann Straight Beautiful language Babel develops slowly plot wise That said I was so impressed by the writing that I immediately bought The Poppy War by RF Kuang I hope readers who enjoy stories about scholars and historical fiction will find this book Was this comment helpful  Yes  No report this\ncomment Product Details ISBN 9780063021426 Binding Hardcover Publication date 08232022 Publisher HARPERCOLLINS PUBLISHERS Pages 560 Height 176IN Width 631IN Illustration Yes Author R F Kuang Author R F Kuang 2799 New Hardcover Ships in 1 to 3 days Qty Store 47 Burnside 25 Cedar Hills 5 Hawthorne 20 Local Warehouse Receive an email when this ISBN is available used This title in other editions New Compact Disc 6799 1 LOCOK 1 LOCOK LOCCancel 1 LOCOK LOCCancel 1 LOCOK 1 LOCOK LOCCancel 1 LOCOK LOCCancel 1 LOCOK 1 LOCOK LOCCancel 1 LOCOK LOCCancel 1 LOCOK 1 LOCOK LOCCancel 1 LOCOK LOCCancel Help Guarantee My Account Careers About Us Security Wish List Partners Contact Us Shipping Transparency ACT MRF Sitemap  2022 POWELLSCOM Terms 1 LOCOK 1 LOCOK LOCCancel 1 LOCOK LOCCancel 1 LOCOK 1 LOCOK LOCCancel 1 LOCOK LOCCancel 1 LOCOK 1 LOCOK LOCCancel 1 LOCOK LOCCancel 1 LOCOK 1 LOCOK LOCCancel 1 LOCOK LOCCancel",
    "page_rank": 2.1603034944375223e-05
}