{
    "Title": " The Stars Did Wander Darkling ",
    "Author": "Colin Meloy",
    "Cover Page": "https://covers.powells.com/9780063015517.jpg",
    "ISBN10": "006301551X  \n",
    "ISBN13": "9780063015517",
    "Page URL": "https://powells.com/book/the-stars-did-wander-darkling-9780063015517",
    "raw_text": "The Stars Did Wander Darkling Colin Meloy Hardcover 9780063015517 Powells Books Cart   my account  wish list  help  8008787323 Hello\n Login MENU Browse New Arrivals Bestsellers Featured Preorders Award Winners Audio Books See All Subjects Used Staff Picks Staff Picks Picks of the Month Bookseller Displays 50 Books for 50 Years 25 Best 21st Century SciFi  Fantasy 25 PNW Books to Read Before You Die 25 Books From the 21st Century 25 Memoirs to Read Before You Die 25 Global Books to Read Before You Die 25 Women to Read Before You Die 25 Books to Read Before You Die Gifts Gift Cards  eGift Cards Powells Souvenirs Journals and Notebooks socks Games Sell Books Blog Events Find A Store Dont Miss BIG SALE 20 off sitewide Picks of the Season What Im Giving Great Gifts Under 25 Best Books of 2022 Powells Author Events Oregon Battle of the Books Audio Books Visit Our Stores Powells Books 14 Gift Ideas From 14 of Our Favorite Authors 0 comment Every year Powells reaches out to some of our favorite authors for some muchneeded giftgiving inspiration Below are 14 writerapproved recommendations to help you find the perfect book for even your mostdifficulttobuyfor loved one Read More  Powells Staff Best Books of 2022 Fiction 1 comment Kelsey Ford 6 Haunting Native American Horror Books 1 comment 1 LOCOK 1 LOCOK LOCCancel 1 LOCOK LOCCancel The Stars Did Wander Darkling by Colin Meloy Comment on this title Synopses  Reviews ISBN13 9780063015517 ISBN10 006301551X All Product Details View Larger Image View Larger Images 1799 New Hardcover Ships in 1 to 3 days Qty Store 43 Burnside 31 Cedar Hills 19 Hawthorne 20 Local Warehouse From Powellscom Best Books of 2022 Discover the books that made our 2022 list Picks of the Season Discover new releases and undertheradar gems for adults and kids Synopses  Reviews Publisher Comments A suspenseful and atmospheric horror set in 1980s Oregon perfect for fans of Stranger Things  Neil Gaiman and Margaret Peterson Haddix from New York Times bestselling author and the Decemberists lead singersongwriter Colin Meloy Maybe Archie Coomes has been watching too many horror movies All of a sudden the most ordinary things have taken on a sinister edge a penny on a doormat A man in a brown suit under a streetlamp The persistent sound of an ax chopping in the middle of the night He keeps telling himself that this is Seaham a sleepy seaside town where nothing ever happens Or at least nothing did until his dads construction company opened up the cliff beneath the old  some say cursed  Langdon place Soon though he and his friends cant deny it more and more of the adults in town are acting strangely An ancient longburied evil has been unleashed upon the community and its up to the kids to stop it before its too late    Review In this aesthetically eerie novelMeloy constructs an oddly ambiguous menace within a nostalgic summertime adventure involving cinematic chase sequences uncanny occurrences and psychological unease Publishers Weekly Review Meloy expertly teases out the suspense to foster an atmosphere of otherworldly mysterywith authentic chills and splashes of gore The friendship between the four main characters drives it allensuring readers hearts are engaged as much as their adrenaline Booklist Starred Review Review A fun creepy attentiongrabbing storywith a classic feel Kirkus Reviews About the Author Colin Meloy is the author of The Whiz Mob and the Grenadine Kid and the New York Times bestselling Wildwood Chronicles as well as two picture books The Golden Thread A Song for Pete Seeger and Everyones Awake He is also the singer and songwriter for the indie rock band the Decemberists Colin lives in Oregon with his wife and frequent collaborator illustrator Carson Ellis and their sons What Our Readers Are Saying Be the first to share your thoughts on this title Product Details ISBN 9780063015517 Binding Hardcover Publication date 09132022 Publisher HARPERCOLLINS PUBLISHERS Pages 336 Age Range 9 to 12 Grade Range 4 to 7 Author Colin Meloy 1799 New Hardcover Ships in 1 to 3 days Qty Store 43 Burnside 31 Cedar Hills 19 Hawthorne 20 Local Warehouse Receive an email when this ISBN is available used This title in other editions New Compact Disc 4699 1 LOCOK 1 LOCOK LOCCancel 1 LOCOK LOCCancel 1 LOCOK 1 LOCOK LOCCancel 1 LOCOK LOCCancel 1 LOCOK 1 LOCOK LOCCancel 1 LOCOK LOCCancel 1 LOCOK 1 LOCOK LOCCancel 1 LOCOK LOCCancel Help Guarantee My Account Careers About Us Security Wish List Partners Contact Us Shipping Transparency ACT MRF Sitemap  2022 POWELLSCOM Terms 1 LOCOK 1 LOCOK LOCCancel 1 LOCOK LOCCancel 1 LOCOK 1 LOCOK LOCCancel 1 LOCOK LOCCancel 1 LOCOK 1 LOCOK LOCCancel 1 LOCOK LOCCancel 1 LOCOK 1 LOCOK LOCCancel 1 LOCOK LOCCancel",
    "page_rank": 3.850283228309672e-05
}