{
    "Title": " You Were Born for This: Astrology for Radical Self Acceptance ",
    "Author": "Chani Nicholas",
    "Cover Page": "https://powells-covers-2.s3.amazonaws.com/9780063043770.jpg",
    "ISBN10": "0063043777  \n",
    "ISBN13": "9780063043770",
    "Page URL": "https://powells.com/book/you-were-born-for-this-9780063043770",
    "raw_text": "You Were Born for This Chani Nicholas Trade Paperback 9780063043770 Powells Books Cart   my account  wish list  help  8008787323 Hello\n Login MENU Browse New Arrivals Bestsellers Featured Preorders Award Winners Audio Books See All Subjects Used Staff Picks Staff Picks Picks of the Month Bookseller Displays 50 Books for 50 Years 25 Best 21st Century SciFi  Fantasy 25 PNW Books to Read Before You Die 25 Books From the 21st Century 25 Memoirs to Read Before You Die 25 Global Books to Read Before You Die 25 Women to Read Before You Die 25 Books to Read Before You Die Gifts Gift Cards  eGift Cards Powells Souvenirs Journals and Notebooks socks Games Sell Books Blog Events Find A Store Dont Miss BIG SALE 20 off sitewide Picks of the Season What Im Giving Great Gifts Under 25 Best Books of 2022 Powells Author Events Oregon Battle of the Books Audio Books Visit Our Stores Powells Books 14 Gift Ideas From 14 of Our Favorite Authors 0 comment Every year Powells reaches out to some of our favorite authors for some muchneeded giftgiving inspiration Below are 14 writerapproved recommendations to help you find the perfect book for even your mostdifficulttobuyfor loved one Read More  Powells Staff Best Books of 2022 Fiction 1 comment Kelsey Ford 6 Haunting Native American Horror Books 1 comment 1 LOCOK 1 LOCOK LOCCancel 1 LOCOK LOCCancel You Were Born for This Astrology for Radical Self Acceptance by Chani Nicholas Comment on this title Synopses  Reviews ISBN13 9780063043770 ISBN10 0063043777 All Product Details View Larger Image View Larger Images 1899 New Trade Paperback Ships in 1 to 3 days Qty Store 4 Burnside 4 Cedar Hills 2 Hawthorne 20 Local Warehouse From Powellscom Powells Picks of the Month Hot new releases and undertheradar gems for adults and kids Synopses  Reviews Publisher Comments NEW YORK TIMES BESTSELLER From beloved astrologer Chani Nicholas comes an essential guide for radical selfacceptance Your weekly horoscope is merely one crumb of astrologys cake In her first book You Were Born For This Chani shows how your birth chart  a snapshot of the sky at the moment you took your first breath  reveals your unique talents challenges and opportunities Fortified with this knowledge you can live out the life you were born to Marrying the historic traditions of astrology with a modern approach You Were Born for This explains the key components of your birth chart in an easy to use choose your own adventure style With journal prompts reflection questions and affirmations personal to your astrological makeup this book guides you along the path your chart has laid out for you Chani makes the wisdom of your birth chart accessible with three foundational keys  The First Key Your Sun  Your Lifes Purpose   The Second Key Your Moon  Your Physical and Emotional Needs   The Third Key Your Ascendant and Its Ruler  Your Motivation for Life and the Steersperson of Your Ship  Astrology is not therapy but it is therapeutic In a world in which we are taught to look outside of ourselves for validation You Were Born for This brings us inward to commit to ourselves and our lifes purpose Review Chani reminds us that astrology is a tool  and not a beall endall guide to your life I cant recommend it enough Oprah Magazine Review This book with the nurturing yet guiding prose that Nicholas is known for helps readers see that even the softest most tender bits of ourselves  those bits are made of starstuff too Allure Review Make no mistake Chani Nicholas is a poet The compassion and insight she stitches into every sentence amounts to a kind of grace Every page in this book reminds us we can do more than merely weather our personal storms we can dance in the rain and learn from it Saeed Jones author of How We Fight For Our Lives Review Chani Nicholas gives us the keys to selfunderstanding and thus the keys to our healingChani shows us we can actively work to heal old wounds and we can actively work to show gratitude for the gifts our stars bring us Through astrology and her own personal anecdotes Chani pushes us to rewrite old narratives and guides us to new understandings You Were Born For This is a revelation and should be required lifereading Fatimah Asghar author of If They Come For Us Review A glorious exploration not of selffulfilling prophecies but a lifeaffirming guide on how to be an engaged intentional participant in your truest purpose This book teaches you that you dont have to be a passenger to fate or a victim to history A valuable dazzling resource Chani Nicholas has given us an owners manual for our individual destinies Mary HK Choi New York Times bestselling author Review A toolkit for selfdiscovery Vox Review Like Nicholass entire body of work the book elucidates a system of logic and explains how that system can be put to use Vanity Fair Review  You Were Born for This includes not only Chanis wisdom but journaling prompts questions to think about and more Los Angeles Magazine Review Chani cares about us she cares about justice and she wants us to see the many ways we are miraculous and capable of shaping powerful lives Spoiler alert this book is a portal Step through and have an intimate nononsense conversation with Chani about your journey by starlight adrienne maree brown author of Emergent Strategy and Pleasure Activism Review Chani presents an introduction to astrology that is at once extremely approachable and incredibly meticulous opening up an entire galaxy of possibilities for you and the life youre living This is the best kind of ChooseYourOwn adventure book Ive ever been on  I had no idea what the stars had in store And Im so glad Chani was the one through this book to tell me Philip Picardi editor in chief of Out Magazine Review These times call for Chani Nicholas signature and pioneering blend of spiritual insight and woke political urgencya book brimming with great astrological information in easily digestible bites Youll understand yourself so much better after you read this book And your friends will wonder when you became so wise Brittney Cooper author of Eloquent Rage A Black Feminist Discovers Her Superpower Review Ms Nicholass words covered me in a sheen of being known And being known or at least being treated as knowable and worth knowing is the most comforting thing in the universe New York Times Review Chani encourages us to use astrology as a tool that can deepen our understanding of our place in the world Los Angeles Times About the Author Chani Nicholas is a Los Angelesbased Webby awardwinning astrologer with a community of over 1 million monthly readers She has been a counseling astrologer for more than 20 years guiding people to discover and live out their lifes purpose through understanding their birth chart She has been featured in The New York Times Los Angeles Times Rolling Stone The New Yorker The Atlantic  and on Netflix What Our Readers Are Saying Be the first to share your thoughts on this title Product Details ISBN 9780063043770 Binding Trade Paperback Publication date 02092021 Publisher HARPERCOLLINS PUBLISHERS Pages 304 Height 65IN Width 531IN Author Chani Nicholas 1899 New Trade Paperback Ships in 1 to 3 days Qty Store 4 Burnside 4 Cedar Hills 2 Hawthorne 20 Local Warehouse Receive an email when this ISBN is available used 1 LOCOK 1 LOCOK LOCCancel 1 LOCOK LOCCancel 1 LOCOK 1 LOCOK LOCCancel 1 LOCOK LOCCancel 1 LOCOK 1 LOCOK LOCCancel 1 LOCOK LOCCancel 1 LOCOK 1 LOCOK LOCCancel 1 LOCOK LOCCancel Help Guarantee My Account Careers About Us Security Wish List Partners Contact Us Shipping Transparency ACT MRF Sitemap  2022 POWELLSCOM Terms 1 LOCOK 1 LOCOK LOCCancel 1 LOCOK LOCCancel 1 LOCOK 1 LOCOK LOCCancel 1 LOCOK LOCCancel 1 LOCOK 1 LOCOK LOCCancel 1 LOCOK LOCCancel 1 LOCOK 1 LOCOK LOCCancel 1 LOCOK LOCCancel",
    "page_rank": 6.74176877135344e-05
}