{
    "Title": " Periodic Tales ",
    "Author": "Hugh Aldersey Williams",
    "Cover Page": "https://covers.powells.com/9780061824739.jpg",
    "ISBN10": "0061824739  \n",
    "ISBN13": "9780061824739",
    "Page URL": "https://powells.com/book/periodic-tales-9780061824739",
    "raw_text": "Periodic Tales Hugh Aldersey Williams Trade Paperback 9780061824739 Powells Books Cart   my account  wish list  help  8008787323 Hello\n Login MENU Browse New Arrivals Bestsellers Featured Preorders Award Winners Audio Books See All Subjects Used Staff Picks Staff Picks Picks of the Month Bookseller Displays 50 Books for 50 Years 25 Best 21st Century SciFi  Fantasy 25 PNW Books to Read Before You Die 25 Books From the 21st Century 25 Memoirs to Read Before You Die 25 Global Books to Read Before You Die 25 Women to Read Before You Die 25 Books to Read Before You Die Gifts Gift Cards  eGift Cards Powells Souvenirs Journals and Notebooks socks Games Sell Books Blog Events Find A Store Dont Miss BIG SALE 20 off sitewide Picks of the Season What Im Giving Great Gifts Under 25 Best Books of 2022 Powells Author Events Oregon Battle of the Books Audio Books Visit Our Stores Powells Books 14 Gift Ideas From 14 of Our Favorite Authors 0 comment Every year Powells reaches out to some of our favorite authors for some muchneeded giftgiving inspiration Below are 14 writerapproved recommendations to help you find the perfect book for even your mostdifficulttobuyfor loved one Read More  Powells Staff Best Books of 2022 Fiction 1 comment Kelsey Ford 6 Haunting Native American Horror Books 1 comment 1 LOCOK 1 LOCOK LOCCancel 1 LOCOK LOCCancel Periodic Tales by Hugh Aldersey Williams Comment on this title Synopses  Reviews Read an Excerpt ISBN13 9780061824739 ISBN10 0061824739 All Product Details View Larger Image View Larger Images 1699 New Trade Paperback Ships in 1 to 3 days Qty Store 11 Local Warehouse Synopses  Reviews Publisher Comments A New York Times Bestseller An eyeopening adventure deep inside the everyday materials that surround us packed with surprising stories and fascinating science Why is glass seethrough What makes elastic stretchy Why does a paper clip bend Why does any material look and behave the way it does These are the sorts of questions that Mark Miodownik is constantly asking himself A globallyrenowned materials scientist Miodownik has spent his life exploring objects as ordinary as an envelope and as unexpected as concrete cloth uncovering the fascinating secrets that hold together our physical world In Stuff Matters  Miodownik entertainingly examines the materials he encounters in a typical morning from the steel in his razor and the graphite in his pencil to the foam in his sneakers and the concrete in a nearby skyscraper He offers a compendium of the most astounding histories and marvelous scientific breakthroughs in the material world including The imprisoned alchemist who saved himself from execution by creating the first European porcelain The hidden gem of the Milky Way a planet five times the size of Earth made entirely of diamond Graphene the thinnest strongest stiffest material in existenceandmdashonly a single atom thickandmdashthat could be used to make entire buildings sensitive to touch From the teacup to the jet engine the silicon chip to the paper clip the plastic in our appliances to the elastic in our underpants our lives are overflowing with materials Full of enthralling tales of the miracles of engineering that permeate our lives Stuff Matters will make you see stuff in a whole new way Review AlderseyWilliamss playful handson approach to scientific exploration shines through the book Boston Globe Review Charming    AlderseyWilliams writes with simplicity and elegance The stories may not help you on your next chemistry test but theyll help you appreciate the building blocks that are all around us yet all too easy to overlook Associated Press Review For the UK edition Fascinating and beautiful    If only chemistry had been like this at school    A rich compilation of delicious tales Matt Ridley  i Prospect  magazine Review A lucid enjoyable collection    that element by element demystifies the iconic periodic table Kirkus Reviews Review A virtuoso tour of the periodic table Publishers Weekly Review andldquo Stuff Matters is about hidden wonders the astonishing properties of materials we think boring banal and unworthy of attentionItandrsquos possible this science and these stories have been told elsewhere but like the best chocolatiers Miodownik gets the blend rightandquot andmdash The New York Times Book Review andquotOrdinary objects have found their poet in Mark MiodownikA thrilling account of the modern material worldThough I blush to recall it once I had the impression that materials science was dull and pedestrian Stuff Matters has changed my mind now I find myself running my fingers along things and sighing Mr Miodownikand39s lively eloquent book changes the way one looks at the worldandquot andmdash Wall Street Journal andquotMidownik dives into every detailwith joyous curiosityandquot andmdash Entertainment Weekly andquotMiodownik a materials scientist explains the history and science behind things such as paper glass chocolate and concrete with an infectious enthusiasmandquot andmdash Scientific American andquotMaterials scientist Miodownik intertwines humorous vignettes of daily life in London with subatomic behavior to explain the feats of engineering that brought us samurai swords skyscrapers pool balls and even chocolate From concrete in Roman architecture to atomthick graphene Miodownik builds on a historical framework to give readers an idea of future applications Clever in every sense of the word Stuff Matters may leave you looking at windows rather than through themandquot andmdash Discover andquot Stuff Matters makes the seemingly banal objects of our everyday lives into an endless source of wonder dreams and possibilityandquot andmdash Salon andquotSuperb storytellingfascinatinga delightful book on a subject that is relatively rarely written aboutandquot andmdash Popular Science andquotEntertaining and informative Stuff Matters  delivers on both the scientific and personal levels Its anecdotes inviting prose and unusual chapter titles introduce both the author and his field of research materials scienceandquot andmdash Dallas Morning News andquotI stayed up all night reading this book Miodownik writes with such knowledge such enthusiasm such a palpable love for his subjectandquot andmdash Oliver Sacks author of Hallucinations andquotConcrete chocolate paper porcelain this is a fascinating and informative account of the andlsquostuffandrsquo of our everyday livesandquot andmdashPenny Le Couteur coauthor of Napoleonandrsquos Buttons How 17 Molecules Changed History andquotIt is a rare thing for a true scientist to be able to explain how things work so clearly to the laypersonandmdashand even rarer to do so in such an entertaining fashion No one who reads this book will look at the world quite the same againandquot andmdashKate Ascher author of The Works The Heights and The Way to Go andquotA wonderful account of the materials that have made the modern worldandhellipMiodownik writes well enough to make even concrete sparkleandquot andmdash Financial Times andquotA deftly written immensely enjoyable little bookandquot andmdash Observer UK andquotMiodownik makes even the most everyday seem thrillingandquot andmdash The Sunday Times UK andquot Enthralling a mission to reacquaint us with the wonders of the fabric that sustains our livesandquot andmdash Guardian UK andquotEntertainingThese materials make fascinating readingandquot andmdash Materials Today UK andquotA great look at the science and stories behind the seemingly mundane substances that make up almost everythingandquot andmdash Physics Central andquotA compact intense guided tour through a handful of physical materials from concrete to chocolate revealing what makes them profoundly affect our livesMiodownik writes with enthusiasm empathy and gratitude making us care for concrete or foam as much as for Mr Darcy or the Artful Dodger Stuff Matters  puts the wonder and strangeness back into all the truly magical stuff that comprises our everyday realityandquot andmdash Kirkus andquotA fascinating introduction to materials scienceMiodownikandrsquos infectious curiosity and explanatory gifts will inspire readers to take a closer look at the materials around themandquot andmdash Publishers Weekly  starred review andquotEver wonder how concrete is made Why chocolate gets white spots when it heats up then cools down again What makes diamond and graphite two allotropes of carbon behave so differently Miodownik materials and society Univ Coll of London Computational Materials Engineering answers all of these questions and more through relating his personal experiences with each type of material The author explores the worlds of the grandiose as he watches the construction of the Shard in London Europeandrsquos tallest building and the miniscule as he examines how small pores can lead to fractures in terra cotta but similar fractures can be stopped in plaster like that in a cast by applying it over cloth Miodownik introduces enough chemistry to explain as his title suggests the stuff that matters but relates the science in such a way that the book should be accessible to all readers andshyVERDICT Recommended for anyone who wants to learn more about the materials that make up the world around themandquot andmdash Library Journal STARRED and160 Synopsis In the spirit of A Short History of Nearly Everything comes Periodic Tales  Awardwinning science writer Hugh AnderseyWilliams offers readers a captivating look at the elementsand the amazing littleknown stories behind their discoveries Periodic Tales is an energetic and wideranging book of innovations and innovators of superstition and science and the myriad ways the chemical elements are woven into our culture history and language It will delight readers of Genome Einsteins Dreams  Longitude  and The Age of Wonder  Synopsis Like the alphabet the calendar or the zodiac the periodic table of the chemical elements has a permanent place in our imagination But aside from the handful of common ones iron carbon copper gold the elements themselves remain wrapped in mystery We do not know what most of them look like how they exist in nature how they got their names or of what use they are to us Unlocking their astonishing secrets and colorful pasts Periodic Tales is a passionate journey through mines and artists studios to factories and cathedrals into the woods and to the sea to discover the true stories of these fascinating but mysterious building blocks of the universe Synopsis An eyeopening adventure deep inside the everyday materials that surround us packed with surprising stories and fascinating science Synopsis New York Times Bestseller andbull New York Times Notable Book 2014 andbull Winner of the Royal Society Winton Prize for Science Books andldquoA thrilling account of the modern material worldandrdquo andmdash Wall Street Journal andquotMiodownik a materials scientist explains the history and science behind things such as paper glass chocolate and concrete with an infectious enthusiasmandquot andmdash Scientific American Why is glass seethrough What makes elastic stretchy Why does any material look and behave the way it does These are the sorts of questions that renowned materials scientist Mark Miodownik constantly asks himself Miodownik studies objects as ordinary as an envelope and as unexpected as concrete cloth uncovering the fascinating secrets that hold together our physical world In Stuff Matters  Miodownik explores the materials he encounters in a typical morning from the steel in his razor to the foam in his sneakers Full of enthralling tales of the miracles of engineering that permeate our lives Stuff Matters will make you see stuff in a whole new way andquot Stuff Matters is about hidden wonders the astonishing properties of materials we think boring banal and unworthy of attentionItand39s possible this science and these stories have been told elsewhere but like the best chocolatiers Miodownik gets the blend rightandquot andmdash New York Times Book Review and160 Synopsis New York Times Notable Book 2014 Winner of the Royal Society Winton Prize for Science Books and160 andldquoMiodownik a materials scientist explains the history and science behind things such as paper glass chocolate and concrete with an infectious enthusiasmandrdquoandmdash Scientific American and160 Why is glass seethrough What makes elastic stretchy Why does any material look and behave the way it does These are the sorts of questions that renowned materials scientist Mark Miodownik constantly asks himself Miodownik studies objects as ordinary as an envelope and as unexpected as concrete cloth uncovering the fascinating secrets that hold together our physical world In Stuff Matters  Miodownik explores the materials he encounters in a typical morning from the steel in his razor to the foam in his sneakers Full of enthralling tales of the miracles of engineering that permeate our lives Stuff Matters will make you see stuff in a whole new way and160 andldquo Stuff Matters is about hidden wonders the astonishing properties of materials we think boring banal and unworthy of attention    Itandrsquos possible this science and these stories have been told elsewhere but like the best chocolatiers Miodownik gets the blend rightandrdquo andmdash New York Times Book Review and160 Mark Miodownik is a professor of materials and society at University College London He is the director of the Institute of Making which is home to a materials library containing some of the most wondrous matter on earth He lives in London About the Author Mark Miodownik recently appeared in The Times inaugural list of the 100 most influential scientists in the UK He is Professor of Materials and Society at UCL and presenter of several BBC television documentaries including How it Works and The Genius of Invention as well as appearing as scientistinresidence on Dara O Briains Science Club In 2010 he gave the Royal Institution Christmas Lectures He is Director of the UCL Institute of Making which is home to a materials library containing some of the most wondrous matter on earth and has collaborated to make interactive events with many museums such as Tate Modern the Hayward Gallery and Wellcome Collection Table of Contents Introductionand8195ix and160and160 1and160Indomitableand81951 and160and160 2and160Trustedand819521 and160and160 3and160Fundamentaland819551 and160and160 4and160Deliciousand819573 and160and160 5and160Marvelousand819591 and160and160 6and160Imaginativeand8195111 and160and160 7and160Invisibleand8195139 and160and160 8and160Unbreakableand8195159 and160and160 9and160Refinedand8195179 and160and160 10and160Immortaland8195195 and160and160 11and160Synthesisand8195215 Acknowledgmentsand8195229 Creditsand8195233 Further Readingand8195235 Indexand8195237 45 2 What Our Readers Are Saying Share your thoughts on this title Average customer rating 45 2 comments  Miss Anthrope  October 02 2016 This is a bit of a dry read for a microhisty but its interesting enough to keep you going A novel approach to the elements with some getting much more coverage than others This book is a sincere effort to bring a little life to the periodic table It is an enjoyable read It is not a reference book or a complete history There a moments of levity but it is not humorous It is a diverting book for lovers of facts Was this comment helpful  Yes  No report this\ncomment  Celina  March 06 2012 Periodic Tales is a fascinating look at the elements each in its own 510 page section on how it was discovered and how its been used Ive been reading it at the breakfast table a section at a time there are even shorter subsections if youre in a rush From Wallis Simpsons ideas on when to wear gold vs platinum to the outlawed use of white phosphorus in wartime to the leadbased sculptures of Antony Gormley and Anselm Kiefer this book has changed the way I look at everyday things Was this comment helpful  Yes  No 1 of 1 readers found this comment helpful report this\ncomment Product Details ISBN 9780061824739 Binding Trade Paperback Publication date 02282012 Publisher HARPERCOLLINS PUBLISHERS Pages 448 Height 108IN Width 529IN Thickness 125 Author Hugh AlderseyWilliams Author Mark Miodownik Author Hugh Aldersey Williams Author Hugh AlderseyWilliams Subject General science Subject Science ReferenceGeneral 1699 New Trade Paperback Ships in 1 to 3 days Qty Store 11 Local Warehouse Receive an email when this ISBN is available used 1 LOCOK 1 LOCOK LOCCancel 1 LOCOK LOCCancel 1 LOCOK 1 LOCOK LOCCancel 1 LOCOK LOCCancel 1 LOCOK 1 LOCOK LOCCancel 1 LOCOK LOCCancel 1 LOCOK 1 LOCOK LOCCancel 1 LOCOK LOCCancel Help Guarantee My Account Careers About Us Security Wish List Partners Contact Us Shipping Transparency ACT MRF Sitemap  2022 POWELLSCOM Terms 1 LOCOK 1 LOCOK LOCCancel 1 LOCOK LOCCancel 1 LOCOK 1 LOCOK LOCCancel 1 LOCOK LOCCancel 1 LOCOK 1 LOCOK LOCCancel 1 LOCOK LOCCancel 1 LOCOK 1 LOCOK LOCCancel 1 LOCOK LOCCancel",
    "page_rank": 3.059723719868552e-05
}