{
    "Title": " Careers for Talkative Types and Others with the Gift of Gab, 2nd Ed. ",
    "Author": "Marjorie Eberts",
    "Cover Page": "https://covers.powells.com/9780071467797.jpg",
    "ISBN10": "0071467793  \n",
    "ISBN13": "9780071467797",
    "Page URL": "https://powells.com/book/careers-for-talkative-types-and-others-with-the-gift-of-gab-2nd-ed-9780071467797",
    "raw_text": "Careers for Talkative Types and Others with the Gift of Gab 2nd Ed Eberts Marjorie and Gisler Margaret and Eberts Marjorie Trade Paperback 9780071467797 Powells Books Cart   my account  wish list  help  8008787323 Hello\n Login MENU Browse New Arrivals Bestsellers Featured Preorders Award Winners Audio Books See All Subjects Used Staff Picks Staff Picks Picks of the Month Bookseller Displays 50 Books for 50 Years 25 Best 21st Century SciFi  Fantasy 25 PNW Books to Read Before You Die 25 Books From the 21st Century 25 Memoirs to Read Before You Die 25 Global Books to Read Before You Die 25 Women to Read Before You Die 25 Books to Read Before You Die Gifts Gift Cards  eGift Cards Powells Souvenirs Journals and Notebooks socks Games Sell Books Blog Events Find A Store Dont Miss BIG SALE 20 off sitewide Picks of the Season What Im Giving Great Gifts Under 25 Best Books of 2022 Powells Author Events Oregon Battle of the Books Audio Books Visit Our Stores Powells Books 14 Gift Ideas From 14 of Our Favorite Authors 0 comment Every year Powells reaches out to some of our favorite authors for some muchneeded giftgiving inspiration Below are 14 writerapproved recommendations to help you find the perfect book for even your mostdifficulttobuyfor loved one Read More  Powells Staff Best Books of 2022 Fiction 1 comment Kelsey Ford 6 Haunting Native American Horror Books 1 comment 1 LOCOK 1 LOCOK LOCCancel 1 LOCOK LOCCancel Careers for Talkative Types and Others with the Gift of Gab 2nd Ed by Marjorie Eberts and Margaret Gisler and Eberts Marjorie Comment on this title Synopses  Reviews ISBN13 9780071467797 ISBN10 0071467793 All Product Details View Larger Image View Larger Images 2200 New Trade Paperback Available at a Remote Warehouse Ships separately from other items Additional shipping charges may apply Not available for In Store Pickup More Info Qty Store 20 Remote Warehouse Synopses  Reviews Publisher Comments Put your mouth where the money is Were you always the first to raise your hand in class Do you spend hours talking on the phone Are you the type to chat with anyone who crosses your path If you answered yes to any of these questions there is a wide range of occupations that will complement your yen to yak it up Careers for Talkative TypesandOthers with the Gift of Gab provides all the information you need to get started on landing the job of your dreams including inside information on everyday routines of selected jobs working conditions within the field and alternate sources to enhance your job search Use the advice provided here and youll Decide which specific profession is best for you Make the right choices the first time around Begin your job search focused and confident Present yourself as a knowledgeable serious job candidate Keep talking You can work as a salesperson  lawyer  telemarketer  customer service rep  travel agent  radio DJ  receptionist About the Author Marjorie Eberts and Margaret Gisler have been writing professionally for twentyfive years and have more than eighty books in print including twentyone books on careers What Our Readers Are Saying Be the first to share your thoughts on this title Product Details ISBN 9780071467797 Binding Trade Paperback Publication date 10012006 Publisher McGrawHill Series info McGrawHill Careers for You Paperback Language English Edition 2 Pages 160 Height 41IN Width 524IN Thickness 41 in LCCN 2006005698 Series McGrawHill Careers for You Number of Units 1 Copyright Year 2006 UPC Code 2800071467799 Author Marjorie Eberts Author Eberts Marjorie Author Margaret Gisler Author Eberts Marjorie Subject Professions  Vocational guidance Subject BusinessCareers Subject Vocational guidance  United States 2200 New Trade Paperback Available at a Remote Warehouse Ships separately from other items Additional shipping charges may apply Not available for In Store Pickup More Info Qty Store 20 Remote Warehouse Receive an email when this ISBN is available used 1 LOCOK 1 LOCOK LOCCancel 1 LOCOK LOCCancel 1 LOCOK 1 LOCOK LOCCancel 1 LOCOK LOCCancel 1 LOCOK 1 LOCOK LOCCancel 1 LOCOK LOCCancel 1 LOCOK 1 LOCOK LOCCancel 1 LOCOK LOCCancel Help Guarantee My Account Careers About Us Security Wish List Partners Contact Us Shipping Transparency ACT MRF Sitemap  2022 POWELLSCOM Terms 1 LOCOK 1 LOCOK LOCCancel 1 LOCOK LOCCancel 1 LOCOK 1 LOCOK LOCCancel 1 LOCOK LOCCancel 1 LOCOK 1 LOCOK LOCCancel 1 LOCOK LOCCancel 1 LOCOK 1 LOCOK LOCCancel 1 LOCOK LOCCancel",
    "page_rank": 2.9118114940385485e-05
}