{
    "Title": " Worlds Religions ",
    "Author": "Huston Smith",
    "Cover Page": "https://covers.powells.com/9780061660184.jpg",
    "ISBN10": "0061660183  \n",
    "ISBN13": "9780061660184",
    "Page URL": "https://powells.com/book/-9780061660184",
    "raw_text": "Worlds Religions Huston Smith Trade Paperback 9780061660184 Powells Books Cart   my account  wish list  help  8008787323 Hello\n Login MENU Browse New Arrivals Bestsellers Featured Preorders Award Winners Audio Books See All Subjects Used Staff Picks Staff Picks Picks of the Month Bookseller Displays 50 Books for 50 Years 25 Best 21st Century SciFi  Fantasy 25 PNW Books to Read Before You Die 25 Books From the 21st Century 25 Memoirs to Read Before You Die 25 Global Books to Read Before You Die 25 Women to Read Before You Die 25 Books to Read Before You Die Gifts Gift Cards  eGift Cards Powells Souvenirs Journals and Notebooks socks Games Sell Books Blog Events Find A Store Dont Miss BIG SALE 20 off sitewide Picks of the Season What Im Giving Great Gifts Under 25 Best Books of 2022 Powells Author Events Oregon Battle of the Books Audio Books Visit Our Stores Powells Books 14 Gift Ideas From 14 of Our Favorite Authors 0 comment Every year Powells reaches out to some of our favorite authors for some muchneeded giftgiving inspiration Below are 14 writerapproved recommendations to help you find the perfect book for even your mostdifficulttobuyfor loved one Read More  Powells Staff Best Books of 2022 Fiction 1 comment Kelsey Ford 6 Haunting Native American Horror Books 1 comment 1 LOCOK 1 LOCOK LOCCancel 1 LOCOK LOCCancel Worlds Religions by Huston Smith Comment on this title Synopses  Reviews ISBN13 9780061660184 ISBN10 0061660183 Condition Standard All Product Details View Larger Image View Larger Images 1350 List Price 1999 Used Trade Paperback Ships in 1 to 3 days Qty Store 3 Local Warehouse Staff Pick An admirably readable and respectful introduction to the basic tenets and philosophies of the worlds major religions written by religious scholar Huston Smith As I read these chapters I found myself developing an increased appreciation of each of these faith traditions including my own What can be found here is perhaps best summed up by Professor Smiths own words If we take the worlds enduring religions at their best we discover the distilled wisdom of the human race Recommended By Lori M Powellscom Synopses  Reviews Publisher Comments Huston Smiths masterpiece explores the essential elements and teachings of the worlds predominant faiths including Hinduism Buddhism Confucianism Taoism Judaism Christianity Islam and the native traditions of Australia Africa Oceania and the Americas Emphasizing the innerrather than the institutionaldimension of these religions Smith devotes special attention to Zen and Tibetan Buddhism Sufism and the teachings of Jesus He convincingly conveys the unique appeal and gifts of each of the traditions and reveals their hold on the human heart and imagination Synopsis Originally titled The Religions of Man this completely revised and updatededition of Smiths seminal work explores the essential elements and teachingsof the worlds predominant faiths Synopsis The Worlds Religions by beloved author and pioneering professor Huston Smith  Tales of Wonder  is the definitive classic for introducing the essential elements and teachings of the worlds predominant faiths including Hinduism Buddhism Confucianism Taoism Judaism Christianity Islam as well as regional native traditions This revised and updated edition provides sympathetic descriptions of the various traditions explaining how they work from the inside which is a big reason why this cherished classic has sold more than two million copies since it first appeared in 1958 About the Author Huston Smith is internationally known and revered as the premier teacher of world religions He is the focus of a fivepart PBS television series with Bill Moyers and has taught at Washington University the Massachusetts Institute of Technology Syracuse University and the University of California at Berkeley The recipient of twelve honorary degrees Smiths fifteen books include his bestselling The Worlds Religions  Why Religion Matters  and his autobiography Tales of Wonder  What Our Readers Are Saying Be the first to share your thoughts on this title Product Details ISBN 9780061660184 Binding Trade Paperback Publication date 05012009 Publisher HARPERCOLLINS PUBLISHERS Series info Plus Pages 448 Height 110IN Width 520IN Thickness 125 Series Plus Number of Units 1 Copyright Year 1991 UPC Code 2800061660186 Author Huston Smith Subject Religion ComparativeReference Subject Religions 1350 List Price 1999 Used Trade Paperback Ships in 1 to 3 days Qty Store 3 Local Warehouse More copies of this ISBN New Trade Paperback 1999 Used Trade Paperback Starting from 850 1 LOCOK 1 LOCOK LOCCancel 1 LOCOK LOCCancel 1 LOCOK 1 LOCOK LOCCancel 1 LOCOK LOCCancel 1 LOCOK 1 LOCOK LOCCancel 1 LOCOK LOCCancel 1 LOCOK 1 LOCOK LOCCancel 1 LOCOK LOCCancel Help Guarantee My Account Careers About Us Security Wish List Partners Contact Us Shipping Transparency ACT MRF Sitemap  2022 POWELLSCOM Terms 1 LOCOK 1 LOCOK LOCCancel 1 LOCOK LOCCancel 1 LOCOK 1 LOCOK LOCCancel 1 LOCOK LOCCancel 1 LOCOK 1 LOCOK LOCCancel 1 LOCOK LOCCancel 1 LOCOK 1 LOCOK LOCCancel 1 LOCOK LOCCancel",
    "page_rank": 5.0661621425127266e-05
}