{
    "Title": " Uncollege Alternative ",
    "Author": "Danielle Wood",
    "Cover Page": "https://covers.powells.com/9780060393083.jpg",
    "ISBN10": "0060393084  \n",
    "ISBN13": "9780060393083",
    "Page URL": "https://powells.com/book/uncollege-alternative-9780060393083",
    "raw_text": "Uncollege Alternative Danielle Wood Trade Paperback 9780060393083 Powells Books Cart   my account  wish list  help  8008787323 Hello\n Login MENU Browse New Arrivals Bestsellers Featured Preorders Award Winners Audio Books See All Subjects Used Staff Picks Staff Picks Picks of the Month Bookseller Displays 50 Books for 50 Years 25 Best 21st Century SciFi  Fantasy 25 PNW Books to Read Before You Die 25 Books From the 21st Century 25 Memoirs to Read Before You Die 25 Global Books to Read Before You Die 25 Women to Read Before You Die 25 Books to Read Before You Die Gifts Gift Cards  eGift Cards Powells Souvenirs Journals and Notebooks socks Games Sell Books Blog Events Find A Store Dont Miss BIG SALE 20 off sitewide Picks of the Season What Im Giving Great Gifts Under 25 Best Books of 2022 Powells Author Events Oregon Battle of the Books Audio Books Visit Our Stores Powells Books 14 Gift Ideas From 14 of Our Favorite Authors 0 comment Every year Powells reaches out to some of our favorite authors for some muchneeded giftgiving inspiration Below are 14 writerapproved recommendations to help you find the perfect book for even your mostdifficulttobuyfor loved one Read More  Powells Staff Best Books of 2022 Fiction 1 comment Kelsey Ford 6 Haunting Native American Horror Books 1 comment 1 LOCOK 1 LOCOK LOCCancel 1 LOCOK LOCCancel Uncollege Alternative by Danielle Wood Comment on this title Synopses  Reviews ISBN13 9780060393083 ISBN10 0060393084 Condition Standard All Product Details View Larger Image View Larger Images 650 List Price 1495 Used Trade Paperback Ships in 1 to 3 days Qty Store 1 Hawthorne Synopses  Reviews Publisher Comments Think College is the Only Path to Success Think Again Want to think out of the box  Want to change your perspective on your future Feeling ambivalent about going to college and going into debt  Then join the world of alternative thinking risktaking adventure seeking and change Join the Uncollege revolution and learn that you can create a profitable exciting creative and amazingly successful future without a college degree Whether youre a high school student considering your next step a college student seeking change or even a college graduate looking for creative alternatives to the conventional path this is uptodate guide will provide a wealth of lifechanging ideas and resources including advice on Great careers without a college degree Taking time off before or during college Opportunities for adventures around the world Internships apprenticeships and training programs Community service projects that pay Starting your own business You are living the most exciting time in history Seize the day Take the Uncollege Alternative About the Author Danielle Wood lives in San Francisco Although she went to college shes taken a lot of her own advice she was an apprentice an intern a voracious traveler and a selfproclaimed dabbler before trying her hand at writing Shes currently at work on her second book What Our Readers Are Saying Be the first to share your thoughts on this title Product Details ISBN 9780060393083 Binding Trade Paperback Publication date 04012000 Publisher HARPERCOLLINS PUBLISHERS Pages 304 Height 832 in Width 556 in Thickness 85 in Grade Range Generaltrade Number of Units 1 Series Volume 106420 UPC Code 2800060393085 Author Danielle Wood Subject High school graduates 650 List Price 1495 Used Trade Paperback Ships in 1 to 3 days Qty Store 1 Hawthorne 1 LOCOK 1 LOCOK LOCCancel 1 LOCOK LOCCancel 1 LOCOK 1 LOCOK LOCCancel 1 LOCOK LOCCancel 1 LOCOK 1 LOCOK LOCCancel 1 LOCOK LOCCancel 1 LOCOK 1 LOCOK LOCCancel 1 LOCOK LOCCancel Help Guarantee My Account Careers About Us Security Wish List Partners Contact Us Shipping Transparency ACT MRF Sitemap  2022 POWELLSCOM Terms 1 LOCOK 1 LOCOK LOCCancel 1 LOCOK LOCCancel 1 LOCOK 1 LOCOK LOCCancel 1 LOCOK LOCCancel 1 LOCOK 1 LOCOK LOCCancel 1 LOCOK LOCCancel 1 LOCOK 1 LOCOK LOCCancel 1 LOCOK LOCCancel",
    "page_rank": 3.103560844856835e-05
}