{
    "Title": " Felix Ever After ",
    "Author": "Kacen Callender",
    "Cover Page": "https://powells-covers-2.s3.amazonaws.com/9780062820266.jpg",
    "ISBN10": "0062820265  \n",
    "ISBN13": "9780062820266",
    "Page URL": "https://www.powells.com/book/felix-ever-after-9780062820266/62-0",
    "raw_text": "Felix Ever After Kacen Callender Trade Paperback 9780062820266 Powells Books Cart   my account  wish list  help  8008787323 Hello\n Login MENU Browse New Arrivals Bestsellers Featured Preorders Award Winners Audio Books See All Subjects Used Staff Picks Staff Picks Picks of the Month Bookseller Displays 50 Books for 50 Years 25 Best 21st Century SciFi  Fantasy 25 PNW Books to Read Before You Die 25 Books From the 21st Century 25 Memoirs to Read Before You Die 25 Global Books to Read Before You Die 25 Women to Read Before You Die 25 Books to Read Before You Die Gifts Gift Cards  eGift Cards Powells Souvenirs Journals and Notebooks socks Games Sell Books Blog Events Find A Store Dont Miss BIG SALE 20 off sitewide Picks of the Season What Im Giving Great Gifts Under 25 Best Books of 2022 Powells Author Events Oregon Battle of the Books Audio Books Visit Our Stores Powells Books 14 Gift Ideas From 14 of Our Favorite Authors 0 comment Every year Powells reaches out to some of our favorite authors for some muchneeded giftgiving inspiration Below are 14 writerapproved recommendations to help you find the perfect book for even your mostdifficulttobuyfor loved one Read More  Powells Staff Best Books of 2022 Fiction 1 comment Kelsey Ford 6 Haunting Native American Horror Books 1 comment 1 LOCOK 1 LOCOK LOCCancel 1 LOCOK LOCCancel Felix Ever After by Kacen Callender Comment on this title Synopses  Reviews ISBN13 9780062820266 ISBN10 0062820265 All Product Details View Larger Image View Larger Images 1199 New Trade Paperback Ships in 1 to 3 days Qty Store 29 Burnside 5 Cedar Hills 5 Hawthorne 20 Local Warehouse From Powellscom Celebrate Pride Month Discover staff favorites booklists guest essays and more Staff Pick Finally The book demigender folk have been waiting for\nFelix Love is a demiboy who is going through interpersonal turmoil at school at home and online\nWhile Felixs story touches on subjects such as being Black queer and trans it also involves a love triangle school bullies and online drama\nI highly recommend this book for everyone but especially demigender folks and trans young adults who have been waiting for a young adult fiction experience that they can relate to Recommended By Rin S Powellscom Synopses  Reviews Publisher Comments A Stonewall Honor Book From Stonewall and Lambda Awardwinning author Kacen Callender comes a revelatory YA novel about a transgender teen grappling with identity and selfdiscovery while falling in love for the first time Felix Love has never been in love  and yes hes painfully aware of the irony He desperately wants to know what its like and why it seems so easy for everyone but him to find someone Whats worse is that even though he is proud of his identity Felix also secretly fears that hes one marginalization too many  Black queer and transgender  to ever get his own happilyeverafter When an anonymous student begins sending him transphobic messages  after publicly posting Felixs deadname alongside images of him before he transitioned  Felix comes up with a plan for revenge What he didnt count on his catfish scenario landing him in a quasilove triangle But as he navigates his complicated feelings Felix begins a journey of questioning and selfdiscovery that helps redefine his most important relationship how he feels about himself Felix Ever After is an honest and layered story about identity falling in love and recognizing the love you deserve Felix is attending an ultracompetitive arts summer program to have a better shot at a full scholarship to Brown when someone posts Felixs dead name beside photos of him pretransition in the schools lobby Felixs plot to get revenge throws him onto the path of love and selfdiscovery  Publishers Weekly  An AntiRacist Childrens and YA Reading List Review From its stunning cover art to the rich messy nuanced narrative at its heart this is an unforgettable story of friendship heartbreak forgiveness and selfdiscoveryrespect for teen readers radiates from every page ALA Booklist Starred Review Review Felix explores love friendship and possibly retribution in this powerful OwnVoices story of identity and selfworth Full of warmth love and support this is an important story and an essential purchase School Library Journal Starred Review Review Boldly empathic hopeful and full of love This topnotch depiction of a messy complicated romantic young artist navigating the bumpy road to selflove and selfdetermination sticks its landing at every turn Publishers Weekly Starred Review Review There are stories that are vital and there are stories that are brilliantly crafted Callender delivers both in this beautiful exploration of friendship new love and self Justin A Reynolds author of Opposite of Always Review Ive never read a book that more perfectly balances hardship hope and happiness This story shines a spotlight on the one thing that transcends all differences a desire to be loved and to love in return Nic Stone bestselling author of Dear Martin Review A firecracker of a book from an author with a powerful point of view Felix Ever After is refreshingly realfull of queer kids who live and breathe and swear and love and make messy mistakes Teens need this one Casey McQuiston bestselling author of Red White  Royal Blue Review Full of nuanced looks at how relationships can be both toxic and supportive loving and confusing and exciting but brief this is definitely not a book to be missed Buzzfeed Review From effervescent characters that I still cant get out of my head to the sizzling backdrop of a New York City summer Callender brings vibrance to a story that desperately needed to be told Jackson Bird author of Sorted Growing Up Coming Out and Finding My Place Review This is a story about friendships finding first loves and continuing to discover yourself even after you thought you had all the answers I cant talk about my love for this book enough  its going to change lives Mason Deaver bestselling author of I Wish You All the Best Review An intricate love story for the ages CNN Underscored Review  Felix Ever After never shies away from the beautiful messy complexity of love in all its forms This book is a gift from start to finish Becky Albertalli bestselling author of Simon vs The Homo Sapiens Agenda Review The writing is smart and engaging and OwnVoices author Callender includes sound information and responsible psychological guidance without bogging down the storytellingA sweet and tender trans romance Horn Book Magazine Synopsis A Stonewall Honor Book A Time Magazine Best YA Book Of All Time From Stonewall and Lambda Awardwinning author Kacen Callender comes a revelatory YA novel about a transgender teen grappling with identity and selfdiscovery while falling in love for the first time Felix Love has never been in loveand yes hes painfully aware of the irony He desperately wants to know what its like and why it seems so easy for everyone but him to find someone Whats worse is that even though he is proud of his identity Felix also secretly fears that hes one marginalization too manyBlack queer and transgenderto ever get his own happilyeverafter When an anonymous student begins sending him transphobic messagesafter publicly posting Felixs deadname alongside images of him before he transitionedFelix comes up with a plan for revenge What he didnt count on his catfish scenario landing him in a quasilove triangle But as he navigates his complicated feelings Felix begins a journey of questioning and selfdiscovery that helps redefine his most important relationship how he feels about himself Felix Ever After is an honest and layered story about identity falling in love and recognizing the love you deserve Felix is attending an ultracompetitive arts summer program to have a better shot at a full scholarship to Brown when someone posts Felixs dead name beside photos of him pretransition in the schools lobby Felixs plot to get revenge throws him onto the path of love and selfdiscovery  Publishers Weekly  An AntiRacist Childrens and YA Reading List About the Author Kacen Callender is originally from Saint Thomas in the US Virgin Islands Kacen has a BA from Sarah Lawrence College and an MFA from the New Schools writing for children program They are also the author of the young adult novel This Is Kind of an Epic Love Story and the middle grade novel Hurricane Child  winner of the Stonewall Book Award and Lambda Literary Award They can be found online at wwwkacencallendercom What Our Readers Are Saying Be the first to share your thoughts on this title Product Details ISBN 9780062820266 Binding Trade Paperback Publication date 04202021 Publisher HARPERCOLLINS PUBLISHERS Pages 368 Height 85IN Width 525IN Age Range 13 to 17 Grade Range 8 to 12 Author Kacen Callender 1199 New Trade Paperback Ships in 1 to 3 days Qty Store 29 Burnside 5 Cedar Hills 5 Hawthorne 20 Local Warehouse Receive an email when this ISBN is available used This title in other editions New Hardcover 1899 New Other 3999 Used Hardcover 1350 1 LOCOK 1 LOCOK LOCCancel 1 LOCOK LOCCancel 1 LOCOK 1 LOCOK LOCCancel 1 LOCOK LOCCancel 1 LOCOK 1 LOCOK LOCCancel 1 LOCOK LOCCancel 1 LOCOK 1 LOCOK LOCCancel 1 LOCOK LOCCancel Help Guarantee My Account Careers About Us Security Wish List Partners Contact Us Shipping Transparency ACT MRF Sitemap  2022 POWELLSCOM Terms 1 LOCOK 1 LOCOK LOCCancel 1 LOCOK LOCCancel 1 LOCOK 1 LOCOK LOCCancel 1 LOCOK LOCCancel 1 LOCOK 1 LOCOK LOCCancel 1 LOCOK LOCCancel 1 LOCOK 1 LOCOK LOCCancel 1 LOCOK LOCCancel",
    "page_rank": 0.0015422199919632455
}