{
    "Title": " Daughter of the Moon Goddess (Celestial Kingdom #1) ",
    "Author": "Sue Lynn Tan",
    "Cover Page": "https://powells-covers-2.s3.amazonaws.com/9780063031319.jpg",
    "ISBN10": "0063031310  \n",
    "ISBN13": "9780063031319",
    "Page URL": "https://powells.com/book/daughter-of-the-moon-goddess-celestial-kingdom-1-9780063031319",
    "raw_text": "Daughter of the Moon Goddess Sue Lynn Tan Trade Paperback 9780063031319 Powells Books Cart   my account  wish list  help  8008787323 Hello\n Login MENU Browse New Arrivals Bestsellers Featured Preorders Award Winners Audio Books See All Subjects Used Staff Picks Staff Picks Picks of the Month Bookseller Displays 50 Books for 50 Years 25 Best 21st Century SciFi  Fantasy 25 PNW Books to Read Before You Die 25 Books From the 21st Century 25 Memoirs to Read Before You Die 25 Global Books to Read Before You Die 25 Women to Read Before You Die 25 Books to Read Before You Die Gifts Gift Cards  eGift Cards Powells Souvenirs Journals and Notebooks socks Games Sell Books Blog Events Find A Store Dont Miss BIG SALE 20 off sitewide Picks of the Season What Im Giving Great Gifts Under 25 Best Books of 2022 Powells Author Events Oregon Battle of the Books Audio Books Visit Our Stores Powells Books 14 Gift Ideas From 14 of Our Favorite Authors 0 comment Every year Powells reaches out to some of our favorite authors for some muchneeded giftgiving inspiration Below are 14 writerapproved recommendations to help you find the perfect book for even your mostdifficulttobuyfor loved one Read More  Powells Staff Best Books of 2022 Fiction 1 comment Kelsey Ford 6 Haunting Native American Horror Books 1 comment 1 LOCOK 1 LOCOK LOCCancel 1 LOCOK LOCCancel Daughter of the Moon Goddess Celestial Kingdom 1 by Sue Lynn Tan Comment on this title Synopses  Reviews ISBN13 9780063031319 ISBN10 0063031310 All Product Details View Larger Image View Larger Images 1799 New Trade Paperback Ships in 1 to 3 days Qty Store 10 Burnside 10 Cedar Hills 20 Local Warehouse Synopses  Reviews Publisher Comments The acclaimed national and international bestseller Epic romantic and enthralling from start to finish  Stephanie Garber 1 New York Times bestselling author of the Caraval series A captivating and romantic debut epic fantasy inspired by the legend of the Chinese moon goddess Change in which a young womans quest to free her mother pits her against the most powerful immortal in the realm Growing up on the moon Xingyin is accustomed to solitude unaware that she is being hidden from the feared Celestial Emperor who exiled her mother for stealing his elixir of immortality But when Xingyins magic flares and her existence is discovered she is forced to flee her home leaving her mother behind Alone powerless and afraid she makes her way to the Celestial Kingdom a land of wonder and secrets Disguising her identity she seizes an opportunity to learn alongside the emperors son mastering archery and magic even as passion flames between her and the prince To save her mother Xingyin embarks on a perilous quest confronting legendary creatures and vicious enemies But when treachery looms and forbidden magic threatens the kingdom she must challenge the ruthless Celestial Emperor for her dream  striking a dangerous bargain in which she is torn between losing all she loves or plunging the realm into chaos Daughter of the Moon Goddess begins an enchanting duology which weaves ancient Chinese mythology into a sweeping adventure of immortals and magic of loss and sacrifice  where love vies with honor dreams are fraught with betrayal and hope emerges triumphant Review This vivid unputdownable debut effortlessly whisks us into the celestial realms of Chinese high fantasy Tan magnificently conjures the romantic yet dangerous dazzle of this immortal world but never loses track of the shining human heart of her tale A captivating treat for lovers of Chinese fantasy dramas and newcomers alike Shelley ParkerChan author of She Who Became the Sun Review Filled with intricate world building heartbreaking romance and mindbending intrigue Tans story is mythic in its scope yet personal in its executionThe result is an allconsuming work of literary fantasy that is breathtaking both for its beauty and its suspense BookPage Starred Review Review An exquisitely detailed fantasy with a strong vulnerable protagonist The intimate prose makes Tans wonderful debut an immersive experience share with fans of Shelley ParkerChan and Katherine Arden Library Journal Starred Review Review Tans remarkable debut and duology launch transports readers into a stunning worldThe result is a riveting pageturner that will leave fantasy lovers satisfied and eager for more Publishers Weekly Starred Review About the Author Sue Lynn Tan writes fantasy inspired by the myths and legends she fell in love with as a child Born in Malaysia she studied in London and France before settling in Hong Kong with her family Her love for stories began with a gift from her father a compilation of fairy tales from around the world and she spent much of her childhood lost in magical realms When not writing or reading she enjoys exploring the hills lakes and temples around her home What Our Readers Are Saying Be the first to share your thoughts on this title Product Details ISBN 9780063031319 Binding Trade Paperback Publication date 10112022 Publisher HARPERCOLLINS PUBLISHERS Pages 528 Height 130IN Width 530IN Series Celestial Kingdom Series Number 1 Series Volume 1 Author Sue Lynn Tan 1799 New Trade Paperback Ships in 1 to 3 days Qty Store 10 Burnside 10 Cedar Hills 20 Local Warehouse Receive an email when this ISBN is available used 1 LOCOK 1 LOCOK LOCCancel 1 LOCOK LOCCancel 1 LOCOK 1 LOCOK LOCCancel 1 LOCOK LOCCancel 1 LOCOK 1 LOCOK LOCCancel 1 LOCOK LOCCancel 1 LOCOK 1 LOCOK LOCCancel 1 LOCOK LOCCancel Help Guarantee My Account Careers About Us Security Wish List Partners Contact Us Shipping Transparency ACT MRF Sitemap  2022 POWELLSCOM Terms 1 LOCOK 1 LOCOK LOCCancel 1 LOCOK LOCCancel 1 LOCOK 1 LOCOK LOCCancel 1 LOCOK LOCCancel 1 LOCOK 1 LOCOK LOCCancel 1 LOCOK LOCCancel 1 LOCOK 1 LOCOK LOCCancel 1 LOCOK LOCCancel",
    "page_rank": 0
}