{
    "Title": " A Brief History of Earth: Four Billion Years in Eight Chapters ",
    "Author": "Andrew H Knoll",
    "Cover Page": "https://powells-covers-2.s3.amazonaws.com/9780062853912.jpg",
    "ISBN10": "0062853910  \n",
    "ISBN13": "9780062853912",
    "Page URL": "https://powells.com/book/a-brief-history-of-earth-9780062853912",
    "raw_text": "A Brief History of Earth Four Billion Years in Eight Chapters Andrew H Knoll Hardcover 9780062853912 Powells Books Cart   my account  wish list  help  8008787323 Hello\n Login MENU Browse New Arrivals Bestsellers Featured Preorders Award Winners Audio Books See All Subjects Used Staff Picks Staff Picks Picks of the Month Bookseller Displays 50 Books for 50 Years 25 Best 21st Century SciFi  Fantasy 25 PNW Books to Read Before You Die 25 Books From the 21st Century 25 Memoirs to Read Before You Die 25 Global Books to Read Before You Die 25 Women to Read Before You Die 25 Books to Read Before You Die Gifts Gift Cards  eGift Cards Powells Souvenirs Journals and Notebooks socks Games Sell Books Blog Events Find A Store Dont Miss BIG SALE 20 off sitewide Picks of the Season What Im Giving Great Gifts Under 25 Best Books of 2022 Powells Author Events Oregon Battle of the Books Audio Books Visit Our Stores Powells Books 14 Gift Ideas From 14 of Our Favorite Authors 0 comment Every year Powells reaches out to some of our favorite authors for some muchneeded giftgiving inspiration Below are 14 writerapproved recommendations to help you find the perfect book for even your mostdifficulttobuyfor loved one Read More  Powells Staff Best Books of 2022 Fiction 1 comment Kelsey Ford 6 Haunting Native American Horror Books 1 comment 1 LOCOK 1 LOCOK LOCCancel 1 LOCOK LOCCancel A Brief History of Earth Four Billion Years in Eight Chapters by Andrew H Knoll Comment on this title Synopses  Reviews ISBN13 9780062853912 ISBN10 0062853910 All Product Details View Larger Image View Larger Images 2400 New Hardcover Ships in 1 to 3 days Qty Store 6 Burnside 5 Hawthorne 20 Local Warehouse Synopses  Reviews Publisher Comments A sublime chronicle of our planet  Booklist starred review Harvards acclaimed geologist charts Earths history in accessible style AP How well do you know the ground beneath your feet Odds are where youre standing was once cooking under a roiling sea of lava crushed by a towering sheet of ice rocked by a nearby meteor strike or perhaps choked by poison gases drowned beneath ocean perched atop a mountain range or roamed by fearsome monsters Probably most or even all of the above The story of our home planet and the organisms spread across its surface is far more spectacular than any Hollywood blockbuster filled with enough plot twists to rival a bestselling thriller But only recently have we begun to piece together the whole mystery into a coherent narrative Drawing on his decades of field research and uptotheminute understanding of the latest science renowned geologist Andrew H Knoll delivers a rigorous yet accessible biography of Earth charting our home planets epic 46 billionyear story Placing twenty firstcentury climate change in deep context A Brief History of Earth is an indispensable look at where weve been and where were going Features original illustrations depicting Earth history and nearly 50 figures maps tables photographs graphs Review Covers the arc of our planets history from its earliest formation to the present day in a succinct and deftlywritten way Forbes Review A fantastic distillation of Earths history from one of the worlds leading geologists Andrew H Knoll has written an engrossing witty and eminently readable romp through our home planets 45 billion years from trilobites and dinosaurs to human origins and our rapidly changing modern times Steve Brusatte New York Times bestselling author of The Rise and Fall of the Dinosaurs Review The type of book that is sorely needed at this moment in history Knoll assembles facts from a wide variety of fields to tell our planets story in a clear and accessible narrative Scientific Inquirer About the Author Andrew H Knoll is the Fisher Professor of Natural History at Harvard University His honors include the International Prize for Biology the Charles Doolittle Walcott and the Mary Clark Thompson Medals of the National Academy of Sciences the Paleontological Society Medal and the Wollaston Medal of the Geological Society of London For nearly two decades he served on the science team for NASAs Mars Exploration Rover mission Knoll is also the author of Life on a Young Planet for which he received the Phi Beta Kappa Book Award in Science 2 1 What Our Readers Are Saying Share your thoughts on this title Average customer rating 2 1 comments  David of Los Osos  March 04 2022 I was VERY disappointed by this tiny brief book I ordered the book version instead of Kindle because I wanted to have graphics to help with understanding Earths long history The photos and graphics in the book were poor quality small grainy and blurry The Book is titled A Brief History of Earth It lived up to the brief part The book is so brief a cursory read of a Wiki article would give you about as much information I expected more details and examples Was this comment helpful  Yes  No report this\ncomment Product Details ISBN 9780062853912 Binding Hardcover Publication date 04272021 Publisher CUSTOM HOUSE PUBLISHING Pages 272 Height 130IN Width 580IN Illustration Yes Author Andrew H Knoll 2400 New Hardcover Ships in 1 to 3 days Qty Store 6 Burnside 5 Hawthorne 20 Local Warehouse Receive an email when this ISBN is available used 1 LOCOK 1 LOCOK LOCCancel 1 LOCOK LOCCancel 1 LOCOK 1 LOCOK LOCCancel 1 LOCOK LOCCancel 1 LOCOK 1 LOCOK LOCCancel 1 LOCOK LOCCancel 1 LOCOK 1 LOCOK LOCCancel 1 LOCOK LOCCancel Help Guarantee My Account Careers About Us Security Wish List Partners Contact Us Shipping Transparency ACT MRF Sitemap  2022 POWELLSCOM Terms 1 LOCOK 1 LOCOK LOCCancel 1 LOCOK LOCCancel 1 LOCOK 1 LOCOK LOCCancel 1 LOCOK LOCCancel 1 LOCOK 1 LOCOK LOCCancel 1 LOCOK LOCCancel 1 LOCOK 1 LOCOK LOCCancel 1 LOCOK LOCCancel",
    "page_rank": 3.5383582654505545e-05
}