{
    "Title": " The City of Brass: Daevabad 1 ",
    "Author": "S A Chakraborty",
    "Cover Page": "https://powells-covers-2.s3.amazonaws.com/9780062678119.jpg",
    "ISBN10": "0062678116  \n",
    "ISBN13": "9780062678119",
    "Page URL": "https://powells.com/book/the-city-of-brass-9780062678119",
    "raw_text": "City of Brass A Novel S A Chakraborty Trade Paperback 9780062678119 Powells Books Cart   my account  wish list  help  8008787323 Hello\n Login MENU Browse New Arrivals Bestsellers Featured Preorders Award Winners Audio Books See All Subjects Used Staff Picks Staff Picks Picks of the Month Bookseller Displays 50 Books for 50 Years 25 Best 21st Century SciFi  Fantasy 25 PNW Books to Read Before You Die 25 Books From the 21st Century 25 Memoirs to Read Before You Die 25 Global Books to Read Before You Die 25 Women to Read Before You Die 25 Books to Read Before You Die Gifts Gift Cards  eGift Cards Powells Souvenirs Journals and Notebooks socks Games Sell Books Blog Events Find A Store Dont Miss BIG SALE 20 off sitewide Picks of the Season What Im Giving Great Gifts Under 25 Best Books of 2022 Powells Author Events Oregon Battle of the Books Audio Books Visit Our Stores Powells Books 14 Gift Ideas From 14 of Our Favorite Authors 0 comment Every year Powells reaches out to some of our favorite authors for some muchneeded giftgiving inspiration Below are 14 writerapproved recommendations to help you find the perfect book for even your mostdifficulttobuyfor loved one Read More  Powells Staff Best Books of 2022 Fiction 1 comment Kelsey Ford 6 Haunting Native American Horror Books 1 comment 1 LOCOK 1 LOCOK LOCCancel 1 LOCOK LOCCancel The City of Brass Daevabad 1 by S A Chakraborty Comment on this title Synopses  Reviews ISBN13 9780062678119 ISBN10 0062678116 All Product Details View Larger Image View Larger Images 1799 List Price 1899 New Trade Paperback Ships in 1 to 3 days Qty Store 8 Cedar Hills From Powellscom Powells Picks of the Month Hot new releases and undertheradar gems for adults and kids Staff Pick The City of Brass is an incredible debut It features the sword fights monsters magic forbidden romances and betrayals that characterize all of the best fantasy novels but these elements are set against the mythical city of Daevabad populated entirely by Djinn The politics in this book are more nuanced and relevant than most fantasy fare and the worldbuilding is fresh and enthralling The City of Brass is the most exciting fantasy Ive read in a very long time and Chakraborty is singlehandedly responsible for reigniting my love for the genre Recommended By Ashleigh B Powellscom Synopses  Reviews Publisher Comments NAMED ONE OF THE BEST BOOKS OF THE YEAR BY Library Journal  Vulture  The Verge  SYFYWire Step into The City of Brass  the spellbinding debut from S A Chakraborty perfect for fans of The Golem and the Jinni The Grace of Kings  and Uprooted in which the future of a magical Middle Eastern kingdom rests in the hands of a clever and defiant young con artist with miraculous healing gifts Featuring a stepback and bonus content including a new short story and an excerpt from The Kingdom of Copper Nahri has never believed in magic Certainly she has power on the streets of eighteenthcentury Cairo shes a con woman of unsurpassed talent But she knows better than anyone that the trades she uses to get by  palm readings zars and a mysterious gift for healingare all tricks both the means to the delightful end of swindling Ottoman nobles and a reliable way to survive But when Nahri accidentally summons Dara an equally sly darkly mysterious djinn warrior to her side during one of her cons shes forced to reconsider her beliefs For Dara tells Nahri an extraordinary tale across hot windswept sands teeming with creatures of fire and rivers where the mythical marid sleep past ruins of oncemagnificent human metropolises and mountains where the circling birds of prey are more than what they seem lies Daevabad the legendary city of brass  a city to which Nahri is irrevocably bound In Daevabad within gilded brass walls laced with enchantments and behind the six gates of the six djinn tribes old resentments run deep And when Nahri decides to enter this world her arrival threatens to ignite a war that has been simmering for centuries Spurning Daras warning of the treachery surrounding her she embarks on a hesitant friendship with Alizayd an idealistic prince who dreams of revolutionizing his fathers corrupt regime All too soon Nahri learns that true power is fierce and brutal That magic cannot shield her from the dangerous web of court politics That even the cleverest of schemes can have deadly consequences After all there is a reason they say to be careful what you wish for Review Its hard to describe just how gorgeous and intricate this fantasy novel is SYFY Wire Review An extravagant feast of a book  spicy and bloody dizzyingly magical and still somehow utterly believable Laini Taylor New York Times bestselling author of Strange the Dreamer Review Chakrabortys first book in her in Daevabad Trilogy introduces an enchanting world of magic and treachery that will leave you clamoring for book two Paste Magazine About the Author S A Chakraborty is a speculative fiction writer from New York City The City of Brass is her first novel What Our Readers Are Saying Be the first to share your thoughts on this title Product Details ISBN 9780062678119 Binding Trade Paperback Publication date 07032018 Publisher HARPERCOLLINS PUBLISHERS Pages 576 Author S A Chakraborty Author S A Chakraborty 1799 List Price 1899 New Trade Paperback Ships in 1 to 3 days Qty Store 8 Cedar Hills Receive an email when this ISBN is available used More copies of this ISBN New Trade Paperback 1899 1 LOCOK 1 LOCOK LOCCancel 1 LOCOK LOCCancel 1 LOCOK 1 LOCOK LOCCancel 1 LOCOK LOCCancel 1 LOCOK 1 LOCOK LOCCancel 1 LOCOK LOCCancel 1 LOCOK 1 LOCOK LOCCancel 1 LOCOK LOCCancel Help Guarantee My Account Careers About Us Security Wish List Partners Contact Us Shipping Transparency ACT MRF Sitemap  2022 POWELLSCOM Terms 1 LOCOK 1 LOCOK LOCCancel 1 LOCOK LOCCancel 1 LOCOK 1 LOCOK LOCCancel 1 LOCOK LOCCancel 1 LOCOK 1 LOCOK LOCCancel 1 LOCOK LOCCancel 1 LOCOK 1 LOCOK LOCCancel 1 LOCOK LOCCancel",
    "page_rank": 0
}