{
    "Title": " Plant Paradox The Hidden Dangers in Healthy Foods That Cause Disease & Weight Gain ",
    "Author": "Steven R Gundry",
    "Cover Page": "https://powells-covers-2.s3.amazonaws.com/9780062427137.jpg",
    "ISBN10": "006242713X  \n",
    "ISBN13": "9780062427137",
    "Page URL": "https://powells.com/book/plant-paradox-the-hidden-dangers-in-healthy-foods-that-cause-disease-weight-gain-9780062427137",
    "raw_text": "The Plant Paradox The Hidden Dangers in Healthy Foods That Cause Disease and Weight Gain Gundry Steven R M D Hardcover 9780062427137 Powells Books Cart   my account  wish list  help  8008787323 Hello\n  Login MENU Browse New Arrivals Bestsellers Featured Preorders Award Winners Audio Books See All Subjects Used Staff Picks Staff Picks Picks of the Month Bookseller Displays 50 Books for 50 Years 25 Best 21st Century SciFi  Fantasy 25 PNW Books to Read Before You Die 25 Books From the 21st Century 25 Memoirs to Read Before You Die 25 Global Books to Read Before You Die 25 Women to Read Before You Die 25 Books to Read Before You Die Gifts Gift Cards  eGift Cards Powells Souvenirs Journals and Notebooks socks Games Sell Books Blog Events Find A Store Dont Miss BIG SALE 20 off sitewide Picks of the Season What Im Giving Great Gifts Under 25 Best Books of 2022 Powells Author Events Oregon Battle of the Books Audio Books Visit Our Stores Powells Books 14 Gift Ideas From 14 of Our Favorite Authors 0 comment Every year Powells reaches out to some of our favorite authors for some muchneeded giftgiving inspiration Below are 14 writerapproved recommendations to help you find the perfect book for even your mostdifficulttobuyfor loved one Read More  Powells Staff Best Books of 2022 Fiction 1 comment Kelsey Ford 6 Haunting Native American Horror Books 1 comment 1 LOCOK 1 LOCOK LOCCancel 1 LOCOK LOCCancel Plant Paradox The Hidden Dangers in Healthy Foods That Cause Disease  Weight Gain by Steven R Gundry Comment on this title Synopses  Reviews ISBN13 9780062427137 ISBN10 006242713X Condition Standard DustJacket Standard All Product Details View Larger Image View Larger Images 1995 List Price 2999 Used Hardcover Ships in 1 to 3 days Qty Store 7 Burnside 6 Cedar Hills 20 Local Warehouse Synopses  Reviews Synopsis From renowned cardiac surgeon Steven R Gundry MD a revolutionary look at the hidden compounds in healthy foods like fruit vegetables and whole grains that are causing us to gain weight and develop chronic disease In the deadly game of predator versus prey an adult gazelle can outrun a hungry lioness a sparrow can take flight when stalked by a cat and a skunk can let loose a spray of noxious liquid to temporarily blind a fox The stakes aren t always rigged against the prey But when the prey is a plant the poor thing is helpless right Wrong Plants actually have an impressive array of defense tactics to protect themselves from predators of all shapes and sizes including humans Dr Stephen Gundry explains that these defense strategies make the seemingly virtuous plants that we consume every day fruits vegetables grains nuts and seeds far less good for us than we assume Plants may use physical deterrents think the spinetipped leaves of an artichoke or the hard outer coating of a seed as well as chemical warfare to repel predators One of the most common forms of plants chemical defense system comes in the form of proteins called lectins Found in the seeds grains skins rinds and leaves of most plants lectins act as smart bombs in the human body causing toxic or inflammatory reactions that lead to serious conditions such as leaky gut autoimmune disease chronic digestive disorders heart disease and weight gain In The Plant Paradox  Dr Gundry outlines the health hazards posed by lectins as well as the ways we can avoid them The main sources oflectins in the American diet include conventionallyraised dairy products beans and other legumes wheat and grains and specific vegetables and fruits The simple and daunting fact is lectins are everywhere But in The Plant Paradox Dr Gundry provides simple hacks we easily can employ to avoid this insidious plant toxin including Vegetables like tomatoes and peppers are full of lectins but most are contained in the skin and seeds Simply peeling and deseeding your favorite veggies makes them safer to consume Plants want us to eat them when they re ripe to disperse their seeds Eating fruit at the peak of ripeness that means fresh local and seasonal ensure that you will consume fewer lectins Think whole grains are healthy Think again All of those grains and seeds with hard outer coatings are designed by nature to cause digestive distress and are full of lectins In fact wheat contains one very famous lectin gluten With a full list of lectincontaining foods and simple substitutes for each a stepbystep detox and eating plan and easy lectinfree recipes The Plant Paradox illuminates the hidden dangers lurking in your salad bowl and shows you how to eat whole foods in a whole new way  Synopsis Most of us have heard of glutena protein found in wheat that causes widespread inflammation in the body Americans spend billions of dollars on glutenfree diets in an effort to protect their health But what if weve been missing the root of the problem In The Plant Paradox  renowned cardiologist Dr Steven Gundry reveals that gluten is just one variety of a common and highly toxic plantbased protein called lectin Lectins are found not only in grains like wheat but also in the glutenfree foods most of us commonly regard as healthy including many fruits vegetables nuts beans and conventional dairy products These proteins which are found in the seeds grains skins rinds and leaves of plants are designed by nature to protect them from predators including humans Once ingested they incite a kind of chemical warfare in our bodies causing inflammatory reactions that can lead to weight gain and serious health conditions At his waitlistonly clinics in California Dr Gundry has successfully treated tens of thousands of patients suffering from autoimmune disorders diabetes leaky gut syndrome heart disease and neurodegenerative diseases with a protocol that detoxes the cells repairs the gut and nourishes the body Now in The Plant Paradox  he shares this clinically proven program with readers around the world The simple and daunting fact is lectins are everywhere Thankfully Dr Gundry offers simple hacks we easily can employ to avoid them including  Peel your veggies Most of the lectins are contained in the skin and seeds of plants simply peeling and deseeding vegetables like tomatoes and peppers reduces their lectin content  Shop for fruit in season Fruit contain fewer lectins when ripe so eating apples berries and other lectincontaining fruits at the peak of ripeness helps minimize your lectin consumption  Swap your brown rice for white Whole grains and seeds with hard outer coatings are designed by nature to cause digestive distressand are full of lectins With a full list of lectincontaining foods and simple substitutes for each a stepbystep detox and eating plan and delicious lectinfree recipes The Plant Paradox illuminates the hidden dangers lurking in your salad bowland shows you how to eat whole foods in a whole new way Synopsis Dr Gundry is a true trailblazer always at the forefront of scientific knowledge The Plant Paradox shows the world what pioneer thinking is about and is a mustread book for anyone interested in being as healthy as nature has designed them to be Alejandro Junger MD New York Times bestselling author of Clean Clean Gut and Clean Eats  The Plant Paradox elegantly explains how plants defend themselves from being consumed by humans and how eating the wrong ones at the wrong times immeasurably hurts our health An eyeopening read Mehmet Oz MD Professor of Surgery New York PresbyterianColumbia University Most of us have heard of glutena protein found in wheat that causes widespread inflammation in the body Americans spend billions of dollars on glutenfree diets in an effort to protect their health But what if weve been missing the root of the problem In The Plant Paradox  renowned cardiologist Dr Steven Gundry reveals that gluten is just one variety of a common and highly toxic plantbased protein called lectin Lectins are found not only in grains like wheat but also in the glutenfree foods most of us commonly regard as healthy including many fruits vegetables nuts beans and conventional dairy products These proteins which are found in the seeds grains skins rinds and leaves of plants are designed by nature to protect them from predators including humans Once ingested they incite a kind of chemical warfare in our bodies causing inflammatory reactions that can lead to weight gain and serious health conditions At his waitlistonly clinics in California Dr Gundry has successfully treated tens of thousands of patients suffering from autoimmune disorders diabetes leaky gut syndrome heart disease and neurodegenerative diseases with a protocol that detoxes the cells repairs the gut and nourishes the body Now in The Plant Paradox  he shares this clinically proven program with readers around the world The simple and daunting fact is lectins are everywhere Thankfully Dr Gundry offers simple hacks we easily can employ to avoid them including  Peel your veggies Most of the lectins are contained in the skin and seeds of plants simply peeling and deseeding vegetables like tomatoes and peppers reduces their lectin content  Shop for fruit in season Fruit contain fewer lectins when ripe so eating apples berries and other lectincontaining fruits at the peak of ripeness helps minimize your lectin consumption  Swap your brown rice for white Whole grains and seeds with hard outer coatings are designed by nature to cause digestive distressand are full of lectins With a full list of lectincontaining foods and simple substitutes for each a stepbystep detox and eating plan and delicious lectinfree recipes The Plant Paradox illuminates the hidden dangers lurking in your salad bowland shows you how to eat whole foods in a whole new way Synopsis I read this book it worked My autoimmune disease is gone and Im 37 pounds lighter in my pleather Kelly Clarkson Most of us have heard of glutena protein found in wheat that causes widespread inflammation in the body Americans spend billions of dollars on glutenfree diets in an effort to protect their health But what if weve been missing the root of the problem In The Plant Paradox  renowned cardiologist Dr Steven Gundry reveals that gluten is just one variety of a common and highly toxic plantbased protein called lectin Lectins are found not only in grains like wheat but also in the glutenfree foods most of us commonly regard as healthy including many fruits vegetables nuts beans and conventional dairy products These proteins which are found in the seeds grains skins rinds and leaves of plants are designed by nature to protect them from predators including humans Once ingested they incite a kind of chemical warfare in our bodies causing inflammatory reactions that can lead to weight gain and serious health conditions At his waitlistonly clinics in California Dr Gundry has successfully treated tens of thousands of patients suffering from autoimmune disorders diabetes leaky gut syndrome heart disease and neurodegenerative diseases with a protocol that detoxes the cells repairs the gut and nourishes the body Now in The Plant Paradox  he shares this clinically proven program with readers around the world The simple and daunting fact is lectins are everywhere Thankfully Dr Gundry offers simple hacks we easily can employ to avoid them including Peel your veggies Most of the lectins are contained in the skin and seeds of plants simply peeling and deseeding vegetables like tomatoes and peppers reduces their lectin content Shop for fruit in season Fruit contain fewer lectins when ripe so eating apples berries and other lectincontaining fruits at the peak of ripeness helps minimize your lectin consumption Swap your brown rice for white Whole grains and seeds with hard outer coatings are designed by nature to cause digestive distressand are full of lectins With a full list of lectincontaining foods and simple substitutes for each a stepbystep detox and eating plan and delicious lectinfree recipes The Plant Paradox illuminates the hidden dangers lurking in your salad bowland shows you how to eat whole foods in a whole new way What Our Readers Are Saying Be the first to share your thoughts on this title Product Details ISBN 9780062427137 Binding Hardcover Publication date 04252017 Publisher Harper Wave Series info Plant Paradox Pages 416 Height 160IN Width 600IN Series Number 1 Author Steven R Gundry Author Steven R M D Gundry Author Steven R Gundry Author Steven R Gundry MD 1995 List Price 2999 Used Hardcover Ships in 1 to 3 days Qty Store 7 Burnside 6 Cedar Hills 20 Local Warehouse More copies of this ISBN New Hardcover 2999 Used Hardcover 2100 1 LOCOK 1 LOCOK LOCCancel 1 LOCOK LOCCancel 1 LOCOK 1 LOCOK LOCCancel 1 LOCOK LOCCancel 1 LOCOK 1 LOCOK LOCCancel 1 LOCOK LOCCancel 1 LOCOK 1 LOCOK LOCCancel 1 LOCOK LOCCancel Help Guarantee My Account Careers About Us Security Wish List Partners Contact Us Shipping Transparency ACT MRF Sitemap  2022 POWELLSCOM Terms 1 LOCOK 1 LOCOK LOCCancel 1 LOCOK LOCCancel 1 LOCOK 1 LOCOK LOCCancel 1 LOCOK LOCCancel 1 LOCOK 1 LOCOK LOCCancel 1 LOCOK LOCCancel 1 LOCOK 1 LOCOK LOCCancel 1 LOCOK LOCCancel",
    "page_rank": 3.051879165612712e-05
}