{
    "Title": " Taking Charge of Your Fertility 20th Anniversary Edition ",
    "Author": "Toni Weschler",
    "Cover Page": "https://covers.powells.com/9780062326034.jpg",
    "ISBN10": "0062326031  \n",
    "ISBN13": "9780062326034",
    "Page URL": "https://powells.com/book/taking-charge-of-your-fertility-20th-anniversary-edition-9780062326034",
    "raw_text": "Taking Charge of Your Fertility 20th Anniversary Edition Toni Weschler Trade Paperback 9780062326034 Powells Books Cart   my account  wish list  help  8008787323 Hello\n Login MENU Browse New Arrivals Bestsellers Featured Preorders Award Winners Audio Books See All Subjects Used Staff Picks Staff Picks Picks of the Month Bookseller Displays 50 Books for 50 Years 25 Best 21st Century SciFi  Fantasy 25 PNW Books to Read Before You Die 25 Books From the 21st Century 25 Memoirs to Read Before You Die 25 Global Books to Read Before You Die 25 Women to Read Before You Die 25 Books to Read Before You Die Gifts Gift Cards  eGift Cards Powells Souvenirs Journals and Notebooks socks Games Sell Books Blog Events Find A Store Dont Miss BIG SALE 20 off sitewide Picks of the Season What Im Giving Great Gifts Under 25 Best Books of 2022 Powells Author Events Oregon Battle of the Books Audio Books Visit Our Stores Powells Books 14 Gift Ideas From 14 of Our Favorite Authors 0 comment Every year Powells reaches out to some of our favorite authors for some muchneeded giftgiving inspiration Below are 14 writerapproved recommendations to help you find the perfect book for even your mostdifficulttobuyfor loved one Read More  Powells Staff Best Books of 2022 Fiction 1 comment Kelsey Ford 6 Haunting Native American Horror Books 1 comment 1 LOCOK 1 LOCOK LOCCancel 1 LOCOK LOCCancel Taking Charge of Your Fertility 20th Anniversary Edition by Toni Weschler Comment on this title Synopses  Reviews ISBN13 9780062326034 ISBN10 0062326031 All Product Details View Larger Image View Larger Images 2599 List Price 2799 New Trade Paperback Ships in 1 to 3 days Qty Store 20 Local Warehouse Synopses  Reviews Publisher Comments In celebration of its 20th anniversary a thoroughly revised and expanded edition of the leading book on fertility and womens reproductive health Since the publication of Taking Charge of your Fertility two decades ago Toni Weschler has taught a whole new generation of women how to become pregnant avoid pregnancy naturally and gain better control of their gynecological and sexual health by taking just a couple minutes a day using the proven Fertility Awareness Method Now this 20th Anniversary Edition has been thoroughly revised and fully updated with the latest medical advances in assisted reproductive technologies ART more indepth coverage of womens gynecological and sexual health new illustrations photographs and an expanded color insert new sample charts an expanded appendix Six new chapters including Three Prevalent ConditionsEndometriosis Ovarian Cysts and PCOS Natural Ways to Balance Your Hormones Preserving Your Future Fertility Miscarriages Idiopathic Infertility Causes of Unusual Bleeding Clear and comprehensive yet warm and approachable Taking Charge of Your Fertility is one of the most universally lauded health books on the market today It is an essential reference for every woman of reproductive age Synopsis This new edition for the twentieth anniversary of the groundbreaking national bestseller provides all the information you need to monitor your menstrual cyclealong with updated information on the latest reproductive technologies Are you unhappy with your current method of birth control Or demoralized by your quest to have a baby Do you experience confusing signs and symptoms at various times in your cycle This invaluable resource provides the answers to your questions while giving you amazing insights into your body Taking Charge of Your Fertility has helped literally hundreds of thousands of women avoid pregnancy naturally maximize their chances of getting pregnant or simply gain better control of their gynecological and sexual health Toni Weschler thoroughly explains the empowering Fertility Awareness Method FAM which in only a couple of minutes a day allows you to Enjoy highly effective and scientifically proven birth control without chemicals or devices Maximize your chances of conception before you see a doctor or resort to invasive hightech options Expedite your fertility treatment by quickly identifying impediments to pregnancy achievement Gain control and a true understanding of your gynecological and sexual health This new edition includes A fully revised and intuitive charting system A selection of personalized master charts for birth control pregnancy achievement breastfeeding and menopause An expanded sixteenpage color insert that reflects the books most important concepts Six brandnew chapters on topics including balancing hormones naturally preserving your future fertility and three medical conditions all women should be aware of About the Author Toni Weschler MPH has a masters degree in public health and is a nationally respected womens health educator and speaker She is also the author of Cycle Savvy  a book for teenage girls about their bodies A frequent guest on television and radio shows she lives in Seattle Washington What Our Readers Are Saying Be the first to share your thoughts on this title Product Details ISBN 9780062326034 Binding Trade Paperback Publication date 07072015 Publisher WILLIAM MORROW  COMPANY INC Pages 560 Height 150IN Width 730IN Thickness 150 Illustration Yes Copyright Year 2015 Author Toni Author Toni Weschler Author Weschler Subject Health and MedicineWomens Health 2599 List Price 2799 New Trade Paperback Ships in 1 to 3 days Qty Store 20 Local Warehouse Receive an email when this ISBN is available used More copies of this ISBN New Trade Paperback 2799 1 LOCOK 1 LOCOK LOCCancel 1 LOCOK LOCCancel 1 LOCOK 1 LOCOK LOCCancel 1 LOCOK LOCCancel 1 LOCOK 1 LOCOK LOCCancel 1 LOCOK LOCCancel 1 LOCOK 1 LOCOK LOCCancel 1 LOCOK LOCCancel Help Guarantee My Account Careers About Us Security Wish List Partners Contact Us Shipping Transparency ACT MRF Sitemap  2022 POWELLSCOM Terms 1 LOCOK 1 LOCOK LOCCancel 1 LOCOK LOCCancel 1 LOCOK 1 LOCOK LOCCancel 1 LOCOK LOCCancel 1 LOCOK 1 LOCOK LOCCancel 1 LOCOK LOCCancel 1 LOCOK 1 LOCOK LOCCancel 1 LOCOK LOCCancel",
    "page_rank": 3.7747874787349726e-05
}