{
    "Title": " I Contain Multitudes: The Microbes Within Us and a Grander View of Life ",
    "Author": "Ed Yong",
    "Cover Page": "https://powells-covers-2.s3.amazonaws.com/9780062368607.jpg",
    "ISBN10": "0062368605  \n",
    "ISBN13": "9780062368607",
    "Page URL": "https://powells.com/book/i-contain-multitudes-9780062368607",
    "raw_text": "I Contain Multitudes The Microbes Within Us and a Grander View of Life Yong Ed Trade Paperback 9780062368607 Powells Books Cart   my account  wish list  help  8008787323 Hello\n Login MENU Browse New Arrivals Bestsellers Featured Preorders Award Winners Audio Books See All Subjects Used Staff Picks Staff Picks Picks of the Month Bookseller Displays 50 Books for 50 Years 25 Best 21st Century SciFi  Fantasy 25 PNW Books to Read Before You Die 25 Books From the 21st Century 25 Memoirs to Read Before You Die 25 Global Books to Read Before You Die 25 Women to Read Before You Die 25 Books to Read Before You Die Gifts Gift Cards  eGift Cards Powells Souvenirs Journals and Notebooks socks Games Sell Books Blog Events Find A Store Dont Miss BIG SALE 20 off sitewide Picks of the Season What Im Giving Great Gifts Under 25 Best Books of 2022 Powells Author Events Oregon Battle of the Books Audio Books Visit Our Stores Powells Books 14 Gift Ideas From 14 of Our Favorite Authors 0 comment Every year Powells reaches out to some of our favorite authors for some muchneeded giftgiving inspiration Below are 14 writerapproved recommendations to help you find the perfect book for even your mostdifficulttobuyfor loved one Read More  Powells Staff Best Books of 2022 Fiction 1 comment Kelsey Ford 6 Haunting Native American Horror Books 1 comment 1 LOCOK 1 LOCOK LOCCancel 1 LOCOK LOCCancel I Contain Multitudes The Microbes Within Us and a Grander View of Life by Ed Yong Comment on this title Synopses  Reviews ISBN13 9780062368607 ISBN10 0062368605 All Product Details View Larger Image View Larger Images 1799 New Trade Paperback Ships in 1 to 3 days Qty Store 14 Burnside 2 Cedar Hills 20 Local Warehouse From Powellscom Powells Picks of the Month Hot new releases and undertheradar gems for adults and kids Staff Pick If youve been devouring British science writer Ed Yongs insightful articles on COVID19 in The Atlantic these last few months but havent read his 2016 book you are in for a treat\u00a0Yongs enthusiasm for his subject  the microbial world and our everexpanding research into it  is absolutely infectious Yong shares some of the most significant research into our planets diverse and countless microbes and explains the symbiotic relationships that have evolved and melded within and around them It makes for an extraordinary and at times mindblowing read Recommended By Lori M Powellscom We have over 39 trillion microbial cells in and on our bodies What is the value of all of these bacteria and should they be destroyed With humor and intellect Ed Yong provides a wonderful look at how microbes contribute to our lives in profound and widereaching ways Recommended By Kim S Powellscom Synopses  Reviews Publisher Comments Joining the ranks of popular science classics like The Botany of Desire and The Selfish Gene  a groundbreaking wondrously informative and vastly entertaining examination of the most significant revolution in biology since Darwin  a microbeseye view of the world that reveals a marvelous radically reconceived picture of life on earth Every animal whether human squid or wasp is home to millions of bacteria and other microbes Ed Yong whose humor is as evident as his erudition prompts us to look at ourselves and our animal companions in a new lightless as individuals and more as the interconnected interdependent multitudes we assuredly are The microbes in our bodies are part of our immune systems and protect us from disease In the deep oceans mysterious creatures without mouths or guts depend on microbes for all their energy Bacteria provide squid with invisibility cloaks help beetles to bring down forests and allow worms to cause diseases that afflict millions of people Many people think of microbes as germs to be eradicated but those that live with us  the microbiome  build our bodies protect our health shape our identities and grant us incredible abilities In this astonishing book Ed Yong takes us on a grand tour through our microbial partners and introduces us to the scientists on the front lines of discovery It will change both our view of nature and our sense of where we belong in it Review A science journalists first book is an excellent vivid introduction to the allenveloping realm of our secret sharers New York Times Book Review Editors Choice Review An excellent and vivid introduction to our microbiotainfectiously enthusiastic New York Times Book Review Review In I Contain Multitudes  Yong synthesizes literally hundreds and hundreds of papers but he never overwhelms you with the science He just keeps imparting one surprising fascinating insight after the next I Contain Multitudes is science journalism at its best Bill Gates About the Author Ed Yong is an awardwinning science writer on the staff of the Atlantic  His blog Not Exactly Rocket Science is hosted by National Geographic  and his work has appeared in The New Yorker  Wired the New York Times  Nature  New Scientist  Scientific American the Guardian the Times  Discover Slate  and other publications He lives in London and Washington DC What Our Readers Are Saying Be the first to share your thoughts on this title Product Details ISBN 9780062368607 Binding Trade Paperback Publication date 01162018 Publisher Ecco Press Pages 368 Height 110IN Width 590IN Author Ed Yong 1799 New Trade Paperback Ships in 1 to 3 days Qty Store 14 Burnside 2 Cedar Hills 20 Local Warehouse Receive an email when this ISBN is available used 1 LOCOK 1 LOCOK LOCCancel 1 LOCOK LOCCancel 1 LOCOK 1 LOCOK LOCCancel 1 LOCOK LOCCancel 1 LOCOK 1 LOCOK LOCCancel 1 LOCOK LOCCancel 1 LOCOK 1 LOCOK LOCCancel 1 LOCOK LOCCancel Help Guarantee My Account Careers About Us Security Wish List Partners Contact Us Shipping Transparency ACT MRF Sitemap  2022 POWELLSCOM Terms 1 LOCOK 1 LOCOK LOCCancel 1 LOCOK LOCCancel 1 LOCOK 1 LOCOK LOCCancel 1 LOCOK LOCCancel 1 LOCOK 1 LOCOK LOCCancel 1 LOCOK LOCCancel 1 LOCOK 1 LOCOK LOCCancel 1 LOCOK LOCCancel",
    "page_rank": 2.3383823319128893e-05
}