{
    "Title": " Log From The Sea Of Cortez ",
    "Author": "John Steinbeck",
    "Cover Page": "https://powells-covers-2.s3.amazonaws.com/9780140187441.jpg",
    "ISBN10": "0140187448  \n",
    "ISBN13": "9780140187441",
    "Page URL": "https://powells.com/book/log-from-the-sea-of-cortez-9780140187441",
    "raw_text": "Log From The Sea Of Cortez John Steinbeck Trade Paperback 9780140187441 Powells Books Cart   my account  wish list  help  8008787323 Hello\n Login MENU Browse New Arrivals Bestsellers Featured Preorders Award Winners Audio Books See All Subjects Used Staff Picks Staff Picks Picks of the Month Bookseller Displays 50 Books for 50 Years 25 Best 21st Century SciFi  Fantasy 25 PNW Books to Read Before You Die 25 Books From the 21st Century 25 Memoirs to Read Before You Die 25 Global Books to Read Before You Die 25 Women to Read Before You Die 25 Books to Read Before You Die Gifts Gift Cards  eGift Cards Powells Souvenirs Journals and Notebooks socks Games Sell Books Blog Events Find A Store Dont Miss BIG SALE 20 off sitewide Picks of the Season What Im Giving Great Gifts Under 25 Best Books of 2022 Powells Author Events Oregon Battle of the Books Audio Books Visit Our Stores Powells Books 14 Gift Ideas From 14 of Our Favorite Authors 0 comment Every year Powells reaches out to some of our favorite authors for some muchneeded giftgiving inspiration Below are 14 writerapproved recommendations to help you find the perfect book for even your mostdifficulttobuyfor loved one Read More  Powells Staff Best Books of 2022 Fiction 1 comment Kelsey Ford 6 Haunting Native American Horror Books 1 comment 1 LOCOK 1 LOCOK LOCCancel 1 LOCOK LOCCancel Log From The Sea Of Cortez by John Steinbeck Comment on this title Synopses  Reviews ISBN13 9780140187441 ISBN10 0140187448 All Product Details View Larger Image View Larger Images 1800 New Trade Paperback Ships in 1 to 3 days Qty Store 6 Burnside 1 Cedar Hills 1 Hawthorne Synopses  Reviews Publisher Comments In the two years after the 1939 publication of Steinbecks masterful The Grapes of Wrath  Steinbeck and his novel increasingly became the center of intense controversy and censorship In search of a respite from the national stage Steinbeck and his close friend biologist Ed Ricketts embarked on a month long marine specimencollecting expedition in the Gulf of California which resulted in their collaboration on the Sea of Cortez  In 1951 after Ricketts death Steinbeck reissued his narrative portion of the work in memory of his friend and the inspiration for Cannery Row s Doc This exciting daybyday account of their journey together is a rare blend of science philosophy and highspirited adventure This edition features an introduction by Richard Astro Synopsis Today nearly forty years after his death Nobel Prize winner John Steinbeck remains one of Americas greatest writers and cultural figures Over the next year his many works published as blackspine Penguin Classics for the first time and will feature eyecatching newly commissioned art Penguin Classics is proud to present these seminal works to a new generation of readersand to the many who revisit them again and again Synopsis This exciting daybyday account of Steinbecks trip to the Gulf of California with biologist Ed Ricketts drawn from the longer Sea of Cortez  is a wonderful combination of science philosophy and highspirited adventure Description Includes bibliographical references p xxvxxvi and index About the Author JOHN STEINBECK 19021968 was born in Salinas California He worked as a laborer and a journalist and in 1935 when he published Tortilla Flat  he achieved popular success and financial security Steinbeck wrote more than twentyfive novels and won the Nobel Prize in 1962 Robert DeMott is the Edwin and Ruth Kennedy Distinguished Professor at Ohio University and the author of Steinbecks Typewriter  an awardwinning book of critical essays Gary Scharnhorst is professor of English at the University of New Mexico He is the editor of books by Bret Harte and John De Forest for Penguin Classics What Our Readers Are Saying Be the first to share your thoughts on this title Product Details ISBN 9780140187441 Binding Trade Paperback Publication date 11011995 Publisher PENGUIN PUTNAM TRADE Series info Penguin Great Books of the 20th Century Pages 320 Height 60IN Width 508IN Thickness 75 Series Penguin Great Books of the 20th Century Age Range 18 and up Grade Range 13 and up Number of Units 1 Illustration Yes Copyright Year 1995 Series Volume 237 UPC Code 2800140187443 Author John Steinbeck Author Richard Astro Author E F Ricketts Author Richard Astro Author Kevin M Bailey Author Richard INT Astro Author Edward Flanders Ricketts Author Edward Flanders Ricketts Author John Steinbeck Subject Travel and travel guides Subject California gulf of mexico Subject Travel Subject General Fiction Subject Marine invertebrates Subject California Gulf of Subject Nature StudiesGeneral Subject California Gulf of Mexico Description and travel Subject Marine invertebrates  Mexico  1800 New Trade Paperback Ships in 1 to 3 days Qty Store 6 Burnside 1 Cedar Hills 1 Hawthorne Receive an email when this ISBN is available used 1 LOCOK 1 LOCOK LOCCancel 1 LOCOK LOCCancel 1 LOCOK 1 LOCOK LOCCancel 1 LOCOK LOCCancel 1 LOCOK 1 LOCOK LOCCancel 1 LOCOK LOCCancel 1 LOCOK 1 LOCOK LOCCancel 1 LOCOK LOCCancel Help Guarantee My Account Careers About Us Security Wish List Partners Contact Us Shipping Transparency ACT MRF Sitemap  2022 POWELLSCOM Terms 1 LOCOK 1 LOCOK LOCCancel 1 LOCOK LOCCancel 1 LOCOK 1 LOCOK LOCCancel 1 LOCOK LOCCancel 1 LOCOK 1 LOCOK LOCCancel 1 LOCOK LOCCancel 1 LOCOK 1 LOCOK LOCCancel 1 LOCOK LOCCancel",
    "page_rank": 3.0151144709996427e-05
}