{
    "Title": " Big Silver Book of Russian Verbs Fully Conjugated Verbs in All Tenses ",
    "Author": "Jack Franke",
    "Cover Page": "https://powells-covers-2.s3.amazonaws.com/9780071768948.jpg",
    "ISBN10": "0071768947  \n",
    "ISBN13": "9780071768948",
    "Page URL": "https://powells.com/book/big-silver-book-of-russian-verbs-fully-conjugated-verbs-in-all-tenses-9780071768948",
    "raw_text": "Big Silver Book of Russian Verbs Jack Franke Trade Paperback 9780071768948 Powells Books Cart   my account  wish list  help  8008787323 Hello\n Login MENU Browse New Arrivals Bestsellers Featured Preorders Award Winners Audio Books See All Subjects Used Staff Picks Staff Picks Picks of the Month Bookseller Displays 50 Books for 50 Years 25 Best 21st Century SciFi  Fantasy 25 PNW Books to Read Before You Die 25 Books From the 21st Century 25 Memoirs to Read Before You Die 25 Global Books to Read Before You Die 25 Women to Read Before You Die 25 Books to Read Before You Die Gifts Gift Cards  eGift Cards Powells Souvenirs Journals and Notebooks socks Games Sell Books Blog Events Find A Store Dont Miss BIG SALE 20 off sitewide Picks of the Season What Im Giving Great Gifts Under 25 Best Books of 2022 Powells Author Events Oregon Battle of the Books Audio Books Visit Our Stores Powells Books 14 Gift Ideas From 14 of Our Favorite Authors 0 comment Every year Powells reaches out to some of our favorite authors for some muchneeded giftgiving inspiration Below are 14 writerapproved recommendations to help you find the perfect book for even your mostdifficulttobuyfor loved one Read More  Powells Staff Best Books of 2022 Fiction 1 comment Kelsey Ford 6 Haunting Native American Horror Books 1 comment 1 LOCOK 1 LOCOK LOCCancel 1 LOCOK LOCCancel Big Silver Book of Russian Verbs Fully Conjugated Verbs in All Tenses by Jack Franke Comment on this title Synopses  Reviews ISBN13 9780071768948 ISBN10 0071768947 All Product Details View Larger Image View Larger Images 4000 New Trade Paperback Available at a Remote Warehouse Ships separately from other items Additional shipping charges may apply Not available for In Store Pickup More Info Qty Store 20 Remote Warehouse Synopses  Reviews Publisher Comments Become a Russian verb virtuoso The Big Silver Book of Russian Verbs is the most comprehensive resource available for learning and mastering Russian verbs Designed for beginning through advanced learners this indispensable guide will help you conjugate verbs with ease enabling you to communicate in Russian confidently Inside you will find 555 fully conjugated verbs listed alphabetically Current idioms and expressions for each verb The Top 50 verbs with many examples of their usage in context More than 4200 verbs crossreferenced to conjugation models A handy guide to deciphering irregular verb forms What Our Readers Are Saying Be the first to share your thoughts on this title Product Details ISBN 9780071768948 Binding Trade Paperback Publication date 11252011 Publisher MCGRAW HILL COMPANIES Series info Big Book Edition 2 Pages 672 Height 130IN Width 700IN Thickness 125 Author Jack Franke Subject Foreign LanguagesRussian 4000 New Trade Paperback Available at a Remote Warehouse Ships separately from other items Additional shipping charges may apply Not available for In Store Pickup More Info Qty Store 20 Remote Warehouse Receive an email when this ISBN is available used 1 LOCOK 1 LOCOK LOCCancel 1 LOCOK LOCCancel 1 LOCOK 1 LOCOK LOCCancel 1 LOCOK LOCCancel 1 LOCOK 1 LOCOK LOCCancel 1 LOCOK LOCCancel 1 LOCOK 1 LOCOK LOCCancel 1 LOCOK LOCCancel Help Guarantee My Account Careers About Us Security Wish List Partners Contact Us Shipping Transparency ACT MRF Sitemap  2022 POWELLSCOM Terms 1 LOCOK 1 LOCOK LOCCancel 1 LOCOK LOCCancel 1 LOCOK 1 LOCOK LOCCancel 1 LOCOK LOCCancel 1 LOCOK 1 LOCOK LOCCancel 1 LOCOK LOCCancel 1 LOCOK 1 LOCOK LOCCancel 1 LOCOK LOCCancel",
    "page_rank": 3.913272903405283e-05
}