{
    "Title": " Their Eyes Were Watching God ",
    "Author": "Zora Neale Hurston",
    "Cover Page": "https://covers.powells.com/9780060931414.jpg",
    "ISBN10": "0060931418  \n",
    "ISBN13": "9780060931414",
    "Page URL": "https://powells.com/book/their-eyes-were-watching-god-9780060931414",
    "raw_text": "Their Eyes Were Watching God Zora Neale Hurston Trade Paperback 9780060931414 Powells Books Cart   my account  wish list  help  8008787323 Hello\n Login MENU Browse New Arrivals Bestsellers Featured Preorders Award Winners Audio Books See All Subjects Used Staff Picks Staff Picks Picks of the Month Bookseller Displays 50 Books for 50 Years 25 Best 21st Century SciFi  Fantasy 25 PNW Books to Read Before You Die 25 Books From the 21st Century 25 Memoirs to Read Before You Die 25 Global Books to Read Before You Die 25 Women to Read Before You Die 25 Books to Read Before You Die Gifts Gift Cards  eGift Cards Powells Souvenirs Journals and Notebooks socks Games Sell Books Blog Events Find A Store Dont Miss BIG SALE 20 off sitewide Picks of the Season What Im Giving Great Gifts Under 25 Best Books of 2022 Powells Author Events Oregon Battle of the Books Audio Books Visit Our Stores Powells Books 14 Gift Ideas From 14 of Our Favorite Authors 0 comment Every year Powells reaches out to some of our favorite authors for some muchneeded giftgiving inspiration Below are 14 writerapproved recommendations to help you find the perfect book for even your mostdifficulttobuyfor loved one Read More  Powells Staff Best Books of 2022 Fiction 1 comment Kelsey Ford 6 Haunting Native American Horror Books 1 comment 1 LOCOK 1 LOCOK LOCCancel 1 LOCOK LOCCancel Their Eyes Were Watching God by Zora Neale Hurston Comment on this title Synopses  Reviews ISBN13 9780060931414 ISBN10 0060931418 Condition Standard All Product Details View Larger Image View Larger Images 650 List Price 1395 Used Trade Paperback Ships in 1 to 3 days Qty Store 1 Local Warehouse From Powellscom Black History Month Staff recommendations guest essays and curated reading lists Staff Pick This book changed my life and the way I read fiction The folk dialect narrative brought me further inside a main characters mind than Id ever gone before until I found myself seeing through Janies eyes and experiencing her losses and heartache as my own If identifying with a black womans voice and struggle is considered dangerous enough to merit book banning the act of reading this richly significant novel is an act of societal rebellion Recommended By Aubrey W Powellscom Synopses  Reviews Publisher Comments Fair and longlegged independent and articulate Janie Crawford sets out to be her own person  no mean feat for a black woman in the 30s Janies quest for identity takes her through three marriages and into a journey back to her roots Review There is no book more important than this one Alice Walker About the Author In her awardwinning autobiography Dust Tracks on a Road 1942 Zora Neale Hurston claimed to have been born in Eatonville Florida in 1901 She was in fact born in Notasulga Alabama on January 7 1891 the fifth child of John Hurston farmer carpenter and Baptist preacher and Lucy Ann Potts school teacher The author of numerous books including Their Eyes Were Watching God Jonahs Gourd Vine Mule sand Men and Moses Man of the Mountain Hurston had achieved fame and sparked controversy as a novelist anthropologist outspoken essayist lecturer and theatrical producer during her sixtynine years Hurstons finest work of fiction appeared at a time when artistic and political statements  whether single sentences or booklength fictions  were peculiarly conflated Many works of fiction were informed by purely political motives political pronouncements frequently appeared in polished literary prose Hurstons own political statements relating to racial issues or addressing national politics did not ingratiate her with her black male contemporaries The end result was that Their Eyes Were Watching God went out of print not long after its first appearance and remained out of print for nearly thirty years Henry Louis Gates Jr has been one among many to ask How could the recipient of two Guggenheims and the author of four novels a dozen short stories two musicals two books on black mythology dozens of essays and a prize winning autobiography virtually disappear from her readership for three full decades That question remains unanswered The fact remains that every one of Hurstons books went quickly out of print and it was only through the determined efforts in the 1970s of Alice Walker Robert Hemenway Hurstons biographer Toni Cade Bambara and other writers and scholars that all of her books are now back in print and that she has taken her rightful place in the pantheon of American authors In 1973 Walker distressed that Hurstons writings had been all but forgotten found Hurstons grave in the Garden of Heavenly Rest and installed a gravemarker After loving and teaching her work for a number of years Walker later reported I could not bear that she did not have a known grave The gravemarker now bears the words that Walker had inscribed there ZORA NEALE HURSTON GENIUS OF THE SOUTH NOVELIST FOLKLORIST ANTHROPOLOGIST 18911960 In Brief Zora Neale Hurston 18911960 was a novelist folklorist and anthropologist whose fictional and factual accounts of black heritage are unparalleled She Is the author of many books including Their Eyes Were Watching God Dust Tracks on a Road Tell My Horse and Mules and Men 5 3 What Our Readers Are Saying Share your thoughts on this title Average customer rating 5 3 comments  britt_luvs_cheveys  November 05 2007 I agree on the fact that the book itself is very inspiring The book is about a woman stuggling for love and independance Was this comment helpful  Yes  No 22 of 35 readers found this comment helpful report this\ncomment  Lucy Little  August 22 2007 view all comments by Lucy Little This wellwritten gem is an American classic Hurstons tale of an AfricanAmerican woman in the South is both educational and inspiring I first read this as a college student in a womens lit class but didnt fully appreciate it until I reread it as an adult I guess I was supposed to be an adult in college She brings to life the era and the struggles faced This book has stood the test of time it has a permanent spot on my bookshelf Was this comment helpful  Yes  No 14 of 25 readers found this comment helpful report this\ncomment  icarus_wings  January 21 2007 Zora Neale Hurston brings an entirely new perspective to the canon of AfricanAmerican and womens literature As a tale of love a search for identity and a struggle for individualism Their Eyes Were Watching God is a true masterpiece Was this comment helpful  Yes  No 16 of 35 readers found this comment helpful report this\ncomment Product Details ISBN 9780060931414 Binding Trade Paperback Publication date 02011990 Publisher HARPERCOLLINS PUBLISHERS Series info Classics on cassette with book Pages 240 Height 814 in Width 526 in Thickness 59 in Number of Units 1 Copyright Year 1990 Series Volume 10751 UPC Code 2800060931416 Author Zora Neale Hurston Afterword Henry Louis Gates Afterword Henry Louis Jr Gates Author Henry Louis Jr Gates Author Henry Louis Jr JR Gates Foreword Mary Helen Washington Author Zora Neals Hurston Subject Selfrealization Subject African Americans Subject Psychological fiction Subject AfroAmerican women Subject Selfrealization  Fiction Subject American fiction fictional works by one author Subject Epic literature Subject Fiction Subject AfricanAmerican women Subject Florida 650 List Price 1395 Used Trade Paperback Ships in 1 to 3 days Qty Store 1 Local Warehouse More copies of this ISBN Used Trade Paperback Starting from 495 This title in other editions New Hardcover 2799 New Trade Paperback Starting from 1595 Used Compact Disc 1595 Used Hardcover 1395 Used Trade Paperback Starting from 495 1 LOCOK 1 LOCOK LOCCancel 1 LOCOK LOCCancel 1 LOCOK 1 LOCOK LOCCancel 1 LOCOK LOCCancel 1 LOCOK 1 LOCOK LOCCancel 1 LOCOK LOCCancel 1 LOCOK 1 LOCOK LOCCancel 1 LOCOK LOCCancel Help Guarantee My Account Careers About Us Security Wish List Partners Contact Us Shipping Transparency ACT MRF Sitemap  2022 POWELLSCOM Terms 1 LOCOK 1 LOCOK LOCCancel 1 LOCOK LOCCancel 1 LOCOK 1 LOCOK LOCCancel 1 LOCOK LOCCancel 1 LOCOK 1 LOCOK LOCCancel 1 LOCOK LOCCancel 1 LOCOK 1 LOCOK LOCCancel 1 LOCOK LOCCancel",
    "page_rank": 3.966976221317578e-05
}