{
    "Title": " Fortunately the Milk ",
    "Author": "Neil Gaiman, Skottie Young",
    "Cover Page": "https://powells-covers-2.s3.amazonaws.com/9780062224088.jpg",
    "ISBN10": "0062224085  \n",
    "ISBN13": "9780062224088",
    "Page URL": "https://powells.com/book/fortunately-the-milk-9780062224088",
    "raw_text": "Fortunately the Milk Neil Gaiman Skottie Young Trade Paperback 9780062224088 Powells Books Cart   my account  wish list  help  8008787323 Hello\n Login MENU Browse New Arrivals Bestsellers Featured Preorders Award Winners Audio Books See All Subjects Used Staff Picks Staff Picks Picks of the Month Bookseller Displays 50 Books for 50 Years 25 Best 21st Century SciFi  Fantasy 25 PNW Books to Read Before You Die 25 Books From the 21st Century 25 Memoirs to Read Before You Die 25 Global Books to Read Before You Die 25 Women to Read Before You Die 25 Books to Read Before You Die Gifts Gift Cards  eGift Cards Powells Souvenirs Journals and Notebooks socks Games Sell Books Blog Events Find A Store Dont Miss BIG SALE 20 off sitewide Picks of the Season What Im Giving Great Gifts Under 25 Best Books of 2022 Powells Author Events Oregon Battle of the Books Audio Books Visit Our Stores Powells Books 14 Gift Ideas From 14 of Our Favorite Authors 0 comment Every year Powells reaches out to some of our favorite authors for some muchneeded giftgiving inspiration Below are 14 writerapproved recommendations to help you find the perfect book for even your mostdifficulttobuyfor loved one Read More  Powells Staff Best Books of 2022 Fiction 1 comment Kelsey Ford 6 Haunting Native American Horror Books 1 comment 1 LOCOK 1 LOCOK LOCCancel 1 LOCOK LOCCancel Fortunately the Milk by Neil Gaiman Skottie Young Comment on this title Synopses  Reviews ISBN13 9780062224088 ISBN10 0062224085 Condition Standard All Product Details View Larger Image View Larger Images 495 List Price 799 Used Trade Paperback Ships in 1 to 3 days Qty Store 1 Cedar Hills Synopses  Reviews Publisher Comments I bought the milk said my father I walked out of the corner shop and heard a noise like this T h u m m t h u m m I looked up and saw a huge silver disc hovering in the air above Marshall Road  Hullo  I said to myself  Thats not something you see every day  And then something odd happened Review Gaiman knocks it out of the park again with this imaginative story School Library Journal Review This would also make a wonderful readaloud but dont be surprised if the kids insist that it be read in one sittingand maybe with a side of cookies and milk Bulletin of the Center for Children  8217s Books Review A delightful tale Wall Street Journal Review If your kids still allow you to read aloud to them this book is for you Newsday Review An astounding talean absolute delight to read out loudone part Douglas Adams one part Doctor Who and one part The Usual Suspects boingboingcom Review Its hard not to love a novel that borrows equally from Calvin and Hobbes and The Usual Suspects If you read only one book this year a story with dancing dwarfs is always a wise choice Kirkus Reviews Synopsis I bought the milk said my father I walked out of the corner shop and heard a noise like this t h u m m t h u m m I looked up and saw a huge silver disc hovering in the air above Marshall Road Hullo I said to myself Thats not something you see every day And then something odd happened Find out just how odd things get in this hilarious New York Times bestselling story of time travel and breakfast cereal expertly told by Newbery Medalist and bestselling author Neil Gaiman and illustrated by Skottie Young Synopsis An absolute delight of a madcap story for the young and youngatheart by New York Times bestselling author Neil Gaiman with equal parts pirates and piranhas adventure and aliens oddity and love I bought the milk said my father I walked out of the corner shop and heard a noise like this t h u m m t h u m m I looked up and saw a huge silver disc hovering in the air above Marshall Road Hullo I said to myself Thats not something you see every day And then something odd happened Find out just how odd things get in this hilarious story of time travel and breakfast cereal expertly told by Newbery Medalist and bestselling author Neil Gaiman and illustrated by Skottie Young About the Author Neil Gaiman has written highly acclaimed books for both children and adults He has won many major awards including the Hugo and the Nebula and his New York Times bestselling novel The Graveyard Book is the only work ever to win both the Newbery US and Carnegie UK Medals His books for readers of all ages include the bestselling Coraline  also an Academy Awardnominated film Fortunately the Milk  Odd and the Frost Giants  and The Wolves in the Walls  Originally from England Gaiman now lives in the United States Skottie Young is an awardwinning cartoonist and writer who illustrates New York Times bestselling adaptations of L Frank Baums Oz novels for Marvel Entertainment His unique art style and sensibilities have drawn acclaim worldwide earning him multiple Eisner Awards He has worked in comics toys and animation for Marvel Warner Bros Image Comics Mattel Cartoon Network and many more Skottie lives in Illinois What Our Readers Are Saying Be the first to share your thoughts on this title Product Details ISBN 9780062224088 Binding Trade Paperback Publication date 09302014 Publisher HARPERCOLLINS PUBLISHERS Pages 128 Height 40IN Width 501IN Thickness 25 Age Range 8 to 11 Grade Range 3 to 6 Illustration Yes Author Neil Gaiman Author Skottie Young Subject Children s humor 495 List Price 799 Used Trade Paperback Ships in 1 to 3 days Qty Store 1 Cedar Hills More copies of this ISBN New Trade Paperback 799 This title in other editions Used Hardcover Starting from 850 1 LOCOK 1 LOCOK LOCCancel 1 LOCOK LOCCancel 1 LOCOK 1 LOCOK LOCCancel 1 LOCOK LOCCancel 1 LOCOK 1 LOCOK LOCCancel 1 LOCOK LOCCancel 1 LOCOK 1 LOCOK LOCCancel 1 LOCOK LOCCancel Help Guarantee My Account Careers About Us Security Wish List Partners Contact Us Shipping Transparency ACT MRF Sitemap  2022 POWELLSCOM Terms 1 LOCOK 1 LOCOK LOCCancel 1 LOCOK LOCCancel 1 LOCOK 1 LOCOK LOCCancel 1 LOCOK LOCCancel 1 LOCOK 1 LOCOK LOCCancel 1 LOCOK LOCCancel 1 LOCOK 1 LOCOK LOCCancel 1 LOCOK LOCCancel",
    "page_rank": 3.5383582654505545e-05
}