{
    "Title": " The Song of Achilles ",
    "Author": "Madeline Miller",
    "Cover Page": "https://powells-covers-2.s3.amazonaws.com/9780062060624.jpg",
    "ISBN10": "0062060627  \n",
    "ISBN13": "9780062060624",
    "Page URL": "https://powells.com/book/the-song-of-achilles-9780062060624",
    "raw_text": "Song of Achilles Madeline Miller Trade Paperback 9780062060624 Powells Books Cart   my account  wish list  help  8008787323 Hello\n Login MENU Browse New Arrivals Bestsellers Featured Preorders Award Winners Audio Books See All Subjects Used Staff Picks Staff Picks Picks of the Month Bookseller Displays 50 Books for 50 Years 25 Best 21st Century SciFi  Fantasy 25 PNW Books to Read Before You Die 25 Books From the 21st Century 25 Memoirs to Read Before You Die 25 Global Books to Read Before You Die 25 Women to Read Before You Die 25 Books to Read Before You Die Gifts Gift Cards  eGift Cards Powells Souvenirs Journals and Notebooks socks Games Sell Books Blog Events Find A Store Dont Miss BIG SALE 20 off sitewide Picks of the Season What Im Giving Great Gifts Under 25 Best Books of 2022 Powells Author Events Oregon Battle of the Books Audio Books Visit Our Stores Powells Books 14 Gift Ideas From 14 of Our Favorite Authors 0 comment Every year Powells reaches out to some of our favorite authors for some muchneeded giftgiving inspiration Below are 14 writerapproved recommendations to help you find the perfect book for even your mostdifficulttobuyfor loved one Read More  Powells Staff Best Books of 2022 Fiction 1 comment Kelsey Ford 6 Haunting Native American Horror Books 1 comment 1 LOCOK 1 LOCOK LOCCancel 1 LOCOK LOCCancel The Song of Achilles by Madeline Miller Comment on this title Synopses  Reviews Award Excerpt ISBN13 9780062060624 ISBN10 0062060627 Condition Standard All Product Details View Larger Image View Larger Images 1195 List Price 1799 Used Trade Paperback Ships in 1 to 3 days Qty Store 6 Hawthorne Awards 2012 Orange Prize Winner Staff Pick Going into this I thought I knew exactly how it would end Who doesnt know the tragic ending of the golden child Achilles Madeline Miller completely surprised me and this story swept me off my feet in a lyrical river of prose and mythology The characters are fleshed out and unique from what weve been taught in school and their connections bleed off the page to make a beautiful and enchanting story about the heroes of the Trojan war Recommended By Brianna B Powellscom This beautiful novel illuminates the life of Achilles as told through the eyes of his best friend closest confidant and lover Patroclus The gorgeous prose reads as a love letter not only from Patroclus to Achilles but from author and classical scholar Madeline Miller to the Greek tale and its characters A mustread for any lover of the classics literature poetry friendship or love Recommended By Madeline S Powellscom The Song of Achilles revisits the sprawling story of the Trojan War but focuses on the relationship between Achilles and Patroclus It is a love story so intensely searing the brutal 10year Trojan War somehow takes a backseat the love they share means more than Helen the war and all of Greece put together While Patroclus learns that he is much stronger than he ever imagined Achilles learns the hard way about pride Millers take on this slice of Greek history is a passionate view of love amid disaster Recommended By Dianah H Powellscom This book is a thing of beauty Tragedy love story myth reality Madeline Miller takes the heart of a legend and makes it into human pain frailty hope and strength I read it slowly small pieces at a time and let it build inside me its great empathy and joy Recommended By Doug C Powellscom Synopses  Reviews Publisher Comments Achilles the best of all the Greeks son of the cruel sea goddess Thetis and the legendary king Peleus is strong swift and beautiful  irresistible to all who meet him Patroclus is an awkward young prince exiled from his homeland after an act of shocking violence Brought together by chance they forge an inseparable bond despite risking the gods wrath They are trained by the centaur Chiron in the arts of war and medicine but when word comes that Helen of Sparta has been kidnapped all the heroes of Greece are called upon to lay siege to Troy in her name Seduced by the promise of a glorious destiny Achilles joins their cause and torn between love and fear for his friend Patroclus follows Little do they know that the cruel Fates will test them both as never before and demand a terrible sacrifice Review A masterly vision of the drama valor and tragedy of the Trojan War Readers who loved Mary Renaults epic novels will be thrilled with Millers portrayal of ancient Greece This reviewer cant wait to see what she writes next Library Journal starred review Review Masterfully brings to life an imaginative yet informed vision of ancient Greece featuring divinely human gods and largerthanlife mortals She breaks new ground retelling one of the worlds oldest stories about men in love and war and extraordinary women Publishers Weekly starred review Pick of the Week Review I loved this book The language was timeless the historical details were slipped in perfectly I hope Song of Achilles becomes part of the high school summer reading lists alongside Penelopaid  Helen Simonson bestselling author of Major Pettigrews Last Stand Review Mary Renault lives again A ravishingly vivid and convincing version of one of the most legendary of love stories Emma Donoghue New York Times bestselling author of Room Review  The Iliad turns on Achilles pride and his relationship with Patroclus but Homer is sparing with the personal  so much so that though we believe in their friendship we do not understand it The Song of Achilles brings light to their love This is a beautiful book Zachary Mason author of The Lost Books of The Odyssey Review In the tradition of Mary RenaultMiller draws on her knowledge of classical sources wiselyWellpaced engaging and tasteful London Times Literary Supplement Review ExtraordinaryBeautifully descriptive and heartachingly lyrical this is a love story as sensitive and intuitive as any you will find Daily Mail Review At once a scholars homage to The Iliad and a startlingly original work of art by an incredibly talented new novelist Madeline Miller has given us her own fresh take on the Trojan war and its heroes The result is a book I could not put down Ann Patchett bestselling author of Bel Canto and State of Wonder Review Millers prose is more poetic than almost any translation of HomerThis is a deeply affecting version of the Achilles story a fully threedimension man  a son a father husband and lover  now exists where a superhero previously stood and fought The Guardian Review A captivating retelling of The Iliad and events leading up to it through the point of view of Patroclus its a hard book to put down and any classicist will be enthralled by her characterisation of the goddess Thetis which carries the true savagery and chill of antiquity Donna Tartt The Times Review Miller somehow and breathtakingly so mixes highaction commercial plotting with writing of such beautiful delicacy you sometimes have to stop and stare The Independent Review Miller makes a persuasive argument for the timeliness of her subjectMillers winning debut focuses on Patroclus a young prince living in Achilles golden shadow Miller also gives voice to many of the women who were also consigned to the shadows Publishers Weekly Spring 2012 Preview Top 10 Literary Fiction Review A psychologically astute Iliad prelude featuring the heady starcrossed adolescence of future heroes Patroclus and Achilles Vogue Review A modern take on The Iliad  full of love and feats of glory and told in an open lyric looselimbed fashion that should appeal to many readersNext up from Miller  the story of Circehistorical fiction fans get in on the ground floor Library Journal Review Although the details of the story are Millers own the world is one that all who love the Iliad and its epigones will recognize Reading this book recalled me to the breathless sense of the ancientyetpresent that I felt when I first fell in love with the classics Catherine Conybeare Professor of Classics Bryn Mawr College Review You dont need to be familiar with Homers The Iliad or Brad Pitts Troy for that matter to find Madeline Millers The Song of Achilles spellbindingher explorations of ego grief and loves many permutations are both familiar and newA timeless love story O magazine Review Beautifully doneIn prose as clean and spare as the driving poetry of Homer Miller captures the intensity and devotion of adolescent friendship and lets us believe in these longdead boysdeepening and enriching a tale that has been told for 3000 years Washington Post Review Powerful inventive passionate and beautifully written Boston Globe Review Fast true and incredibly rewardingA remarkable achievement USA Today Review One of the best novelistic adaptations of Homer in recent memory and it offers strikingly wellrounded and compassionate portrait of AchillesMiller injects a newfound sense of suspense into a story with an ending that has already been determined Wall Street Journal Review Wildly romantic and surprisingly suspensefulBringing those dark figures back to life making them men again and while shes at it using her passionate companion piece to The Iliad as a subtle swipe at todays ongoing debate over gay marriage Talk about updating the classics Time magazine Review One of 2012s most exciting debutsseductive hugely entertainingImagining the intimate friendship between Achilles and the devoted PatroclusMiller conjuressoulmates The resulting novel is cinematic  one might say epic  in scope but refreshingly compellingly human in detail Vogue Review Madeline Millers brilliant first novelis a story of great passionate love between Achilles and PatroclusRewriting the Western worlds first and greatest war novel is an awesome task to undertake That she did it with such grace style and suspense is astonishing Dallas Morning News Review  The Song of Achilles should be read and enjoyed for itself but if Madeline Millers novel sends the reader back to Homer and his successors she is to be thanked for that as well Washington Independent Review of Books About the Author Madeline Miller grew up in Philadelphia has bachelors and masters degrees in Latin and Ancient Greek from Brown University and has been teaching both languages for the past nine years She has also studied at the Yale School of Drama specializing in adapting classical tales for a modern audience She lives in Cambridge Massachusetts The Song of Achilles is her first novel Exclusive Essay Read an exclusive essay by Madeline Miller 47 7 What Our Readers Are Saying Share your thoughts on this title Average customer rating 47 7 comments  MadameO  January 30 2013 Stunningly beautiful Millers language at times takes ones breath away Im marveling at the infusion of love and tenderness into a story of war and mayhem and the interference of feckless gods May be too much of a cuirassripper for some but the humanity of the story overrode that for me Was this comment helpful  Yes  No 4 of 6 readers found this comment helpful report this\ncomment  Ember  January 30 2013 This is a lyrical brilliant book all the more impressive for being a debut novel Miller is a master of making even the simplest moments compelling and lovely and her take on some of the most important scenes from the Iliad are even more compelling\nThe Song of Achilles is told from the perspective of Patroclus Achilles lover and constant companion beginning with Patrocluss childhood He is an unusual main character in that he rarely speaks about his own strengths at all preferring to cast the poorest possible light on himself in favor of praising Achilles The two grow up together learn together and finally inevitably go to war together Miller does an excellent job of tempering your knowledge of what will happen with a real joy in the moments leading up to that foreseen climax filling her characters with just the right amounts of doubt and surety There is a real pleasure in the unexpected detailsthe time Achilles and Patroclus spend with each other the quieter interactions with other characters the setting and the way that the supernatural features The gods are real and present but this is emphatically about the humans in this war\nFor those who know the story dont worry the issue with the ending is expertly resolved so that we see the fates of both main characters\nMy only problem with this book is that the romance between Achilles and Patroclus is presented to the rest of the characters in a very 21st century way It is moving and profoundbut not at all historically accurate Achilles and Patroclus were almost certainly lovers and almost certainly very few people would have thought it strange let alone wrong There were probably many pairs of male lovers within the Greek camp I dont know if this was a decision of the author or the editorpublisher so I cant get too upset but this modern retelling does a disservice to the Ancient Greeks The Greeks had a very different understanding of sex and sexuality and Miller simplifies too much Its the only reason Ive marked The Song of Achilles down Was this comment helpful  Yes  No 3 of 5 readers found this comment helpful report this\ncomment  Brian Swan  January 09 2013 This is one of the best books I have read in a long time Millers keen knowledge of ancient Greek mythology shines through in prose that is starkly beautiful almost as if it were being told aloud in the Greek oral tradition I highly recommend it to anyone Was this comment helpful  Yes  No 1 of 1 readers found this comment helpful report this\ncomment  Thomas H Pruiksma  January 02 2013 view all comments by Thomas H Pruiksma Its been a long time since Ive fallen in love with a novel but Ive fallen hard for this one Not only does it tell an extraordinary love story it does so in luminous radiant prose You can hear how deeply Millers study of Homer has imbued her language with elegance and power Not a single word is out of place Im going to be reading and rereading this book for many years to come Was this comment helpful  Yes  No 6 of 6 readers found this comment helpful report this\ncomment  Eusay  January 02 2013 Not that I read many new books in 2012 this was my favorite book I read in 2012 It is an adventure and comingofage book but more than anything its a love story between the two main characters I couldnt put down this book  and I had no interest in Greek mythology before I picked up this book It made me want to read Homer and all the other Greek stories\nOne word of caution  its an easy book to read but I wont necessarily recommend for children and young adults due to contents of violence and sexuality although its not extreme I might be too cautious here  Mature teens might be okay adults would need to read it first and decide for your children  Was this comment helpful  Yes  No report this\ncomment  rickerje  January 01 2013 This book came highly recommended and captivated me from the beginning Told in beautiful language and full of emotion and suspense its the sort of novel that pulls you in two directions wanting to read faster because youre pulled along relentlessly by the story and wanting to read slower to put off the moment when there wont be more of it to read Even knowing how the classic tale will end does not rob this retelling of the Trojan War of its impact I cant wait to read whatever Miller writes next Was this comment helpful  Yes  No report this\ncomment  Wendy C Feltham  September 02 2012 view all comments by Wendy C Feltham Having never read the Iliad this story of Achilles and the Trojan War were new to me Madeline Miller plots her tale around the life of Patroclus Achilless companion and lover from their youth to their deaths at Troy I especially loved their time apprenticing under the wise centaur Chiron up in the mountains caves and creeks away from palaces and war The author has studied and taught Latin and Ancient Greek and directs Shakespeares plays and her love for language along with her intimate knowledge of Greek history with details about nature food clothing and beliefs make this a joy to read This wonderful book won advance praise from Donna Tartt Ann Patchett Emma Donoghue and others and then the Orange Prize so it has received welldeserved appreciation Was this comment helpful  Yes  No report this\ncomment View all 7 comments Product Details ISBN 9780062060624 Binding Trade Paperback Publication date 08282012 Publisher HARPERCOLLINS PUBLISHERS Series info PS Pages 378 Height 105IN Width 533IN Thickness 100 Copyright Year 2012 Author Madeline Miller Subject LiteratureA to Z 1195 List Price 1799 Used Trade Paperback Ships in 1 to 3 days Qty Store 6 Hawthorne More copies of this ISBN New Trade Paperback 1799 Used Trade Paperback 1250 1 LOCOK 1 LOCOK LOCCancel 1 LOCOK LOCCancel 1 LOCOK 1 LOCOK LOCCancel 1 LOCOK LOCCancel 1 LOCOK 1 LOCOK LOCCancel 1 LOCOK LOCCancel 1 LOCOK 1 LOCOK LOCCancel 1 LOCOK LOCCancel Help Guarantee My Account Careers About Us Security Wish List Partners Contact Us Shipping Transparency ACT MRF Sitemap  2022 POWELLSCOM Terms 1 LOCOK 1 LOCOK LOCCancel 1 LOCOK LOCCancel 1 LOCOK 1 LOCOK LOCCancel 1 LOCOK LOCCancel 1 LOCOK 1 LOCOK LOCCancel 1 LOCOK LOCCancel 1 LOCOK 1 LOCOK LOCCancel 1 LOCOK LOCCancel",
    "page_rank": 3.9528401675968005e-05
}