{
    "Title": " World Travel: An Irreverent Guide ",
    "Author": "Anthony Bourdain",
    "Cover Page": "https://powells-covers-2.s3.amazonaws.com/9780062802798.jpg",
    "ISBN10": "0062802798  \n",
    "ISBN13": "9780062802798",
    "Page URL": "https://powells.com/book/world-travel-9780062802798",
    "raw_text": "World Travel An Irreverent Guide Anthony Bourdain and Laurie Woolever Hardcover 9780062802798 Powells Books Cart   my account  wish list  help  8008787323 Hello\n Login MENU Browse New Arrivals Bestsellers Featured Preorders Award Winners Audio Books See All Subjects Used Staff Picks Staff Picks Picks of the Month Bookseller Displays 50 Books for 50 Years 25 Best 21st Century SciFi  Fantasy 25 PNW Books to Read Before You Die 25 Books From the 21st Century 25 Memoirs to Read Before You Die 25 Global Books to Read Before You Die 25 Women to Read Before You Die 25 Books to Read Before You Die Gifts Gift Cards  eGift Cards Powells Souvenirs Journals and Notebooks socks Games Sell Books Blog Events Find A Store Dont Miss BIG SALE 20 off sitewide Picks of the Season What Im Giving Great Gifts Under 25 Best Books of 2022 Powells Author Events Oregon Battle of the Books Audio Books Visit Our Stores Powells Books 14 Gift Ideas From 14 of Our Favorite Authors 0 comment Every year Powells reaches out to some of our favorite authors for some muchneeded giftgiving inspiration Below are 14 writerapproved recommendations to help you find the perfect book for even your mostdifficulttobuyfor loved one Read More  Powells Staff Best Books of 2022 Fiction 1 comment Kelsey Ford 6 Haunting Native American Horror Books 1 comment 1 LOCOK 1 LOCOK LOCCancel 1 LOCOK LOCCancel World Travel An Irreverent Guide by Anthony Bourdain and Laurie Woolever Comment on this title Synopses  Reviews ISBN13 9780062802798 ISBN10 0062802798 Condition Standard DustJacket Standard All Product Details View Larger Image View Larger Images 2600 List Price 3750 Used Hardcover Ships in 1 to 3 days Qty Store 2 Burnside 3 Cedar Hills 3 Hawthorne 1 Local Warehouse Staff Pick Each entry in this posthumous collection of Bourdains reflections on world travel contains practical advice like how to get around and where to stay but its his descriptions of local cuisine that will transport you Bourdains reverence for good food his sharpdisarminguncouth delivery and his knack for distilling flavors into words will make you feel as though youre seated at the same table savoring the same meal Ill be rationing this book over the coming months as I exhaust my local takeout options and daydream about postpandemic globetrotting Recommended By Tove H Powellscom Synopses  Reviews Publisher Comments A guide to some of the worlds most fascinating places as seen and experienced by writer television host and relentlessly curious traveler Anthony Bourdain Anthony Bourdain saw more of the world than nearly anyone His travels took him from the hidden pockets of his hometown of New York to a tribal longhouse in Borneo from cosmopolitan Buenos Aires Paris and Shanghai to Tanzanias utter beauty and the stunning desert solitude of Omans Empty Quarter  and many places beyond In World Travel a life of experience is collected into an entertaining practical fun and frank travel guide that gives readers an introduction to some of his favorite places  in his own words Featuring essential advice on how to get there what to eat where to stay and in some cases what to avoid World Travel provides essential context that will help readers further appreciate the reasons why Bourdain found a place enchanting and memorable Supplementing Bourdains words are a handful of essays by friends colleagues and family that tell even deeper stories about a place including sardonic accounts of traveling with Bourdain by his brother Christopher a guide to Chicagos best cheap eats by legendary music producer Steve Albini and more Additionally each chapter includes illustrations by Wesley Allsbrook For veteran travelers armchair enthusiasts and those in between World Travel offers a chance to experience the world like Anthony Bourdain Review CharmingIrresistibleAn exhilarating and worthwhile choice for those planning an actual trip and for stayathome travelers Library Journal Starred Review Review This gloriously messy miscellany of offkilter observations and lightninginabottle insights will make one want to read eat and experience the world the way Bourdain did Bourdains fans will devour this Publishers Weekly Review An exhilarating whirlwind tourAnyone who loved and misses Bourdain will want this book Kirkus Reviews Review Bourdains final book gives readers insider knowledge of his favorite global localesFans of Parts Unknown will want to add this to their spring reading lists CNN Review This collection of citybycity tips and restaurant suggestions uses Anthony Bourdains own words alongside Laurie Woolevers making this a oneofakind book honoring a oneofakind soul Good Morning America Review An enduring embodiment of Anthony Bourdains love for the whole world and a reminder of how to stack our priorities the next time were able to follow in his footsteps The New York Times Review Its the World According to Tony  a browsable compendium of his matchless commentary on worthy destinations in 43 countries People Review Feels like an adventure a delightful surprise as you turn the page from Vienna Austria to Bhutan Bloomberg News About the Author Anthony Bourdain was the author of the novels Bone in the Throat and Gone Bamboo  the memoir A Cooks Tour  and the New York Times bestsellers Kitchen Confidential Medium Raw  and Appetites  His work appeared in the New York Times and The New Yorker  He was the host of the popular television shows No Reservations and Parts Unknown  Bourdain died in June 2018 Laurie Woolever is a writer and editor and spent nearly a decade assisting Anthony Bourdain with whom she coauthored the cookbook Appetites in 2016 Shes written about food and travel for the New York Times GQ Food  Wine Lucky Peach Saveur Dissent Roads  Kingdoms  and others and has worked as an editor at Art Culinaire and Wine Spectator  What Our Readers Are Saying Be the first to share your thoughts on this title Product Details ISBN 9780062802798 Binding Hardcover Publication date 04202021 Publisher HARPERCOLLINS PUBLISHERS Pages 480 Illustration Yes Author Anthony Bourdain Author Laurie Woolever 2600 List Price 3750 Used Hardcover Ships in 1 to 3 days Qty Store 2 Burnside 3 Cedar Hills 3 Hawthorne 1 Local Warehouse More copies of this ISBN New Hardcover Starting from 3500 Used Hardcover 1795 1 LOCOK 1 LOCOK LOCCancel 1 LOCOK LOCCancel 1 LOCOK 1 LOCOK LOCCancel 1 LOCOK LOCCancel 1 LOCOK 1 LOCOK LOCCancel 1 LOCOK LOCCancel 1 LOCOK 1 LOCOK LOCCancel 1 LOCOK LOCCancel Help Guarantee My Account Careers About Us Security Wish List Partners Contact Us Shipping Transparency ACT MRF Sitemap  2022 POWELLSCOM Terms 1 LOCOK 1 LOCOK LOCCancel 1 LOCOK LOCCancel 1 LOCOK 1 LOCOK LOCCancel 1 LOCOK LOCCancel 1 LOCOK 1 LOCOK LOCCancel 1 LOCOK LOCCancel 1 LOCOK 1 LOCOK LOCCancel 1 LOCOK LOCCancel",
    "page_rank": 3.850283228309672e-05
}