{
    "Title": " Take a Hint, Dani Brown (Brown Sisters #2) ",
    "Author": "Talia Hibbert",
    "Cover Page": "https://powells-covers-2.s3.amazonaws.com/9780062941237.jpg",
    "ISBN10": "0062941232  \n",
    "ISBN13": "9780062941237",
    "Page URL": "https://powells.com/book/-9780062941237",
    "raw_text": "Take a Hint Dani Brown A Novel Talia Hibbert Trade Paperback 9780062941237 Powells Books Cart   my account  wish list  help  8008787323 Hello\n Login MENU Browse New Arrivals Bestsellers Featured Preorders Award Winners Audio Books See All Subjects Used Staff Picks Staff Picks Picks of the Month Bookseller Displays 50 Books for 50 Years 25 Best 21st Century SciFi  Fantasy 25 PNW Books to Read Before You Die 25 Books From the 21st Century 25 Memoirs to Read Before You Die 25 Global Books to Read Before You Die 25 Women to Read Before You Die 25 Books to Read Before You Die Gifts Gift Cards  eGift Cards Powells Souvenirs Journals and Notebooks socks Games Sell Books Blog Events Find A Store Dont Miss BIG SALE 20 off sitewide Picks of the Season What Im Giving Great Gifts Under 25 Best Books of 2022 Powells Author Events Oregon Battle of the Books Audio Books Visit Our Stores Powells Books 14 Gift Ideas From 14 of Our Favorite Authors 0 comment Every year Powells reaches out to some of our favorite authors for some muchneeded giftgiving inspiration Below are 14 writerapproved recommendations to help you find the perfect book for even your mostdifficulttobuyfor loved one Read More  Powells Staff Best Books of 2022 Fiction 1 comment Kelsey Ford 6 Haunting Native American Horror Books 1 comment 1 LOCOK 1 LOCOK LOCCancel 1 LOCOK LOCCancel Take a Hint Dani Brown Brown Sisters 2 by Talia Hibbert Comment on this title Synopses  Reviews ISBN13 9780062941237 ISBN10 0062941232 All Product Details View Larger Image View Larger Images 1599 List Price 1699 New Trade Paperback Ships in 1 to 3 days Qty Store 2 Burnside 1 Hawthorne Synopses  Reviews Publisher Comments One of Oprah Magazines 21 Romance Novels That Are Set to Be the Best of 2020 Bustles 25 Most Anticipated Books of June PARADE Magazines 30 Beach Reads of 2020 and Buzzfeeds 28 Romance Novels to Read this Summer USA Today bestselling author Talia Hibbert returns with another charming romantic comedy about a young woman who agrees to fake date her friend after a video of him rescuing her from their office building goes viral Danika Brown knows what she wants professional success academic renown and an occasional roll in the hay to relieve all that careerdriven tension But romance Been there done that burned the Tshirt Romantic partners whatever their gender are a distraction at best and a drain at worst So Dani asks the universe for the perfect friendwithbenefits  someone who knows the score and knows their way around the bedroom When big brooding security guard Zafir Ansari rescues Dani from a workplace fire drill gone wrong its an obvious sign PhD student Dani and former rugby player Zaf are destined to sleep together But before she can explain that fact to him a video of the heroic rescue goes viral Suddenly half the internet is shipping DrRugbae  and Zaf is begging Dani to play along Turns out his sports charity for kids could really use the publicity Lying to help children  Who on earth would refuse Danis plan is simple fake a relationship in public seduce Zaf behind the scenes The trouble is grumpy Zaf is secretly a hopeless romantic  and hes determined to corrupt Danis stonecold realism Before long hes tackling her fears into the dirt But the former sports star has issues of his own and the walls around his heart are as thick as his um thighs The easy lay Dani dreamed of is now more complex than her thesis Has her wish backfired Is her focus being tested Or is the universe just waiting for her to take a hint Talia Hibbert is a rockstar Her writing is smart funny and sexy  Meg Cabot 1 New York Times bestselling author of the Little Bridge Island and Princess Diaries series Review Funny deep and romantic as hell Will leave you smiling for days Kirkus Reviews Starred Review Review Hibberts phenomenal second Brown Sisters contemporary strikes a perfect balance of sweetness and spiceHibberts characterizationsare masterful Tender joyous and hot as all getout this is sure to make readers swoon Publishers Weekly Starred Review Review another superb and emotionally rich romance Grief and turmoil are expertly balanced with hilarious wit making the story both complex and immensely readable The characters are vibrant and their chemistry is scorching Remarkable Library Journal Starred Review Review Hibbert continues her wickedly funny romantic comedy serieswith a magical friendstolovers taleHibbert is a rising star and this tale will appeal to all contemporary romance fans including those who enjoy British romantic comedies Booklist Starred Review About the Author USA Today and Wall Street Journal bestseller Talia Hibbert is a Black British author who lives in a bedroom full of books Supposedly there is a world beyond that room but she has yet to drum up enough interest to investigate She writes sexy diverse romance because she believes that people of marginalised identities need honest and positive representation Her interests include beauty junk food and unnecessary sarcasm Rhianna Walton on PowellsBooksBlog Do yourself a favor this week and give in to the pleasure of stories where hard things are overcome in more ways than one Read More  What Our Readers Are Saying Be the first to share your thoughts on this title Product Details ISBN 9780062941237 Binding Trade Paperback Publication date 06232020 Publisher Avon Books Language English Pages 400 Height 90IN Width 520IN Series Number 2 Author Talia Hibbert 1599 List Price 1699 New Trade Paperback Ships in 1 to 3 days Qty Store 2 Burnside 1 Hawthorne Receive an email when this ISBN is available used More copies of this ISBN New Trade Paperback 1699 1 LOCOK 1 LOCOK LOCCancel 1 LOCOK LOCCancel 1 LOCOK 1 LOCOK LOCCancel 1 LOCOK LOCCancel 1 LOCOK 1 LOCOK LOCCancel 1 LOCOK LOCCancel 1 LOCOK 1 LOCOK LOCCancel 1 LOCOK LOCCancel Help Guarantee My Account Careers About Us Security Wish List Partners Contact Us Shipping Transparency ACT MRF Sitemap  2022 POWELLSCOM Terms 1 LOCOK 1 LOCOK LOCCancel 1 LOCOK LOCCancel 1 LOCOK 1 LOCOK LOCCancel 1 LOCOK LOCCancel 1 LOCOK 1 LOCOK LOCCancel 1 LOCOK LOCCancel 1 LOCOK 1 LOCOK LOCCancel 1 LOCOK LOCCancel",
    "page_rank": 6.016067544233863e-05
}