{
    "Title": " The Amazing Maurice and His Educated Rodents: Discworld 28 ",
    "Author": "Terry Pratchett",
    "Cover Page": "https://covers.powells.com/9780060012359.jpg",
    "ISBN10": "0060012358  \n",
    "ISBN13": "9780060012359",
    "Page URL": "https://powells.com/book/the-amazing-maurice-and-his-educated-rodents-9780060012359",
    "raw_text": "Amazing Maurice  His Educated Rodents Terry Pratchett Mass Market 9780060012359 Powells Books Cart   my account  wish list  help  8008787323 Hello\n Login MENU Browse New Arrivals Bestsellers Featured Preorders Award Winners Audio Books See All Subjects Used Staff Picks Staff Picks Picks of the Month Bookseller Displays 50 Books for 50 Years 25 Best 21st Century SciFi  Fantasy 25 PNW Books to Read Before You Die 25 Books From the 21st Century 25 Memoirs to Read Before You Die 25 Global Books to Read Before You Die 25 Women to Read Before You Die 25 Books to Read Before You Die Gifts Gift Cards  eGift Cards Powells Souvenirs Journals and Notebooks socks Games Sell Books Blog Events Find A Store Dont Miss BIG SALE 20 off sitewide Picks of the Season What Im Giving Great Gifts Under 25 Best Books of 2022 Powells Author Events Oregon Battle of the Books Audio Books Visit Our Stores Powells Books 14 Gift Ideas From 14 of Our Favorite Authors 0 comment Every year Powells reaches out to some of our favorite authors for some muchneeded giftgiving inspiration Below are 14 writerapproved recommendations to help you find the perfect book for even your mostdifficulttobuyfor loved one Read More  Powells Staff Best Books of 2022 Fiction 1 comment Kelsey Ford 6 Haunting Native American Horror Books 1 comment 1 LOCOK 1 LOCOK LOCCancel 1 LOCOK LOCCancel The Amazing Maurice and His Educated Rodents Discworld 28 by Terry Pratchett Comment on this title Synopses  Reviews ISBN13 9780060012359 ISBN10 0060012358 All Product Details View Larger Image View Larger Images 1199 New Mass Market Ships in 1 to 3 days Qty Store 18 Burnside 1 Cedar Hills 1 Hawthorne 20 Local Warehouse Synopses  Reviews Publisher Comments Winner of the 2001 Carnegie Medal One rat popping up here and there squeaking loudly and taking a bath in the cream could be a plague all by himself After a few days of this it was amazing how glad people were to see the kid with his magical rat pipe And they were amazing when the rats followed hint out of town Theyd have been really amazed if theyd ever found out that the rats and the piper met up with a cat somewhere outside of town and solemnly counted out the money The Amazing Maurice runs the perfect Pied Piper scam This streetwise alley cat knows the value of cold hard cash and can talk his way into and out of anything But when Maurice and his cohorts decide to con the town of Bad Blinitz it will take more than fast talking to survive the danger that awaits For this is a town where food is scarce and rats are hated where cellars are lined with deadly traps and where a terrifying evil lurks beneath the hungerstricken streets Set in Terry Pratchetts widely popular Discworld this masterfully crafted gripping read is both compelling and funny When one of the worlds most acclaimed fantasy writers turns a classic fairy tale on its head no one will ever look at the Pied Piper  or rats  the same way again Review Pratchett retains the lethal combination of laughoutloud farce razorsharp satire and the underlying passionate idealism unique to the confirmed cynic that makes his adult Discworld series so popularExcruciatingly funny ferociously intelligent Kirkus Reviews Starred Review Review Pratchetts absorbing suspenseful adventure is deepened by a willingness to tackle the questions of existence Horn Book Magazine Review For this outrageously cheeky tale British writer Pratchett pairs a dynamite plot with memorable characters Publishers Weekly Synopsis Carnegie Medal Winner  New York Public Library Books for the Teen Age  VOYA Best Science Fiction Fantasy and Horror  ALA Best Fiction for Young Adults  Book Sense Pick The Amazing Maurice runs the perfect Pied Piper scam This streetwise alley cat knows the value of cold hard cash and can talk his way into and out of anything But when Maurice and his cohorts decide to con the town of Bad Blinitz it will take more than fast talking to survive the danger that awaits For this is a town where food is scarce and rats are hated where cellars are lined with deadly traps and where a terrifying evil lurks beneath the hungerstricken streets Set in Terry Pratchetts beloved Discworld this masterfully crafted gripping read is both compelling and funny When one of the worlds most acclaimed fantasy writers turns a classic fairy tale on its head no one will ever look at the Pied Piperor ratsthe same way again Synopsis Winner of the 2001 Carnegie Medal One rat popping up here and there squeaking loudly and taking a bath in the cream could be a plague all by himself After a few days of this it was amazing how glad people were to see the kid with his magical rat pipe And they were amazing when the rats followed hint out of town Theyd have been really amazed if theyd ever found out that the rats and the piper met up with a cat somewhere outside of town and solemnly counted out the money The Amazing Maurice runs the perfect Pied Piper scam This streetwise alley cat knows the value of cold hard cash and can talk his way into and out of anything But when Maurice and his cohorts decide to con the town of Bad Blinitz it will take more than fast talking to survive the danger that awaits For this is a town where food is scarce and rats are hated where cellars are lined with deadly traps and where a terrifying evil lurks beneath the hungerstricken streets Set in Terry Pratchetts widely popular Discworld this masterfully crafted gripping read is both compelling and funny When one of the worlds most acclaimed fantasy writers turns a classic fairy tale on its head no one will ever look at the Pied Piper  or rats  the same way again Synopsis Bad Blintz is not like other towns Something evil lurks here something that can drive even the most educated rodents out of their minds with fear Enter the Amazing Maurice talking cat genius con artist and mastermind behind the greatest Pled Piper scheme in Discworlds history With the help of a pipeplaying kid and a troupe of strangely intelligent rats Maurice is prepared to turn this town upside down as only a clever cat can But it will take all of his cunning and skill to make sure that Bad Blintz doesnt put an end to their plans  forever About the Author Terry Pratchetts books have sold more than 55 million copies worldwide give or take a few million In addition to his hit novels about the fantastical flat planet Discworld he has written awardwinning childrens books including the Johnny Maxwell trilogy and the bestselling Tiffany Aching Adventures Mr Pratchett received Britains highest honor for a childrens novel the Carnegie Medal for The Amazing Maurice and His Educated Rodents  Mr Pratchett has one grownup daughter and lives in England with his wife and many cats As many of you know beloved house author Terry Pratchett has been diagnosed with early onset Alzheimers Disease Terry has become active in fundraising efforts to support Alzheimers research Click here to read a speech Terry made to the Alzheimers Research Trust Conference in the UK earlier this year If you are interested in making a taxfree donation to to the Alzheimers Association click here 45 2 What Our Readers Are Saying Share your thoughts on this title Average customer rating 45 2 comments  Maggie_S  November 04 2010 view all comments by Maggie_S I continue to be amazed at the things Terry Pratchett can think of This story full of talking cats thinking rats and fairy tale themes manages to be stimulating and amusing without being childish I would recommend it to anyone Was this comment helpful  Yes  No 1 of 2 readers found this comment helpful report this\ncomment  crowyhead  October 23 2007 view all comments by crowyhead Like most of Terry Pratchetts work this is absolutely brilliantly hilarious and also turns out to be darker and deeper than one would originally expect\nIncidentally if you have pet rats this is an excellent resource for names Thus far I have had Peaches Toxie and Dangerous Beans Was this comment helpful  Yes  No 6 of 13 readers found this comment helpful report this\ncomment Product Details ISBN 9780060012359 Binding Mass Market Publication date 08122008 Publisher HARPERCOLLINS PUBLISHERS Pages 368 Height 100IN Width 410IN Age Range 10 to 13 Grade Range 5 to 8 Copyright Year 2003 UPC Code 2800060012351 Author Terry Pratchett Subject Rats Subject Children sScience Fiction and Fantasy Subject Childrens 12Up  Fiction  General Subject Musicians Subject Humananimal relationships Subject Cats Subject Swindlers and swindling 1199 New Mass Market Ships in 1 to 3 days Qty Store 18 Burnside 1 Cedar Hills 1 Hawthorne 20 Local Warehouse Receive an email when this ISBN is available used 1 LOCOK 1 LOCOK LOCCancel 1 LOCOK LOCCancel 1 LOCOK 1 LOCOK LOCCancel 1 LOCOK LOCCancel 1 LOCOK 1 LOCOK LOCCancel 1 LOCOK LOCCancel 1 LOCOK 1 LOCOK LOCCancel 1 LOCOK LOCCancel Help Guarantee My Account Careers About Us Security Wish List Partners Contact Us Shipping Transparency ACT MRF Sitemap  2022 POWELLSCOM Terms 1 LOCOK 1 LOCOK LOCCancel 1 LOCOK LOCCancel 1 LOCOK 1 LOCOK LOCCancel 1 LOCOK LOCCancel 1 LOCOK 1 LOCOK LOCCancel 1 LOCOK LOCCancel 1 LOCOK 1 LOCOK LOCCancel 1 LOCOK LOCCancel",
    "page_rank": 0
}