{
    "Title": " Queer Principles of Kit Webb A Novel ",
    "Author": "Cat Sebastian",
    "Cover Page": "https://powells-covers-2.s3.amazonaws.com/9780063026216.jpg",
    "ISBN10": "006302621X  \n",
    "ISBN13": "9780063026216",
    "Page URL": "https://powells.com/book/-9780063026216",
    "raw_text": "Queer Principles of Kit Webb A Novel Cat Sebastian Trade Paperback 9780063026216 Powells Books Cart   my account  wish list  help  8008787323 Hello\n Login MENU Browse New Arrivals Bestsellers Featured Preorders Award Winners Audio Books See All Subjects Used Staff Picks Staff Picks Picks of the Month Bookseller Displays 50 Books for 50 Years 25 Best 21st Century SciFi  Fantasy 25 PNW Books to Read Before You Die 25 Books From the 21st Century 25 Memoirs to Read Before You Die 25 Global Books to Read Before You Die 25 Women to Read Before You Die 25 Books to Read Before You Die Gifts Gift Cards  eGift Cards Powells Souvenirs Journals and Notebooks socks Games Sell Books Blog Events Find A Store Dont Miss BIG SALE 20 off sitewide Picks of the Season What Im Giving Great Gifts Under 25 Best Books of 2022 Powells Author Events Oregon Battle of the Books Audio Books Visit Our Stores Powells Books 14 Gift Ideas From 14 of Our Favorite Authors 0 comment Every year Powells reaches out to some of our favorite authors for some muchneeded giftgiving inspiration Below are 14 writerapproved recommendations to help you find the perfect book for even your mostdifficulttobuyfor loved one Read More  Powells Staff Best Books of 2022 Fiction 1 comment Kelsey Ford 6 Haunting Native American Horror Books 1 comment 1 LOCOK 1 LOCOK LOCCancel 1 LOCOK LOCCancel Queer Principles of Kit Webb A Novel by Cat Sebastian Comment on this title Synopses  Reviews ISBN13 9780063026216 ISBN10 006302621X Condition Standard All Product Details View Larger Image View Larger Images 1095 List Price 1599 Used Trade Paperback Ships in 1 to 3 days Qty Store 1 Burnside 1 Cedar Hills Synopses  Reviews Publisher Comments Critically acclaimed author Cat Sebastian pens a stunning historical romance about a reluctantly reformed highwayman and the aristocrat who threatens to steal his heart Kit Webb has left his standanddeliver days behind him But dreary days at his coffee shop have begun to make him pine for the heady rush of thievery When a handsome yet arrogant aristocrat storms into his shop Kit quickly realizes he may be unable to deny whatever this highborn man desires In order to save himself and a beloved friend Percy Lord Holland must go against every gentlemanly behavior he holds dear to gain what he needs most a book that once belonged to his mother a book his father never lets out of his sight and could be Percys savior More comfortable in silkfilled ballrooms than coffee shops frequented by criminals his attempts to hire the roughly hewn highwayman formerly known as Gladhand Jack proves equal parts frustrating and electrifying Kit refuses to participate in the robbery but agrees to teach Percy how to do the deed Percy knows he has little choice but to submit and as the lessons in thievery begin he discovers thievery isnt the only crime hes desperate to commit with Kit But when their careful plan goes dangerously wrong and shocking revelations threaten to tear them apart can these stolen hearts overcome the impediments in their path Review Sharp smart and ohsoswoony The Queer Principles of Kit Webb reminds me that Cat Sebastian is an author at the absolute top of her game Rachel Hawkins New York Times bestselling author Review  The Queer Principles of Kit Webb kept me up all night I simply couldnt put it down Tessa Dare New York Times bestselling author Review An irresistible story of love and adventure that will delight both newcomers and regular readers of queer romance Kirkus Reviews Starred Review About the Author Cat Sebastian lives in a swampy part of the South with her husband three kids and two dogs Before her kids were born she practiced law and taught high school and college writing When she isnt reading or writing shes doing crossword puzzles birdwatching and wondering where she put her coffee cup What Our Readers Are Saying Be the first to share your thoughts on this title Product Details ISBN 9780063026216 Binding Trade Paperback Publication date 06082021 Publisher AVON BOOKS Pages 352 Height 100IN Width 530IN Series Number 1 Author Cat Sebastian 1095 List Price 1599 Used Trade Paperback Ships in 1 to 3 days Qty Store 1 Burnside 1 Cedar Hills More copies of this ISBN New Trade Paperback 1599 1 LOCOK 1 LOCOK LOCCancel 1 LOCOK LOCCancel 1 LOCOK 1 LOCOK LOCCancel 1 LOCOK LOCCancel 1 LOCOK 1 LOCOK LOCCancel 1 LOCOK LOCCancel 1 LOCOK 1 LOCOK LOCCancel 1 LOCOK LOCCancel Help Guarantee My Account Careers About Us Security Wish List Partners Contact Us Shipping Transparency ACT MRF Sitemap  2022 POWELLSCOM Terms 1 LOCOK 1 LOCOK LOCCancel 1 LOCOK LOCCancel 1 LOCOK 1 LOCOK LOCCancel 1 LOCOK LOCCancel 1 LOCOK 1 LOCOK LOCCancel 1 LOCOK LOCCancel 1 LOCOK 1 LOCOK LOCCancel 1 LOCOK LOCCancel",
    "page_rank": 6.016067544233863e-05
}