{
    "Title": " Moonflower Murders - Large Print Edition ",
    "Author": "Anthony Horowitz",
    "Cover Page": "https://powells-covers-2.s3.amazonaws.com/9780063029736.jpg",
    "ISBN10": "0063029731  \n",
    "ISBN13": "9780063029736",
    "Page URL": "https://powells.com/book/moonflower-murders-large-print-edition-9780063029736",
    "raw_text": "Moonflower Murders Anthony Horowitz Trade Paperback 9780063029736 Powells Books Cart   my account  wish list  help  8008787323 Hello\n Login MENU Browse New Arrivals Bestsellers Featured Preorders Award Winners Audio Books See All Subjects Used Staff Picks Staff Picks Picks of the Month Bookseller Displays 50 Books for 50 Years 25 Best 21st Century SciFi  Fantasy 25 PNW Books to Read Before You Die 25 Books From the 21st Century 25 Memoirs to Read Before You Die 25 Global Books to Read Before You Die 25 Women to Read Before You Die 25 Books to Read Before You Die Gifts Gift Cards  eGift Cards Powells Souvenirs Journals and Notebooks socks Games Sell Books Blog Events Find A Store Dont Miss BIG SALE 20 off sitewide Picks of the Season What Im Giving Great Gifts Under 25 Best Books of 2022 Powells Author Events Oregon Battle of the Books Audio Books Visit Our Stores Powells Books 14 Gift Ideas From 14 of Our Favorite Authors 0 comment Every year Powells reaches out to some of our favorite authors for some muchneeded giftgiving inspiration Below are 14 writerapproved recommendations to help you find the perfect book for even your mostdifficulttobuyfor loved one Read More  Powells Staff Best Books of 2022 Fiction 1 comment Kelsey Ford 6 Haunting Native American Horror Books 1 comment 1 LOCOK 1 LOCOK LOCCancel 1 LOCOK LOCCancel Moonflower Murders  Large Print Edition by Anthony Horowitz Comment on this title Synopses  Reviews ISBN13 9780063029736 ISBN10 0063029731 All Product Details View Larger Image View Larger Images 3099 New Trade Paperback Ships in 1 to 3 days Qty Store 14 Local Warehouse Synopses  Reviews Synopsis Featuring his famous literary detective Atticus Pund and Susan Ryeland hero of the worldwide bestseller Magpie Murders  a brilliantly complex literary thriller with echoes of Agatha Christie from New York Times bestselling author Anthony Horowitz Retired publisher Susan Ryeland is living the good life She is running a small hotel on a Greek island with her longterm boyfriend Andreas It should be everything shes always wanted But is it Shes exhausted with the responsibilities of making everything work on an island where nothing ever does and truth be told shes beginning to miss London And then the Trehearnes come to stay The strange and mysterious story they tell about an unfortunate murder that took place on the same day and in the same hotel in which their daughter was marrieda picturesque inn on the Suffolk coast named Farlingaye Hallefascinates Susan and piques her editors instincts One of her former writers the late Alan Conway author of the fictional Magpie Murders  knew the murder victiman advertising executive named Frank Parrisand once visited Farlingaye Hall Conway based the third book in his detective series Atticus Pund Takes the Cake on that very crime The Trehearnes daughter Cecily read Conways mystery and believed the book proves that the man convicted of Parriss murdera Romanian immigrant who was the hotels handymanis innocent When the Trehearnes reveal that Cecily is now missing Susan knows that she must return to England and find out what really happened Brilliantly clever relentlessly suspenseful full of twists that will keep readers guessing with each revelation and clue Moonflower Murders is a deviously dark take on vintage English crime fiction from one of its greatest masterminds Anthony Horowitz What Our Readers Are Saying Be the first to share your thoughts on this title Product Details ISBN 9780063029736 Binding Trade Paperback Publication date 11102020 Publisher Harperluxe Pages 800 Height 200IN Width 590IN Large print Yes Author Anthony Horowitz 3099 New Trade Paperback Ships in 1 to 3 days Qty Store 14 Local Warehouse Receive an email when this ISBN is available used 1 LOCOK 1 LOCOK LOCCancel 1 LOCOK LOCCancel 1 LOCOK 1 LOCOK LOCCancel 1 LOCOK LOCCancel 1 LOCOK 1 LOCOK LOCCancel 1 LOCOK LOCCancel 1 LOCOK 1 LOCOK LOCCancel 1 LOCOK LOCCancel Help Guarantee My Account Careers About Us Security Wish List Partners Contact Us Shipping Transparency ACT MRF Sitemap  2022 POWELLSCOM Terms 1 LOCOK 1 LOCOK LOCCancel 1 LOCOK LOCCancel 1 LOCOK 1 LOCOK LOCCancel 1 LOCOK LOCCancel 1 LOCOK 1 LOCOK LOCCancel 1 LOCOK LOCCancel 1 LOCOK 1 LOCOK LOCCancel 1 LOCOK LOCCancel",
    "page_rank": 3.7747874787349726e-05
}