{
    "Title": " Matilda ",
    "Author": "Roald Dahl, Quentin Blake",
    "Cover Page": "https://powells-covers-2.s3.amazonaws.com/9780142410370.jpg",
    "ISBN10": "0142410373  \n",
    "ISBN13": "9780142410370",
    "Page URL": "https://powells.com/book/-9780142410370",
    "raw_text": "Matilda  Roald Dahl and Quentin Blake Trade Paperback 9780142410370 Powells Books Cart   my account  wish list  help  8008787323 Hello\n Login MENU Browse New Arrivals Bestsellers Featured Preorders Award Winners Audio Books See All Subjects Used Staff Picks Staff Picks Picks of the Month Bookseller Displays 50 Books for 50 Years 25 Best 21st Century SciFi  Fantasy 25 PNW Books to Read Before You Die 25 Books From the 21st Century 25 Memoirs to Read Before You Die 25 Global Books to Read Before You Die 25 Women to Read Before You Die 25 Books to Read Before You Die Gifts Gift Cards  eGift Cards Powells Souvenirs Journals and Notebooks socks Games Sell Books Blog Events Find A Store Dont Miss BIG SALE 20 off sitewide Picks of the Season What Im Giving Great Gifts Under 25 Best Books of 2022 Powells Author Events Oregon Battle of the Books Audio Books Visit Our Stores Powells Books 14 Gift Ideas From 14 of Our Favorite Authors 0 comment Every year Powells reaches out to some of our favorite authors for some muchneeded giftgiving inspiration Below are 14 writerapproved recommendations to help you find the perfect book for even your mostdifficulttobuyfor loved one Read More  Powells Staff Best Books of 2022 Fiction 1 comment Kelsey Ford 6 Haunting Native American Horror Books 1 comment 1 LOCOK 1 LOCOK LOCCancel 1 LOCOK LOCCancel Matilda by Roald Dahl Quentin Blake Comment on this title Synopses  Reviews ISBN13 9780142410370 ISBN10 0142410373 Condition Standard All Product Details View Larger Image View Larger Images 495 List Price 899 Used Trade Paperback Ships in 1 to 3 days Qty Store 5 Burnside 1 Cedar Hills 3 Local Warehouse From Powellscom The people in these books are funny brave strong resilient clever and kind Just like you Synopses  Reviews Publisher Comments From the bestselling author of Charlie and the Chocolate Factory and The BFG Matilda is a sweet exceptional young girl but her parents think shes just a nuisance She expects school to be different but there she has to face Miss Trunchbull a kidhating terror of a headmistress When Matilda is attacked by the Trunchbull she suddenly discovers she has a remarkable power with which to fight back Itll take a superhuman genius to give Miss Trunchbull what she deserves and Matilda may be just the one to do it Review In these days where irony is king and thus identifying as a geek is tongueincheek celebrated its easy to not recognize what Dahl did earlier than anyone else With Matilda  he made being a nerd cool before being a nerd was cool Slate Book Review Review This story is beautifully heartwarming a surprising mix of humour adventure and mystery And as with any Dahl story Matilda provides a strong message to children you can do it Kids Book Review Review Matilda will surely go straight to childrens hearts The New York Times Book Review About the Author Roald Dahl 19161990 was born in Wales of Norwegian parents He spent his childhood in England and at age eighteen went to work for the Shell Oil Company in Africa When World War II broke out he joined the Royal Air Force and became a fighter pilot At the age of twentysix he moved to Washington DC and it was there he began to write His first short story which recounted his adventures in the war was bought by The Saturday Evening Post  and so began a long and illustrious career After establishing himself as a writer for adults Roald Dahl began writing childrens stories in 1960 while living in England with his family His first stories were written as entertainment for his own children to whom many of his books are dedicated Roald Dahl is now considered one of the most beloved storytellers of our time Although he passed away in 1990 his popularity continues to increase as his fantastic novels including James and the Giant Peach  Matilda  The BFG  and Charlie and the Chocolate Factory  delight an evergrowing legion of fans 45 2 What Our Readers Are Saying Share your thoughts on this title Average customer rating 45 2 comments  tina blacksmith  March 07 2012 view all comments by tina blacksmith The story of a young girl who wants to read and learn as much as she can I love this book Its perfect for kids and adults Was this comment helpful  Yes  No 2 of 3 readers found this comment helpful report this\ncomment  karmabodhi  September 25 2011 This is my absolute favorite book from childhood and even today its still one of my top 10 favorite books that I have ever read The story about the exceedingly smart little girl who loves to read and simply devours books resonated with me because I identified with her as a child Matilda having to grow up with such a horrible family who neither appreciates who she is as a person or her intelligence also resonated with me Her triumph over both the evil Trunchbull by using the incredible powers found within herself and over her family situation by being fortunate enough to find such a loving woman who adopts her  she finally has found family she has always wanted  is truly an inspiring and uplifting tale for children All the antics in the book from the salamander in the Trunchbulls waterglass to the Trunchbulls swinging around young girls by the hair are amusing as well as enthralling for children to read about and this book is a diamond in the rough in the genre of childrens literature  a true classic Was this comment helpful  Yes  No 2 of 3 readers found this comment helpful report this\ncomment Product Details ISBN 9780142410370 Binding Trade Paperback Publication date 08162007 Publisher PENGUIN PUTNAM TRADE Pages 240 Height 63IN Width 542IN Thickness 50 Age Range 8 to 12 Grade Range 3 to 7 Number of Units 1 Illustration Yes Copyright Year 2007 UPC Code 2800142410372 Author Roald Dahl Illustrator Quentin Blake Subject Childrens classics Subject Schools 495 List Price 899 Used Trade Paperback Ships in 1 to 3 days Qty Store 5 Burnside 1 Cedar Hills 3 Local Warehouse More copies of this ISBN New Trade Paperback Starting from 799 Used Trade Paperback Starting from 450 This title in other editions New Hardcover 1799 Used Trade Paperback Starting from 495 1 LOCOK 1 LOCOK LOCCancel 1 LOCOK LOCCancel 1 LOCOK 1 LOCOK LOCCancel 1 LOCOK LOCCancel 1 LOCOK 1 LOCOK LOCCancel 1 LOCOK LOCCancel 1 LOCOK 1 LOCOK LOCCancel 1 LOCOK LOCCancel Help Guarantee My Account Careers About Us Security Wish List Partners Contact Us Shipping Transparency ACT MRF Sitemap  2022 POWELLSCOM Terms 1 LOCOK 1 LOCOK LOCCancel 1 LOCOK LOCCancel 1 LOCOK 1 LOCOK LOCCancel 1 LOCOK LOCCancel 1 LOCOK 1 LOCOK LOCCancel 1 LOCOK LOCCancel 1 LOCOK 1 LOCOK LOCCancel 1 LOCOK LOCCancel",
    "page_rank": 2.115540235334985e-05
}