{
    "Title": " Wrong Place Wrong Time ",
    "Author": "Gillian McAllister",
    "Cover Page": "https://powells-covers-2.s3.amazonaws.com/9780063252349.jpg",
    "ISBN10": "0063252341  \n",
    "ISBN13": "9780063252349",
    "Page URL": "https://powells.com/book/wrong-place-wrong-time-9780063252349",
    "raw_text": "Wrong Place Wrong Time Gillian McAllister Hardcover 9780063252349 Powells Books Cart   my account  wish list  help  8008787323 Hello\n Login MENU Browse New Arrivals Bestsellers Featured Preorders Award Winners Audio Books See All Subjects Used Staff Picks Staff Picks Picks of the Month Bookseller Displays 50 Books for 50 Years 25 Best 21st Century SciFi  Fantasy 25 PNW Books to Read Before You Die 25 Books From the 21st Century 25 Memoirs to Read Before You Die 25 Global Books to Read Before You Die 25 Women to Read Before You Die 25 Books to Read Before You Die Gifts Gift Cards  eGift Cards Powells Souvenirs Journals and Notebooks socks Games Sell Books Blog Events Find A Store Dont Miss BIG SALE 20 off sitewide Picks of the Season What Im Giving Great Gifts Under 25 Best Books of 2022 Powells Author Events Oregon Battle of the Books Audio Books Visit Our Stores Powells Books 14 Gift Ideas From 14 of Our Favorite Authors 0 comment Every year Powells reaches out to some of our favorite authors for some muchneeded giftgiving inspiration Below are 14 writerapproved recommendations to help you find the perfect book for even your mostdifficulttobuyfor loved one Read More  Powells Staff Best Books of 2022 Fiction 1 comment Kelsey Ford 6 Haunting Native American Horror Books 1 comment 1 LOCOK 1 LOCOK LOCCancel 1 LOCOK LOCCancel Wrong Place Wrong Time by Gillian McAllister Comment on this title Synopses  Reviews ISBN13 9780063252349 ISBN10 0063252341 All Product Details View Larger Image View Larger Images 2899 New Hardcover Ships in 1 to 3 days Qty Store 6 Burnside 1 Hawthorne 20 Local Warehouse Synopses  Reviews Synopsis INSTANT NATIONAL BESTSELLER  A REESES BOOK CLUB PICK Its perfection every word every moment A masterpiece    One of the best books Ive ever read Lisa Jewell 1 New York Times bestselling author Absolutely AMAZING The plot is astonishingoriginal and ingenious But its much more than that the love Jen has for her son and her husband is beautiful The stakes are so high because theyre so meaningful Marin Keyes internationally bestselling author A brilliantly genrebending mindtwisting answer to the question How far would you go to save your child Ruth Ware 1 New York Times bestselling author Daring inventive exhilarating twisted This is virtuoso storytelling Please dive in Its the right place and the right time A J Finn 1 New York Times bestselling author A work of such genius it leaves you in awe Wrong Place Wrong Time is impossibly clever daringly original and heartrending Exceptional Chris Whitaker New York Times bestselling author of We Begin at the End From UK bestselling author Gillian McAllister comes an astonishing compulsively twisty psychological thriller about a mother who witnesses her teenage son stab a man and then seizes on an unconventional way to try to save him deemed clever original and so addictive it should come with a warning by Alice Feeney bestselling author of Rock Paper Scissors Can you stop a murder after its already happened Late October After midnight Youre waiting up for your seventeenyearold son Hes past curfew As you watch from the window he emerges and you realize he isnt alone hes walking toward a man and hes armed You cant believe it when you see him do it your funny happy teenage son he kills a stranger right there on the street outside your house You dont know who You dont know why You only know your son is now in custody his future shattered That night you fall asleep in despair All is lost Until you wake       and it is yesterday And then you wake again       and it is the day before yesterday Every morning you wake up a day earlier another day before the murder With another chance to stop it Somewhere in the past lies an answer The trigger for this crimeand you dont have a choice but to find it    Another ingeniously plotted genrebender McAllister succeeds in making us care and the result is a tour de force  The Guardian This entertaining look at motherhood and memory will resonate with many  Publishers Weekly What Our Readers Are Saying Be the first to share your thoughts on this title Product Details ISBN 9780063252349 Binding Hardcover Publication date 08022022 Publisher WILLIAM MORROW  COMPANY INC Pages 416 Height 140IN Width 620IN Author Gillian McAllister 2899 New Hardcover Ships in 1 to 3 days Qty Store 6 Burnside 1 Hawthorne 20 Local Warehouse Receive an email when this ISBN is available used This title in other editions New Compact Disc 4699 New Other 4199 New Trade Paperback 3099 1 LOCOK 1 LOCOK LOCCancel 1 LOCOK LOCCancel 1 LOCOK 1 LOCOK LOCCancel 1 LOCOK LOCCancel 1 LOCOK 1 LOCOK LOCCancel 1 LOCOK LOCCancel 1 LOCOK 1 LOCOK LOCCancel 1 LOCOK LOCCancel Help Guarantee My Account Careers About Us Security Wish List Partners Contact Us Shipping Transparency ACT MRF Sitemap  2022 POWELLSCOM Terms 1 LOCOK 1 LOCOK LOCCancel 1 LOCOK LOCCancel 1 LOCOK 1 LOCOK LOCCancel 1 LOCOK LOCCancel 1 LOCOK 1 LOCOK LOCCancel 1 LOCOK LOCCancel 1 LOCOK 1 LOCOK LOCCancel 1 LOCOK LOCCancel",
    "page_rank": 4.074629616275574e-05
}