{
    "Title": " Under Wildwood Wildwood Chronicles 02 ",
    "Author": "Colin Meloy",
    "Cover Page": "https://covers.powells.com/9780062024732.jpg",
    "ISBN10": "0062024736  \n",
    "ISBN13": "9780062024732",
    "Page URL": "https://powells.com/book/under-wildwood-wildwood-chronicles-02-9780062024732",
    "raw_text": "Under Wildwood Wildwood Chronicles 02 Colin Meloy and Carson Ellis and Carson Ellis and Carson Ellis Trade Paperback 9780062024732 Powells Books Cart   my account  wish list  help  8008787323 Hello\n Login MENU Browse New Arrivals Bestsellers Featured Preorders Award Winners Audio Books See All Subjects Used Staff Picks Staff Picks Picks of the Month Bookseller Displays 50 Books for 50 Years 25 Best 21st Century SciFi  Fantasy 25 PNW Books to Read Before You Die 25 Books From the 21st Century 25 Memoirs to Read Before You Die 25 Global Books to Read Before You Die 25 Women to Read Before You Die 25 Books to Read Before You Die Gifts Gift Cards  eGift Cards Powells Souvenirs Journals and Notebooks socks Games Sell Books Blog Events Find A Store Dont Miss BIG SALE 20 off sitewide Picks of the Season What Im Giving Great Gifts Under 25 Best Books of 2022 Powells Author Events Oregon Battle of the Books Audio Books Visit Our Stores Powells Books 14 Gift Ideas From 14 of Our Favorite Authors 0 comment Every year Powells reaches out to some of our favorite authors for some muchneeded giftgiving inspiration Below are 14 writerapproved recommendations to help you find the perfect book for even your mostdifficulttobuyfor loved one Read More  Powells Staff Best Books of 2022 Fiction 1 comment Kelsey Ford 6 Haunting Native American Horror Books 1 comment 1 LOCOK 1 LOCOK LOCCancel 1 LOCOK LOCCancel Under Wildwood Wildwood Chronicles 02 by Colin Meloy and Carson Ellis and Carson Ellis and Carson Ellis Comment on this title Synopses  Reviews ISBN13 9780062024732 ISBN10 0062024736 Condition Standard All Product Details View Larger Image View Larger Images 695 List Price 999 Used Trade Paperback Ships in 1 to 3 days Qty Store 1 Burnside Synopses  Reviews Publisher Comments Under Wildwood is the second book in the New York Times bestselling adventure series the Wildwood Chronicles from Colin Meloy lead singer of the Decemberists and Carson Ellis the acclaimed illustrator of The Mysterious Benedict Society  Ever since Prue McKeel returned home from the Impassable Wilderness after rescuing her brother from the malevolent Dowager Governess life has been pretty dull School holds no interest for her and her new science teacher keeps getting on her case about her dismal test scores and daydreaming in class Her mind is constantly returning to the verdant groves and skytall trees of Wildwood where her friend Curtis still remains as a banditintraining But all is not well in that world Dark assassins with mysterious motives conspire to settle the scores of an unknown client A titan of industry employs inmates from his orphanage to work his machine shop all the while obsessing over the exploitation of the Impassable Wilderness And in what will be their greatest challenge yet Prue and Curtis are thrown together again to save themselves and the lives of their friends and to bring unity to a divided country But in order to do that they must go under Wildwood In Under Wildwood  Colin Meloy and Carson Ellis reveal new dimensions of the epic fantasyadventure series begun with the critically acclaimed bestselling Wildwood  Review Droll and ornate elegiac and romantic  the sequel to Wildwood 2011 brings readers deeper into and under the pinescented magical world tantalizingly close to Portland OreThe incomparable Ellis more than rises to the challenge  her sly wistful abundant illustrations provide an emotional through line Kirkus Reviews Synopsis Ever since Prue McKeel returned home from the Impassable Wilderness life has been pretty dull Her mind is constantly returning to the verdant groves and skytall trees of Wildwood where her friend Curtis still remains as a banditintraining But all is not well in that world A hard winter has come and discord reigns in the wake of the socalled Bicycle Coup Dark assassins with mysterious motives conspire to settle the scores of an unknown client A titan of industry employs inmates from his orphanage to work in his machine shop Under a growing threat Prue is drawn back into Wildwood where she and Curtis will face their greatest challenge yet to save themselves and the lives of their friends and to bring unity to a divided country But in order to do that they must go under Wildwood About the Author Colin Meloy once wrote Ray Bradbury a letter informing him that he considered himself an author too He was ten Since then Colin has gone on to be the singer and songwriter for the band the Decemberists where he channels all of his weird ideas into weird songs With the Wildwood Chronicles he is now channeling those ideas into novels As a kid Carson Ellis loved exploring the woods drawing and nursing wounded animals back to health As an adult little has changed  except she is now the acclaimed illustrator of several books for children including Lemony Snickets The Composer Is Dead  Dillweeds Revenge by Florence Parry Heide and The Mysterious Benedict Society by Trenton Lee Stewart Colin and Carson live with their sons Hank and Milo in Oregon 4 1 What Our Readers Are Saying Share your thoughts on this title Average customer rating 4 1 comments  Eloise9  April 06 2014 view all comments by Eloise9 This book was not a page turner for me but I enjoyed the plot and the fullness of the fantastical world Meloy has created near our very own Portland Oregon For anyone who liked or loved the first book especially those who wondered like I what happened to Curtiss family when he disappeared this is a great follow up Be warned however that through the action discovery and friendship there are some poorly explained political happenings and dull moments where the story seems to fall slightly flat for a short time Not as fast paced or clearly plotted as its predecessor Under Wildwood is a long and compelling if slightly amateur epic It tells the interwoven stories of friends and enemies people and animals woodians and outsiders alike An innocent and yet compelling and tense adventure awaits you in this long sequel Was this comment helpful  Yes  No 2 of 3 readers found this comment helpful report this\ncomment Product Details ISBN 9780062024732 Binding Trade Paperback Publication date 09242013 Publisher HARPERCOLLINS PUBLISHERS Series info Wildwood Chronicles Pages 559 Height 775 Width 625 Thickness 200 Series Wildwood Chronicles Series Number 2 Age Range 8 and up Grade Range 3 and up Illustration Yes Series Volume 02 Author Colin Meloy Illustrator Carson Ellis Media Run Time B Subject Children sAdventure Stories 695 List Price 999 Used Trade Paperback Ships in 1 to 3 days Qty Store 1 Burnside More copies of this ISBN New Trade Paperback 999 1 LOCOK 1 LOCOK LOCCancel 1 LOCOK LOCCancel 1 LOCOK 1 LOCOK LOCCancel 1 LOCOK LOCCancel 1 LOCOK 1 LOCOK LOCCancel 1 LOCOK LOCCancel 1 LOCOK 1 LOCOK LOCCancel 1 LOCOK LOCCancel Help Guarantee My Account Careers About Us Security Wish List Partners Contact Us Shipping Transparency ACT MRF Sitemap  2022 POWELLSCOM Terms 1 LOCOK 1 LOCOK LOCCancel 1 LOCOK LOCCancel 1 LOCOK 1 LOCOK LOCCancel 1 LOCOK LOCCancel 1 LOCOK 1 LOCOK LOCCancel 1 LOCOK LOCCancel 1 LOCOK 1 LOCOK LOCCancel 1 LOCOK LOCCancel",
    "page_rank": 3.850283228309672e-05
}