{
    "Title": " Magpie Murders ",
    "Author": "Anthony Horowitz",
    "Cover Page": "https://powells-covers-2.s3.amazonaws.com/9780062645234.jpg",
    "ISBN10": "0062645234  \n",
    "ISBN13": "9780062645234",
    "Page URL": "https://powells.com/book/magpie-murders-9780062645234",
    "raw_text": "Magpie Murders Anthony Horowitz Trade Paperback 9780062645234 Powells Books Cart   my account  wish list  help  8008787323 Hello\n Login MENU Browse New Arrivals Bestsellers Featured Preorders Award Winners Audio Books See All Subjects Used Staff Picks Staff Picks Picks of the Month Bookseller Displays 50 Books for 50 Years 25 Best 21st Century SciFi  Fantasy 25 PNW Books to Read Before You Die 25 Books From the 21st Century 25 Memoirs to Read Before You Die 25 Global Books to Read Before You Die 25 Women to Read Before You Die 25 Books to Read Before You Die Gifts Gift Cards  eGift Cards Powells Souvenirs Journals and Notebooks socks Games Sell Books Blog Events Find A Store Dont Miss BIG SALE 20 off sitewide Picks of the Season What Im Giving Great Gifts Under 25 Best Books of 2022 Powells Author Events Oregon Battle of the Books Audio Books Visit Our Stores Powells Books 14 Gift Ideas From 14 of Our Favorite Authors 0 comment Every year Powells reaches out to some of our favorite authors for some muchneeded giftgiving inspiration Below are 14 writerapproved recommendations to help you find the perfect book for even your mostdifficulttobuyfor loved one Read More  Powells Staff Best Books of 2022 Fiction 1 comment Kelsey Ford 6 Haunting Native American Horror Books 1 comment 1 LOCOK 1 LOCOK LOCCancel 1 LOCOK LOCCancel Magpie Murders by Anthony Horowitz Comment on this title Synopses  Reviews ISBN13 9780062645234 ISBN10 0062645234 Condition Standard All Product Details View Larger Image View Larger Images 1250 List Price 1800 Used Trade Paperback Ships in 1 to 3 days Qty Store 1 Burnside 2 Hawthorne From Powellscom Powells Picks of the Month Hot new releases and undertheradar gems for adults and kids Synopses  Reviews Publisher Comments  Magpie Murders is a double puzzle for puzzle fans who dont often get the classicism they want from contemporary thrillers  Janet Maslin The New York Times  A New York Times bestseller  1 Indie Next Pick  NPR best book of 2017  Washington Post best book of 2017  Esquire best book of 2017 From the New York Times bestselling author of Moriarty and Trigger Mortis  this fiendishly brilliant riveting thriller weaves a classic whodunit worthy of Agatha Christie into a chilling ingeniously original modernday mystery When editor Susan Ryeland is given the manuscript of Alan Conways latest novel she has no reason to think it will be much different from any of his others After working with the bestselling crime writer for years shes intimately familiar with his detective Atticus P\u00fcnd who solves mysteries disturbing sleepy English villages An homage to queens of classic British crime such as Agatha Christie and Dorothy Sayers Alans traditional formula has proved hugely successful So successful that Susan must continue to put up with his troubling behavior if she wants to keep her job Conways latest tale has Atticus P\u00fcnd investigating a murder at Pye Hall a local manor house Yes there are dead bodies and a host of intriguing suspects but the more Susan reads the more shes convinced that there is another story hidden in the pages of the manuscript one of reallife jealousy greed ruthless ambition and murder Masterful clever and relentlessly suspenseful Magpie Murders is a deviously dark take on vintage English crime fiction in which the reader becomes the detective Review An ingenious novelwithinanovelpart crime novel part pastiche this magnificent piece of crime fiction plays with the genre while also taking it seriously Sunday Times Review Anthony Horowitzs Magpie Murders is catnip for classic mystery loversWith its elegant yet playful plotting Magpie Murders is the thinking mystery fans ideal summer thriller Time Magazine Review An ingenious funhouse mirror of a novel sets a vintage cozy mystery inside a modern frame Wall Street Journal Review Each of the narratives in Magpie Murders is engaging and fluid each with its own charm though Horowitzs joyful act of Christie ventriloquism is in particular spectacularly impressive Washington Post About the Author Anthony Horowitz is the author of the New York Times bestseller Moriarty and the internationally bestselling The House of Silk  as well as the New York Times bestselling Alex Rider series for young adults As a television screenwriter he created Midsomer Murders and the BAFTAwinning Foyles War  both of which were featured on PBSs Masterpiece Mystery  He regularly contributes to a wide variety of national newspapers and magazines and in January 2014 was appointed an Officer of the Order of the British Empire for his services to literature He lives in London 5 2 What Our Readers Are Saying Share your thoughts on this title Average customer rating 5 2 comments  Kaye  November 30 2018 view all comments by Kaye This was the first book that Ive read by Anthony Horowitz and quite possibly not the last This is a book within a book with lots of clues in both books to keep the reader intrigued It starts out with editor Susan Ryeland sitting down to edit the newest novel by Alan Conway Magpie Murders the book that Mr Conway wrote and finishes with the aftermath of that manuscript To me it was a very interesting concept and a very interesting novel I won this book from Goodreads and all opinions are my own Was this comment helpful  Yes  No 0 of 1 readers found this comment helpful report this\ncomment  Jeffrey Bluhm  November 30 2018 view all comments by Jeffrey Bluhm What a delightful murder mystery This is my first Horowitz book and I wouldnt usually list Mystery as my favorite genre but all the planets aligned and I found this to be a fascinating cantputitdown read Its a twofer the first third or so is a proof of a mystery novel by an author whos a character in the book and that then relates to a murder that transpires and is solved in the rest of the book I think part of why it was so fascinating is that the clues and what of course will prove to be false leads come seemingly nonstop in both stories The pace never flags And by the end at least for this simple mind all is resolved in both tales with no loose ends Was this comment helpful  Yes  No report this\ncomment Product Details ISBN 9780062645234 Binding Trade Paperback Publication date 03272018 Publisher HARPERCOLLINS PUBLISHERS Pages 512 Author Anthony Horowitz 1250 List Price 1800 Used Trade Paperback Ships in 1 to 3 days Qty Store 1 Burnside 2 Hawthorne More copies of this ISBN New Trade Paperback 1800 Used Trade Paperback 995 This title in other editions New Hardcover 2799 Used Hardcover Starting from 1395 1 LOCOK 1 LOCOK LOCCancel 1 LOCOK LOCCancel 1 LOCOK 1 LOCOK LOCCancel 1 LOCOK LOCCancel 1 LOCOK 1 LOCOK LOCCancel 1 LOCOK LOCCancel 1 LOCOK 1 LOCOK LOCCancel 1 LOCOK LOCCancel Help Guarantee My Account Careers About Us Security Wish List Partners Contact Us Shipping Transparency ACT MRF Sitemap  2022 POWELLSCOM Terms 1 LOCOK 1 LOCOK LOCCancel 1 LOCOK LOCCancel 1 LOCOK 1 LOCOK LOCCancel 1 LOCOK LOCCancel 1 LOCOK 1 LOCOK LOCCancel 1 LOCOK LOCCancel 1 LOCOK 1 LOCOK LOCCancel 1 LOCOK LOCCancel",
    "page_rank": 4.074629616275574e-05
}