{
    "Title": " The Art of Racing in the Rain ",
    "Author": "Garth Stein",
    "Cover Page": "https://covers.powells.com/9780061537967.jpg",
    "ISBN10": "0061537969  \n",
    "ISBN13": "9780061537967",
    "Page URL": "https://powells.com/book/the-art-of-racing-in-the-rain-9780061537967",
    "raw_text": "Art of Racing in the Rain Garth Stein Trade Paperback 9780061537967 Powells Books Cart   my account  wish list  help  8008787323 Hello\r\n    \r\n\r\n     Login  End Hawk Search  AutoSuggest  MENU Browse New Arrivals Bestsellers Featured Preorders Award Winners Audio Books See All Subjects Used Staff Picks Staff Picks Picks of the Month Bookseller Displays 50 Books for 50 Years 25 Best 21st Century SciFi  Fantasy 25 PNW Books to Read Before You Die 25 Books From the 21st Century 25 Memoirs to Read Before You Die 25 Global Books to Read Before You Die 25 Women to Read Before You Die 25 Books to Read Before You Die Gifts Gift Cards  eGift Cards Powells Souvenirs Journals and Notebooks socks Games Sell Books Blog Events Find A Store Dont Miss BIG SALE 20 off sitewide Picks of the Season What Im Giving Great Gifts Under 25 Best Books of 2022 Powells Author Events Oregon Battle of the Books Audio Books Visit Our Stores Powells Books 14 Gift Ideas From 14 of Our Favorite Authors 0 comment Every year Powells reaches out to some of our favorite authors for some muchneeded giftgiving inspiration Below are 14 writerapproved recommendations to help you find the perfect book for even your mostdifficulttobuyfor loved one Read More  Powells Staff Best Books of 2022 Fiction 1 comment Kelsey Ford 6 Haunting Native American Horror Books 1 comment 1 LOCOK 1 LOCOK LOCCancel 1 LOCOK LOCCancel The Art of Racing in the Rain by Garth Stein Comment on this title Synopses  Reviews ISBN13 9780061537967 ISBN10 0061537969 Condition Standard All Product Details View Larger Image View Larger Images 1095 List Price 1699 Used  Trade Paperback Ships in 1 to 3 days Qty Store 29 Burnside 15 Cedar Hills 5 Hawthorne 20 Local Warehouse Staff Pick Denny has dreams of becoming the worlds best race car driver but life seems to get in the way When Dennys life careens out of control his adorable mutt Enzo tries to be supportive Enzo is quite ready to be human so he deeply feels and is frustrated by his absence of thumbs and speech This is a sweet poignant and unique book Recommended By Dianah H Powellscom Synopses  Reviews Publisher Comments Enzo knows he is different from other dogs a philosopher with a nearly human soul and an obsession with opposable thumbs he has educated himself by watching television extensively and by listening very closely to the words of his master Denny Swift an upandcoming race car driver Through Denny Enzo has gained tremendous insight into the human condition and he sees that life like racing isnt simply about going fast Using the techniques needed on the race track one can successfully navigate all of lifes ordeals On the eve of his death Enzo takes stock of his life recalling all that he and his family have been through the sacrifices Denny has made to succeed professionally the unexpected loss of Eve Dennys wife the threeyear battle over their daughter Zoe whose maternal grandparents pulled every string to gain custody In the end despite what he sees as his own limitations Enzo comes through heroically to preserve the Swift family holding in his heart the dream that Denny will become a racing champion with Zoe at his side Having learned what it takes to be a compassionate and successful person the wise canine can barely wait until his next lifetime when he is sure he will return as a man A heartwrenching but deeply funny and ultimately uplifting story of family love loyalty and hope The Art of Racing in the Rain is a beautifully crafted and captivating look at the wonders and absurdities of human life as only a dog could tell it Review One of those stories that may earn its place next to Richard Bachs Jonathan Livingston Seagull  Paulo Coelhos The Alchemist  and Yann Martels Life of Pi  Portland Oregonian Review I savored Garth Steins The Art of Racing in the Rain for many reasons a dog who speaks the thrill of competitive racing a hearttugging storyline and  best of all  the fact that it is a meditation on humility and hope in the face of despair Wally Lamb Author of Shes Come Undone and I Know This Much Is True Review The perfect book for anyone who knows that some of our best friends walk beside us on four legs that compassion isnt only for humans and that the relationship between two soulsmeant for each other never really comes to an end Jodi Picoult Review  The Art of Racing in The Rain has everything love tragedy redemption danger and  most especially  the canine narrator Enzo This old soul of a dog has much to teach us about being human Sara Gruen Author of Water for Elephants Review Fans of Marley  Me  rejoice Entertainment Weekly Synopsis The New York Times bestseller now available in paperback A heartwrenching but deeply funny and ultimately uplifting story of a dog s efforts to hold together his family in the face of a divisive custody battle Enzo knows he is different from other dogs a philosopher with a nearly human soul and an obsession with opposable thumbs he has educated himself by watching television extensively and by listening very closely to the words of his master Denny Swift an upandcoming race car driver Through Denny Enzo has gained tremendous insight into the human condition and he sees that life like racing isnt simply about going fast Using the techniques needed on the race track one can successfully navigate all of lifes ordeals On the eve of his death Enzo takes stock of his life recalling all that he and his family have been through the sacrifices Denny has made to succeed professionally the unexpected loss of Eve Dennys wife the threeyear battle over their daughter Zoe whose maternal grandparents pulled every string to gain custody In the end despite what he sees as his own limitations Enzo comes through heroically to preserve the Swift family holding in his heart the dream that Denny will become a racing champion with Zoe at his side Having learned what it takes to be a compassionate and successful person the wise canine can barely wait until his next lifetime when he is sure he will return as a man A heartwrenching but deeply funny and ultimately uplifting story of family love loyalty and hope The Art of Racing in the Rain is a beautifully crafted and captivating look at the wonders and absurdities of human life    as only a dog could tell it  Synopsis Meet Enzo the unforgettable canine narrator of this bittersweet and transformative story of family love loyalty and hope Enzo is a philosopher with a nearly human soul and hes gained a wealth of knowledge from hours spent in front of the TV About the Author Garth Stein is the author of three novels including the New York Times bestseller The Art of Racing in the Rain and How Evan Broke His Head and Other Secrets  and a play Brother Jones  He has worked as a documentary filmmaker and he lives in Seattle with his family 48 81 What Our Readers Are Saying Share your thoughts on this title Average customer rating 48 81 comments  Bill Houghton  February 08 2014 view all comments by Bill Houghton I found this book first and loved it  Then I went and found his other two so far books Raven Stole the Moon and How Evan Broke His Head and Other Secrets and was equally knocked out  I sent him an email commenting that no one of his books could predict either of the other two each ones different in subject matter tone everything but his simple and readable style  He tells me hes got another book coming out in October  Ill be watching for it\r\n\r\nNo business relationship with him  just a very satisfied reader Was this comment helpful  Yes  No 5 of 8 readers found this comment helpful report this\r\n\r\ncomment  FricNotFrac  January 30 2013 A fresh perspective on the life of a family  Touching insightful and a haunting read Was this comment helpful  Yes  No 3 of 6 readers found this comment helpful report this\r\n\r\ncomment  Marcia Ray  January 30 2013 I laughed  I cried  I thought about it for a week after I finished it I shared it with my friends Was this comment helpful  Yes  No 4 of 8 readers found this comment helpful report this\r\n\r\ncomment  Kathy McIntosh  January 01 2013 I generally gravitate to mysteries but this book not a mystery is totally captivating Told from the point of view of a dog it is neither cutesy or absurd Simply wonderful Was this comment helpful  Yes  No report this\r\n\r\ncomment  Mark Jones  January 01 2013 The Art of Racing in the Rain by Garth Stein is a remarkable study of human nature from an unexpected point of view  Racing in the rain is a metaphors for living life effectively and fully  I was moved to tears laughed out loud and reflected on the story long time after I finished the book  This is a book worth rereading in order to fully appreciate the wisdom and insight found in this engaging novel  This is truly a must read Was this comment helpful  Yes  No report this\r\n\r\ncomment  Marjorie Flathers  January 01 2013 This book touched me as no other has in a very long time  I read and enjoy lots of different books and I didnt think Id like this one because it is told from the point of view of a dog  But I read it for my book club and I was wonderfully surprised  I cant say enough good things about it  The writing is terrific the ideas are great and the story is interesting  But beyond that the thoughts and philosophy behind it affected me and have stayed with me for a long time  So many truths are revealed in a unique way  Ive recommended it to many others  LOVE THIS BOOK Was this comment helpful  Yes  No report this\r\n\r\ncomment  Tomabob  November 05 2012 view all comments by Tomabob The insight a dog can add to the world is amazing I loved seeing how much a dog may be able to see and how they are unable to communicate so much of what they observe Enzo had a knowledgeable view of the world and wanted so badly to share it with others I fell in love with Enzo and I cried when the book was finished I had felt I lost a good counselor in how to see life Was this comment helpful  Yes  No report this\r\n\r\ncomment  The Loopy Librarian  August 19 2012 view all comments by The Loopy Librarian Besides the great reviews I bought this book because I am a dog lover I was not disappointed I have always felt that dogs have much to tell us about living and Enzo the dog in this story is wise and philosophical His observations are amusing heartbreaking and very accurate Limited as he is in a dogs body he finds ways to express himself that are downright hysterical at times He is an observant and entertaining narrator to a story that encompasses terminal illness and an ugly custody battle He is strong for his master Denny and finds ways to encourage him and keep him fighting when he otherwise wouldve given up The book was wellwritten and Enzo was impossible not to love Discussion ideas Reincarnation thoughts of dogs and autoracing Favorite words Lugubrious and implacable Overall philosophy Your car goes where your eyes go or that which you manifest is before you An engaging read Was this comment helpful  Yes  No report this\r\n\r\ncomment  KL  August 05 2012 view all comments by KL I hate this book I love this book I cried and swore at this book I feel the frustrations that Enzo feels when he cant say what he wants He cant communicate except by actions or gestures as he states The storyline is well done and eventhough the Stephen Hawking piece seems farfetched no pun intended I didnt care I wanted this book to have a hero and Enzo does but in a subdued way Was this comment helpful  Yes  No report this\r\n\r\ncomment  Tennessean  August 04 2012 A thoroughly enjoyable book Was this comment helpful  Yes  No report this\r\n\r\ncomment  Steph from NY  July 16 2012 I bought this book based on the recommendations of Powells staff book reviewers and Powell readers While I love my dog I dont consider myself a dog lover so I was at first a bit apprehensive but the other reviewers are right  you dont need to be an animal lover to love this book The life lessons told with simple yet insightful sophistication really hit home I dont know if its the point of my life at which I am right now but I could absolutely relate especially to the notion that we should enjoy the present and not DWELL on the future or the past This book made me think laugh  cry I finished it too quickly not wanting it to end I am passing it on to my teenage daughters in the hope that they will find it just as heartwarming as I did I definitely recommend it Was this comment helpful  Yes  No report this\r\n\r\ncomment  islander12  May 23 2012 view all comments by islander12 Maybe Im not enough of a dog lover I didnt fall in love with this book  I thought the main character made a series of bad choices and couldnt really empathize with him even though his wife was dying of cancer   My book club agreed that the writing was average not high calibre   And the happy ending seemed a little forced and predictable  The characters didnt really have depth and there were a few fun moments but overall soso Was this comment helpful  Yes  No 1 of 1 readers found this comment helpful report this\r\n\r\ncomment  Kari Strong  May 05 2012 view all comments by Kari Strong Its a story A well told story that makes just about everyone cry Art of Racing in the Rain came highly recommended by several people so I thought why not After the first couple chapters I begged them to tell me why they recommended this book Just finish they would say They were right It is a very good book Just read it Though you dont have to be a dog lover to love this book if you are a pet owner you will never look at your pet the same again Was this comment helpful  Yes  No report this\r\n\r\ncomment  celiacla  March 07 2012 view all comments by celiacla As a dog owner I was brought to tears in the first few pages but this is an inspiring story of unconditional love and where it takes you Everyone dog lover or not will be moved by this book Was this comment helpful  Yes  No report this\r\n\r\ncomment  slave2books  January 30 2012 This book is told with wry wisdom humor and compassion by the family dog  Garth Stein has written this story with everything I enjoy in a book  love friendship drama humor emotion and then there is the very smart dog to roll it all together Was this comment helpful  Yes  No report this\r\n\r\ncomment  Kid Seahawk  January 29 2012 A life story as seen and told by Enzo the dog  Get a box of tissues and prepare never to look at your pups in the same way again  A mustread for doglovers AND booklovers Was this comment helpful  Yes  No report this\r\n\r\ncomment  Michael Hagenbuch  January 28 2012 view all comments by Michael Hagenbuch If there was a 5  I would rank it that and more  This is one of those page turners in the same category as the Girl with the Dragon Tattoo series or The Davinci Code or The Help etc that draws you in and wont let go of your undivided attention  The story Stein weaves is very well crafted keeps interest flowing and runs the gamut of emotions  It allows pure absorption into the make up of the characters the setting and their personalities on so many levels  One of the best books I have ever read for the pure fun and enjoyment of it  A classic of an ending  This is a book youll want to keep and share at the same time Was this comment helpful  Yes  No report this\r\n\r\ncomment  ritabita  January 19 2012 This book is well written  By the end of it I couldnt wait to pass it along to a friend     Enzo the family dog tells the story from his perspective     The ups and downs of life as witnessed by a dog is a heartwarming way the author tells this story\r\nI recommend this book to anyone   You dont have to be a dog lover or a fan of racecar driving    But by the end you just might be Was this comment helpful  Yes  No report this\r\n\r\ncomment  tragicsoprano  January 19 2012 This book was recommended by so many acquaintances that I knew it must be something special  However because I knew  it was about a dog I expected a story that was going to make me love the dog for being so remarkable or smart etc then sad in the end because it inevitably grows old and dies  I couldnt have been more wrong about the premise of the plot This story is about such an ordinary dog and such ordinary people and  its their very ordinary ability to connect with each other and to misunderstand each other because of the limitations and sensibilities of their respective species that the author weaves into a compelling and unforgettable tale  I couldnt put the book down and truly didnt want it to end Was this comment helpful  Yes  No report this\r\n\r\ncomment  Allison Judge  January 12 2012 I purchased this book for myself then four more copies to give as Christmas gifts after I finished reading it Its the best book Ive read in years Was this comment helpful  Yes  No report this\r\n\r\ncomment  gbs  January 12 2012 fantastic book Was this comment helpful  Yes  No report this\r\n\r\ncomment  andwhyknotme  January 05 2012 I recommend this book to everyone who I know It was wonderfully written and extremely touching Was this comment helpful  Yes  No report this\r\n\r\ncomment  Lori M  January 05 2012 view all comments by Lori M Books about dogs will almost always make you crybooks told by a dog will have you bawling  but I couldnt put it down Wonderful wonderful book Was this comment helpful  Yes  No report this\r\n\r\ncomment  Sherry CAMPBELL  January 03 2012 view all comments by Sherry CAMPBELL I loved this book It is warm loving sad courageous and an overall feel good book It may help that I like dogs and racing but it worth the read for anyone Was this comment helpful  Yes  No report this\r\n\r\ncomment  zeebee  January 02 2012 view all comments by zeebee Not only will this book make you feel good it will change the way you interact with dogs\r\nThis is a fantastic read  funny sad and warm and angry in one sitting\r\nYou will not regret this read Was this comment helpful  Yes  No report this\r\n\r\ncomment  judithlh  January 01 2012 Looking forward to a warm hearted read Was this comment helpful  Yes  No report this\r\n\r\ncomment  bordercolliez  January 01 2012 Fabulous outlook on life through the eyes of a car racing fan who happens to be a very wise and loyal dog Was this comment helpful  Yes  No report this\r\n\r\ncomment  azuresunshower13  January 01 2012 This was overall what I feel is a very well done story Parts of it are hard but the sweetness of the last quarter of the book is redeeming \r\n\r\nIn the first chapter enzo talks about evolving enough as a dog that he hopes to come back reincarnate as a human shouldnt it be the humans evolving enough to become as loving dogs That was my main raised eyebrow while reading this one \r\n\r\nHeartwarming  enjoyable Was this comment helpful  Yes  No report this\r\n\r\ncomment  jrtsparky  January 01 2012 A wonderful heartwarming book It grabbed my heart in the first chapter  Now I look at my dog in a whole new way Shes so smart to begin withand I wonder just how much she really understands Probably more than anyone knows With the story being set in the Pacific northwest it made the read even more enjoyable Garth Stein definately knows dogs Was this comment helpful  Yes  No report this\r\n\r\ncomment  Rochelle Martin  January 01 2012 This is my favorite book of 2011 Was this comment helpful  Yes  No report this\r\n\r\ncomment  itmightcouldbe  January 01 2012 This  is actually in our middle school library as a young adult book but I wouldnt let that stop any adults from reading it  Have you ever thought about what our most loyal adoring friends think of us  Steins novel is told from the stance of a dog who accompanies his master through a series of both hopeful and traumatic events  I laughed and cried my way through this Was this comment helpful  Yes  No report this\r\n\r\ncomment  Nicholis  January 01 2012 One of the best stories I have read in a long time\r\n\r\nFirst book to ever make me cry while reading it and it left me wanting more Was this comment helpful  Yes  No report this\r\n\r\ncomment  Renee S  January 01 2012 A unique look at life and lessonstruths to learn and live by Was this comment helpful  Yes  No report this\r\n\r\ncomment  Jmitzel  January 01 2012 view all comments by Jmitzel I read at least one book weekly I enjoy most of what I read but this one will always reside in my heart Part of it is due to the pitch perfect Seattle descriptions mostly it is the raw humanity or perhaps caninanity\r\nJust read it Was this comment helpful  Yes  No report this\r\n\r\ncomment  NewMoon  September 02 2011 Watch the movie Senna an extraordinary documentary about the Brazilian Formula One driver to learn why Garth Steins novel was given its name  Great movie great book Was this comment helpful  Yes  No report this\r\n\r\ncomment  Michele Burrer  September 01 2011 This is an amazing book Written another life from the perspective of Enzo a dog with a Buddhist heart and a desire to be human This story has so many beautiful lessons another love life and friendship all wrapped in a very engaging story I read it in 1 day couldnt put it down Was this comment helpful  Yes  No report this\r\n\r\ncomment  lemarten  February 02 2011 I cannot recommend this book enough  It managed to be tender without become maudlin  It is ultimately about love and loyalty Was this comment helpful  Yes  No 2 of 4 readers found this comment helpful report this\r\n\r\ncomment  JESSICA INMAN  January 28 2011 I cant help but give my old ailing dog a little more love and patience after reading this heartwarming story Was this comment helpful  Yes  No 2 of 4 readers found this comment helpful report this\r\n\r\ncomment  Julie Wheat  January 18 2011 view all comments by Julie Wheat Heartfelt view through the eyes of a dog of life  family  Enzo teaches us to be in the moment through his love of his master and his masters love racing Loss  gain of life are dealt with graciousness and love  A great read throughout the book the end ties up all loose ends  You do not have to be a dog lover to enjoy this book Was this comment helpful  Yes  No 2 of 4 readers found this comment helpful report this\r\n\r\ncomment  Kathleen Walsh  January 18 2011 view all comments by Kathleen Walsh Every Christmas my mother likes to buy my siblings and I a book whose content relates to where we are in our lives The joke is that we always try to figure out the connection she has made between the book and us because sometimes we just dont see it This Christmas I received The Art of Racing in the Rain which was appropriate because I had just gotten my first dog back in September I wasnt thrilled when I got it thinking it was just another dog book about ownerdog bonding and lets face it all the dogs die in the end I was done reading in a day I just couldnt put it down and was happy my first impression was wrong This book is much deeper then the relationship between dog and owner Its life through the dogs eyes but a very philosophical outlook As dogs cannot speak they observe and this dogs observation of the events of his owners life is worth reading Was this comment helpful  Yes  No report this\r\n\r\ncomment  ladysnowfall  January 04 2011 I absolutely loved this book  To see the world tragedy F1 racing custody battles and death through a dogs eyes really gives you a different perspective on life and how we live it  This is a must read Was this comment helpful  Yes  No report this\r\n\r\ncomment  Lyn Stallard  January 04 2011 An incredible book that reveals the mind of a dog  A must read for everyone Was this comment helpful  Yes  No report this\r\n\r\ncomment  micqua  January 04 2011 Wonderful book by a Seattle author  Told from the dogs point of view  Touching and memorable  A warmhearted story about life love and death Was this comment helpful  Yes  No report this\r\n\r\ncomment  Deanna Nelson  January 03 2011 A poignant joy from start to finish Was this comment helpful  Yes  No report this\r\n\r\ncomment  animal lover 39  January 03 2011 view all comments by animal lover 39 This is a very special book written from a dogs perspective\r\nI laughed cried and learned\r\nA must read Was this comment helpful  Yes  No report this\r\n\r\ncomment  Emily Wallace  January 03 2011 This book was impossible to put down I read it in one day It is very unique Essential for any dog lover Was this comment helpful  Yes  No report this\r\n\r\ncomment  kathyhill  January 03 2011 not a book I would have picked up to read but it was highly recommended by more than one friend    I just loved it and have recommended it to many    A must read for anyone who has ever loved an animal Was this comment helpful  Yes  No report this\r\n\r\ncomment  jitterbugandthebeet  January 02 2011 view all comments by jitterbugandthebeet Who would have thought that one special dog could give us so much insight  This is a wonderful story  Get a box of tissue and prepare to be uplifted Was this comment helpful  Yes  No report this\r\n\r\ncomment  BeckyH  January 02 2011 Wonderful book  a great story full of nuances  The ending was both sad and wonderful  Youll especially like it if you love dogs andor cars Was this comment helpful  Yes  No report this\r\n\r\ncomment  hummingbird1  January 02 2011 I loved this book its not my normal read  Huge Stephen King fan but a friend suggested it and I loved it I have been suggesting it to all my family and friendsAt my house we enjoy reading like everything worth while we make time for it I have started a book on many occasion and wound up reading to wee hours in the morningDog lovers will enjoy this book as the dog in the book is the narrator Dont want to give anything away so all I can say is this book is well worth the read Was this comment helpful  Yes  No report this\r\n\r\ncomment  smartchicknina  January 02 2011 view all comments by smartchicknina This book was amazing It told through the eyes of Enzo a very introspective dog who believes that at death dogs are reincarnated as humans He struggles to aid and protect his owner Denny an upandcoming racecar driver and Dennys daughter Yet Enzo is hindered by his helplessness as a dog\r\nThrough the eyes of a dog Enzo tells of very profound and witty truths about humans The metaphor of racing is constantly woven throughout the book Despite the fact that the book is told through the ideas of a thinking dog it is far from fantasy It is a story about life about love protection family and hope Was this comment helpful  Yes  No 1 of 1 readers found this comment helpful report this\r\n\r\ncomment  ownedbymylab  January 02 2011 Of all the books I read in 2010 none were as poignant imaginative or as well written as The Art of Racing in the Rain Enzo is a steadfast friend who details his life with his struggling master Denny and their many years as companions amidst family health disasters and financial crisis The most amazing scenes that stuck with me were Enzos dream of surpassing the monkeys and achieving a thumb  This is something I usually would pass over but based on all of the glowing recommendations I had to try it A big reason this book was so touching was I have a lab as well and I cant help but wonder know if my dog has dreams of becoming more Was this comment helpful  Yes  No report this\r\n\r\ncomment  MIke_Schaeffer  January 01 2011 Great character development and very interesting point of view Was this comment helpful  Yes  No report this\r\n\r\ncomment  realtegan  January 01 2011 An excellent and touching book about relationships and racing  Enzo is a dog but he has a philosophy of life and understands his owner well  The two battle against misfortune and pain while life grinds on  If you live in Seattle or know it well you may recognize the settings of some of the scenes adding to the story  In any case a lovely tale worthy of a read Was this comment helpful  Yes  No report this\r\n\r\ncomment  reads for fun  January 01 2011 Just a good fun read that makes you think Was this comment helpful  Yes  No report this\r\n\r\ncomment  asalzman  January 01 2011 view all comments by asalzman First the positive This book was beautifully written with a unique perspective that grips the reader and pulls him or her in Without being cheesy the narrator guides the reader through the story adding a bit of humor and a lot of heartwrenching moments and makes the reader look at the world differently for weeks after reading\r\n\r\nNow the negative This book was so emotionally draining it was exhausting to read Every possible negative thing happens and I found my self reduced to a quivering ball of Jello while reading it Some people may enjoy a good sob story and want a big cry and they should by all means read it Just make sure youre not in public and have LOTS of tissues by your side For me it was a bit too much of an emotional rollercoaster and I found myself powering through the book just to get off the ride Was this comment helpful  Yes  No report this\r\n\r\ncomment  richbham  January 01 2011 This is a very enjoyable book despite the sad threads that run through it Enzo narrator dog keeps you above it with his wisdom and doglike enthusiasm Was this comment helpful  Yes  No report this\r\n\r\ncomment  Brent Richards  January 01 2011 This book was a real surprise really gripped me from the very beginning Its a bit unusual because the story is told by the dog  There is lots of interesting stuff beneath the humorous surfaceAND the book has been on the NY Times Best Seller Paperback list for more than 90 weeks Was this comment helpful  Yes  No report this\r\n\r\ncomment  ofmyhands  January 01 2011 view all comments by ofmyhands The first few lines made me a bit nervous because it could have gone so terribly wrong you see but I was laughing and crying within the first three pagesStein and his unconventional narrator make the requisite suspension of disbelief effortless I was swept away and I suspect you will be too Was this comment helpful  Yes  No report this\r\n\r\ncomment  dickens  January 01 2011 great book Was this comment helpful  Yes  No report this\r\n\r\ncomment  kjohnson  January 01 2011 Loved this book and recommended it to my family and my bookclub Was this comment helpful  Yes  No report this\r\n\r\ncomment  Hyla  January 01 2011 I bought this book right after I read an email from my daughter that she had just put her beloved dog Jack to sleep  Having this story told from the dogs point of view was both a catharsis I cried a lot  but thats a good thing and a reward  The book is wonderful in all aspects  I have bought many copies for friends and hear nothing but good comments Was this comment helpful  Yes  No report this\r\n\r\ncomment  jrehubbard  January 01 2011 view all comments by jrehubbard LOVED this book Good enough to read more than once \r\nThe story is written though the eyes of Enzo the dog who is wiser than one expects from mans best friend He loves racing which is good since his owner is a race car driver This book could sound like a guy book full of racing car stuff but it has layers and levels that are worth exploring\r\nIf you are a dog lover you will love this book But it is much more than a dog lover book It gives you a lot to think about how to live in the moment and let the future take care of itself\r\nA perfect book for the New Year Was this comment helpful  Yes  No report this\r\n\r\ncomment  starfishfisher  January 01 2011 There are always great books to recommend and choosing between them can be hard but this book is a winner whether you are enchanted by our fourlegged furry brethren or not  The story is not typical in any sense  You might think at first glance you know what this book will be about but chances are youd be wrong  From the title to the the opening sentences this story simultaneously grabs you and takes you off guard  It is so dare I say it poignant  Beautifully written artfully constructed touching without being being overthetop and surprising in all the best ways  I defy you to read this book and not have it be a treasured tale that haunts your memories for a long time to come Was this comment helpful  Yes  No report this\r\n\r\ncomment  hjpd  January 01 2011 If you have ever loved a dog you must read this book It is wisefunny and beautifully written And it is told by a dog Could not be any better Was this comment helpful  Yes  No report this\r\n\r\ncomment  Vicki Tandowsky  January 01 2011 Wonderful story of the humandog relationship from the dogs perspective I loved this book Was this comment helpful  Yes  No report this\r\n\r\ncomment  Kabatie1  January 01 2011 Best book of the year Was this comment helpful  Yes  No report this\r\n\r\ncomment  CamDCam  January 01 2011 Although written prior to 2010 it is by far the book I have recommended the most this year Was this comment helpful  Yes  No report this\r\n\r\ncomment  fallingstar924  December 14 2010 view all comments by fallingstar924 I knew after reading the first two chapters that I would cry at the end This was a magnificent book where the storyteller is a dog I also laughed out loud in many parts of the book This is a great book for dog lovers who realize how important their pets are Was this comment helpful  Yes  No report this\r\n\r\ncomment  homebetweenpages  January 19 2010 Best book of the decade Was this comment helpful  Yes  No 2 of 7 readers found this comment helpful report this\r\n\r\ncomment  Laura Bangert  January 17 2010 This book touched my heart and made me laugh and cry I think about the storyteller Enzo quite frequently and when my own dog looks at me quizzically this book has made me ponder what enlightening thoughts are traveling through his mind I feel like Enzo was my own furry best friend Racing in the Rain was deep not cheesy and encouraged me to reflect on choices I have made in my own life I loved it and recommend it to all doglovers or not Was this comment helpful  Yes  No 4 of 6 readers found this comment helpful report this\r\n\r\ncomment  barbara cotter  January 04 2010 This is one of those books you pick up and it just draws you right in until the very end and you find yourself wishing for moreI literally read this from front to back in one sitting along with a box of tissues The story line is great and the characters are so believable Was this comment helpful  Yes  No 4 of 9 readers found this comment helpful report this\r\n\r\ncomment  nera_caligula  January 03 2010 Nice read Love Enzo the Lab\r\n\r\nThere arent many adult books written from an animals perspective which gives this a different feel  The only thing that keeps me from rating this a 5 is the sheer amount of racing bitsI know I know it is called The Art of Racing in the RainBut if you are an animal lover especially a dog loveryou should read this Was this comment helpful  Yes  No report this\r\n\r\ncomment  Nancy Meyer  January 03 2010 Such a perfect book I love reading about the human condition from the perspective of this insightful extraordinary canine named Enzo Was this comment helpful  Yes  No report this\r\n\r\ncomment  Robert Joyce  January 01 2010 view all comments by Robert Joyce Great story told well Was this comment helpful  Yes  No report this\r\n\r\ncomment  jrehubbard  January 01 2010 view all comments by jrehubbard Loved this book A fast read humorous and yet multilayered Was this comment helpful  Yes  No report this\r\n\r\ncomment  sara jackson  January 01 2010 view all comments by sara jackson I found The Art of Racing in the Rain on a book sale table and because of the dog on the cover I bought it Little did I know that the book would become one of the most provocative books I was to read in years Enzos bittersweet story of love and devotion in his life engulfed me reminding me of my poignant relationships to my beloved Dotty and Stella I spent several chapters wiping my eyes and glasses but couldnt leave the novel alone  My sincere thanks to Garth Stein for encouraging me to reflect on those two precious relationships as Enzos story unfolded Was this comment helpful  Yes  No report this\r\n\r\ncomment  Laura Lewakowski  January 01 2010 The Art of Racing in the Rain was my favorite book of 2009 Enzo was so much more than just a dog If more people could be like Enzo it would be such a better world Enzo had so many lessons for us  about overcoming obstacles what is YOUR rain perseverance loyalty passionand if you werent a dog lover before this book you will be after you read it Was this comment helpful  Yes  No report this\r\n\r\ncomment  briggid  December 03 2009 I bought this book in August and did not get a chance to read it till October Once I started I didnt  put it down until I was finished I throughly loved this book as would anyone who shares a love of dogs I told my friend to read it and even though this book would have been one of my all time favorites its even more endearing since this is the last book my friend and I would share One of her emails when she finished was finished the book kleenex at hand\r\nWe both loved Enzo he was everything a companion and best friend should be as was my my dear friend I miss them both Was this comment helpful  Yes  No report this\r\n\r\ncomment  SusanL  August 03 2009 view all comments by SusanL What a refreshing read  Enzo is everything one wants in a friend  to spend the books life in his wonderful head was a treat  Now do my cats Was this comment helpful  Yes  No 3 of 4 readers found this comment helpful report this\r\n\r\ncomment  Marjorie Watson  June 14 2009 view all comments by Marjorie Watson The story is utterly captivating  I will never again look at my dog without wondering Was this comment helpful  Yes  No 4 of 8 readers found this comment helpful report this\r\n\r\ncomment View all 81 comments Product Details ISBN 9780061537967 Binding Trade Paperback Publication date 05222018 Publisher HARPERCOLLINS PUBLISHERS Pages 336 Height 80IN Width 520IN Thickness 100 Number of Units 1 Copyright Year 2009 UPC Code 2800061537969 Author Garth Stein Media Run Time B Subject LiteratureA to Z Subject General Fiction Subject Dogs Subject Experimental fiction 1095 List Price 1699 Used  Trade Paperback Ships in 1 to 3 days Qty Store 29 Burnside 15 Cedar Hills 5 Hawthorne 20 Local Warehouse More copies of this ISBN New  Trade Paperback  1699 Used  Trade Paperback  1195 This title in other editions New  Other  3150 1 LOCOK 1 LOCOK LOCCancel 1 LOCOK LOCCancel 1 LOCOK 1 LOCOK LOCCancel 1 LOCOK LOCCancel 1 LOCOK 1 LOCOK LOCCancel 1 LOCOK LOCCancel 1 LOCOK 1 LOCOK LOCCancel 1 LOCOK LOCCancel Help Guarantee My Account Careers About Us Security Wish List Partners Contact Us Shipping Transparency ACT MRF Sitemap  2022 POWELLSCOM Terms 1 LOCOK 1 LOCOK LOCCancel 1 LOCOK LOCCancel 1 LOCOK 1 LOCOK LOCCancel 1 LOCOK LOCCancel 1 LOCOK 1 LOCOK LOCCancel 1 LOCOK LOCCancel 1 LOCOK 1 LOCOK LOCCancel 1 LOCOK LOCCancel",
    "page_rank": 3.861743443062842e-05
}