{
    "Title": " Punching the Air ",
    "Author": "Ibi Zoboi",
    "Cover Page": "https://powells-covers-2.s3.amazonaws.com/9780062996480.jpg",
    "ISBN10": "0062996487  \n",
    "ISBN13": "9780062996480",
    "Page URL": "https://powells.com/book/-9780062996480",
    "raw_text": "Punching the Air Ibi Zoboi and Yusef Salaam Hardcover 9780062996480 Powells Books Cart   my account  wish list  help  8008787323 Hello\n Login MENU Browse New Arrivals Bestsellers Featured Preorders Award Winners Audio Books See All Subjects Used Staff Picks Staff Picks Picks of the Month Bookseller Displays 50 Books for 50 Years 25 Best 21st Century SciFi  Fantasy 25 PNW Books to Read Before You Die 25 Books From the 21st Century 25 Memoirs to Read Before You Die 25 Global Books to Read Before You Die 25 Women to Read Before You Die 25 Books to Read Before You Die Gifts Gift Cards  eGift Cards Powells Souvenirs Journals and Notebooks socks Games Sell Books Blog Events Find A Store Dont Miss BIG SALE 20 off sitewide Picks of the Season What Im Giving Great Gifts Under 25 Best Books of 2022 Powells Author Events Oregon Battle of the Books Audio Books Visit Our Stores Powells Books 14 Gift Ideas From 14 of Our Favorite Authors 0 comment Every year Powells reaches out to some of our favorite authors for some muchneeded giftgiving inspiration Below are 14 writerapproved recommendations to help you find the perfect book for even your mostdifficulttobuyfor loved one Read More  Powells Staff Best Books of 2022 Fiction 1 comment Kelsey Ford 6 Haunting Native American Horror Books 1 comment 1 LOCOK 1 LOCOK LOCCancel 1 LOCOK LOCCancel Punching the Air by Ibi Zoboi and Yusef Salaam Comment on this title Synopses  Reviews ISBN13 9780062996480 ISBN10 0062996487 Condition Like New All Product Details View Larger Image View Larger Images 998 List Price 1999 Used Hardcover Ships in 1 to 3 days Qty Store 4 Burnside 3 Cedar Hills From Powellscom Powells Picks of the Month Hot new releases and undertheradar gems for adults and kids Staff Pick Sixteenyearold Amal has been wrongly accused of a crime he didnt commit simply for being in the wrong place in the wrong time Brilliantly written\u00a0in verse by National Book Award finalist Ibi Zoboi and Yusef Salaam of the Exonerated Five Punching the Air is an impactful and necessary book for young adults families and educators trying to understand the injustice of systemic racism Recommended By Kim T Powellscom Synopses  Reviews Publisher Comments The story that I thought was my life didnt start on the day I was born Amal Shahid has always been an artist and a poet But even in a\ndiverse art school hes seen as disruptive and unmotivated by a biased\nsystem Then one fateful night an altercation in a gentrifying\nneighborhood escalates into tragedy Boys just being boys turns out to\nbe true only when those boys are white The story that I think will be my life starts today Suddenly at just sixteen years old Amals bright future is upended\nhe is convicted of a crime he didnt commit and sent to prison Despair\nand rage almost sink him until he turns to the refuge of his words his\nart This never should have been his story But can he change it Review Zoboi and Salaam together\ncraft a powerful indictment of institutional racism and mass\nincarceration through the imagined experience of Amal a Black Muslim\n16yearold facing imprisonment Publishers Weekly Starred Review Review Awardworthy Soulstirring A mustread Kirkus Reviews Starred Review Review Prescient and sobering Zobois book is a vital story for young readers in a tumultuous time Booklist Starred Review Synopsis New York Times and USA Today bestseller  Boston GlobeHorn Book Honor  Walter Award Winner  Goodreads Finalist for Best Teen Book of the Year  Time Magazine Best Book of the Year  Publishers Weekly Best Book of the Year  Shelf Awareness Best Book of the Year  School Library Journal Best Book of the Year  Kirkus Best Book of the Year  New York Public Library Best Book of the Year From awardwinning bestselling author Ibi Zoboi and prison reform activist Yusef Salaam of the Exonerated Five comes a powerful YA novel in verse about a boy who is wrongfully incarcerated A mustread for fans of Jason Reynolds Walter Dean Myers and Elizabeth Acevedo The story that I thought was my life didnt start on the day I was born Amal Shahid has always been an artist and a poet But even in a diverse art school because of a biased system hes seen as disruptive and unmotivated Then one fateful night an altercation in a gentrifying neighborhood escalates into tragedy Boys just being boys turns out to be true only when those boys are white The story that I think will be my life starts today Suddenly at just sixteen years old Amal is convicted of a crime he didnt commit and sent to prison Despair and rage almost sink him until he turns to the refuge of his words his art This never should have been his story But can he change it With spellbinding lyricism awardwinning author Ibi Zoboi and prison reform activist Yusef Salaam tell a moving and deeply profound story about how one boy is able to maintain his humanity and fight for the truth in a system designed to strip him of both About the Author Ibi Zoboi holds an MFA from Vermont College of Fine Arts Her novel American Street was a National Book Award finalist and a New York Times Notable Book She is also the author of Pride and My Life as an Ice Cream Sandwich  a New York Times bestseller She is the editor of the anthology Black Enough \nBorn in Haiti and raised in New York City she now lives in New Jersey\nwith her husband and their three children You can find her online at\nwwwibizoboinet Dr Yusef Salaam\nwas just fifteen years old when his life was upended after being\nwrongly convicted with four other boys in the Central Park jogger\ncase In 2002 after the young men spent years of their lives behind\nbars their sentences were overturned Now known as the Exonerated Five\ntheir story has been documented in the awardwinning film The Central Park Five by Ken Burns Sarah Burns and David McMahon and in Ava DuVernays highly acclaimed series When They See Us \nYusef is now a poet activist and inspirational speaker He is the\nrecipient of a Lifetime Achievement Award from President Barack Obama\namong other honors He lives in Atlanta Georgia with his wife\nSanovia and their children You can find him online at\nwwwyusefspeakscom What Our Readers Are Saying Be the first to share your thoughts on this title Product Details ISBN 9780062996480 Binding Hardcover Publication date 09012020 Publisher HARPERCOLLINS PUBLISHERS Pages 400 Height 150IN Width 560IN Age Range 14 to 17 Grade Range 9 to 12 Illustration Yes Author Ibi Zoboi Author Yusef Salaam 998 List Price 1999 Used Hardcover Ships in 1 to 3 days Qty Store 4 Burnside 3 Cedar Hills More copies of this ISBN Signed Used Hardcover 1695 New Hardcover 1999 Used Hardcover Starting from 1195 This title in other editions New Compact Disc 2595 1 LOCOK 1 LOCOK LOCCancel 1 LOCOK LOCCancel 1 LOCOK 1 LOCOK LOCCancel 1 LOCOK LOCCancel 1 LOCOK 1 LOCOK LOCCancel 1 LOCOK LOCCancel 1 LOCOK 1 LOCOK LOCCancel 1 LOCOK LOCCancel Help Guarantee My Account Careers About Us Security Wish List Partners Contact Us Shipping Transparency ACT MRF Sitemap  2022 POWELLSCOM Terms 1 LOCOK 1 LOCOK LOCCancel 1 LOCOK LOCCancel 1 LOCOK 1 LOCOK LOCCancel 1 LOCOK LOCCancel 1 LOCOK 1 LOCOK LOCCancel 1 LOCOK LOCCancel 1 LOCOK 1 LOCOK LOCCancel 1 LOCOK LOCCancel",
    "page_rank": 5.203085443661719e-05
}