{
    "Title": " Cat & Cat Adventures: The Quest for Snacks ",
    "Author": "Susie Yi",
    "Cover Page": "https://powells-covers-2.s3.amazonaws.com/9780063083806.jpg",
    "ISBN10": "0063083809  \n",
    "ISBN13": "9780063083806",
    "Page URL": "https://powells.com/book/cat-cat-adventures-9780063083806",
    "raw_text": "Cat  Cat Adventures The Quest for Snacks Susie Yi Trade Paperback 9780063083806 Powells Books Cart   my account  wish list  help  8008787323 Hello\n Login MENU Browse New Arrivals Bestsellers Featured Preorders Award Winners Audio Books See All Subjects Used Staff Picks Staff Picks Picks of the Month Bookseller Displays 50 Books for 50 Years 25 Best 21st Century SciFi  Fantasy 25 PNW Books to Read Before You Die 25 Books From the 21st Century 25 Memoirs to Read Before You Die 25 Global Books to Read Before You Die 25 Women to Read Before You Die 25 Books to Read Before You Die Gifts Gift Cards  eGift Cards Powells Souvenirs Journals and Notebooks socks Games Sell Books Blog Events Find A Store Dont Miss BIG SALE 20 off sitewide Picks of the Season What Im Giving Great Gifts Under 25 Best Books of 2022 Powells Author Events Oregon Battle of the Books Audio Books Visit Our Stores Powells Books 14 Gift Ideas From 14 of Our Favorite Authors 0 comment Every year Powells reaches out to some of our favorite authors for some muchneeded giftgiving inspiration Below are 14 writerapproved recommendations to help you find the perfect book for even your mostdifficulttobuyfor loved one Read More  Powells Staff Best Books of 2022 Fiction 1 comment Kelsey Ford 6 Haunting Native American Horror Books 1 comment 1 LOCOK 1 LOCOK LOCCancel 1 LOCOK LOCCancel Cat  Cat Adventures The Quest for Snacks by Susie Yi Comment on this title Synopses  Reviews ISBN13 9780063083806 ISBN10 0063083809 All Product Details View Larger Image View Larger Images 899 New Trade Paperback Ships in 1 to 3 days Qty Store 3 Burnside 1 Cedar Hills 3 Hawthorne From Powellscom Powells Picks of the Month Hot new releases and undertheradar gems for adults and kids Staff Pick These cats want snacks Infinite snacks That seems like a tall order but they also have magic and an ability to think and land on their feet Theyll need both on this quest Recommended By Keith M Powellscom Adventure\u00a0awaits\u00a0two\u00a0magical cats Squash and Ginny\u00a0as\u00a0they embark on a quest for unlimited snacks Fun illustrations endearing\u00a0characters\u00a0and short chapters make this a great first graphic novel for independent or family reading\u00a0for ages six and up Recommended By Kim T Powellscom Synopses  Reviews Publisher Comments Lovers of cuteness will delight in this adorable kitty adventure Jim Benton author of the Catwad series Cats magical portals and snacks oh my One day when their human leaves for work Squash and Ginny find themselves in the most unfortunate predicament without snacks With a little help from a magical portal the two cats embark on a quest to find ingredients for a potion that will produce unlimited goodies At first their mission doesnt seem so tough It takes them on a boat race across Mewmaid Ocean and a hot air balloon ride over Mount Lava But when the cats reach the Enchanted Rain Forest to gather enchanted rainwater the last item on their list their mission runs dry   It turns out it hasnt rained in the Enchanted Rain Forest in weeks What a catastrophe Can Squash and Ginny get to the bottom of whats causing this dry spell and secure the final ingredient they need Or have Squash and Ginny taken their last bite    for good This chapter book graphic novel debut from Susie Yi is perfect for fans of Catstronauts  Babymouse  and Catwad Review A story to treasure full of kindness in a magical world Kirkus Reviews About the Author Susie Yi wasnt always a cat person As a kid she used to think they looked a bit like aliens It wasnt until she catsat for her friend that she found herself in love with these mischievous balls of energy After realizing her own misconceptions about cats she fell in love with them and rescued two of her own Mickey and Minnie from her local shelter She currently lives in Chicago Illinois with her husband Jack Mickey and Minnie and her dog Momo What Our Readers Are Saying Be the first to share your thoughts on this title Product Details ISBN 9780063083806 Binding Trade Paperback Publication date 09072021 Publisher HARPERCOLLINS PUBLISHERS Pages 96 Height 30IN Width 540IN Series Number 1 Age Range 6 to 10 Grade Range 1 to 5 Author Susie Yi 899 New Trade Paperback Ships in 1 to 3 days Qty Store 3 Burnside 1 Cedar Hills 3 Hawthorne Receive an email when this ISBN is available used This title in other editions New Hardcover 1599 1 LOCOK 1 LOCOK LOCCancel 1 LOCOK LOCCancel 1 LOCOK 1 LOCOK LOCCancel 1 LOCOK LOCCancel 1 LOCOK 1 LOCOK LOCCancel 1 LOCOK LOCCancel 1 LOCOK 1 LOCOK LOCCancel 1 LOCOK LOCCancel Help Guarantee My Account Careers About Us Security Wish List Partners Contact Us Shipping Transparency ACT MRF Sitemap  2022 POWELLSCOM Terms 1 LOCOK 1 LOCOK LOCCancel 1 LOCOK LOCCancel 1 LOCOK 1 LOCOK LOCCancel 1 LOCOK LOCCancel 1 LOCOK 1 LOCOK LOCCancel 1 LOCOK LOCCancel 1 LOCOK 1 LOCOK LOCCancel 1 LOCOK LOCCancel",
    "page_rank": 3.982515615740438e-05
}