{
    "Title": " One Crazy Summer ",
    "Author": "Rita Williams-Garcia",
    "Cover Page": "https://powells-covers-2.s3.amazonaws.com/9780060760908.jpg",
    "ISBN10": "0060760907  \n",
    "ISBN13": "9780060760908",
    "Page URL": "https://powells.com/book/-9780060760908",
    "raw_text": "One Crazy Summer Rita Williams Garcia Trade Paperback 9780060760908 Powells Books Cart   my account  wish list  help  8008787323 Hello\n Login MENU Browse New Arrivals Bestsellers Featured Preorders Award Winners Audio Books See All Subjects Used Staff Picks Staff Picks Picks of the Month Bookseller Displays 50 Books for 50 Years 25 Best 21st Century SciFi  Fantasy 25 PNW Books to Read Before You Die 25 Books From the 21st Century 25 Memoirs to Read Before You Die 25 Global Books to Read Before You Die 25 Women to Read Before You Die 25 Books to Read Before You Die Gifts Gift Cards  eGift Cards Powells Souvenirs Journals and Notebooks socks Games Sell Books Blog Events Find A Store Dont Miss BIG SALE 20 off sitewide Picks of the Season What Im Giving Great Gifts Under 25 Best Books of 2022 Powells Author Events Oregon Battle of the Books Audio Books Visit Our Stores Powells Books 14 Gift Ideas From 14 of Our Favorite Authors 0 comment Every year Powells reaches out to some of our favorite authors for some muchneeded giftgiving inspiration Below are 14 writerapproved recommendations to help you find the perfect book for even your mostdifficulttobuyfor loved one Read More  Powells Staff Best Books of 2022 Fiction 1 comment Kelsey Ford 6 Haunting Native American Horror Books 1 comment 1 LOCOK 1 LOCOK LOCCancel 1 LOCOK LOCCancel One Crazy Summer by Rita WilliamsGarcia Comment on this title Synopses  Reviews ISBN13 9780060760908 ISBN10 0060760907 Condition Standard All Product Details View Larger Image View Larger Images 495 List Price 899 Used Trade Paperback Ships in 1 to 3 days Qty Store 2 Hawthorne From Powellscom Black History Month Staff recommendations guest essays and curated reading lists Staff Pick This book does an excellent job conveying both the complexities of childhood and the intricacies of a social movement I found myself inhaling this book because I was captivated by the personalities and struggles of the main characters Their story was enhanced beautifully by the backdrop of the Black Panthers and a California summer Recommended By Junix S Powellscom Synopses  Reviews Publisher Comments Elevenyearold Delphine has it together Even though her mother Cecile abandoned her and her younger sisters Vonetta and Fern seven years ago Even though her father and Big Ma will send them from Brooklyn to Oakland California to stay with Cecile for the summer And even though Delphine will have to take care of her sisters as usual and learn the truth about the missing pieces of the past When the girls arrive in Oakland in the summer of 1968 Cecile wants nothing to do with them She makes them eat Chinese takeout dinners forbids them to enter her kitchen and never explains the strange visitors with Afros and black berets who knock on her door Rather than spend time with them Cecile sends Delphine Vonetta and Fern to a summer camp sponsored by a revolutionary group the Black Panthers where the girls get a radical new education Set during one of the most tumultuous years in recent American history one crazy summer is the heartbreaking funny tale of three girls in search of the mother who abandoned them  an unforgettable story told by a distinguished author of books for children and teens Rita WilliamsGarcia Review Delphine is the pitchperfect older sister wise beyond her years an expert at handling her siblingstheir resilience is celebrated and energetically told with writing that snaps off the page Kirkus Reviews Starred Review Review Delphines growing awareness of injustice on a personal and universal level is smoothly woven into the story in poetic language that will stimulate and move readers Publishers Weekly Review The setting and time period are as vividly realized as the characters and readers will want to know more about Delphine and her sisters after they return to Brooklyn Horn Book Starred Review Review Emotionally challenging and beautifully writtenthis is a book well worth reading and rereading School Library Journal Starred Review Review Regimented responsible strongwilled Delphine narrates in an unforgettable voice but each of the sisters emerges as a distinct memorable character whose hardwon tenuous connections with their mother build to an aching triumphant conclusion Booklist Starred Review Review In One Crazy Summer WilliamsGarcia presents a childseye view of the Black Panther movement within a powerful and affecting story of sisterhood and motherhood Monica Edinger The New York Times About the Author Winner of the PENNorma Klein Award Rita WilliamsGarcia is the author of five other distinguished novels for young adults Blue Tights  Every Time a Rainbow Dies  Fast Talk on a Slow Track  Like Sisters on the Homefront  and No Laughter Here  the latter four of which were chosen as ALA Best Books for Young Adults Like Sisters on the Homefront was also named a Coretta Scott King Honor Book and a best book of the year by ALA Booklist  School Library Journal  The Bulletin of the Center for Childrens Books  and Publishers Weekly  She has also written an acclaimed novel for middlegrade readers One Crazy Summer  which the New York Times called a powerful and affecting story of sisterhood and motherhood Rita WilliamsGarcia is currently a faculty member at the Vermont College of Fine Arts in the Writing for Children and Young Adults Program She has two daughters Michelle and Stephanie and lives in Jamaica New York 5 2 What Our Readers Are Saying Share your thoughts on this title Average customer rating 5 2 comments  Beverly B  March 13 2013 view all comments by Beverly B One Crazy Summer is a wonderful historical fictionrealistic family story Sent away from her safe sheltered life in Brooklyn to Oakland to visit the mother she has not seen since she was four eleven year old Delphines life is turned upside down She spends her days at a Black Panther day camp learning how to organize demonstrations and stand up for her rights when confronted by police She learns she is not colored she is black She learns her mother is not crazy she is a victim and a survivor with a strong beautiful poetic voice She learns her younger sisters can teach her as much as she teaches them She learns life is complicated She will teach much to all readers Was this comment helpful  Yes  No 2 of 3 readers found this comment helpful report this\ncomment  Sonia Adams  January 01 2013 view all comments by Sonia Adams Rita WilliamsGarcias novel One Crazy Summer offers a downtoearth view of the Black Power Movement from the vantage point of African American female adolescents The protagonist Delphine and her younger sisters Vonetta and Fern visit their estranged mother Cecile who is a member of the Black Panther party In contemporary American literature there is a wide array of adult nonfiction and fiction that chronicle the social poliitical and cultural impact of the Black Panther organization on Black people nationally and abroad What is remarkable about Rita WilliamsGarcias novel is that she relies on her personal experience growing up in 1960s as well as authentic histories of the Black Power Movement and make it applicable to young readers One Crazy Summer draws the reader into to this important time period to present a comingofage story of strong independentminded African American sisters who learn more about themselves their family and the world around them Was this comment helpful  Yes  No 3 of 4 readers found this comment helpful report this\ncomment Product Details ISBN 9780060760908 Binding Trade Paperback Publication date 12272011 Publisher Quill Tree Books Language English Pages 240 Height 56IN Width 513IN Thickness 75 Age Range 8 to 12 Grade Range 3 to 7 Author Rita Williams Garcia Author Rita WilliamsGarcia Subject Children sGeneral Subject Children sHistorical FictionGeneral 495 List Price 899 Used Trade Paperback Ships in 1 to 3 days Qty Store 2 Hawthorne More copies of this ISBN New Trade Paperback Starting from 699 Used Trade Paperback Starting from 550 This title in other editions New Library Binding 2050 1 LOCOK 1 LOCOK LOCCancel 1 LOCOK LOCCancel 1 LOCOK 1 LOCOK LOCCancel 1 LOCOK LOCCancel 1 LOCOK 1 LOCOK LOCCancel 1 LOCOK LOCCancel 1 LOCOK 1 LOCOK LOCCancel 1 LOCOK LOCCancel Help Guarantee My Account Careers About Us Security Wish List Partners Contact Us Shipping Transparency ACT MRF Sitemap  2022 POWELLSCOM Terms 1 LOCOK 1 LOCOK LOCCancel 1 LOCOK LOCCancel 1 LOCOK 1 LOCOK LOCCancel 1 LOCOK LOCCancel 1 LOCOK 1 LOCOK LOCCancel 1 LOCOK LOCCancel 1 LOCOK 1 LOCOK LOCCancel 1 LOCOK LOCCancel",
    "page_rank": 2.115540235334985e-05
}