{
    "Title": " The Analytical Chemistry of Cannabis: Quality Assessment, Assurance, and Regulation of Medicinal Marijuana and Cannabinoid Preparations ",
    "Author": "Brian F. Thomas",
    "Cover Page": "https://powells-covers-2.s3.amazonaws.com/9780128046463.jpg",
    "ISBN10": "0128046465  \n",
    "ISBN13": "9780128046463",
    "Page URL": "https://powells.com/book/the-analytical-chemistry-of-cannabis-9780128046463",
    "raw_text": "The Analytical Chemistry of Cannabis Quality Assessment Assurance and Regulation of Medicinal Marijuana and Cannabinoid Preparations Thomas Brian F and Elsohly Mahmoud Trade Paperback 9780128 Cart   my account  wish list  help  8008787323 Hello\n Login MENU Browse New Arrivals Bestsellers Featured Preorders Award Winners Audio Books See All Subjects Used Staff Picks Staff Picks Picks of the Month Bookseller Displays 50 Books for 50 Years 25 Best 21st Century SciFi  Fantasy 25 PNW Books to Read Before You Die 25 Books From the 21st Century 25 Memoirs to Read Before You Die 25 Global Books to Read Before You Die 25 Women to Read Before You Die 25 Books to Read Before You Die Gifts Gift Cards  eGift Cards Powells Souvenirs Journals and Notebooks socks Games Sell Books Blog Events Find A Store Dont Miss BIG SALE 20 off sitewide Picks of the Season What Im Giving Great Gifts Under 25 Best Books of 2022 Powells Author Events Oregon Battle of the Books Audio Books Visit Our Stores Powells Books 14 Gift Ideas From 14 of Our Favorite Authors 0 comment Every year Powells reaches out to some of our favorite authors for some muchneeded giftgiving inspiration Below are 14 writerapproved recommendations to help you find the perfect book for even your mostdifficulttobuyfor loved one Read More  Powells Staff Best Books of 2022 Fiction 1 comment Kelsey Ford 6 Haunting Native American Horror Books 1 comment 1 LOCOK 1 LOCOK LOCCancel 1 LOCOK LOCCancel The Analytical Chemistry of Cannabis Quality Assessment Assurance and Regulation of Medicinal Marijuana and Cannabinoid Preparations by Brian F Thomas and Mahmoud Elsohly Comment on this title Synopses  Reviews ISBN13 9780128046463 ISBN10 0128046465 All Product Details View Larger Image View Larger Images 6660 New Trade Paperback Available at a Remote Warehouse Ships separately from other items Additional shipping charges may apply Not available for In Store Pickup More Info Qty Store 20 Remote Warehouse Synopses  Reviews Synopsis A volume in the Emerging Issues in Analytical Chemistry series The Analytical Chemistry of Cannabis Quality Assessment Assurance and Regulation of Medicinal Marijuana and Cannabinoid Preparations provides analytical chemistry methods that address the latest issues surrounding cannabisbased products The plethora of marketed strains of cannabis and cannabinoidcontaining products combined with the lack of industry standards and labelling requirements adds to the general perception of poor quality control and limited product oversight The methods described in this leadingedge volume help to support the manufacturing labelling and distribution of safe and consistent products with known chemical content and demonstrated performance characteristics It treats analytical chemistry within the context of the diverse issues surrounding medicinal and recreational cannabis in a manner designed to foster understanding and rational perspective in nonscientist stakeholders as well as scientists who are concerned with bringing a necessary degree of order to a field now characterized by confusion and contradiction The Emerging Issues in Analytical Chemistry series is published in partnership with RTI International and edited by Brian F Thomas Please be sure to check out our other featured volumes Hackney Anthony C Exercise Sport and Bioanalytical Chemistry Principles and Practice 9780128092064 March 2016Tanna Sangeeta and Lawson Graham Analytical Chemistry for Assessing Medication Adherence 9780128054635 April 2016Rao Vikram Knight Rob and Stoner Brian Sustainable Shale Oil and Gas Analytical Chemistry Biochemistry and Geochemistry Methods 9780128103890 forthcoming September 2016Farsalinos Konstantinos et al Analytical Assessment of eCigarettes From Contents to Chemical and Particle Exposure Profiles 9780128112410 forthcoming November 2016 Addresses current and emerging analytical chemistry methods an approach that is unique among the literature on this topicPresents information from a broad perspective of the issues in a single compact volumeEmploys language comprehensible to nontechnical stakeholders as well as to specialists in analytical chemistry What Our Readers Are Saying Be the first to share your thoughts on this title Product Details ISBN 9780128046463 Binding Trade Paperback Publication date 12082015 Publisher Elsevier Series info Emerging Issues in Analytical Chemistry Language English Pages 132 Height 40IN Width 590IN LCCN 2017287319 Illustration Yes Author Brian F Thomas Author Brian F Thomas Author Brian Thomas Author Mahmoud Elsohly 6660 New Trade Paperback Available at a Remote Warehouse Ships separately from other items Additional shipping charges may apply Not available for In Store Pickup More Info Qty Store 20 Remote Warehouse Receive an email when this ISBN is available used 1 LOCOK 1 LOCOK LOCCancel 1 LOCOK LOCCancel 1 LOCOK 1 LOCOK LOCCancel 1 LOCOK LOCCancel 1 LOCOK 1 LOCOK LOCCancel 1 LOCOK LOCCancel 1 LOCOK 1 LOCOK LOCCancel 1 LOCOK LOCCancel Help Guarantee My Account Careers About Us Security Wish List Partners Contact Us Shipping Transparency ACT MRF Sitemap  2022 POWELLSCOM Terms 1 LOCOK 1 LOCOK LOCCancel 1 LOCOK LOCCancel 1 LOCOK 1 LOCOK LOCCancel 1 LOCOK LOCCancel 1 LOCOK 1 LOCOK LOCCancel 1 LOCOK LOCCancel 1 LOCOK 1 LOCOK LOCCancel 1 LOCOK LOCCancel",
    "page_rank": 2.8030915304876967e-05
}