{
    "Title": " Instructions ",
    "Author": "Neil Gaiman, Charles Vess",
    "Cover Page": "https://covers.powells.com/9780061960321.jpg",
    "ISBN10": "0061960322  \n",
    "ISBN13": "9780061960321",
    "Page URL": "https://powells.com/book/instructions-9780061960321",
    "raw_text": "Instructions Neil Gaiman Charles Vess Hardcover 9780061960321 Powells Books Cart   my account  wish list  help  8008787323 Hello\n Login MENU Browse New Arrivals Bestsellers Featured Preorders Award Winners Audio Books See All Subjects Used Staff Picks Staff Picks Picks of the Month Bookseller Displays 50 Books for 50 Years 25 Best 21st Century SciFi  Fantasy 25 PNW Books to Read Before You Die 25 Books From the 21st Century 25 Memoirs to Read Before You Die 25 Global Books to Read Before You Die 25 Women to Read Before You Die 25 Books to Read Before You Die Gifts Gift Cards  eGift Cards Powells Souvenirs Journals and Notebooks socks Games Sell Books Blog Events Find A Store Dont Miss BIG SALE 20 off sitewide Picks of the Season What Im Giving Great Gifts Under 25 Best Books of 2022 Powells Author Events Oregon Battle of the Books Audio Books Visit Our Stores Powells Books 14 Gift Ideas From 14 of Our Favorite Authors 0 comment Every year Powells reaches out to some of our favorite authors for some muchneeded giftgiving inspiration Below are 14 writerapproved recommendations to help you find the perfect book for even your mostdifficulttobuyfor loved one Read More  Powells Staff Best Books of 2022 Fiction 1 comment Kelsey Ford 6 Haunting Native American Horror Books 1 comment 1 LOCOK 1 LOCOK LOCCancel 1 LOCOK LOCCancel Instructions by Neil Gaiman Charles Vess Comment on this title Synopses  Reviews ISBN13 9780061960321 ISBN10 0061960322 Condition Standard All Product Details View Larger Image View Larger Images 695 List Price 999 Used Hardcover Ships in 1 to 3 days Qty Store 1 Burnside Staff Pick This is my goto book for every new baby in my life This book provides the most important advice a person can receive in their life  how to survive in the land of Fairy Tales This picture book has been adapted from a poem that appeared in Neil Gaimans short story collection Fragile Things  and it will enchant and entrance you The artwork of Charles Vess is the perfect combination of joyful and just slightly eerie to suck you into the world you are entering to accompany Gaimans magical words There is definitely some fairy dust sprinkled on this book And never forget the wise words\u00a0Trust dreams trust your heart and trust your story Recommended By Becky H Powellscom Synopses  Reviews Publisher Comments In this breathtaking picture book now in paperoverboard format Neil Gaimans lyrical poem guides a novice traveler through the enchanted woods of a fairy talethrough lush gardens a formidable castle and over a perilous riverto find the way home again Illustrated in full color by Charles Vess Instructions features lush images of mythical creatures magical landscapes and canny princesses Its message of the value of courage wit and wisdom makes it a perfect gift Review Like a more impish version of Dr Seusss Oh the Places Youll Go Gaimans book offers riddling advice that could be for young or old New York Times Book Review Review Young readers should relish the chimerical vision while older Gaiman fans should grasp the underlying suggestion that the compass used to navigate fairy tales can also guide us in the real world Publishers Weekly Review A magical incantatory poem It could be instructions for a child a writer a newly minted adult or an elder It strikes immediately at the place where stories live and provides a feast of archetypes  Kirkus Reviews Synopsis Trust Dreams Trust your heart and trust your story A renowned storyteller whose words have transported readers to magical realms and an acclaimed illustrator of lushly imagined fairytale landscapes guide a traveler safely through lands unknown and yet strangely familiar       and home again About the Author Neil Gaiman is the 1 New York Times bestselling author of more than twenty books and is the recipient of numerous literary honors Originally from England he now lives in America Charles Vesss work has graced the pages of numerous publications and has been exhibited internationally Some of his other books include Blueberry Girl by Neil Gaiman a circle of cats and Seven Wild Sisters with Charles de Lint a new edition of Peter Pan  and The Ladies of Grace Adieu with Susanna Clarke His awards include a Mythopoeic Ink Pot two Chesley two World Fantasy and two Eisner awards What Our Readers Are Saying Be the first to share your thoughts on this title Product Details ISBN 9780061960321 Binding Hardcover Publication date 04212015 Publisher HarperCollins Publishers Pages 40 Height 30IN Width 760IN Thickness 25 Age Range 4 to 8 Grade Range P to 3 Author Neil Gaiman Illustrator Charles Vess Media Run Time B Subject Children sGeneral 695 List Price 999 Used Hardcover Ships in 1 to 3 days Qty Store 1 Burnside More copies of this ISBN New Hardcover 999 1 LOCOK 1 LOCOK LOCCancel 1 LOCOK LOCCancel 1 LOCOK 1 LOCOK LOCCancel 1 LOCOK LOCCancel 1 LOCOK 1 LOCOK LOCCancel 1 LOCOK LOCCancel 1 LOCOK 1 LOCOK LOCCancel 1 LOCOK LOCCancel Help Guarantee My Account Careers About Us Security Wish List Partners Contact Us Shipping Transparency ACT MRF Sitemap  2022 POWELLSCOM Terms 1 LOCOK 1 LOCOK LOCCancel 1 LOCOK LOCCancel 1 LOCOK 1 LOCOK LOCCancel 1 LOCOK LOCCancel 1 LOCOK 1 LOCOK LOCCancel 1 LOCOK LOCCancel 1 LOCOK 1 LOCOK LOCCancel 1 LOCOK LOCCancel",
    "page_rank": 0
}