{
    "Title": " The Long Way to a Small Angry Planet (Wayfarers #1) ",
    "Author": "Becky Chambers",
    "Cover Page": "https://powells-covers-2.s3.amazonaws.com/9780062444134.jpg",
    "ISBN10": "0062444131  \n",
    "ISBN13": "9780062444134",
    "Page URL": "https://www.powells.com/book/the-long-way-to-a-small-angry-planet-wayfarers-1-9780062444134",
    "raw_text": "Long Way to a Small Angry Planet Wayfarers Book 1 Becky Chambers Trade Paperback 9780062444134 Powells Books Cart   my account  wish list  help  8008787323 Hello\n Login MENU Browse New Arrivals Bestsellers Featured Preorders Award Winners Audio Books See All Subjects Used Staff Picks Staff Picks Picks of the Month Bookseller Displays 50 Books for 50 Years 25 Best 21st Century SciFi  Fantasy 25 PNW Books to Read Before You Die 25 Books From the 21st Century 25 Memoirs to Read Before You Die 25 Global Books to Read Before You Die 25 Women to Read Before You Die 25 Books to Read Before You Die Gifts Gift Cards  eGift Cards Powells Souvenirs Journals and Notebooks socks Games Sell Books Blog Events Find A Store Dont Miss BIG SALE 20 off sitewide Picks of the Season What Im Giving Great Gifts Under 25 Best Books of 2022 Powells Author Events Oregon Battle of the Books Audio Books Visit Our Stores Powells Books 14 Gift Ideas From 14 of Our Favorite Authors 0 comment Every year Powells reaches out to some of our favorite authors for some muchneeded giftgiving inspiration Below are 14 writerapproved recommendations to help you find the perfect book for even your mostdifficulttobuyfor loved one Read More  Powells Staff Best Books of 2022 Fiction 1 comment Kelsey Ford 6 Haunting Native American Horror Books 1 comment 1 LOCOK 1 LOCOK LOCCancel 1 LOCOK LOCCancel The Long Way to a Small Angry Planet Wayfarers 1 by Becky Chambers Comment on this title Synopses  Reviews Read QA ISBN13 9780062444134 ISBN10 0062444131 All Product Details View Larger Image View Larger Images 1799 New Trade Paperback Ships in 1 to 3 days Qty Store 33 Burnside 4 Cedar Hills 3 Hawthorne 20 Local Warehouse From Powellscom Powells Essential List 25 Best Scifi and Fantasy Books of the 21st Century So Far Staff Pick If you like a healthy dose of hope with your science fiction theres no better place to start than with Becky Chambers The Long Way to a Small Angry Planet gives us the gift of a foundfamily ragtag crew of adventurers genuinely fascinating alien races and super cool technology their spaceship runs on algae This book and the rest of the Wayfarers series builds its foundation on characterdriven kindness that a better morehopeful universe can exist if we reach for the people closest to us and choose gentleness over bitterness again and again Fans of Firefly and Star Trek  reach for this read next Recommended By Anna B Powellscom Synopses  Reviews Publisher Comments The acclaimed modern science fiction masterpiece Hugo Award winner for Best Series Also included on Library Journal s Best SFF of 2016 the Barnes  Nobles SciFi Fantasy Blog Best Books of 2015 the Torcom Best Books of 2015 Readers Choice as well as nominated for the Arthur C Clarke Award the Kitschie and the Baileys Womens Prize Follow a motley crew on an exciting journey through space  and one adventurous young explorer who discovers the meaning of family in the far reaches of the universe  in this lighthearted debut space opera from a rising scifi star Rosemary Harper doesnt expect much when she joins the crew of the aging Wayfarer  While the patchedup ship has seen better days it offers her a bed a chance to explore the faroff corners of the galaxy and most importantly some distance from her past An introspective young woman who learned early to keep to herself shes never met anyone remotely like the ships diverse crew including Sissix the exotic reptilian pilot chatty engineers Kizzy and Jenks who keep the ship running and Ashby their noble captain Life aboard the Wayfarer is chaotic and crazy  exactly what Rosemary wants Its also about to get extremely dangerous when the crew is offered the job of a lifetime Tunneling wormholes through space to a distant planet is definitely lucrative and will keep them comfortable for years But risking her life wasnt part of the plan In the far reaches of deep space the tiny Wayfarer crew will confront a host of unexpected mishaps and thrilling adventures that force them to depend on each other To survive Rosemarys got to learn how to rely on this assortment of oddballs  an experience that teaches her about love and trust and that having a family isnt necessarily the worst thing in the universe Review Humane and alien adventurous and thoughtful vast in its imagination and wonderfully personal in the characters it builds But above all else it is joyously written and a joy to read Claire North author of The First Fifteen Lives of Harry August Review One of the most enjoyable brilliantly realized spacey SF novels Ive read in ages James Smythe author of The Echo and The Explorer Review Becky Chambers debut is a joyous optimistic space operaAlthough it isnt shy about tackling Big Questions Planet is a heartwarming debut novel that will restore your faith in science fiction specifically and humanity in general Torcom Review A quietly profound humane tour de force that tackles politics and gender issues with refreshing optimism The Guardian Review Great fun Ann Leckie author of Ancillary Justice About the Author Becky Chambers was raised in California as the progeny of an astrobiology educator an aerospace engineer and an Apolloera rocket scientist An inevitable space enthusiast she made the obvious choice of studying performing arts After a few years in theater administration she shifted her focus toward writing Her creative work has appeared at The Mary Sue Torcom Five Out Of Ten The Toast and Pornokitsch The Long Way to a Small Angry Planet is her first novel and was funded in 2012 thanks to a successful Kickstarter campaign After living in Scotland and Iceland Becky is now back in her home state where she lives with her partner She is an ardent proponent of video and tabletop games and enjoys spending time in nature She hopes to see Earth from orbit one day Becky Chambers on PowellsBooksBlog Were so happy to feature an interview with Becky Chambers Her book The Long Way to a Small Angry Planet  is included in our Essential List of the 25 Best SciFi and Fantasy Books of the 21st Century So Far  Read More  5 2 What Our Readers Are Saying Share your thoughts on this title Average customer rating 5 2 comments  Jeffrey Bluhm  January 23 2022 view all comments by Jeffrey Bluhm This will be a review of all four books in the Wayfarers Series Given that the first three won the 2019 Hugo Award for Best Series you know already that youre reading quality the fourth is intended to be the conclusion of the series In summary these books seem mostly about how life in a universe with multiple sentient species might function with humanity a recent and so far relatively minor presence in fact in the 4th book there is no major human character The crises within each book and the resolutions are less important than the journey and the interaction of the characters on that journey The books are best read in order though thats not essential as travels of the crew of a spaceship in the first novel introduces many of the species and concepts that inform the subsequent books I enjoyed that while there is no core group of characters throughout the series ones that we meet in earlier books reappear in later ones For example a secondary and a minor character in the first are jointly the focus of the second book and a different minor character from the first is a major player in the last These are characterdriven books which the scifi setting serves to bring together and to add influences to the relationships Overall less the dramatics of a space opera and more the sense of a comprehensive composition Was this comment helpful  Yes  No 2 of 3 readers found this comment helpful report this\ncomment  Westcoastnerd  August 10 2018 view all comments by Westcoastnerd I just finished Angry Planet and am so glad I took a chance on it I havent enjoyed a good scifi romp this much in ages In some ways its your standard motley group on an adventure story but there was just something about this crew that made it so much more than that From interspecies romance to symbionts to AI its all here and best of all it works Becky Chambers has written some fantastic characters and I cant recommend this book highly enough Cant wait to read the next one Was this comment helpful  Yes  No 3 of 3 readers found this comment helpful report this\ncomment Product Details ISBN 9780062444134 Binding Trade Paperback Publication date 07052016 Publisher Harper Perennial Series info Wayfarers Pages 464 Height 110IN Width 520IN Series Wayfarers Book 1 Series Number 1 Author Becky Chambers 1799 New Trade Paperback Ships in 1 to 3 days Qty Store 33 Burnside 4 Cedar Hills 3 Hawthorne 20 Local Warehouse Receive an email when this ISBN is available used 1 LOCOK 1 LOCOK LOCCancel 1 LOCOK LOCCancel 1 LOCOK 1 LOCOK LOCCancel 1 LOCOK LOCCancel 1 LOCOK 1 LOCOK LOCCancel 1 LOCOK LOCCancel 1 LOCOK 1 LOCOK LOCCancel 1 LOCOK LOCCancel Help Guarantee My Account Careers About Us Security Wish List Partners Contact Us Shipping Transparency ACT MRF Sitemap  2022 POWELLSCOM Terms 1 LOCOK 1 LOCOK LOCCancel 1 LOCOK LOCCancel 1 LOCOK 1 LOCOK LOCCancel 1 LOCOK LOCCancel 1 LOCOK 1 LOCOK LOCCancel 1 LOCOK LOCCancel 1 LOCOK 1 LOCOK LOCCancel 1 LOCOK LOCCancel",
    "page_rank": 0.0019145518366120353
}