{
    "Title": " Out of Oz - Large Print Edition ",
    "Author": "Gregory Maguire",
    "Cover Page": "https://covers.powells.com/9780062088680.jpg",
    "ISBN10": "0062088688  \n",
    "ISBN13": "9780062088680",
    "Page URL": "https://powells.com/book/out-of-oz-large-print-edition-9780062088680",
    "raw_text": "Out of Oz LP Volume Four in the Wicked Years Gregory Maguire Trade Paperback 9780062088680 Powells Books Cart   my account  wish list  help  8008787323 Hello\n Login MENU Browse New Arrivals Bestsellers Featured Preorders Award Winners Audio Books See All Subjects Used Staff Picks Staff Picks Picks of the Month Bookseller Displays 50 Books for 50 Years 25 Best 21st Century SciFi  Fantasy 25 PNW Books to Read Before You Die 25 Books From the 21st Century 25 Memoirs to Read Before You Die 25 Global Books to Read Before You Die 25 Women to Read Before You Die 25 Books to Read Before You Die Gifts Gift Cards  eGift Cards Powells Souvenirs Journals and Notebooks socks Games Sell Books Blog Events Find A Store Dont Miss BIG SALE 20 off sitewide Picks of the Season What Im Giving Great Gifts Under 25 Best Books of 2022 Powells Author Events Oregon Battle of the Books Audio Books Visit Our Stores Powells Books 14 Gift Ideas From 14 of Our Favorite Authors 0 comment Every year Powells reaches out to some of our favorite authors for some muchneeded giftgiving inspiration Below are 14 writerapproved recommendations to help you find the perfect book for even your mostdifficulttobuyfor loved one Read More  Powells Staff Best Books of 2022 Fiction 1 comment Kelsey Ford 6 Haunting Native American Horror Books 1 comment 1 LOCOK 1 LOCOK LOCCancel 1 LOCOK LOCCancel Out of Oz  Large Print Edition by Gregory Maguire Comment on this title Synopses  Reviews ISBN13 9780062088680 ISBN10 0062088688 All Product Details View Larger Image View Larger Images 2699 New Trade Paperback Available at a Remote Warehouse Ships separately from other items Additional shipping charges may apply Not available for In Store Pickup More Info Qty Store 20 Remote Warehouse Synopses  Reviews Publisher Comments Maguires work is melodic symphonic and beautiful it is dejected and biting and brave How great that people flock to these magical novels  Los Angeles Times Book Review Bestselling author Gregory Maguires remarkable series The Wicked Years comes full circle with this his fourth and final excursion across a darker richer more complex landscape of the magical land of Oz Out of Oz brilliantly reimagines L Frank Baums world over the rainbow as wracked with social unrestplacing Glinda the good witch under house arrest and having the cowardly Lion on the lam from the law as the Emerald City prepares to make war on Munchkinland Even Dorothy makes a triumphant return in Maguires magnificent Oz finaletying up every loose green end of the series he began with his classic Wicked  the basis for the smash hit Broadway musical Review A worthy conclusion to an imaginative and emotionally searing cultural phenomenon    nobody does fractured fairy tales better than Maguire Booklist Review Engrossing complex    continues to flip the world of Oz on its head while answering new and old questions about Oz and its denizens Highly recommended Library Journal starred review Review A masterwork Concludesone of the most audacious and successful fantasy series of the past few decades Hilarious heartwrenching and extremely poignant The greatest fantasy series make one want to read them again Thats what I intend to do with this one Washington Post Review Maguire creates a world we can bear just around the corner He does this    with delicious writing a tapestry of sentences so carefully imagined they brush over your skin as you read Newsday Review Maguire has crafted a complex detailed Oz populated it with a wide range of characters and histories created complex layered plots and dropped in some magic to bring it all together His Oz envelops a reader in a feast for the senses and for the mind Wichita Eagle Review In four books Maguire has expanded the mythology of Oz from L Frank Baums books and created a land thats just as rich as Middleearth or Narnia and balances the serious with the sublime    Out of Oz is a satisfying finish to the Wicked Years saga USA Today Review A captivating storyteller    Maguire pays subtle homage to Tolkien and Rowling and even Frank Baum while having a grand old time in the fantastically complicated world he has crafted    Actionfilled    a deliciously fun novel Kirkus Reviews starred review Review OUT OF OZ will delight Maguires legions of fans but will surely seduce a whole new world of readers who can start at the end and go backwards in time to WICKED to understand the breadth and amazing imaginative landscape of his remarkable work Bookreportercom Review A satisfying finale to Maguires series Christian Science Monitor Review 9 New York Times Bestseller New York Times Review A sassy reimagining of Baums world    Maguires canvas is incredibly rich    This last installment is one to savor People magazine 4 stars Synopsis Once peaceful and prosperous the spectacular Land of Oz is knotted with social unrest The Emerald City is mounting an invasion of Munchkinland Glinda is under house arrest and the Cowardly Lion is on the run from the law And look whos knocking at the door Its none other than Dorothy Yes That Dorothy Yet amidst all this chaos Elphabas granddaughter the tiny green baby born at the close of Son of a Witch  has come of age Now it is up to Rain to take up her broomand her legacyin an Oz wracked by war The stirring longawaited conclusion to the bestselling series begun with Wicked Out of Oz is a magical journey rife with revelations and reversals reprisals and surprisesthe hallmarks of the unique imagination of Gregory Maguire About the Author Gregory Maguire is the author of several bestselling adult novels including Wicked  which was turned into a Broadway musical His books for younger readers include the picture book Crabby Cratchitt  the novel The Good Liar  and the popular Hamlet Chronicles series While writing Leaping Beauty  Mr Maguire sadly became allergic to all creatures great and small Now he lives in a house without pets though he is the father of three happy noisy small children to whom at this writing he has not yet developed allergies What Our Readers Are Saying Be the first to share your thoughts on this title Product Details ISBN 9780062088680 Binding Trade Paperback Publication date 11012011 Publisher Harperluxe Series info Wicked Years Large Print Pages 1040 Height 178IN Width 606IN Thickness 175 Series Number 4 Large print Yes Copyright Year 2011 Series Volume 4 UPC Code 9780062088680 Author Gregory Maguire Author Douglas ILT Smith Illustrator Douglas Smith Illustrator Douglas Smith Author Gregory Maguire Subject Science Fiction and FantasyFantasyEpic Subject General Fiction Subject LiteratureA to Z 2699 New Trade Paperback Available at a Remote Warehouse Ships separately from other items Additional shipping charges may apply Not available for In Store Pickup More Info Qty Store 20 Remote Warehouse Receive an email when this ISBN is available used 1 LOCOK 1 LOCOK LOCCancel 1 LOCOK LOCCancel 1 LOCOK 1 LOCOK LOCCancel 1 LOCOK LOCCancel 1 LOCOK 1 LOCOK LOCCancel 1 LOCOK LOCCancel 1 LOCOK 1 LOCOK LOCCancel 1 LOCOK LOCCancel Help Guarantee My Account Careers About Us Security Wish List Partners Contact Us Shipping Transparency ACT MRF Sitemap  2022 POWELLSCOM Terms 1 LOCOK 1 LOCOK LOCCancel 1 LOCOK LOCCancel 1 LOCOK 1 LOCOK LOCCancel 1 LOCOK LOCCancel 1 LOCOK 1 LOCOK LOCCancel 1 LOCOK LOCCancel 1 LOCOK 1 LOCOK LOCCancel 1 LOCOK LOCCancel",
    "page_rank": 3.7747874787349726e-05
}