{
    "Title": " Neverending Story ",
    "Author": "Michael Ende",
    "Cover Page": "https://covers.powells.com/9780140074314.jpg",
    "ISBN10": "0140074317  \n",
    "ISBN13": "9780140074314",
    "Page URL": "https://powells.com/book/neverending-story-9780140074314",
    "raw_text": "Neverending Story Michael Ende Trade Paperback 9780140074314 Powells Books Cart   my account  wish list  help  8008787323 Hello\n Login MENU Browse New Arrivals Bestsellers Featured Preorders Award Winners Audio Books See All Subjects Used Staff Picks Staff Picks Picks of the Month Bookseller Displays 50 Books for 50 Years 25 Best 21st Century SciFi  Fantasy 25 PNW Books to Read Before You Die 25 Books From the 21st Century 25 Memoirs to Read Before You Die 25 Global Books to Read Before You Die 25 Women to Read Before You Die 25 Books to Read Before You Die Gifts Gift Cards  eGift Cards Powells Souvenirs Journals and Notebooks socks Games Sell Books Blog Events Find A Store Dont Miss BIG SALE 20 off sitewide Picks of the Season What Im Giving Great Gifts Under 25 Best Books of 2022 Powells Author Events Oregon Battle of the Books Audio Books Visit Our Stores Powells Books 14 Gift Ideas From 14 of Our Favorite Authors 0 comment Every year Powells reaches out to some of our favorite authors for some muchneeded giftgiving inspiration Below are 14 writerapproved recommendations to help you find the perfect book for even your mostdifficulttobuyfor loved one Read More  Powells Staff Best Books of 2022 Fiction 1 comment Kelsey Ford 6 Haunting Native American Horror Books 1 comment 1 LOCOK 1 LOCOK LOCCancel 1 LOCOK LOCCancel Neverending Story by Michael Ende Comment on this title Synopses  Reviews ISBN13 9780140074314 ISBN10 0140074317 Condition Standard All Product Details View Larger Image View Larger Images 1195 List Price 1800 Used Trade Paperback Ships in 1 to 3 days Qty Store 1 Burnside Synopses  Reviews Publisher Comments Unicorns dragons sprites willothewisps the inhabitants of an enchanted world And into this wordthrough the pages of an old bookventures Bastian a lonely boy of ten or twelve But Fantastica is slowly decaying its childlike Empress dying Only a real human being can set things right by giving the Empress a new name Bastian takes up the challenge and finds himself crossing the Swamps of Sadness and the Silver Mountains meeting sorcerers and giants bats and nighthobs gnomes and racing snails as he journeys bravely toward the Ivory Tower Bastians quest is filled with all the wonders of myth and fairy tale It is a fantasy adventure that will capture your heartand recapture the magical dreams of childhood Review An instantaneous leap into the magical \u0085 Energetic innovative and perceptive  The Washington Post A rich enjoyable read \u0085 Succeeds by drawing in the most potent elements of fairytale myth and invented fantasy  The Observer You might just get in touch with the child in you who clapped her hands for Tinker Bell  Glamour A trumpet blast for the imagination  Sunday Times About the Author Michael Ende was born in GarmischPartenkirchen Germany in 1929 After attending drama school from 1948 to 1950 he worked variously as an actor a writer of sketches and plays a director of the Volkstheater in Munich and a film critic for the Bavarian broadcasting company His first novel for children Jim Knopf and Lukas the Engine Driver  was published in Germany in 1960 to great popular and critical acclaim and both radio and televsion series based on the Jim Knopf books were soon produced In 1973 he published another awardwinning childrens novel Momo  When The Neverending Story was first published in Germany in 1979 it immediately became the numberone bestseller arnd remained in that position for three years It has since been published in many different languages all over the world including Japanese and has enchanted readers in each country in which it has appeared 5 2 What Our Readers Are Saying Share your thoughts on this title Average customer rating 5 2 comments  Freitasgirl  December 24 2006 view all comments by Freitasgirl If you want an enchanting read that will keep you on your toes this is it I believe it is for people of all ages I was first introduced to the film as a child and have loved it ever since\nThe story of Bastian and the mystical world of Fatastica is one everyone would enjoy It has interesting creatures adventure and even good lessons for life The book is even better than the film because its detailed so well Was this comment helpful  Yes  No 2 of 5 readers found this comment helpful report this\ncomment  MandiBorgio2006  October 09 2006 view all comments by MandiBorgio2006 This is one of my favorite books I asked for it for Christmas and I was told they didnt even make it anymore so my friends mother ordered a special copy for me I saw the movie when I was little and my initial motivation for reading was to discover the name that Bastian screams out the window Upon reading I discovered that the book was so much better than the movie The ending was absolutely touching and I love the passage in the beginning about weeping bitter tears when the reader must part with the characters It was an absolutely amazing read Was this comment helpful  Yes  No 3 of 5 readers found this comment helpful report this\ncomment Product Details ISBN 9780140074314 Binding Trade Paperback Publication date 07201984 Publisher PENGUIN PUTNAM TRADE Pages 377 Height 72IN Width 508IN Thickness 75 Age Range 10 to 13 Grade Range 5 to 8 Number of Units 1 Illustration Yes Copyright Year 1984 Series Volume HS29V UPC Code 2800140074316 Translator Ralph Manheim Author Michael Ende Illustrator Roswitha Quadfileg Author Ralph Manheim Subject Childrens fiction Subject Childrens 912  Fiction  Fantasy Subject Fiction Subject Fantasy Subject Imaginary places Subject Fantasy fiction Subject Childrens classics Subject Adventure and adventurers Subject General Fiction 1195 List Price 1800 Used Trade Paperback Ships in 1 to 3 days Qty Store 1 Burnside More copies of this ISBN New Trade Paperback 1700 Used Trade Paperback 850 This title in other editions New Hardcover 2499 New Other 2040 Used Hardcover 1595 1 LOCOK 1 LOCOK LOCCancel 1 LOCOK LOCCancel 1 LOCOK 1 LOCOK LOCCancel 1 LOCOK LOCCancel 1 LOCOK 1 LOCOK LOCCancel 1 LOCOK LOCCancel 1 LOCOK 1 LOCOK LOCCancel 1 LOCOK LOCCancel Help Guarantee My Account Careers About Us Security Wish List Partners Contact Us Shipping Transparency ACT MRF Sitemap  2022 POWELLSCOM Terms 1 LOCOK 1 LOCOK LOCCancel 1 LOCOK LOCCancel 1 LOCOK 1 LOCOK LOCCancel 1 LOCOK LOCCancel 1 LOCOK 1 LOCOK LOCCancel 1 LOCOK LOCCancel 1 LOCOK 1 LOCOK LOCCancel 1 LOCOK LOCCancel",
    "page_rank": 0
}