{
    "Title": " Cultish The Language of Fanaticism ",
    "Author": "Amanda Montell",
    "Cover Page": "https://covers.powells.com/9780062993151-1.jpg",
    "ISBN10": "0062993151  \n",
    "ISBN13": "9780062993151",
    "Page URL": "https://powells.com/book/cultish-the-language-of-fanaticism-9780062993151",
    "raw_text": "Cultish The Language of Fanaticism Amanda Montell Hardcover 9780062993151 Powells Books Cart   my account  wish list  help  8008787323 Hello\n Login MENU Browse New Arrivals Bestsellers Featured Preorders Award Winners Audio Books See All Subjects Used Staff Picks Staff Picks Picks of the Month Bookseller Displays 50 Books for 50 Years 25 Best 21st Century SciFi  Fantasy 25 PNW Books to Read Before You Die 25 Books From the 21st Century 25 Memoirs to Read Before You Die 25 Global Books to Read Before You Die 25 Women to Read Before You Die 25 Books to Read Before You Die Gifts Gift Cards  eGift Cards Powells Souvenirs Journals and Notebooks socks Games Sell Books Blog Events Find A Store Dont Miss BIG SALE 20 off sitewide Picks of the Season What Im Giving Great Gifts Under 25 Best Books of 2022 Powells Author Events Oregon Battle of the Books Audio Books Visit Our Stores Powells Books 14 Gift Ideas From 14 of Our Favorite Authors 0 comment Every year Powells reaches out to some of our favorite authors for some muchneeded giftgiving inspiration Below are 14 writerapproved recommendations to help you find the perfect book for even your mostdifficulttobuyfor loved one Read More  Powells Staff Best Books of 2022 Fiction 1 comment Kelsey Ford 6 Haunting Native American Horror Books 1 comment 1 LOCOK 1 LOCOK LOCCancel 1 LOCOK LOCCancel Cultish The Language of Fanaticism by Amanda Montell Comment on this title Synopses  Reviews ISBN13 9780062993151 ISBN10 0062993151 All Product Details View Larger Image View Larger Images 2899 New Hardcover Ships in 1 to 3 days Qty Store 7 Burnside 1 Cedar Hills 2 Hawthorne 20 Local Warehouse Synopses  Reviews Publisher Comments The author of the widely praised Wordslut analyzes the social science of cult influence how cultish groups from Jonestown and Scientology to SoulCycle and social media gurus use language as the ultimate form of power What makes cults so intriguing and frightening What makes them powerful The reason why so many of us binge Manson documentaries by the dozen and fall down rabbit holes researching suburban moms gone QAnon is because were looking for a satisfying explanation for what causes people to joinand more importantly stay inextreme groups We secretly want to know could it happen to me Amanda Montells argument is that on some level it already has    Our culture tends to provide pretty lame answers to questions of cult influence mostly having to do with vague talk of brainwashing But the true answer has nothing to do with freaky mindcontrol wizardry or KoolAid In Cultish Montell argues that the key to manufacturing intense ideology community and usthem attitudes all comes down to language In both positive ways and shadowy ones cultish language is something we hearand are influenced byevery single day Through juicy storytelling and cutting original research Montell exposes the verbal elements that make a wide spectrum of communities cultish revealing how they affect followers of groups as notorious as Heavens Gate but also how they pervade our modern startups Peloton leaderboards and Instagram feeds Incisive and darkly funny this enrapturing take on the curious social science of power and belief will make you hear the fanatical language of cultish everywhere About the Author Amanda Montell is a writer and language scholar from Baltimore She is the author of the critically acclaimed book Wordslut A Feminist Guide to Taking Back the English Language  which she is currently developing for television with Pamela Adlon at FX serving as creator writer and executive producer As a reporter and essayist Amandas writing has been featured in Marie Claire Glamour Cosmopolitan Nylon Bustle The Rumpus  and Byrdie  where she formerly served as the Features  Beauty Editor Amanda holds a degree in linguistics from New York University and lives in Los Angeles where she enjoys learning impractical languages and volunteering as a crisis counselor for LGBTQ youth What Our Readers Are Saying Be the first to share your thoughts on this title Product Details ISBN 9780062993151 Binding Hardcover Publication date 06152021 Publisher HARPERCOLLINS PUBLISHERS Pages 320 Height 130IN Width 560IN Author Amanda Montell 2899 New Hardcover Ships in 1 to 3 days Qty Store 7 Burnside 1 Cedar Hills 2 Hawthorne 20 Local Warehouse Receive an email when this ISBN is available used 1 LOCOK 1 LOCOK LOCCancel 1 LOCOK LOCCancel 1 LOCOK 1 LOCOK LOCCancel 1 LOCOK LOCCancel 1 LOCOK 1 LOCOK LOCCancel 1 LOCOK LOCCancel 1 LOCOK 1 LOCOK LOCCancel 1 LOCOK LOCCancel Help Guarantee My Account Careers About Us Security Wish List Partners Contact Us Shipping Transparency ACT MRF Sitemap  2022 POWELLSCOM Terms 1 LOCOK 1 LOCOK LOCCancel 1 LOCOK LOCCancel 1 LOCOK 1 LOCOK LOCCancel 1 LOCOK LOCCancel 1 LOCOK 1 LOCOK LOCCancel 1 LOCOK LOCCancel 1 LOCOK 1 LOCOK LOCCancel 1 LOCOK LOCCancel",
    "page_rank": 3.565675809534014e-05
}