{
    "Title": " They Both Die at the End ",
    "Author": "Adam Silvera",
    "Cover Page": "https://powells-covers-2.s3.amazonaws.com/9780062457806.jpg",
    "ISBN10": "0062457802  \n",
    "ISBN13": "9780062457806",
    "Page URL": "https://powells.com/book/-9780062457806",
    "raw_text": "They Both Die at the End Adam Silvera Trade Paperback 9780062457806 Powells Books Cart   my account  wish list  help  8008787323 Hello\n Login MENU Browse New Arrivals Bestsellers Featured Preorders Award Winners Audio Books See All Subjects Used Staff Picks Staff Picks Picks of the Month Bookseller Displays 50 Books for 50 Years 25 Best 21st Century SciFi  Fantasy 25 PNW Books to Read Before You Die 25 Books From the 21st Century 25 Memoirs to Read Before You Die 25 Global Books to Read Before You Die 25 Women to Read Before You Die 25 Books to Read Before You Die Gifts Gift Cards  eGift Cards Powells Souvenirs Journals and Notebooks socks Games Sell Books Blog Events Find A Store Dont Miss BIG SALE 20 off sitewide Picks of the Season What Im Giving Great Gifts Under 25 Best Books of 2022 Powells Author Events Oregon Battle of the Books Audio Books Visit Our Stores Powells Books 14 Gift Ideas From 14 of Our Favorite Authors 0 comment Every year Powells reaches out to some of our favorite authors for some muchneeded giftgiving inspiration Below are 14 writerapproved recommendations to help you find the perfect book for even your mostdifficulttobuyfor loved one Read More  Powells Staff Best Books of 2022 Fiction 1 comment Kelsey Ford 6 Haunting Native American Horror Books 1 comment 1 LOCOK 1 LOCOK LOCCancel 1 LOCOK LOCCancel They Both Die at the End by Adam Silvera Comment on this title Synopses  Reviews ISBN13 9780062457806 ISBN10 0062457802 Condition Standard All Product Details View Larger Image View Larger Images 895 List Price 1299 Used Trade Paperback Ships in 1 to 3 days Qty Store 1 Cedar Hills 4 Hawthorne Synopses  Reviews Publisher Comments Adam Silvera reminds us that theres no life without death and no love without loss in this devastating yet uplifting story about two people whose lives change over the course of one unforgettable day New York Times bestseller  4 starred reviews  A School Library Journal Best Book of the Year  A Kirkus Best Book of the Year  A Booklist Editors Choice of 2017  A Bustle Best YA Novel of 2017  A Paste Magazine Best YA Book of 2017  A Book Riot Best Queer Book of 2017  A Buzzfeed Best YA Book of the Year  A BookPage Best YA Book of the Year On September 5 a little after midnight DeathCast calls Mateo Torrez and Rufus Emeterio to give them some bad news Theyre going to die today Mateo and Rufus are total strangers but for different reasons theyre both looking to make a new friend on their End Day The good news Theres an app for that Its called the Last Friend and through it Rufus and Mateo are about to meet up for one last great adventure  to live a lifetime in a single day In the tradition of Before I Fall and If I Stay They Both Die at the End is a tour de force from acclaimed author Adam Silvera whose debut More Happy Than Not the New York Times called profound Featuring a map of the novels characters and their connections an exclusive essay by the author and a behindthescenes look at the early outlines for this critically acclaimed bestseller Review Adam Silvera uses his ample skill to force readers to examine how they live life now and how they want to live it They Both Die at the End is a prime example of his skill at asking the most relevant questions of all of us Teen Vogue Review Silvera not only poignantly captures the raw emotion of facing your own morality but creates such relatable and authentic characters you want to follow on their journey His gorgeous writing and wonderful storytelling will wreck you in the very best possible way Buzzfeed Review Silvera continues to masterfully integrate diversity disability and young queer voices into an appealing story with a lot of heart A musthave for YA shelves School Library Journal starred review About the Author Adam Silvera is the New York Times bestselling author of They Both Die at the End More Happy Than Not  and History Is All You Left Me and  together with Becky Albertalli  coauthor of What If Its Us He was named a Publishers Weekly Flying Start Adam was born and raised in the Bronx He was a bookseller before shifting to childrens publishing and has worked at a literary development company and a creative writing website for teens and as a book reviewer of childrens and young adult novels He is tall for no reason and lives in Los Angeles Visit him online at wwwadamsilveracom What Our Readers Are Saying Be the first to share your thoughts on this title Product Details ISBN 9780062457806 Binding Trade Paperback Publication date 12182018 Publisher HARPERCOLLINS PUBLISHERS Pages 416 Height 100IN Width 520IN Age Range 14 to 17 Grade Range 9 to 12 Author Adam Silvera 895 List Price 1299 Used Trade Paperback Ships in 1 to 3 days Qty Store 1 Cedar Hills 4 Hawthorne More copies of this ISBN New Trade Paperback 1299 This title in other editions New Hardcover 1899 1 LOCOK 1 LOCOK LOCCancel 1 LOCOK LOCCancel 1 LOCOK 1 LOCOK LOCCancel 1 LOCOK LOCCancel 1 LOCOK 1 LOCOK LOCCancel 1 LOCOK LOCCancel 1 LOCOK 1 LOCOK LOCCancel 1 LOCOK LOCCancel Help Guarantee My Account Careers About Us Security Wish List Partners Contact Us Shipping Transparency ACT MRF Sitemap  2022 POWELLSCOM Terms 1 LOCOK 1 LOCOK LOCCancel 1 LOCOK LOCCancel 1 LOCOK 1 LOCOK LOCCancel 1 LOCOK LOCCancel 1 LOCOK 1 LOCOK LOCCancel 1 LOCOK LOCCancel 1 LOCOK 1 LOCOK LOCCancel 1 LOCOK LOCCancel",
    "page_rank": 5.203085443661719e-05
}