{
    "Title": " Learning American Sign Language ",
    "Author": "Tom Humphries",
    "Cover Page": "https://powells-covers-2.s3.amazonaws.com/9780135285718.jpg",
    "ISBN10": "0135285712  \n",
    "ISBN13": "9780135285718",
    "Page URL": "https://powells.com/book/learning-american-sign-language-9780135285718",
    "raw_text": "Learning American Sign Language Tom Humphries SpiralComb 9780135285718 Powells Books Cart   my account  wish list  help  8008787323 Hello\n Login MENU Browse New Arrivals Bestsellers Featured Preorders Award Winners Audio Books See All Subjects Used Staff Picks Staff Picks Picks of the Month Bookseller Displays 50 Books for 50 Years 25 Best 21st Century SciFi  Fantasy 25 PNW Books to Read Before You Die 25 Books From the 21st Century 25 Memoirs to Read Before You Die 25 Global Books to Read Before You Die 25 Women to Read Before You Die 25 Books to Read Before You Die Gifts Gift Cards  eGift Cards Powells Souvenirs Journals and Notebooks socks Games Sell Books Blog Events Find A Store Dont Miss BIG SALE 20 off sitewide Picks of the Season What Im Giving Great Gifts Under 25 Best Books of 2022 Powells Author Events Oregon Battle of the Books Audio Books Visit Our Stores Powells Books 14 Gift Ideas From 14 of Our Favorite Authors 0 comment Every year Powells reaches out to some of our favorite authors for some muchneeded giftgiving inspiration Below are 14 writerapproved recommendations to help you find the perfect book for even your mostdifficulttobuyfor loved one Read More  Powells Staff Best Books of 2022 Fiction 1 comment Kelsey Ford 6 Haunting Native American Horror Books 1 comment 1 LOCOK 1 LOCOK LOCCancel 1 LOCOK LOCCancel Learning American Sign Language by Tom Humphries Comment on this title Synopses  Reviews ISBN13 9780135285718 ISBN10 0135285712 Condition Standard All Product Details View Larger Image View Larger Images 1550 List Price 5100 Used SpiralComb Ships in 1 to 3 days Qty Store 1 Burnside Synopses  Reviews Publisher Comments This book is designed to help learners successfully interact with American Sign Language ASL users Written by two leading authorities in the field the 24 lessons in this book cover Beginning and Intermediate or Level I and II courses of study Lessons are structured around language needed for common life situations and examples are presented in the form of dialogues coupled with grammar and vocabulary instruction Information is also included about the culture of Deaf people in the United States The book is supported by a videotape and an instructors manual Learners will discover that the text Contains lessons designed around the conversational language needed for common life situations Illustrates hundreds of sentences and vocabulary with over 2000 high quality colorized drawings that aid in study and memory Contains over 100 grammar and cultural notes 72 exercises and charts of the American Manual Alphabet Finger spelling and ASL number system Teaches the rules of ASL in a natural order that is predictable and compatible with everyday language of native users of American Sign Language Incorporates information about the cultural lives of Deaf people in the United States Is supported by a video demonstrating all the conversations and important structures in the text Order the NEW Video Video to Accompany American Sign Language 2e Order No 0205275540 American Sign Language students will find themselves captivated and entertained by this stateoftheart Video that presents all 72 dialogues and each key structure from the text in a clear and natural way Four internationally known Deaf actors animate the dialogues bringing life to the illustrations in the text allowing students to preview and review instructional materials at home to enhance their classroom learning About the authors Tom Humphries is Associate Director of the Teacher Education Program and also teaches in the Department of Communication at the University of California San Diego He is currently coordinating a program to train teachers of deaf children using a bilingual approach Prior to this he taught at Gallaudet University in the Department of English for several years and later served as an Associate Dean for the San Diego Community College District where he coordinated the development of an ASL program and an interpretertraining program He holds a PhD in Cross Cultural Communication and Language Learning Dr Humphries is coauthor with Carol Padden of Deaf in America Voices from a Culture and several other books and articles related to ASL and the culture of Deaf people Carol Padden is a Professor in the Department of Communication at the University of California San Diego where she teachers courses on language culture and media She is a graduate of Georgetown University and received a PhD in Linguistics from the University of California San Diego Her recent research includes studies of reading development in young deaf children and she has written extensively about the cultural lives of Deaf people in the United States She received a John Simon Guggenheim Fellowship in addition to numerous other awards and grants for her work In addition to the books she has coauthored with Tom Humphries she has published several other books and articles on American Sign Language structure Humphries  Padden Learning American Sign Language 2e SMP 2004 Page 1 of 1 Synopsis This book is designed to help people successfully interact with Deaf American Sign Language users Lessons are structured around language needed for common life situations and contain dialogues grammar instruction exercises and vocabulary lists For professionals and instructors who work with deaf people or anyone who wants to learn sign language Synopsis American Sign Language is a rich and complex language Recently declared as an official language and recognized by 48 states as a foreign language more and more high school teachers across the country are teaching American Sign Language as an elective Learning American Sign Table of Contents All Units end with Vocabulary To the Student Units and Topics 1 Introductions and Personal Information Introductions Personal information More Personal Information 2 Learning ASL Going to Class Objects in the Classroom Showing You Understand and Asking for Help 3 Politeness Asking Politely Thanks Interruptions and Apologies 4 Descriptions Physical Appearance Clothing Personality and Character 5 Requests Polite Commands Requests to Do Something More Requests 6 Expressing Yourself How You Feel Opinions and Preferences Anxiety 7 More Descriptions Objects and Their Location Objects Number and Location How Many 8 Family and Friends Family Information Family Relationships Friends and Acquaintances 9 More Descriptions How Others Look Personality Physical Features 10 At Home and Daily Living Your Residence Objects in Your Residence What You Do Everyday 11 Food and Food Shopping The Menu Quantities Prices 12 Offering and Declining Food and Drink Offering Help Declining and Explaining 13 More Ways to Express Yourself Satisfaction and Dissatisfaction Agreement and Disagreement Concerns and Feelings 14 Experiences and Current Activity An Event A Past Event Current Activity 15 Future Plans and Obligations General Future Plans Time and Place to Meet Future Obligations 16 Directions and Instructions Directions Descriptions of Places Instructions 17 Suggestions and Advice Suggestions Time and Place Advice 18 Attitudes and Opinions What Others Think Opinions Values 19 Recreational Activities Activities A Sequence of Activities Seasonal Activities 20 TravelPlaces and Experiences Travel Experience More Travel Experience Places You Visited 21 Occupations and Professions Occupations and Professions Job Activity Work History 22 The Body Health and Emergencies Physical Conditioning Health and Health Problems Emergencies 23 Current Events Recent News Current Topics of Interest Current Issues 24 How Things Are Done A Process Width Length and Height Measurements and Weight English Translations of Dialogues Vocabulary Index What Our Readers Are Saying Be the first to share your thoughts on this title Product Details ISBN 9780135285718 Binding SpiralComb Publication date 02011992 Publisher PEARSON PTR Pages 384 Height 1076 in Width 882 in Thickness 85 in Grade Range Collegehigher educa Number of Units 1 Copyright Year 1992 UPC Code 2800135285710 Author Tom Humphries Subject Deaf Subject American sign language 1550 List Price 5100 Used SpiralComb Ships in 1 to 3 days Qty Store 1 Burnside More copies of this ISBN Used SpiralComb Starting from 1250 1 LOCOK 1 LOCOK LOCCancel 1 LOCOK LOCCancel 1 LOCOK 1 LOCOK LOCCancel 1 LOCOK LOCCancel 1 LOCOK 1 LOCOK LOCCancel 1 LOCOK LOCCancel 1 LOCOK 1 LOCOK LOCCancel 1 LOCOK LOCCancel Help Guarantee My Account Careers About Us Security Wish List Partners Contact Us Shipping Transparency ACT MRF Sitemap  2022 POWELLSCOM Terms 1 LOCOK 1 LOCOK LOCCancel 1 LOCOK LOCCancel 1 LOCOK 1 LOCOK LOCCancel 1 LOCOK LOCCancel 1 LOCOK 1 LOCOK LOCCancel 1 LOCOK LOCCancel 1 LOCOK 1 LOCOK LOCCancel 1 LOCOK LOCCancel",
    "page_rank": 3.913272903405283e-05
}