{
    "Title": " Lady Killers: Deadly Women Throughout History ",
    "Author": "Tori Telfer",
    "Cover Page": "https://powells-covers-2.s3.amazonaws.com/9780062433732.jpg",
    "ISBN10": "0062433733  \n",
    "ISBN13": "9780062433732",
    "Page URL": "https://powells.com/book/lady-killers-9780062433732",
    "raw_text": "Lady Killers Deadly Women Throughout History Tori Telfer Trade Paperback 9780062433732 Powells Books Cart   my account  wish list  help  8008787323 Hello\n Login MENU Browse New Arrivals Bestsellers Featured Preorders Award Winners Audio Books See All Subjects Used Staff Picks Staff Picks Picks of the Month Bookseller Displays 50 Books for 50 Years 25 Best 21st Century SciFi  Fantasy 25 PNW Books to Read Before You Die 25 Books From the 21st Century 25 Memoirs to Read Before You Die 25 Global Books to Read Before You Die 25 Women to Read Before You Die 25 Books to Read Before You Die Gifts Gift Cards  eGift Cards Powells Souvenirs Journals and Notebooks socks Games Sell Books Blog Events Find A Store Dont Miss BIG SALE 20 off sitewide Picks of the Season What Im Giving Great Gifts Under 25 Best Books of 2022 Powells Author Events Oregon Battle of the Books Audio Books Visit Our Stores Powells Books 14 Gift Ideas From 14 of Our Favorite Authors 0 comment Every year Powells reaches out to some of our favorite authors for some muchneeded giftgiving inspiration Below are 14 writerapproved recommendations to help you find the perfect book for even your mostdifficulttobuyfor loved one Read More  Powells Staff Best Books of 2022 Fiction 1 comment Kelsey Ford 6 Haunting Native American Horror Books 1 comment 1 LOCOK 1 LOCOK LOCCancel 1 LOCOK LOCCancel Lady Killers Deadly Women Throughout History by Tori Telfer Comment on this title Synopses  Reviews ISBN13 9780062433732 ISBN10 0062433733 Condition Standard All Product Details View Larger Image View Larger Images 1195 List Price 1799 Used Trade Paperback Ships in 1 to 3 days Qty Store 2 Cedar Hills Synopses  Reviews Publisher Comments Inspired by author Tori Telfers Jezebel column Lady Killers this thrilling and entertaining compendium investigates female serial killers and their crimes through the ages When you think of serial killers throughout history the names that come to mind are ones like Jack the Ripper John Wayne Gacy and Ted Bundy But what about Tillie Klimek Moulay Hassan Kate Bender The narrative were comfortable with is the one where women are the victims of violent crime not the perpetrators In fact serial killers are thought to be so universally overwhelmingly male that in 1998 FBI profiler Roy Hazelwood infamously declared in a homicide conference There are no female serial killers Lady Killers  based on the popular online series that appeared on Jezebel and The Hairpin disputes that claim and offers fourteen gruesome examples as evidence Though largely forgotten by history female serial killers such as Erzsebet Bathory Nannie Doss Mary Ann Cotton and Darya Nikolayevna Saltykova rival their male counterparts in cunning cruelty and appetite for destruction Each chapter explores the crimes and history of a different subject and then proceeds to unpack her legacy and her portrayal in the media as well as the stereotypes and sexist cliches that inevitably surround her The first book to examine female serial killers through a feminist lens with a witty and dryly humorous tone Lady Killers dismisses easy explanations she was hormonal she did it for love a man made her do it and tired tropes she was a femme fatale a black widow a witch delving into the complex reality of female aggression and predation Featuring 14 illustrations from Dame Darcy Lady Killers is a bloodcurdling insightful and irresistible journey into the heart of darkness Review Each tale a minithriller Lady Killers recounts disturbing stories of real antiheroines with wit and ease Telfers insightful commentary reminds us that history isnt always what it seems Sometimes its worse Rebecca Romney coauthor of Printers Error Review Telfer proves that you can stab poison and suffocate the predictable tropes about female killers and still write something salacious and entertaining Caitlin Doughty New York Times bestselling author of Smoke Gets In Your Eyes and From Here to Eternity Review With a breezy tone and sharp commentary Telfer draws out the tired stereotypes with just enough wit and humor to make the topic of female murderers enjoyable Publishers Weekly What Our Readers Are Saying Be the first to share your thoughts on this title Product Details ISBN 9780062433732 Binding Trade Paperback Publication date 10102017 Publisher Harper Perennial Pages 352 Height 90IN Width 530IN Illustration Yes 1195 List Price 1799 Used Trade Paperback Ships in 1 to 3 days Qty Store 2 Cedar Hills More copies of this ISBN New Trade Paperback Starting from 1699 Used Trade Paperback 1250 This title in other editions New Compact Disc 4199 1 LOCOK 1 LOCOK LOCCancel 1 LOCOK LOCCancel 1 LOCOK 1 LOCOK LOCCancel 1 LOCOK LOCCancel 1 LOCOK 1 LOCOK LOCCancel 1 LOCOK LOCCancel 1 LOCOK 1 LOCOK LOCCancel 1 LOCOK LOCCancel Help Guarantee My Account Careers About Us Security Wish List Partners Contact Us Shipping Transparency ACT MRF Sitemap  2022 POWELLSCOM Terms 1 LOCOK 1 LOCOK LOCCancel 1 LOCOK LOCCancel 1 LOCOK 1 LOCOK LOCCancel 1 LOCOK LOCCancel 1 LOCOK 1 LOCOK LOCCancel 1 LOCOK LOCCancel 1 LOCOK 1 LOCOK LOCCancel 1 LOCOK LOCCancel",
    "page_rank": 4.074629616275574e-05
}