{
    "Title": " Unlocking German with Paul Noble ",
    "Author": "Paul Noble",
    "Cover Page": "/Portals/0/Images/NoImageAvailable.gif",
    "ISBN10": "000854719X  \n",
    "ISBN13": "9780008547196",
    "Page URL": "https://powells.com/book/unlocking-german-with-paul-noble-9780008547196",
    "raw_text": "Unlocking German with Paul Noble Paul Noble Trade Paperback 9780008547196 Powells Books Cart   my account  wish list  help  8008787323 Hello\n Login MENU Browse New Arrivals Bestsellers Featured Preorders Award Winners Audio Books See All Subjects Used Staff Picks Staff Picks Picks of the Month Bookseller Displays 50 Books for 50 Years 25 Best 21st Century SciFi  Fantasy 25 PNW Books to Read Before You Die 25 Books From the 21st Century 25 Memoirs to Read Before You Die 25 Global Books to Read Before You Die 25 Women to Read Before You Die 25 Books to Read Before You Die Gifts Gift Cards  eGift Cards Powells Souvenirs Journals and Notebooks socks Games Sell Books Blog Events Find A Store Dont Miss BIG SALE 20 off sitewide Picks of the Season What Im Giving Great Gifts Under 25 Best Books of 2022 Powells Author Events Oregon Battle of the Books Audio Books Visit Our Stores Powells Books 14 Gift Ideas From 14 of Our Favorite Authors 0 comment Every year Powells reaches out to some of our favorite authors for some muchneeded giftgiving inspiration Below are 14 writerapproved recommendations to help you find the perfect book for even your mostdifficulttobuyfor loved one Read More  Powells Staff Best Books of 2022 Fiction 1 comment Kelsey Ford 6 Haunting Native American Horror Books 1 comment 1 LOCOK 1 LOCOK LOCCancel 1 LOCOK LOCCancel Unlocking German with Paul Noble by Paul Noble Comment on this title Synopses  Reviews ISBN13 9780008547196 ISBN10 000854719X All Product Details View Larger Image View Larger Images 1799 New Trade Paperback Ships in 1 to 3 days Qty Store 1 Burnside 2 Local Warehouse Synopses  Reviews Synopsis Ever tried to learn German and found it too hard Bestselling language coach Paul Noble has a quick and easy way to get you back on track with his unique triedandtested method Keeps things simple with three basic rules dont skip anything dont try to memorize anything and cover up to test yourself A fun jargonfree way to learn Easytounderstand German pronunciation PROVEN to work Paul can teach anyone a language even people who think theyre incapable Pauls course teaches you how to speak German more effectively giving you the building blocks to form a huge range of conversations This is a practical way to learn the aspects of language that youll actually need and use from booking a hotel room to navigating a menu Paul will effortlessly build your confidence and give you the tools to handle any vacation situation You will unlock a range of vocabulary you already know There is nothing so complicated in foreign languages that it cannot be made simple Paul Noble A quick easy and fun way to unlock your basic language skills Perfect for beginners this book will give you all the information you need to build basic conversations and get by on your travels What Our Readers Are Saying Be the first to share your thoughts on this title Product Details ISBN 9780008547196 Binding Trade Paperback Publication date 10042022 Publisher HARPERCOLLINS PUBLISHERS Height 49IN Width 517IN Author Paul Noble 1799 New Trade Paperback Ships in 1 to 3 days Qty Store 1 Burnside 2 Local Warehouse Receive an email when this ISBN is available used 1 LOCOK 1 LOCOK LOCCancel 1 LOCOK LOCCancel 1 LOCOK 1 LOCOK LOCCancel 1 LOCOK LOCCancel 1 LOCOK 1 LOCOK LOCCancel 1 LOCOK LOCCancel 1 LOCOK 1 LOCOK LOCCancel 1 LOCOK LOCCancel Help Guarantee My Account Careers About Us Security Wish List Partners Contact Us Shipping Transparency ACT MRF Sitemap  2022 POWELLSCOM Terms 1 LOCOK 1 LOCOK LOCCancel 1 LOCOK LOCCancel 1 LOCOK 1 LOCOK LOCCancel 1 LOCOK LOCCancel 1 LOCOK 1 LOCOK LOCCancel 1 LOCOK LOCCancel 1 LOCOK 1 LOCOK LOCCancel 1 LOCOK LOCCancel",
    "page_rank": 4.157852459868113e-05
}