{
    "Title": " Still Just a Geek ",
    "Author": "Wil Wheaton",
    "Cover Page": "https://powells-covers-2.s3.amazonaws.com/9780063080478.jpg",
    "ISBN10": "0063080478  \n",
    "ISBN13": "9780063080478",
    "Page URL": "https://powells.com/book/still-just-a-geek-9780063080478",
    "raw_text": "Still Just a Geek Wil Wheaton Hardcover 9780063080478 Powells Books Cart   my account  wish list  help  8008787323 Hello\n Login MENU Browse New Arrivals Bestsellers Featured Preorders Award Winners Audio Books See All Subjects Used Staff Picks Staff Picks Picks of the Month Bookseller Displays 50 Books for 50 Years 25 Best 21st Century SciFi  Fantasy 25 PNW Books to Read Before You Die 25 Books From the 21st Century 25 Memoirs to Read Before You Die 25 Global Books to Read Before You Die 25 Women to Read Before You Die 25 Books to Read Before You Die Gifts Gift Cards  eGift Cards Powells Souvenirs Journals and Notebooks socks Games Sell Books Blog Events Find A Store Dont Miss BIG SALE 20 off sitewide Picks of the Season What Im Giving Great Gifts Under 25 Best Books of 2022 Powells Author Events Oregon Battle of the Books Audio Books Visit Our Stores Powells Books 14 Gift Ideas From 14 of Our Favorite Authors 0 comment Every year Powells reaches out to some of our favorite authors for some muchneeded giftgiving inspiration Below are 14 writerapproved recommendations to help you find the perfect book for even your mostdifficulttobuyfor loved one Read More  Powells Staff Best Books of 2022 Fiction 1 comment Kelsey Ford 6 Haunting Native American Horror Books 1 comment 1 LOCOK 1 LOCOK LOCCancel 1 LOCOK LOCCancel Still Just a Geek by Wil Wheaton Comment on this title Synopses  Reviews ISBN13 9780063080478 ISBN10 0063080478 All Product Details View Larger Image View Larger Images 2899 New Hardcover Ships in 1 to 3 days Qty Store 15 Burnside 1 Cedar Hills 20 Local Warehouse Synopses  Reviews Synopsis A New York Times bestseller Celebrated actor personality and allaround nerd Wil Wheaton updates his memoir of collected blog posts with all new material and annotations as he reexamines one of the most interesting lives in Hollywood and fandomand now for the first time in audio narrated by Wil himself From starring in Stand by Me to playing Wesley Crusher on Star Trek The Next Generation to playing himself in his second third iconic role of Evil Wil Wheaton in The Big Bang Theory to becoming a social media supernova Wil Wheaton has charted a career course unlike anyone else and has emerged as one of the most popular and well respected names in science fiction fantasy and pop culture Back in 2001 Wil began blogging on wilwheatonnet Believing himself to have fallen victim to the curse of the child actor Wil felt relegated to the convention circuit and didnt expect many would want to read about his random experiences and personal philosophies Yet much to his surprise people were reading He still blogs and now has an enormous following on social media with well over 3 million followers In Still Just a Geek Wil revisits his 2004 collection of blog posts Just a Geek  filled with insightful and often laughoutloud annotated comments additional later writings and all new material written for this publication The result is an incredibly raw and honest memoir in which Wil opens up about his life about falling in love about coming to grips with his past work choices and family and finding fulfillment in the new phases of his career From his times on the Enterprise to his struggles with depression to his starting a family and finding his passionwritingWil Wheaton is someone whose life is both a cautionary tale and a story of finding ones true purpose that should resonate with fans and aspiring artists alike What Our Readers Are Saying Be the first to share your thoughts on this title Product Details ISBN 9780063080478 Binding Hardcover Publication date 04122022 Publisher WILLIAM MORROW  COMPANY INC Pages 464 Height 170IN Width 740IN Author Wil Wheaton 2899 New Hardcover Ships in 1 to 3 days Qty Store 15 Burnside 1 Cedar Hills 20 Local Warehouse Receive an email when this ISBN is available used 1 LOCOK 1 LOCOK LOCCancel 1 LOCOK LOCCancel 1 LOCOK 1 LOCOK LOCCancel 1 LOCOK LOCCancel 1 LOCOK 1 LOCOK LOCCancel 1 LOCOK LOCCancel 1 LOCOK 1 LOCOK LOCCancel 1 LOCOK LOCCancel Help Guarantee My Account Careers About Us Security Wish List Partners Contact Us Shipping Transparency ACT MRF Sitemap  2022 POWELLSCOM Terms 1 LOCOK 1 LOCOK LOCCancel 1 LOCOK LOCCancel 1 LOCOK 1 LOCOK LOCCancel 1 LOCOK LOCCancel 1 LOCOK 1 LOCOK LOCCancel 1 LOCOK LOCCancel 1 LOCOK 1 LOCOK LOCCancel 1 LOCOK LOCCancel",
    "page_rank": 0
}