{
    "Title": " C Programming Language ANSI C 2nd Edition ",
    "Author": "Brian W Kernighan, Dennis M Ritchie",
    "Cover Page": "https://powells-covers-2.s3.amazonaws.com/9780131103627.jpg",
    "ISBN10": "0131103628  \n",
    "ISBN13": "9780131103627",
    "Page URL": "https://powells.com/book/c-programming-language-ansi-c-2nd-edition-9780131103627",
    "raw_text": "C Programming Language ANSI C 2nd Edition Brian W Kernighan Dennis M Ritchie Trade Paperback 9780131103627 Powells Books Cart   my account  wish list  help  8008787323 Hello\n Login MENU Browse New Arrivals Bestsellers Featured Preorders Award Winners Audio Books See All Subjects Used Staff Picks Staff Picks Picks of the Month Bookseller Displays 50 Books for 50 Years 25 Best 21st Century SciFi  Fantasy 25 PNW Books to Read Before You Die 25 Books From the 21st Century 25 Memoirs to Read Before You Die 25 Global Books to Read Before You Die 25 Women to Read Before You Die 25 Books to Read Before You Die Gifts Gift Cards  eGift Cards Powells Souvenirs Journals and Notebooks socks Games Sell Books Blog Events Find A Store Dont Miss BIG SALE 20 off sitewide Picks of the Season What Im Giving Great Gifts Under 25 Best Books of 2022 Powells Author Events Oregon Battle of the Books Audio Books Visit Our Stores Powells Books 14 Gift Ideas From 14 of Our Favorite Authors 0 comment Every year Powells reaches out to some of our favorite authors for some muchneeded giftgiving inspiration Below are 14 writerapproved recommendations to help you find the perfect book for even your mostdifficulttobuyfor loved one Read More  Powells Staff Best Books of 2022 Fiction 1 comment Kelsey Ford 6 Haunting Native American Horror Books 1 comment 1 LOCOK 1 LOCOK LOCCancel 1 LOCOK LOCCancel C Programming Language ANSI C 2nd Edition by Brian W Kernighan Dennis M Ritchie Comment on this title Synopses  Reviews Read an Excerpt ISBN13 9780131103627 ISBN10 0131103628 Condition Standard All Product Details View Larger Image View Larger Images 4000 List Price 6700 Used Trade Paperback Ships in 1 to 3 days Qty Store 1 Cedar Hills Synopses  Reviews Publisher Comments This book is meant to help the reader learn how to program in C It is the definitive reference guide now in a second edition Although the first edition was written in 1978 it continues to be a worldwide bestseller This second edition brings the classic original up to date to include the ANSI standard From the Preface We have tried to retain the brevity of the first edition C is not a big language and it is not well served by a big book We have improved the exposition of critical features such as pointers that are central to C programming We have refined the original examples and have added new examples in several chapters For instance the treatment of complicated declarations is augmented by programs that convert declarations into words and vice versa As before all examples have been tested directly from the text which is in machinereadable form As we said in the first preface to the first edition C wears well as ones experience with it grows With a decade more experience we still feel that way We hope that this book will help you to learn C and use it well Synopsis This edition describes C as defined by the ANSI standard This book is meant to help the reader learn how to program in C The book assumes some familiarity with basic programming concepts like variables assignment statements loops and functions A novice programmer should be able to read along and pick up the language Synopsis Written by the developers of C this second edition is the definitive guide to ANSI standard C language programming Synopsis The authors present the complete guide to ANSI standard C language programming Written by the developers of C this new version helps readers keep up with the finalized ANSI standard for C while showing how to take advantage of Cs rich set of operators economy of expression improved control flow and data structures The 2E has been completely rewritten with additional examples and problem sets to clarify the implementation of difficult language constructs For years C programmers have let KR guide them to building wellstructured and efficient programs Now this same help is available to those working with ANSI compilers Includes detailed coverage of the C language plus the official C language reference manual for ataglance help with syntax notation declarations ANSI changes scope rules and the list goes on and on Synopsis The authors present the complete guide to ANSI standard C language programming Written by the developers of C this new version helps readers keep up with the finalized ANSI standard for C while showing how to take advantage of Cs rich set of operators economy of expression improved control flow and data structures The 2E has been completely rewritten with additional examples and problem sets to clarify the implementation of difficult language constructs For years C programmers have let KR guide them to building wellstructured and efficient programs Now this same help is available to those working with ANSI compilers Includes detailed coverage of the C language plus the official C language reference manual for ataglance help with syntax notation declarations ANSI changes scope rules and the list goes on and on About the Author Brian W Kernighan works in the Computing Science Research Center at Bell Laboratories Lucent Technologies He is Consulting Editor for AddisonWesleys Professional Computing Series and the author with Dennis Ritchie of The C Programming Language  Dennis Ritchie was a computer scientist notable for his influence on ALTRAN B BCPL C Multics and Unix Table of Contents 1 A Tutorial Introduction 2 Types Operators and Expressions 3 Control Flow 4 Functions and Program Structure 5 Pointers and Arrays 6 Structures 7 Input and Output 8 The UNIX System Interface Appendix A Appendix B Appendix C Index What Our Readers Are Saying Be the first to share your thoughts on this title Product Details ISBN 9780131103627 Binding Trade Paperback Publication date 03221988 Publisher PRENTICE HALL Series info Prentice Hall Software Edition 2ED Pages 288 Height 60IN Width 690IN Thickness 75 Number of Units 1 Copyright Year 1988 Series Volume no 13 UPC Code 2800131103629 Author Brian W Kernighan Author Dennis M Ritchie Author Brian W Kernighan Author Brian Kernighan Author Dennis Ritchie Subject Technology Subject C Subject Language literature and biography Subject KR KR KR Subject C computer program language Subject Computer LanguagesC 4000 List Price 6700 Used Trade Paperback Ships in 1 to 3 days Qty Store 1 Cedar Hills 1 LOCOK 1 LOCOK LOCCancel 1 LOCOK LOCCancel 1 LOCOK 1 LOCOK LOCCancel 1 LOCOK LOCCancel 1 LOCOK 1 LOCOK LOCCancel 1 LOCOK LOCCancel 1 LOCOK 1 LOCOK LOCCancel 1 LOCOK LOCCancel Help Guarantee My Account Careers About Us Security Wish List Partners Contact Us Shipping Transparency ACT MRF Sitemap  2022 POWELLSCOM Terms 1 LOCOK 1 LOCOK LOCCancel 1 LOCOK LOCCancel 1 LOCOK 1 LOCOK LOCCancel 1 LOCOK LOCCancel 1 LOCOK 1 LOCOK LOCCancel 1 LOCOK LOCCancel 1 LOCOK 1 LOCOK LOCCancel 1 LOCOK LOCCancel",
    "page_rank": 3.10146918736821e-05
}