{
    "Title": " Language Of Letting Go Daily Meditations ",
    "Author": "Melody Beattie",
    "Cover Page": "https://covers.powells.com/9780062553898.jpg",
    "ISBN10": "0062553895  \n",
    "ISBN13": "9780062553898",
    "Page URL": "https://powells.com/book/language-of-letting-go-daily-meditations-9780062553898",
    "raw_text": "Language Of Letting Go Daily Meditations Melody Beattie Trade Paperback 9780062553898 Powells Books Cart   my account  wish list  help  8008787323 Hello\n Login MENU Browse New Arrivals Bestsellers Featured Preorders Award Winners Audio Books See All Subjects Used Staff Picks Staff Picks Picks of the Month Bookseller Displays 50 Books for 50 Years 25 Best 21st Century SciFi  Fantasy 25 PNW Books to Read Before You Die 25 Books From the 21st Century 25 Memoirs to Read Before You Die 25 Global Books to Read Before You Die 25 Women to Read Before You Die 25 Books to Read Before You Die Gifts Gift Cards  eGift Cards Powells Souvenirs Journals and Notebooks socks Games Sell Books Blog Events Find A Store Dont Miss BIG SALE 20 off sitewide Picks of the Season What Im Giving Great Gifts Under 25 Best Books of 2022 Powells Author Events Oregon Battle of the Books Audio Books Visit Our Stores Powells Books 14 Gift Ideas From 14 of Our Favorite Authors 0 comment Every year Powells reaches out to some of our favorite authors for some muchneeded giftgiving inspiration Below are 14 writerapproved recommendations to help you find the perfect book for even your mostdifficulttobuyfor loved one Read More  Powells Staff Best Books of 2022 Fiction 1 comment Kelsey Ford 6 Haunting Native American Horror Books 1 comment 1 LOCOK 1 LOCOK LOCCancel 1 LOCOK LOCCancel Language Of Letting Go Daily Meditations by Melody Beattie Comment on this title ISBN13 9780062553898 ISBN10 0062553895 Condition Standard All Product Details View Larger Image View Larger Images 850 List Price 895 Used Trade Paperback Ships in 1 to 3 days Qty Store 1 Burnside 1 Hawthorne 5 1 What Our Readers Are Saying Share your thoughts on this title Average customer rating 5 1 comments  kami  November 06 2008 For those who struggle with codependency this daily book is excellent It touches on all of the major issues that come up and offers a simple approach to a solution I read it regularly Was this comment helpful  Yes  No 2 of 11 readers found this comment helpful report this\ncomment Product Details ISBN 9780062553898 Binding Trade Paperback Publisher HARPERCOLLINS PUBLISHERS Pages 393 p Series Volume 5 UPC Code 2800062553890 Author Melody Beattie Subject Codependency  Religious aspects  Meditations Subject Codependents Subject Devotional calendars Subject Religion 850 List Price 895 Used Trade Paperback Ships in 1 to 3 days Qty Store 1 Burnside 1 Hawthorne More copies of this ISBN Used Trade Paperback Starting from 595 1 LOCOK 1 LOCOK LOCCancel 1 LOCOK LOCCancel 1 LOCOK 1 LOCOK LOCCancel 1 LOCOK LOCCancel 1 LOCOK 1 LOCOK LOCCancel 1 LOCOK LOCCancel 1 LOCOK 1 LOCOK LOCCancel 1 LOCOK LOCCancel Help Guarantee My Account Careers About Us Security Wish List Partners Contact Us Shipping Transparency ACT MRF Sitemap  2022 POWELLSCOM Terms 1 LOCOK 1 LOCOK LOCCancel 1 LOCOK LOCCancel 1 LOCOK 1 LOCOK LOCCancel 1 LOCOK LOCCancel 1 LOCOK 1 LOCOK LOCCancel 1 LOCOK LOCCancel 1 LOCOK 1 LOCOK LOCCancel 1 LOCOK LOCCancel",
    "page_rank": 7.75794621564261e-05
}