{
    "Title": " Mating in Captivity Unlocking Erotic Intelligence ",
    "Author": "Perel, Esther",
    "Cover Page": "https://powells-covers-2.s3.amazonaws.com/9780060753641.jpg",
    "ISBN10": "0060753641  \n",
    "ISBN13": "9780060753641",
    "Page URL": "https://powells.com/book/mating-in-captivity-unlocking-erotic-intelligence-9780060753641",
    "raw_text": "Mating in Captivity Unlocking Erotic Intelligence Esther Perel Trade Paperback 9780060753641 Powells Books Cart   my account  wish list  help  8008787323 Hello\n Login MENU Browse New Arrivals Bestsellers Featured Preorders Award Winners Audio Books See All Subjects Used Staff Picks Staff Picks Picks of the Month Bookseller Displays 50 Books for 50 Years 25 Best 21st Century SciFi  Fantasy 25 PNW Books to Read Before You Die 25 Books From the 21st Century 25 Memoirs to Read Before You Die 25 Global Books to Read Before You Die 25 Women to Read Before You Die 25 Books to Read Before You Die Gifts Gift Cards  eGift Cards Powells Souvenirs Journals and Notebooks socks Games Sell Books Blog Events Find A Store Dont Miss BIG SALE 20 off sitewide Picks of the Season What Im Giving Great Gifts Under 25 Best Books of 2022 Powells Author Events Oregon Battle of the Books Audio Books Visit Our Stores Powells Books 14 Gift Ideas From 14 of Our Favorite Authors 0 comment Every year Powells reaches out to some of our favorite authors for some muchneeded giftgiving inspiration Below are 14 writerapproved recommendations to help you find the perfect book for even your mostdifficulttobuyfor loved one Read More  Powells Staff Best Books of 2022 Fiction 1 comment Kelsey Ford 6 Haunting Native American Horror Books 1 comment 1 LOCOK 1 LOCOK LOCCancel 1 LOCOK LOCCancel Mating in Captivity Unlocking Erotic Intelligence by Perel Esther Comment on this title Synopses  Reviews ISBN13 9780060753641 ISBN10 0060753641 Condition Standard All Product Details View Larger Image View Larger Images 1250 List Price 1799 Used Trade Paperback Ships in 1 to 3 days Qty Store 1 Cedar Hills Synopses  Reviews Publisher Comments Why does great sex so often fade for couples who claim to love each other as much as ever Can we want what we already have Why does the transition to parenthood so often spell erotic disaster Does good intimacy always make for good sex Ether Perel takes on these tough questions grappling with the obstacles and anxieties that arise when our quest for secure love conflicts with our pursuit of passion She invites us to explore the paradoxical union of domesticity and sexual desire and explains what it takes to bring lust home In her twenty years of clinical experience Perel has treated hundreds of couples whose home lives are empty of passion They describe relationships that are open and loving yet sexually dull What is going on In this explosively original book Perel explains that our cultural penchant for equality togetherness and absolute candor is antithetical to erotic desire for both men and women Sexual excitement doesnt always play by the rules of good citizenship It is politically incorrect It thrives on power plays unfair advantages and the space between self and other More exciting playful even poetic sex is possible but first we must kick egalitarian ideals and emotional housekeeping out of our bedrooms While Mating in Captivity shows why the domestic realm can feel like a cage Perels take on bedroom dynamics promises to liberate enchant and provoke Flinging the doors open on erotic life and domesticity she invites us to put the X back in sex Review An elegant sociological study complete with erudite literary and anthropological references Daily Telegraph London Review Mating in Captivityarticulates a poignant and unacknowledged modern crisis for the first time The Evening Standard London Review Her advice is refreshingly counterintuitive Saloncom Review A charming blend of wit and wisdomthis book will give you a fresh perspective on longterm love Gold Coast Bulletin Australia Review This is a brave bookrefreshing The Times Higher Education Supplement Review Well argued points written with considerable eloquence Jerusalem Post Review An excellent book full of provocative prose and entertaining case illustrations Journal of Sex and Marital Therapy Review So honest it hurts Irish Times Synopsis One of the worlds most respected voices on erotic intelligence Esther Perel offers a bold provocative new take on intimacy and sex Mating in Captivity invites us to explore the paradoxical union of domesticity and sexual desire and explains what it takes to bring lust home Drawing on more than twenty years of experience as a couples therapist Perel examines the complexities of sustaining desire Through case studies and lively discussion Perel demonstrates how more exciting playful and even poetic sex is possible in longterm relationships Wise witty and as revelatory as it is straightforward Mating in Captivity is a sensational book that will transform the way you live and love Synopsis A New York City therapist examines the paradoxical relationship between domesticity and sexual desire and explains what it takes to bring lust home One of the world s most respected voices on erotic intelligence Esther Perel offers a bold provocative new take on intimacy and sex Mating in Captivity invites us to explore the paradoxical union of domesticity and sexual desire and explains what it takes to bring lust home Drawing on more than twenty years of experience as a couples therapist Perel examines the complexities of sustaining desire Through case studies and lively discussion Perel demonstrates how more exciting playful and even poetic sex is possible in longterm relationships Wise witty and as revelatory as it is straightforward Mating in Captivity is a sensational book that will transform the way you live and love  About the Author Esther Perel is a couples and family therapist with a private practice in New York City She is on the faculty of the International Trauma Studies program at Columbia University is a member of the American Family Therapy Academy and has appeared on many television programs including The Oprah Winfrey Show Good Day New York CBS This Morning  and HBOs Women Aloud  She lives in New York City with her husband and two children 5 1 What Our Readers Are Saying Share your thoughts on this title Average customer rating 5 1 comments  gorgonzola  January 19 2012 view all comments by gorgonzola From reading this book I have gained a vast amount of insight into my own intimate relationship and the relationships of others Just in the first third of the book I already learned so much more than any other book in this category Ive read thus far The author goes over a large amount of topics given the relatively small size of the book but still manages to go indepth enough on each topic to get the reader thinking Specific relationship problems are brought up and the author goes into how each couple went about solving their problems The best part of this book is that it stays realistic It does not offer quick fixes for anyones problems but rather a set of solutions one can take up if theyre willing to work at it I would highly recommend this book to anyone looking to resolve some form of relationship problem big or small Was this comment helpful  Yes  No 3 of 3 readers found this comment helpful report this\ncomment Product Details ISBN 9780060753641 Binding Trade Paperback Publication date 10302007 Publisher HARPERCOLLINS PUBLISHERS Pages 272 Height 70IN Width 520IN Thickness 75 Number of Units 1 Copyright Year 2007 UPC Code 2800060753643 Author Esther Perel 1250 List Price 1799 Used Trade Paperback Ships in 1 to 3 days Qty Store 1 Cedar Hills More copies of this ISBN New Trade Paperback 1799 1 LOCOK 1 LOCOK LOCCancel 1 LOCOK LOCCancel 1 LOCOK 1 LOCOK LOCCancel 1 LOCOK LOCCancel 1 LOCOK 1 LOCOK LOCCancel 1 LOCOK LOCCancel 1 LOCOK 1 LOCOK LOCCancel 1 LOCOK LOCCancel Help Guarantee My Account Careers About Us Security Wish List Partners Contact Us Shipping Transparency ACT MRF Sitemap  2022 POWELLSCOM Terms 1 LOCOK 1 LOCOK LOCCancel 1 LOCOK LOCCancel 1 LOCOK 1 LOCOK LOCCancel 1 LOCOK LOCCancel 1 LOCOK 1 LOCOK LOCCancel 1 LOCOK LOCCancel 1 LOCOK 1 LOCOK LOCCancel 1 LOCOK LOCCancel",
    "page_rank": 4.043322879890432e-05
}