{
    "Title": " Relational Database Systems ",
    "Author": "Dan A. Simovici",
    "Cover Page": "https://covers.powells.com/9780126443752.jpg",
    "ISBN10": "0126443750  \n",
    "ISBN13": "9780126443752",
    "Page URL": "https://powells.com/book/relational-database-systems-9780126443752",
    "raw_text": "Relational Database Systems Simovici Dan A Hardcover 9780126443752 Powells Books Cart   my account  wish list  help  8008787323 Hello\n Login MENU Browse New Arrivals Bestsellers Featured Preorders Award Winners Audio Books See All Subjects Used Staff Picks Staff Picks Picks of the Month Bookseller Displays 50 Books for 50 Years 25 Best 21st Century SciFi  Fantasy 25 PNW Books to Read Before You Die 25 Books From the 21st Century 25 Memoirs to Read Before You Die 25 Global Books to Read Before You Die 25 Women to Read Before You Die 25 Books to Read Before You Die Gifts Gift Cards  eGift Cards Powells Souvenirs Journals and Notebooks socks Games Sell Books Blog Events Find A Store Dont Miss BIG SALE 20 off sitewide Picks of the Season What Im Giving Great Gifts Under 25 Best Books of 2022 Powells Author Events Oregon Battle of the Books Audio Books Visit Our Stores Powells Books 14 Gift Ideas From 14 of Our Favorite Authors 0 comment Every year Powells reaches out to some of our favorite authors for some muchneeded giftgiving inspiration Below are 14 writerapproved recommendations to help you find the perfect book for even your mostdifficulttobuyfor loved one Read More  Powells Staff Best Books of 2022 Fiction 1 comment Kelsey Ford 6 Haunting Native American Horror Books 1 comment 1 LOCOK 1 LOCOK LOCCancel 1 LOCOK LOCCancel Relational Database Systems by Dan A Simovici and Richard L Tenney Comment on this title Synopses  Reviews ISBN13 9780126443752 ISBN10 0126443750 All Product Details View Larger Image View Larger Images 9727 New Hardcover Available at a Remote Warehouse Ships separately from other items Additional shipping charges may apply Not available for In Store Pickup More Info Qty Store 20 Remote Warehouse Synopses  Reviews Publisher Comments Relational Database Systems provides a timely introduction to the type of systems that are the current mainstay of the database management field This book serves as a text for advanced undergraduate and graduate students as well as an informative reference for researchers and professionals in all database aspects of computer science It presents important querying systems including SQL and QUEL and covers their respective theoretical foundations in relational algebra tuple calculus and domain calculus The presentation of SQL adheres to the ANSI standard however the book discusses the most popular SQL dialects a separate chapter covers imbedded SQL The text also contains references to many significant relational database products including INGRES ORACLE DB2 PARADOX and SYBASE Relational Database Systems concentrates on those issues that are most relevant to database design and application development Exercises that constitute important extensions of the material are provided at the end of each chapter The book assumes a knowledge of programming languages and datastructures and some mathematical induction Key Features  Includes coverage of embedded SQL the most important existing application development tool  Presents query systems within their theoretical context  Discusses supporting mathematical theory  Offers a comparison of SQL dialects  Provides supplemental exercises for each chapter  Contains references to significant relational database products including INGRES ORACLE DB2 PARADOX and SYBASE Description Includes bibliographical references p 467473 and index Table of Contents ic Data Structures Query Processing Algebraic Manipulation Selection Query Processing Join Processing The WongYoussefi Algorithm Informed Decisions Concurrency In Database Systems Transactions Serializability Concurrency Control Algorithms Recovery SQL Support for Transactions List of Notation Index What Our Readers Are Saying Be the first to share your thoughts on this title Product Details ISBN 9780126443752 Binding Hardcover Publication date 08011995 Publisher Academic Press Language English Pages 485 Height 142IN Width 636IN LCCN 95010873 Number of Units 1 Illustration Yes Copyright Year 1995 Series Volume 103646 UPC Code 2800126443754 Author Dan A Simovici Author Dan A Simovici Oth Richard L Tenney Subject Database design Subject Relational databases 9727 New Hardcover Available at a Remote Warehouse Ships separately from other items Additional shipping charges may apply Not available for In Store Pickup More Info Qty Store 20 Remote Warehouse Receive an email when this ISBN is available used 1 LOCOK 1 LOCOK LOCCancel 1 LOCOK LOCCancel 1 LOCOK 1 LOCOK LOCCancel 1 LOCOK LOCCancel 1 LOCOK 1 LOCOK LOCCancel 1 LOCOK LOCCancel 1 LOCOK 1 LOCOK LOCCancel 1 LOCOK LOCCancel Help Guarantee My Account Careers About Us Security Wish List Partners Contact Us Shipping Transparency ACT MRF Sitemap  2022 POWELLSCOM Terms 1 LOCOK 1 LOCOK LOCCancel 1 LOCOK LOCCancel 1 LOCOK 1 LOCOK LOCCancel 1 LOCOK LOCCancel 1 LOCOK 1 LOCOK LOCCancel 1 LOCOK LOCCancel 1 LOCOK 1 LOCOK LOCCancel 1 LOCOK LOCCancel",
    "page_rank": 2.4794798802742546e-05
}