{
    "Title": " Freakonomics A Rogue Economist Explores the Hidden Side of Everything ",
    "Author": "Steven D Levitt",
    "Cover Page": "https://covers.powells.com/9780061234002.jpg",
    "ISBN10": "0061234001  \n",
    "ISBN13": "9780061234002",
    "Page URL": "https://powells.com/book/freakonomics-a-rogue-economist-explores-the-hidden-side-of-everything-9780061234002",
    "raw_text": "Freakonomics A Rogue Economist Explores the Hidden Side of Everything Steven D Levitt Hardcover 9780061234002 Powells Books Cart   my account  wish list  help  8008787323 Hello\n Login MENU Browse New Arrivals Bestsellers Featured Preorders Award Winners Audio Books See All Subjects Used Staff Picks Staff Picks Picks of the Month Bookseller Displays 50 Books for 50 Years 25 Best 21st Century SciFi  Fantasy 25 PNW Books to Read Before You Die 25 Books From the 21st Century 25 Memoirs to Read Before You Die 25 Global Books to Read Before You Die 25 Women to Read Before You Die 25 Books to Read Before You Die Gifts Gift Cards  eGift Cards Powells Souvenirs Journals and Notebooks socks Games Sell Books Blog Events Find A Store Dont Miss BIG SALE 20 off sitewide Picks of the Season What Im Giving Great Gifts Under 25 Best Books of 2022 Powells Author Events Oregon Battle of the Books Audio Books Visit Our Stores Powells Books 14 Gift Ideas From 14 of Our Favorite Authors 0 comment Every year Powells reaches out to some of our favorite authors for some muchneeded giftgiving inspiration Below are 14 writerapproved recommendations to help you find the perfect book for even your mostdifficulttobuyfor loved one Read More  Powells Staff Best Books of 2022 Fiction 1 comment Kelsey Ford 6 Haunting Native American Horror Books 1 comment 1 LOCOK 1 LOCOK LOCCancel 1 LOCOK LOCCancel Freakonomics A Rogue Economist Explores the Hidden Side of Everything by Steven D Levitt Comment on this title Synopses  Reviews ISBN13 9780061234002 ISBN10 0061234001 Condition Standard DustJacket Standard All Product Details View Larger Image View Larger Images 950 List Price 3250 Used Hardcover Ships in 1 to 3 days Qty Store 2 Cedar Hills 2 Local Warehouse Synopses  Reviews Publisher Comments Which is more dangerous a gun or a swimming pool What do schoolteachers and sumo wrestlers have in common Why do drug dealers still live with their moms How much do parents really matter How did the legalization of abortion affect the rate of violent crime These may not sound like typical questions for an economist to ask But Steven D Levitt is not a typical economist He is a muchheralded scholar who studies the riddles of everyday lifefrom cheating and crime to sports and childrearingand whose conclusions turn conventional wisdom on its head Freakonomics is a groundbreaking collaboration between Levitt and Stephen J Dubner an awardwinning author and journalist They usually begin with a mountain of data and a simple question Some of these questions concern lifeanddeath issues others have an admittedly freakish quality Thus the new field of study contained in this book freakonomics Through forceful storytelling and wry insight Levitt and Dubner show that economics is at root the study of incentiveshow people get what they want or need especially when other people want or need the same thing In Freakonomics  they explore the hidden side of    well everything The inner workings of a crack gang The truth about realestate agents The myths of campaign finance The telltale marks of a cheating schoolteacher The secrets of the Klu Klux Klan What unites all these stories is a belief that the modern world despite a great deal of complexity and downright deceit is not impenetrable is not unknowable andif the right questions are askedis even more intriguing than we think All it takes is a new way of looking Freakonomics establishes this unconventional premise If morality represents how we would like the world to work then economics represents how it actually does work It is true that readers of this book will be armed with enough riddles and stories to last a thousand cocktail parties But Freakonomics can provide more than that It will literally redefine the way we view the modern world Review An eyeopening and most interesting approach to the world Kirkus Reviews Review The familiar Gladwell manner  a kind of breezy drifting from one entertaining anecdote to the next floating effortlessly past references to contemporary socialscience research  gets recycled here into what can only be called a style of evasive lucidity Newsday Review If Indiana Jones were an economist hed be Steven LevittCriticizing Freakonomics would be like criticizing a hot fudge sundae Wall Street Journal Review Steven Levitt has the most interesting mind in AmericaPrepare to be dazzled Malcolm Gladwell author of Blink and The Tipping Point Review An excellent readable book Booklist Review It might appear presumptuous of Steven Levitt to see himself as an allpurpose intellectual detective fit to take on whatever puzzle of human behavior grabs his fancy But on the evidence of Freakonomics  the presumption is earned Jim Holt The New York York Times Synopsis The legendary bestseller that made millions look at the world in a radically different way returns in a new edition now including an exclusive discussion between the authors and bestselling professor of psychology Angela Duckworth Which is more dangerous a gun or a swimming pool Which should be feared more snakes or french fries Why do sumo wrestlers cheat In this groundbreaking book leading economist Steven LevittProfessor of Economics at the University of Chicago and winner of the American Economic Associations John Bates Clark medal for the economist under 40 who has made the greatest contribution to the disciplinereveals that the answers Joined by acclaimed author and podcast host Stephen J Dubner Levitt presents a brilliantand brilliantly entertainingaccount of how incentives of the most hidden sort drive behavior in ways that turn conventional wisdom on its head Malcolm Gladwell author of Blink and The Tipping Point About the Author Steven D Levitt a professor of economics at the University of Chicago was awarded the John Bates Clark medal given to the most influential American economist under forty He is also a founder of The Greatest Good which applies Freakonomicsstyle thinking to business and philanthropy Stephen J Dubner is an awardwinning author journalist and radio and TV personality He quit his first careeras an almost rock starto become a writer He has since taught English at Columbia worked for The New York Times  and published three nonFreakonomics books 4 2 What Our Readers Are Saying Share your thoughts on this title Average customer rating 4 2 comments  Jennmarie68  March 11 2010 view all comments by Jennmarie68 Okay when I first read this book a few years ago I had no idea what I was getting ready to read After reading the book granted it has been some time I can at least remember a few ideas of the book\nIt didnt take me long to read this and I actually lent it to a few friends before the dreaded due date 1 star for a quick read I was surprised at how quick of a read it was I also remember being surprised that I actually sat through a book that wasnt fiction or a biographyautobiography and I wasnt disgusted by the end of it 1 star for being decent\nSadly however I do not remember a whole lot about the book other than a few antics and the fact that economic theories can be pertinent to every day life Subtract 1 star for lack of being memorable I do remember however that I liked the book enough to recommend it to someone else and that I did enjoy it while I was reading it Was this comment helpful  Yes  No 3 of 6 readers found this comment helpful report this\ncomment  paresh  February 04 2008 view all comments by paresh An absolutely fascinating book  read it and relate it to the recent happening in a French Bank  what an incentive can make people do Was this comment helpful  Yes  No 5 of 9 readers found this comment helpful report this\ncomment Product Details ISBN 9780061234002 Binding Hardcover Publication date 10172006 Publisher HARPERCOLLINS PUBLISHERS Pages 336 Height 113IN Width 645IN Thickness 125 Number of Units 1 Copyright Year 2006 UPC Code 2800061234004 Author Steven D Levitt and Stephen J Dubner Author Steven D Levitt Author Stephen J Dubner Author Steven D Levitt Author Stephen J Dubner Author Steven D Levitt Subject Economics  Psychological aspects Subject Economics Subject Economics  Sociological aspects Subject Psychological aspects 950 List Price 3250 Used Hardcover Ships in 1 to 3 days Qty Store 2 Cedar Hills 2 Local Warehouse More copies of this ISBN Used Hardcover 995 This title in other editions Used Hardcover Starting from 895 1 LOCOK 1 LOCOK LOCCancel 1 LOCOK LOCCancel 1 LOCOK 1 LOCOK LOCCancel 1 LOCOK LOCCancel 1 LOCOK 1 LOCOK LOCCancel 1 LOCOK LOCCancel 1 LOCOK 1 LOCOK LOCCancel 1 LOCOK LOCCancel Help Guarantee My Account Careers About Us Security Wish List Partners Contact Us Shipping Transparency ACT MRF Sitemap  2022 POWELLSCOM Terms 1 LOCOK 1 LOCOK LOCCancel 1 LOCOK LOCCancel 1 LOCOK 1 LOCOK LOCCancel 1 LOCOK LOCCancel 1 LOCOK 1 LOCOK LOCCancel 1 LOCOK LOCCancel 1 LOCOK 1 LOCOK LOCCancel 1 LOCOK LOCCancel",
    "page_rank": 3.565675809534014e-05
}