{
    "Title": " You Were Born for This: Astrology for Radical Self-Acceptance ",
    "Author": "Chani Nicholas",
    "Cover Page": "https://powells-covers-2.s3.amazonaws.com/9780062840639.jpg",
    "ISBN10": "0062840630  \n",
    "ISBN13": "9780062840639",
    "Page URL": "https://powells.com/book/you-were-born-for-this-9780062840639",
    "raw_text": "You Were Born for This Astrology for Radical SelfAcceptance Chani Nicholas Hardcover 9780062840639 Powells Books Cart   my account  wish list  help  8008787323 Hello\n Login MENU Browse New Arrivals Bestsellers Featured Preorders Award Winners Audio Books See All Subjects Used Staff Picks Staff Picks Picks of the Month Bookseller Displays 50 Books for 50 Years 25 Best 21st Century SciFi  Fantasy 25 PNW Books to Read Before You Die 25 Books From the 21st Century 25 Memoirs to Read Before You Die 25 Global Books to Read Before You Die 25 Women to Read Before You Die 25 Books to Read Before You Die Gifts Gift Cards  eGift Cards Powells Souvenirs Journals and Notebooks socks Games Sell Books Blog Events Find A Store Dont Miss BIG SALE 20 off sitewide Picks of the Season What Im Giving Great Gifts Under 25 Best Books of 2022 Powells Author Events Oregon Battle of the Books Audio Books Visit Our Stores Powells Books 14 Gift Ideas From 14 of Our Favorite Authors 0 comment Every year Powells reaches out to some of our favorite authors for some muchneeded giftgiving inspiration Below are 14 writerapproved recommendations to help you find the perfect book for even your mostdifficulttobuyfor loved one Read More  Powells Staff Best Books of 2022 Fiction 1 comment Kelsey Ford 6 Haunting Native American Horror Books 1 comment 1 LOCOK 1 LOCOK LOCCancel 1 LOCOK LOCCancel You Were Born for This Astrology for Radical SelfAcceptance by Chani Nicholas Comment on this title Synopses  Reviews ISBN13 9780062840639 ISBN10 0062840630 Condition Standard DustJacket Standard All Product Details View Larger Image View Larger Images 1750 List Price 2499 Used Hardcover Ships in 1 to 3 days Qty Store 1 Cedar Hills From Powellscom Powells Picks of the Month Hot new releases and undertheradar gems for adults and kids Staff Pick Chani Nicholas is beloved by many Powells employees myself included and for very good reason Nicholas approaches astrology as a path to selfknowledge empowerment and social justice using humor and straight talk to help you learn more about yourself and the world around you Great for newbies and experts alike Recommended By Leah C Powellscom Synopses  Reviews Publisher Comments From beloved astrologer Chani Nicholas comes an essential guide for radical selfacceptance Your weekly horoscope is merely one crumb of astrologys cake In her first book You Were Born For This  Chani shows how your birth chart  a snapshot of the sky at the moment you took your first breath  reveals your unique talents challenges and opportunities Fortified with this knowledge you can live out the life you were born to Marrying the historic traditions of astrology with a modern approach You Were Born for This explains the key components of your birth chart in an easy to use choose your own adventure style With journal prompts reflection questions and affirmations personal to your astrological makeup this book guides you along the path your chart has laid out for you Chani makes the wisdom of your birth chart accessible with three foundational keys The First Key Your Sun Your Lifes Purpose The Second Key Your Moon Your Physical and Emotional Needs The Third Key Your Ascendant and Its Ruler Your Motivation for Life and the Steersperson of Your Ship Astrology is not therapy but it is therapeutic In a world in which we are taught to look outside of ourselves for validation You Were Born for This brings us inward to commit to ourselves and our lifes purpose Review Make no mistake Chani Nicholas is a poet The compassion and insight she stitches into every sentence amounts to a kind of grace Every page in this book reminds us we can do more than merely weather our personal storms we can dance in the rain and learn from it Saeed Jones author of How We Fight For Our Lives Review These times call for Chani Nicholas signature and pioneering blend of spiritual insight and woke political urgencya book brimming with great astrological information in easily digestible bites Youll understand yourself so much better after you read this book Brittney Cooper author of Eloquent Rage A Black Feminist Discovers Her Superpower Review A glorious exploration not of selffulfilling prophecies but a lifeaffirming guide on how to be an engaged intentional participant in your truest purpose This book teaches you that you dont have to be a passenger to fate or a victim to history A valuable dazzling resource Chani Nicholas has given us an owners manual for our individual destinies Mary HK Choi New York Times bestselling author Review Chani presents an introduction to astrology that is at once extremely approachable and incredibly meticulous opening up an entire galaxy of possibilities for you and the life youre living Philip Picardi editor in chief of Out Magazine About the Author CHANI NICHOLAS is a Los Angelesbased Webby awardwinning astrologer with a community of over 1 million monthly readers She has been a counseling astrologer for more than 20 years guiding people to discover and live out their lifes purpose through understanding their birth chart She has been featured in The New York Times Los Angeles Times Rolling Stone The New Yorker The Atlantic  and on Netflix What Our Readers Are Saying Be the first to share your thoughts on this title Product Details ISBN 9780062840639 Binding Hardcover Publication date 01072020 Publisher HARPERCOLLINS PUBLISHERS Pages 288 Height 89IN Width 550IN Author Chani Nicholas 1750 List Price 2499 Used Hardcover Ships in 1 to 3 days Qty Store 1 Cedar Hills More copies of this ISBN New Hardcover 2499 1 LOCOK 1 LOCOK LOCCancel 1 LOCOK LOCCancel 1 LOCOK 1 LOCOK LOCCancel 1 LOCOK LOCCancel 1 LOCOK 1 LOCOK LOCCancel 1 LOCOK LOCCancel 1 LOCOK 1 LOCOK LOCCancel 1 LOCOK LOCCancel Help Guarantee My Account Careers About Us Security Wish List Partners Contact Us Shipping Transparency ACT MRF Sitemap  2022 POWELLSCOM Terms 1 LOCOK 1 LOCOK LOCCancel 1 LOCOK LOCCancel 1 LOCOK 1 LOCOK LOCCancel 1 LOCOK LOCCancel 1 LOCOK 1 LOCOK LOCCancel 1 LOCOK LOCCancel 1 LOCOK 1 LOCOK LOCCancel 1 LOCOK LOCCancel",
    "page_rank": 2.690019617421446e-05
}