{
    "Title": " Russian Course the New Penguin A Complete Course for Beginners ",
    "Author": "Brown, Nicholas J.",
    "Cover Page": "https://powells-covers-2.s3.amazonaws.com/9780140120417.jpg",
    "ISBN10": "0140120416  \n",
    "ISBN13": "9780140120417",
    "Page URL": "https://powells.com/book/russian-course-the-new-penguin-a-complete-course-for-beginners-9780140120417",
    "raw_text": "Russian Course the New Penguin A Complete Course for Beginners Penguin Trade Paperback 9780140120417 Powells Books Cart   my account  wish list  help  8008787323 Hello\n Login MENU Browse New Arrivals Bestsellers Featured Preorders Award Winners Audio Books See All Subjects Used Staff Picks Staff Picks Picks of the Month Bookseller Displays 50 Books for 50 Years 25 Best 21st Century SciFi  Fantasy 25 PNW Books to Read Before You Die 25 Books From the 21st Century 25 Memoirs to Read Before You Die 25 Global Books to Read Before You Die 25 Women to Read Before You Die 25 Books to Read Before You Die Gifts Gift Cards  eGift Cards Powells Souvenirs Journals and Notebooks socks Games Sell Books Blog Events Find A Store Dont Miss BIG SALE 20 off sitewide Picks of the Season What Im Giving Great Gifts Under 25 Best Books of 2022 Powells Author Events Oregon Battle of the Books Audio Books Visit Our Stores Powells Books 14 Gift Ideas From 14 of Our Favorite Authors 0 comment Every year Powells reaches out to some of our favorite authors for some muchneeded giftgiving inspiration Below are 14 writerapproved recommendations to help you find the perfect book for even your mostdifficulttobuyfor loved one Read More  Powells Staff Best Books of 2022 Fiction 1 comment Kelsey Ford 6 Haunting Native American Horror Books 1 comment 1 LOCOK 1 LOCOK LOCCancel 1 LOCOK LOCCancel Russian Course the New Penguin A Complete Course for Beginners by Brown Nicholas J Comment on this title Synopses  Reviews ISBN13 9780140120417 ISBN10 0140120416 Condition Standard All Product Details View Larger Image View Larger Images 1495 List Price 2200 Used Trade Paperback Ships in 1 to 3 days Qty Store 1 Burnside Synopses  Reviews Publisher Comments The New Penguin Russian Course is designed to provide students with an excellent command of basic Russian Ideal as a selftutor or as a supplement for those attending language classes it aims to take the reader to the equivalent of Alevel standard The emphasis is on acquiring vocabulary experiencing conversational language and learning useful grammar The New Penguin Russian Course contains a key to all exercises English translations of all the Russian texts a vocabulary of over 1500 words common expressions and full explanations of essential grammar points revision exercises at fivelesson intervals and a glossary of grammatical terms With thirty lessons to take you to profiency The New Penguin Russian Course is an accessible and indispensable companion to gaining a practical knowledge of Russian Synopsis Whether youre learning alone or attending classes youll find this complete Russian language course for beginners both accessible and indispensable Designed to provide the student with an excellent command of basic Russian the equivalent of A level standard the book features thirty lessons punctuated by revision exercises to ensure you have fully understood what you have learned The emphasis is on acquiring vocabulary experiencing conversational language and learning useful grammar The book also includes a vocabulary of 1500 words and a glossary of grammatical terms Table of Contents The New Penguin Russian Course Introduction Acknowledgments 1 Learning to Read Russian Alphabet and Pronunciation Transliteration Street Signs 2 Russian Handwriting More on Pronunciation 3 Everyday Phrases Basic Grammar Naming Things Basic Grammar Gender Map of Russia 4 Doing Things  Verbs Personal Pronouns Present Tense Conjugations Word Stress Nouns and Cases Conversation in the Metro 5 Asking Questions The Prepositional Case Indeclinable Nouns Dialogues 6 Possession Going Places The Accusative Case Russian Personal Names Dialogues 7 Describing Things Adjectives Masculine Feminine and Neuter Adjectives What kind of This and That Prepositional and Accusative Cases of Adjectives Adverbs Moscow Street Map 8 Plurals Spelling Rules Buying Things Spelling Rule 1 Is There Spelling Rule 2 Map of Europe 9 Numbers The Genitive Case 15000 Genitive Singular and Plural Quantities Roubles and Dollars Buying Things Street Market 10 To Have More on the Genitive Genitive Pronouns There Isnt Prepositions Taking the Genitive Genitive of Adjectives Whether Dialogues 11 The Past Reflexive Verbs The Founding of St Petersburg 12 The Future Aspect The Dative Case Imperfective and Perfective To Want Dative To Give To Please Spelling Rules 3 and 4 Prepositional Plural In the Restaurant Visiting Friends 13 Aspect in the Past Use of Tenses Aspect of the Infinitive Reported Speech More about Whether Dialogue 14 Aspect in the Future Impersonal Constructions Dialogue 15 Requests and the Imperative Summary of Aspect Use Two Lost Tourists Phoning a Bureaucrat 16 The Instrumental Case TOT and T\u00d3T Declension of Surnames A Family at Home Volodia and the KGB 17 Time Date Age Ordinal Numbers Months Years The Daily Life of Chaikovskii Tchaikovsky 18 The Comparative Superlatives Relative Clauses with Who Which Victor Wants to Meet Mary Siberian Superlatives Map of Siberia 19 The Conditional Obligation Prefixes Mary Seeks an AbsentMinded Professor 20 Verbs of Motion Going Running Bringing Travelling Around Tania in Motion 21 Possession Purpose Mr Thornwaite Doesnt Like His Hotel Was Turgenev a Revolutionary 22 Fun with Numbers Declension of Numbers Both Collective Numerals Fractions Soviet Divorce Statistics 23 Time Expressions When How Long Vadim and Eva Mr Kuznetsov and Mr Pope 24 Negation Place of He Nothing Nobody Never A Pineapple but No Bananas 25 Diminutives Proper Names Politeness The Fox and the RollingPin 26 Indefinite Pronouns Word Order Writing Letters A Letter to Mrs Pope 27 Participles Types and Stress A Classic Film 28 Verbal Adverbs Peter the Great A Recipe for Mushroom Solianka 29 Bookish Style Active Participles Punctuation ShortForm Adjectives Vladivostok The Winter Palace 30 Abbreviations Names of Russian Letters Particles A Complete Chekhov Story Fat and Thin Grammatical Tables The Four Spelling Rules RussianEnglish Vocabulary EnglishRussian Vocabulary Key to Exercises and Translation of Texts Glossary of Grammatical Terms Index 5 2 What Our Readers Are Saying Share your thoughts on this title Average customer rating 5 2 comments  underworld_lucid_dreamer  August 18 2008 view all comments by underworld_lucid_dreamer Answering the last reviewers question\nNo There isnt but you can get The Berlitz Basic Russian Workbook\nAs for the book it is the most authoritative textbook out there If you go to any forums where learning Russian is discussed the name of the book will always come up The only shortcoming of this book is the lack of an audio CD that will help you with the pronunciation Thats why you may need to get The Teach Yourself Russian Complete Course but this is not really necessary as you can always work on your accent later\nIf youre serious about learning Russian and dont have plenty of money to spend then this definitely is the book to get You can find a lot of websites that will help you with your pronunciation or you can buy the Abby Lingvo dictionary which is going to be useful on the long run\nAs for the first lesson there are a lot of YouTube videos that will help you practice your Cyrillic After that youll be going at a good rate You wont be having any problems with Cyrillic by the time you reach the tenth lessonout of 30 Was this comment helpful  Yes  No 1 of 1 readers found this comment helpful report this\ncomment  danmat2  June 28 2006 Are there any additional exercises online that go with the chapters Was this comment helpful  Yes  No 3 of 4 readers found this comment helpful report this\ncomment Product Details ISBN 9780140120417 Binding Trade Paperback Publication date 12011996 Publisher PENGUIN PUTNAM TRADE Pages 528 Height 91IN Width 514IN Thickness 75 Age Range 18 and up Grade Range 13 and up Number of Units 1 Copyright Year 1996 Series Volume v 9 no 4 UPC Code 2800140120419 Author Penguin Author Nicholas J Brown Author Nicholas J Brown Subject Foreign LanguagesRussian Subject Russian language  Grammar Subject Textbooks for foreign speakers Subject Russian language Subject English 1495 List Price 2200 Used Trade Paperback Ships in 1 to 3 days Qty Store 1 Burnside More copies of this ISBN New Trade Paperback 2200 Used Trade Paperback 1550 1 LOCOK 1 LOCOK LOCCancel 1 LOCOK LOCCancel 1 LOCOK 1 LOCOK LOCCancel 1 LOCOK LOCCancel 1 LOCOK 1 LOCOK LOCCancel 1 LOCOK LOCCancel 1 LOCOK 1 LOCOK LOCCancel 1 LOCOK LOCCancel Help Guarantee My Account Careers About Us Security Wish List Partners Contact Us Shipping Transparency ACT MRF Sitemap  2022 POWELLSCOM Terms 1 LOCOK 1 LOCOK LOCCancel 1 LOCOK LOCCancel 1 LOCOK 1 LOCOK LOCCancel 1 LOCOK LOCCancel 1 LOCOK 1 LOCOK LOCCancel 1 LOCOK LOCCancel 1 LOCOK 1 LOCOK LOCCancel 1 LOCOK LOCCancel",
    "page_rank": 3.913272903405283e-05
}