{
    "Title": " The Storyteller: Tales of Life & Music ",
    "Author": "Dave Grohl",
    "Cover Page": "https://covers.powells.com/9780063076099.jpg",
    "ISBN10": "0063076098  \n",
    "ISBN13": "9780063076099",
    "Page URL": "https://powells.com/book/the-storyteller-9780063076099",
    "raw_text": "The Storyteller Tales of Life and Music Dave Grohl Hardcover 9780063076099 Powells Books Cart   my account  wish list  help  8008787323 Hello\n Login MENU Browse New Arrivals Bestsellers Featured Preorders Award Winners Audio Books See All Subjects Used Staff Picks Staff Picks Picks of the Month Bookseller Displays 50 Books for 50 Years 25 Best 21st Century SciFi  Fantasy 25 PNW Books to Read Before You Die 25 Books From the 21st Century 25 Memoirs to Read Before You Die 25 Global Books to Read Before You Die 25 Women to Read Before You Die 25 Books to Read Before You Die Gifts Gift Cards  eGift Cards Powells Souvenirs Journals and Notebooks socks Games Sell Books Blog Events Find A Store Dont Miss BIG SALE 20 off sitewide Picks of the Season What Im Giving Great Gifts Under 25 Best Books of 2022 Powells Author Events Oregon Battle of the Books Audio Books Visit Our Stores Powells Books 14 Gift Ideas From 14 of Our Favorite Authors 0 comment Every year Powells reaches out to some of our favorite authors for some muchneeded giftgiving inspiration Below are 14 writerapproved recommendations to help you find the perfect book for even your mostdifficulttobuyfor loved one Read More  Powells Staff Best Books of 2022 Fiction 1 comment Kelsey Ford 6 Haunting Native American Horror Books 1 comment 1 LOCOK 1 LOCOK LOCCancel 1 LOCOK LOCCancel The Storyteller Tales of Life  Music by Dave Grohl Comment on this title Synopses  Reviews ISBN13 9780063076099 ISBN10 0063076098 Condition Standard DustJacket Standard All Product Details View Larger Image View Larger Images 2100 List Price 2999 Used Hardcover Ships in 1 to 3 days Qty Store 2 Burnside Staff Pick The Storyteller recreates Dave\u00a0Grohls\u00a0journey as a child in Springfield Virginia learning to play the guitar at 12 and then joining the\u00a0DC\u00a0punk band Scream\u00a0at 17 and a little threepiece band called Nirvana in 1990\u00a0Grohls\u00a0path with the Foo Fighters his activism\u00a0in gun control and LGBTQ rights and experiences raising a\u00a0family while on the road are all explored in this highly anticipated collection of essays\u00a0by\u00a0a\u00a0talented and prolific\u00a0musician one whos largely\u00a0responsible for the fabric of the rock music landscape from the 1990s and beyond Recommended By Kim T Powellscom Synopses  Reviews Publisher Comments So Ive written a book Having entertained the idea for years and even offered a few questionable opportunities Its a piece of cake Just do 4 hours of interviews find someone else to write it put your face on the cover and voila I have decided to write these stories just as I have always done in my own hand The joy that I have felt from chronicling these tales is not unlike listening back to a song that Ive recorded and cant wait to share with the world or reading a primitive journal entry from a stained notebook or even hearing my voice bounce between the Kiss posters on my wall as a child This certainly doesnt mean that Im quitting my day job but it does give me a place to shed a little light on what its like to be a kid from Springfield Virginia walking through life while living out the crazy dreams I had as young musician From hitting the road with Scream at 18 years old to my time in Nirvana and the Foo Fighters jamming with Iggy Pop or playing at the Academy Awards or dancing with ACDC and the Preservation Hall Jazz Band drumming for Tom Petty or meeting Sir Paul McCartney at Royal Albert Hall bedtime stories with Joan Jett or a chance meeting with Little Richard to flying halfway around the world for one epic night with my daughtersthe list goes on I look forward to focusing the lens through which I see these memories a little sharper for you with much excitement Review Grohl candidly shares his reverence for the enduring power of music Reflecting on his fame Grohl writes I have never taken a single moment of it for granted Paired with his sparkling wit this humility is what makes Grohls soulful story a cut above typical rock memoirs There isnt a dull moment here Publishers Weekly starred review About the Author Dave Grohl is a 16time Grammywinning musician and 2time Emmywinning director 5 1 What Our Readers Are Saying Share your thoughts on this title Average customer rating 5 1 comments  David Britton  January 14 2022 view all comments by David Britton As the title suggests reading The Storyteller is like hanging with Dave over a few beers on a warm summer evening listening to him tell stories I call it a book and hesitate to call it an autobiography or even a memoir I wouldnt say he is holding back but hes definitely not telling his whole life story For instance he barely mentions his first marriage What was her name even No idea Not really much about his second and current marriage either though its obviously gone a lot better and hes probably a finalist for Best Dad in the Universe Nope  hes not baring his soul here no discussion of inner demons Probably because as far as I can tell there are no demons The same positive outlook on life that comes through in Grohls music has helped him get through a sometimes brutal existence as a touring musician in a notsofamous punkrock band without the need to selfmedicate through heroin or cocaine or both that is so common among his peers Coors Light and Tequila shots do NOT count Dave Are you sure youre even a rock star But the main difference I think is that Grohl has an amazing mother who loved the hell out of him and has supported him unconditionally in all things If anybody is cast as the hero of this story its her Was this comment helpful  Yes  No 6 of 6 readers found this comment helpful report this\ncomment Product Details ISBN 9780063076099 Binding Hardcover Publication date 10052021 Publisher HARPERCOLLINS PUBLISHERS Pages 384 Author Dave Grohl 2100 List Price 2999 Used Hardcover Ships in 1 to 3 days Qty Store 2 Burnside More copies of this ISBN New Hardcover 2999 1 LOCOK 1 LOCOK LOCCancel 1 LOCOK LOCCancel 1 LOCOK 1 LOCOK LOCCancel 1 LOCOK LOCCancel 1 LOCOK 1 LOCOK LOCCancel 1 LOCOK LOCCancel 1 LOCOK 1 LOCOK LOCCancel 1 LOCOK LOCCancel Help Guarantee My Account Careers About Us Security Wish List Partners Contact Us Shipping Transparency ACT MRF Sitemap  2022 POWELLSCOM Terms 1 LOCOK 1 LOCOK LOCCancel 1 LOCOK LOCCancel 1 LOCOK 1 LOCOK LOCCancel 1 LOCOK LOCCancel 1 LOCOK 1 LOCOK LOCCancel 1 LOCOK LOCCancel 1 LOCOK 1 LOCOK LOCCancel 1 LOCOK LOCCancel",
    "page_rank": 5.1968131133051935e-05
}