{
    "Title": " Pantsdrunk Kalsarikanni The Finnish Path to Relaxation ",
    "Author": "Miska Rantanen",
    "Cover Page": "https://powells-covers-2.s3.amazonaws.com/9780062855893.jpg",
    "ISBN10": "0062855891  \n",
    "ISBN13": "9780062855893",
    "Page URL": "https://powells.com/book/-9780062855893",
    "raw_text": "Pantsdrunk Kalsarikanni The Finnish Path to Relaxation Miska Rantanen Hardcover 9780062855893 Powells Books Cart   my account  wish list  help  8008787323 Hello\n Login MENU Browse New Arrivals Bestsellers Featured Preorders Award Winners Audio Books See All Subjects Used Staff Picks Staff Picks Picks of the Month Bookseller Displays 50 Books for 50 Years 25 Best 21st Century SciFi  Fantasy 25 PNW Books to Read Before You Die 25 Books From the 21st Century 25 Memoirs to Read Before You Die 25 Global Books to Read Before You Die 25 Women to Read Before You Die 25 Books to Read Before You Die Gifts Gift Cards  eGift Cards Powells Souvenirs Journals and Notebooks socks Games Sell Books Blog Events Find A Store Dont Miss BIG SALE 20 off sitewide Picks of the Season What Im Giving Great Gifts Under 25 Best Books of 2022 Powells Author Events Oregon Battle of the Books Audio Books Visit Our Stores Powells Books 14 Gift Ideas From 14 of Our Favorite Authors 0 comment Every year Powells reaches out to some of our favorite authors for some muchneeded giftgiving inspiration Below are 14 writerapproved recommendations to help you find the perfect book for even your mostdifficulttobuyfor loved one Read More  Powells Staff Best Books of 2022 Fiction 1 comment Kelsey Ford 6 Haunting Native American Horror Books 1 comment 1 LOCOK 1 LOCOK LOCCancel 1 LOCOK LOCCancel Pantsdrunk Kalsarikanni The Finnish Path to Relaxation by Miska Rantanen Comment on this title Synopses  Reviews ISBN13 9780062855893 ISBN10 0062855891 Condition Like New All Product Details View Larger Image View Larger Images 898 List Price 1999 Used Hardcover Ships in 1 to 3 days Qty Store 3 Burnside 2 Cedar Hills Synopses  Reviews Publisher Comments Danes have hygge Swedes have lagom But the Finns have the best  kalsariokanni or pantsdrunk  drinking at home alone in your underwear When it comes to happiness rankings Finland always scores near the top Many Finnish phenomena set the bar high the best education system gender equality a flourishing welfare state sisu or bullheaded pluck Behind all of these accomplishments lies a Finnish ability to stay calm healthy and content in a riptide of endless tasks and temptations The ability comes from the practice of kalsarikanni translated as pantsdrunk Peel off your clothes down to your underwear Place savory or sweet snacks within reach alongside your bed or sofa Make sure your television remote control is nearby along with any and all devices to access social media Open your preferred alcohol Your journey toward inner strength higher quality of life and peace of mind has begun Review If collective cozying is not your speed theres a new Scandinavian lifestyle trend in town that may be Rather than focus on the aesthetic presentation of wellbeing Pantsdrunk involves drinking at home in your underwear Actually thats all it is Glamour After a busy workweek feel free to ditch your plans  and your pants  and stay in Instead of Netflix and chill Netflix and kalsarikannit Washington Post P\u00e4ntsdrunk is basically what happens when you refuse to let FOMO get the best of you Elite Daily The hardest part of living the p\u00e4ntsdrunk lifestyle is actually going through the mental strain of reading the book P\u00e4ntsdrunk After that you should be home free Food  Wine Synopsis Danes have hygge Swedes have lagom But the Finns have the best  kalsariokanni or pantsdrunk  drinking at home alone in your underwear When it comes to happiness rankings Finland always scores near the top Many Finnish phenomena set the bar high the best education system gender equality a flourishing welfare state sisu or bullheaded pluck Behind all of these accomplishments lies a Finnish ability to stay calm healthy and content in a riptide of endless tasks and temptations The ability comes from the practice of kalsarikanni translated as pantsdrunk Peel off your clothes down to your underwear Place savory or sweet snacks within reach alongside your bed or sofa Make sure your television remote control is nearby along with any and all devices to access social media Open your preferred alcohol Your journey toward inner strength higher quality of life and peace of mind has begun What Our Readers Are Saying Be the first to share your thoughts on this title Product Details ISBN 9780062855893 Binding Hardcover Publication date 06052018 Publisher HARPERCOLLINS PUBLISHERS Pages 176 Height 90IN Width 500IN Illustration Yes Author Miska Rantenen Author Miska Rantanen 898 List Price 1999 Used Hardcover Ships in 1 to 3 days Qty Store 3 Burnside 2 Cedar Hills More copies of this ISBN New Hardcover 1999 Used Hardcover Starting from 1350 1 LOCOK 1 LOCOK LOCCancel 1 LOCOK LOCCancel 1 LOCOK 1 LOCOK LOCCancel 1 LOCOK LOCCancel 1 LOCOK 1 LOCOK LOCCancel 1 LOCOK LOCCancel 1 LOCOK 1 LOCOK LOCCancel 1 LOCOK LOCCancel Help Guarantee My Account Careers About Us Security Wish List Partners Contact Us Shipping Transparency ACT MRF Sitemap  2022 POWELLSCOM Terms 1 LOCOK 1 LOCOK LOCCancel 1 LOCOK LOCCancel 1 LOCOK 1 LOCOK LOCCancel 1 LOCOK LOCCancel 1 LOCOK 1 LOCOK LOCCancel 1 LOCOK LOCCancel 1 LOCOK 1 LOCOK LOCCancel 1 LOCOK LOCCancel",
    "page_rank": 5.6621812181024595e-05
}