{
    "Title": " Charlies Good Tonight The Life the Times & the Rolling Stones The Authorized Biography of Charlie Watts ",
    "Author": "Paul Sexton",
    "Cover Page": "https://powells-covers-2.s3.amazonaws.com/9780063276581.jpg",
    "ISBN10": "0063276585  \n",
    "ISBN13": "9780063276581",
    "Page URL": "https://powells.com/book/charlies-good-tonight-the-life-the-times-the-rolling-stones-the-authorized-biography-of-charlie-watts-9780063276581",
    "raw_text": "Charlies Good Tonight The Life the Times  the Rolling Stones The Authorized Biography of Charlie Watts Paul Sexton Hardcover 9780063276581 Powells Books Cart   my account  wish list  help  8008787323 Hello\n Login MENU Browse New Arrivals Bestsellers Featured Preorders Award Winners Audio Books See All Subjects Used Staff Picks Staff Picks Picks of the Month Bookseller Displays 50 Books for 50 Years 25 Best 21st Century SciFi  Fantasy 25 PNW Books to Read Before You Die 25 Books From the 21st Century 25 Memoirs to Read Before You Die 25 Global Books to Read Before You Die 25 Women to Read Before You Die 25 Books to Read Before You Die Gifts Gift Cards  eGift Cards Powells Souvenirs Journals and Notebooks socks Games Sell Books Blog Events Find A Store Dont Miss BIG SALE 20 off sitewide Picks of the Season What Im Giving Great Gifts Under 25 Best Books of 2022 Powells Author Events Oregon Battle of the Books Audio Books Visit Our Stores Powells Books 14 Gift Ideas From 14 of Our Favorite Authors 0 comment Every year Powells reaches out to some of our favorite authors for some muchneeded giftgiving inspiration Below are 14 writerapproved recommendations to help you find the perfect book for even your mostdifficulttobuyfor loved one Read More  Powells Staff Best Books of 2022 Fiction 1 comment Kelsey Ford 6 Haunting Native American Horror Books 1 comment 1 LOCOK 1 LOCOK LOCCancel 1 LOCOK LOCCancel Charlies Good Tonight The Life the Times  the Rolling Stones The Authorized Biography of Charlie Watts by Paul Sexton Comment on this title Synopses  Reviews ISBN13 9780063276581 ISBN10 0063276585 All Product Details View Larger Image View Larger Images 2799 New Hardcover Ships in 1 to 3 days Qty Store 15 Burnside 8 Cedar Hills 6 Hawthorne 20 Local Warehouse Synopses  Reviews Synopsis The fully authorized and official biography of legendary Rolling Stones drummer Charlie Watts one of the worlds most revered and celebrated musicians of the last half century Charlie Watts was one of the most decorated musicians in the world having joined the Rolling Stones a few months after their formation early in 1963 A student of jazz drumming he was headhunted by the band after bumping into them regularly in Londons rhythm and blues clubs Once installed at the drum seat he didnt miss a gig album or tour in his 60 years in the band He was there throughout the swinging sixties the early shot at superstardom and the Stones world conquest and throughout the debauchery of the 1970s typified by 1972s Exile on Main St considered one of the great albums of the century By the 1980s Charlie was battling his own demons but emerged unscathed to enhance his unparalleled reputation even further over the ensuing decades Watts went through band bustups bereavements and changes in personnel managers guitarists and rhythm sections but remained the rock at the heart of the Rolling Stones for nearly 60 yearsthe thoughtful intellectual but no less compelling counterpoint to the raucousness of his bandmates Keith Richards Mick Jagger and Ronnie Wood And this is his story Synopsis The fully authorized and official biography of legendary Rolling Stones drummer Charlie Watts one of the worlds most revered and celebrated musicians of the last half century Forewords by Mick Jagger and Keith Richards Charlie Watts was one of the most decorated musicians in the world having joined the Rolling Stones a few months after their formation early in 1963 A student of jazz drumming he was headhunted by the band after bumping into them regularly in Londons rhythm and blues clubs Once installed at the drum seat he didnt miss a gig album or tour in his 60 years in the band He was there throughout the swinging sixties the early shot at superstardom and the Stones world conquest and throughout the debauchery of the 1970s typified by 1972s Exile on Main St considered one of the great albums of the century By the 1980s Charlie was battling his own demons but emerged unscathed to enhance his unparalleled reputation even further over the ensuing decades Watts went through band bustups bereavements and changes in personnel managers guitarists and rhythm sections but remained the rock at the heart of the Rolling Stones for nearly 60 yearsthe thoughtful intellectual but no less compelling counterpoint to the raucousness of his bandmates Keith Richards Mick Jagger and Ronnie Wood And this is his story What Our Readers Are Saying Be the first to share your thoughts on this title Product Details ISBN 9780063276581 Binding Hardcover Publication date 10112022 Publisher HARPERCOLLINS PUBLISHERS Pages 368 Height 128IN Width 630IN Illustration Yes Author Paul Sexton 2799 New Hardcover Ships in 1 to 3 days Qty Store 15 Burnside 8 Cedar Hills 6 Hawthorne 20 Local Warehouse Receive an email when this ISBN is available used 1 LOCOK 1 LOCOK LOCCancel 1 LOCOK LOCCancel 1 LOCOK 1 LOCOK LOCCancel 1 LOCOK LOCCancel 1 LOCOK 1 LOCOK LOCCancel 1 LOCOK LOCCancel 1 LOCOK 1 LOCOK LOCCancel 1 LOCOK LOCCancel Help Guarantee My Account Careers About Us Security Wish List Partners Contact Us Shipping Transparency ACT MRF Sitemap  2022 POWELLSCOM Terms 1 LOCOK 1 LOCOK LOCCancel 1 LOCOK LOCCancel 1 LOCOK 1 LOCOK LOCCancel 1 LOCOK LOCCancel 1 LOCOK 1 LOCOK LOCCancel 1 LOCOK LOCCancel 1 LOCOK 1 LOCOK LOCCancel 1 LOCOK LOCCancel",
    "page_rank": 3.8930616928632266e-05
}