{
    "Title": " Goodnight Moon Buenas Noches Luna ",
    "Author": "Margaret Wise Brown",
    "Cover Page": "https://powells-covers-2.s3.amazonaws.com/9780062367914.jpg",
    "ISBN10": "0062367919  \n",
    "ISBN13": "9780062367914",
    "Page URL": "https://powells.com/book/goodnight-moon-buenas-noches-luna-9780062367914",
    "raw_text": "Goodnight Moon Buenas Noches Luna Margaret Wise Brown Board Book 9780062367914 Powells Books Cart   my account  wish list  help  8008787323 Hello\n Login MENU Browse New Arrivals Bestsellers Featured Preorders Award Winners Audio Books See All Subjects Used Staff Picks Staff Picks Picks of the Month Bookseller Displays 50 Books for 50 Years 25 Best 21st Century SciFi  Fantasy 25 PNW Books to Read Before You Die 25 Books From the 21st Century 25 Memoirs to Read Before You Die 25 Global Books to Read Before You Die 25 Women to Read Before You Die 25 Books to Read Before You Die Gifts Gift Cards  eGift Cards Powells Souvenirs Journals and Notebooks socks Games Sell Books Blog Events Find A Store Dont Miss BIG SALE 20 off sitewide Picks of the Season What Im Giving Great Gifts Under 25 Best Books of 2022 Powells Author Events Oregon Battle of the Books Audio Books Visit Our Stores Powells Books 14 Gift Ideas From 14 of Our Favorite Authors 0 comment Every year Powells reaches out to some of our favorite authors for some muchneeded giftgiving inspiration Below are 14 writerapproved recommendations to help you find the perfect book for even your mostdifficulttobuyfor loved one Read More  Powells Staff Best Books of 2022 Fiction 1 comment Kelsey Ford 6 Haunting Native American Horror Books 1 comment 1 LOCOK 1 LOCOK LOCCancel 1 LOCOK LOCCancel Goodnight Moon Buenas Noches Luna by Margaret Wise Brown Comment on this title Synopses  Reviews ISBN13 9780062367914 ISBN10 0062367919 All Product Details View Larger Image View Larger Images 899 New Board Book Ships in 1 to 3 days Qty Store 2 Burnside 20 Local Warehouse Synopses  Reviews Publisher Comments Margaret Wise Browns classic childrens bedtime story Goodnight Moon  with timeless illustrations by Clement Hurd has lulled generations of children to sleep Now for the first time this beloved childrens book is available as a bilingual SpanishEnglish board book Synopsis This bilingual edition of the beloved classic Goodnight Moon is a perfect gentle introduction to new words in English and Spanish Any toddler and particularly those in bilingual preK programs will enjoy Goodnight MoonBuenas noches Luna Margaret Wise Browns classic childrens bedtime story Goodnight Moon  with timeless illustrations by Clement Hurd has lulled generations of children to sleep Now for the first time this beloved childrens book is available as a bilingual SpanishEnglish board book El cuento cl sico Buenas noches Luna por Margaret Wise Brown con ilustraciones perdurables de Clement Hurd ha ayudado que generaciones de ni os consigan el sue o Ahora por primera vez este apreciado libro est disponible en edici n biling e espa olingl s Margaret Wise Brown favorites in Spanish include  Margaret Wise Brown favoritos en espa ol incluyen Buen d a buenas noches  Good Day Good Night Buenas noches Luna  Goodnight Moon El conejito andar n  The Runaway Bunny El gran granero rojo  Big Red Barn Mi mundo  My World Synopsis Everyones favorite bedtime book now in a bilingual edition El libro favorite para dormer ahora en edici\u00f3n biling\u00fce About the Author Few writers have been as attuned to the concerns and emotions of childhood as Margaret Wise Brown 19101952 A graduate of Hollins College and the progressive Bank Street College of Education she combined her literary aspirations with the study of child development Her unique ability to see the world through a childs eyes is unequaled Her many classic books continue to delight thousands of young listeners and readers year after year Muy pocos escritores de literatura infantil han logrado captar las emociones e inquietudes de la ni\u00f1ez como Margaret Wise Brown 19101952 Sus numerosos y ya cl\u00e1sicos libros y grabaciones contin\u00faan deleitando a lectores y oyentes de todas las edades Clement Hurd 19081988 is best known for illustrating Goodnight Moon and The Runaway Bunny  the classic picture books by Margaret Wise Brown He studied painting in Paris with Fernand L\u00e9ger and others in the early 1930s After his return to the United States in 1935 he began to work in childrens books He illustrated more than one hundred books many of them with his wife Edith Thacher Hurd including the Johnny Lion books The Day the Sun Danced  and The Merry Chase  A native of New York City he lived most of his life in Vermont and California Clement Hurd 19081988 se gradu\u00f3 de Yale University Estudi\u00f3 pintura en Par\u00eds en los a\u00f1os 1930 con Fernand L\u00e9ger entre otros All\u00ed fue donde desarroll\u00f3 su estilo caracter\u00edstico compuesto de colores de fuerte contraste Hurd estuvo casado con la escritora Edith Thacher Hurd con quien tambi\u00e9n cre\u00f3 muchos libros que se convirtieron en favoritos de los ni\u00f1os What Our Readers Are Saying Be the first to share your thoughts on this title Product Details ISBN 9780062367914 Binding Board Book Publication date 09302014 Publisher HarperCollins Pages 34 Height 60IN Width 580IN Thickness 50 Age Range 4 to 8 Grade Range P to 3 Illustration Yes UPC Code 9780062367914 Author Clement Hurd Author Margaret Wise Brown Author Clement ILT Hurd Author Margaret Wise Brown Subject Childrens classics 899 New Board Book Ships in 1 to 3 days Qty Store 2 Burnside 20 Local Warehouse Receive an email when this ISBN is available used 1 LOCOK 1 LOCOK LOCCancel 1 LOCOK LOCCancel 1 LOCOK 1 LOCOK LOCCancel 1 LOCOK LOCCancel 1 LOCOK 1 LOCOK LOCCancel 1 LOCOK LOCCancel 1 LOCOK 1 LOCOK LOCCancel 1 LOCOK LOCCancel Help Guarantee My Account Careers About Us Security Wish List Partners Contact Us Shipping Transparency ACT MRF Sitemap  2022 POWELLSCOM Terms 1 LOCOK 1 LOCOK LOCCancel 1 LOCOK LOCCancel 1 LOCOK 1 LOCOK LOCCancel 1 LOCOK LOCCancel 1 LOCOK 1 LOCOK LOCCancel 1 LOCOK LOCCancel 1 LOCOK 1 LOCOK LOCCancel 1 LOCOK LOCCancel",
    "page_rank": 3.913272903405283e-05
}