{
    "Title": " Fast Food Nation The Dark Side of the All American Meal ",
    "Author": "Eric Schlosser",
    "Cover Page": "https://covers.powells.com/9780060938451.jpg",
    "ISBN10": "0060938455  \n",
    "ISBN13": "9780060938451",
    "Page URL": "https://powells.com/book/fast-food-nation-the-dark-side-of-the-all-american-meal-9780060938451",
    "raw_text": "Fast Food Nation The Dark Side of the All American Meal Eric Schlosser Trade Paperback 9780060938451 Powells Books Cart   my account  wish list  help  8008787323 Hello\n Login MENU Browse New Arrivals Bestsellers Featured Preorders Award Winners Audio Books See All Subjects Used Staff Picks Staff Picks Picks of the Month Bookseller Displays 50 Books for 50 Years 25 Best 21st Century SciFi  Fantasy 25 PNW Books to Read Before You Die 25 Books From the 21st Century 25 Memoirs to Read Before You Die 25 Global Books to Read Before You Die 25 Women to Read Before You Die 25 Books to Read Before You Die Gifts Gift Cards  eGift Cards Powells Souvenirs Journals and Notebooks socks Games Sell Books Blog Events Find A Store Dont Miss BIG SALE 20 off sitewide Picks of the Season What Im Giving Great Gifts Under 25 Best Books of 2022 Powells Author Events Oregon Battle of the Books Audio Books Visit Our Stores Powells Books 14 Gift Ideas From 14 of Our Favorite Authors 0 comment Every year Powells reaches out to some of our favorite authors for some muchneeded giftgiving inspiration Below are 14 writerapproved recommendations to help you find the perfect book for even your mostdifficulttobuyfor loved one Read More  Powells Staff Best Books of 2022 Fiction 1 comment Kelsey Ford 6 Haunting Native American Horror Books 1 comment 1 LOCOK 1 LOCOK LOCCancel 1 LOCOK LOCCancel Fast Food Nation The Dark Side of the All American Meal by Eric Schlosser Comment on this title Synopses  Reviews Read an Excerpt ISBN13 9780060938451 ISBN10 0060938455 Condition Standard All Product Details View Larger Image View Larger Images 795 List Price 1395 Used Trade Paperback Ships in 1 to 3 days Qty Store 1 Burnside 1 Cedar Hills 1 Local Warehouse Synopses  Reviews Publisher Comments To a degree both engrossing and alarming the story of fast food is the story of postwar America Though created by a handful of mavericks the fast food business has triggered the homogenization of our society Fast food has unleashed the malling of our landscape widened the chasm between rich and poor spawned an epidemic of obesity and propelled the juggernaut of American cultural imperialism abroad Thats a lengthy list of charges but Schlosser makes them stick with an artful mix of firstrate reportage wry wit and careful reasoning Schlosser has unearthed a trove of fascinating unsettling truths  from the unholy alliance between fast food and Hollywood to the source of one major chains flavors the New Jersey Turnpike to the seismic changes the industry has wrought in food production popular culture and even real estate He also uncovers fast foods enormous efforts to reel in the youngest most susceptible consumers even while it hones its institutionalized exploitation of teenagers and minorities Schlosser then turns a critical eye toward globalization  one of todays hottest topics and a phenomenon launched and fueled by fast food Fast Food Nation is a groundbreaking work of investigation and cultural history likely to transform the way America thinks about the way it eats Review While cataloguing assorted evils with the tenacity and sharp eye of the best investigative journalist he uncovers a cynical dismissive attitude to food safety in the fast food industry and widespread circumvention of the governments efforts at regulationSchlosser establishes a seminal argument for true wrongs at the core of modern America Publishers Weekly starred review Review The coming together of so many diverse social scientific and economic trends in a single industry makes this book a relevant compelling read and a cautionary tale of the many risks generated by this ubiquitous industry Booklist Review While excellently researched Fast Food Nation is not at all dull but is peppered with acerbic commentary and telling interviews Of critical importance is the end just as the reader despairs of a solution Schlosser outlines a set of remedies along with steps to get them accomplished Highly recommended Library Journal Review An exemplary blend of polemic and journalism guaranteed to put you off your lunchA tale full of sound fury and popping grease Kirkus Reviews starred review Review Americans spend more money on fast food than on higher education personal computers computer software or new cars Every month more than 90 percent of American children eat at McDonalds the average American eats three hamburgers and four orders of french fries every week Whats in all those hamburgers Theyre most likely made from the meat of wornout dairy cows generally the least healthy cattle stock which spend their days packed in feedlots full of pools of manure Each burger contains parts of dozens or even hundreds of cows increasing the likelihood that a sick one will spread its pathogens widely Until 1997 those cows by nature designed to be herbivorous were fed livestock waste  rendered remains of dead sheep and cattle along with the remains of millions of dead cats and dogs purchased every year from animal shelters Thank God the law was changed Now theyre fed only the remains of horses pigs and poultry And if you think your fries are animalfree guess again While McDonalds no longer cooks them in beef tallow a process that until 1990 gave the chains french fries more saturated fat per ounce than its burgers McDonalds still acknowledges that some of the flavor comes from animal products Eric Schlosser author of Fast Food Nation is troubled by our nations fastfood habit but what goes into the burgers and fries isnt even half the problem he says He admits that most of the fast food he ate while he wrote the book tasted pretty good It should he notes  fastfood restaurants rely heavily on the services of the billiondollar flavor industry which manufactures and sells the complex chemicals that give distinctive flavors to processed foods such as smoky chicken strawberry shakes and even flamebroiled burgers The reasons Schlosser sees fast food as a national scourge have more to do with the sheer ubiquity of the stuff  the way it has infiltrated almost every aspect of our culture transforming not only the American diet but also our landscape economy workforce and popular culture An estimated one out of every eight workers has at some point been employed by McDonalds and the nations 35 million fastfood workers are the largest group of minimumwage earners Whats more the values the fastfood industry spreads embody capitalism at its worst hostility to workers rights along with a dehumanizing emphasis on mass production and uniformity at the expense of meaningful worker training and autonomy At the same time that they invest large sums to design equipment so streamlined that it requires as little skill as possible to operate fastfood companies accept hundreds of millions of dollars in government subsidies for training their workers through programs intended to reward companies that teach job skills to the poor Schlosser also details the fastfood industrys efforts to market directly to kids Hes especially interested in the unholy alliance between McDonalds and Disney two corporations united not just in their hostility to unions and their quasifeudal style of dealing with their workers but also in their determination to infiltrate the imaginations of toddlers Of the two McDonalds has been the more successful Ninetysix percent of American children recognize Ronald McDonald Only Santa Claus rates higher In perhaps the most disturbing section of Fast Food Nation Schlosser reports on the rise in Colorado of corporate sponsorships to cover shortfalls in school districts budgets Whether its first graders learning to read or teenagers shopping for their first car we can guarantee an introduction of your product and your company to these students in the traditional setting of the classroom reads one chilling brochure for a Kids Power Marketing Conference Fastfood companies are at the leading edge of this new marketing strategy placing not just hallway ads and banners in schools but also targeted branded educational materials in classrooms produced with taxdeductible dollars With its farreaching analysis of a lowgrade sickness nibbling at the very entrails of America Fast Food Nation is a jeremiad but Schlosser never comes off as a sky is falling streetcorner raver or bullheaded fingerpointer His fury is evident but his voice is measured and his methods are subtle He eschews alarmist adjectives preferring instead to let his artfully assembled mountain of statistics and damning quotations make its own case Hes obviously arguing from the left and yet he never oozes ideology he criticizes corporate domination of the cattle industry for example by painting portraits of independent ranchers who have been run out of business The ranchers most likely to be in financial trouble today he writes are those who live the life and embody the values supposedly at the heart of the American West They are independent and selfsufficient cherish their freedom and believe in hard work  and are now paying the price Schlosser isnt opposed to the concept of fast food per se He includes examples of fastfood pioneers who marched to their own individualist beat such as Carl Karcher the founder of the Carls Jr chain Karcher is no Alice Waters but his example shows the value of stubborn hard work and honest business practices Karchers blindness to the downside of the fastfood revolution in which he played a part seems to come more from a sort of tonedeafness than from greed Even in the books grossout section on food safety Schlosser concedes that so far the slaughterhouse conditions he documents present no widespread health threat And the book ends with what can only be called a tribute to In N Out Burger of California a familyowned chain that has refused to franchise and pays the highest wages in the fastfood industry In N Out peels its own potatoes and uses fresh beef and it does without microwaves heat lamps and freezers Its ranked first in the nation in food quality service and atmosphere and the most expensive thing on the menu costs 245 So what can be done to break the grip that the rest of the fastfood industry has on us In a brief section titled What to Do Schlosser sketches possible remedies He wants to see some action by government including a single food safety agency higher standards for food safety in school cafeterias and a ban on advertising unhealthy foods to children which might then cause McDonalds for example to lower the fat content of its Happy Meals and thus make a dent down the road in the trend toward obesity He also suggests eliminating jobtraining subsidies for fastfood chains that churn through workers and dont actually help them acquire any skills as well as passing new laws to faciliate union organizing at these chains which he admits might not lead to widespread unionizing but would encourage the industry to treat workers better His final appeal to end the fastfood industrys bid for domination however is aimed not at government but at consumers Turn and walk out the door he encourages the next time youre about to buy fast food As a reader  and an eater  Im Schlossers perfect audience I consume my share of hamburgers but rarely at a fastfood chain unless Im starving and trapped on Interstate 95 Im probably as turned off by the nutritional vacuum fast food represents as I am by the specter of automaton minimumwage staffers reciting their Would you like to supersize that scripts So why did I get a sinking feeling as this altogether reasonable wellresearched and heartfelt book ended Why do I doubt that Schlosser will end up changing many minds not already sympathetic to his point let alone alter much behavior I think the main problem is Schlossers appeal to cold hard reason rather than enlightened appetite Hes right that its important to try to change public opinion about acceptable corporate behavior especially when corporations are using shady practices to control an activity as intimate and as central to our overall wellbeing as eating But Schlosser has left out a discussion of what needs to replace all those fastfood meals  the kinds of fresh foods that would be affordable accessible and familiar enough to override Americans daily cravings for fries burgers and other processed tasteengineered foods And he doesnt even approach the question of what it will take for a healthier and more varied way of eating to win over the lowincome people who are the captive market for fast food right now The improvement of the American diet in this age of rampant obesity is a complicated socioeconomic problem but its partly a question of changing tastes of educating palates  and making no apologies regardless of the implied snobbery of the project Surely Let them eat In N Out Double Doubles cant be the only answer Schlosser has certainly made his case and wed be fools to ignore him But in the end I found myself wishing that Fast Food Nation had tried to appeal more to the stomach than to the brain Maria Russo Saloncom Review  Fast Food Nation should be another wakeup call a supersize serving of common sense Atlanta Journal Constitution Synopsis Fast food has hastened the malling of our landscape widened the chasm between rich and poor fueled an epidemic of obesity and propelled American cultural imperialism abroad Thats a lengthy list of charges but here Eric Schlosser makes them stick with an artful mix of firstrate reportage wry wit and careful reasoning Schlossers mythshattering survey stretches from Californias subdivisions where the business was born to the industrial corridor along the New Jersey Turnpike where many fast foods flavors are concocted Along the way he unearths a trove of fascinating unsettling truths  from the unholy alliance between fast food and Hollywood to the seismic changes the industry has wrought in food production popular culture and even real estate He also uncovers the fast food chains disturbing efforts to reel in the youngest most susceptible consumers even while they hone their institutionalized exploitation of teenagers and minorities About the Author Eric Schlosser is a correspondent for The Atlantic Monthly He has received a number of journalistic honors including a National Magazine Award for an Atlantic article he wrote about marijuana and the war on drugs This is his first book Table of Contents Introduction 1 I The American Way 1 The Founding Fathers 13 2 Your Trusted Friends 31 3 Behind the Counter 59 4 Success 91 II Meat and Potatoes 5 Why the Fries Taste Good 111 6 On the Range 133 7 Cogs in the Great Machine 149 8 The Most Dangerous Job 169 9 Whats in the Meat 193 10 Global Realization 225 Epilogue Have It Your Way 255 Photo Credits 273 Notes 274 Bibliography 330 Acknowledgments 336 Index 339 45 4 What Our Readers Are Saying Share your thoughts on this title Average customer rating 45 4 comments  Jaime Lederer  January 01 2010 Read this years ago and I think it inspired a new dialogue about our agriculture  food system government programs and environmental issues as well as a contemporary book  movie list related and also pushed the discussion into a more mainstream culture ie Omnivores Dilemma Food Inc Supersize Me Eating Animals A definite mustread Was this comment helpful  Yes  No 9 of 17 readers found this comment helpful report this\ncomment  saturnineinch  December 20 2007 view all comments by saturnineinch In addition to his thorough intelligent expose of the American fast food industry Schlosser also provides universal insight into modern culture itself Highly recommended for anyone who wants to understand the true price of a Happy Meal Was this comment helpful  Yes  No 35 of 62 readers found this comment helpful report this\ncomment  mattamunga  January 11 2007 As a british vegetarian who has actively encouraged others to boycott McDonalds for several years now Schlossers book is a welcome ray of sunlight to the corporate onslaught that is the McDonalds machine\nWell reasoned well argued and smartly written the book flows along at a ripping pace turning a multitude of facts and statistics from meaningless numbers into dramatic and jaw dropping analysis A book for anyone and everyone this is an important peice of nonfiction writing that in the years to come will be heralded along with Spurlocks Super Size Me and Linklaters cinematic take on Fast Food Nation as the beginning of the American food revolution Was this comment helpful  Yes  No 51 of 98 readers found this comment helpful report this\ncomment  aramat_s  January 06 2007 Eric Schlosser is a very witty writer I have loaned my copy of the book out many times Ive also bought copies as gifts\nThe history of fast food is very interesting and thought provoking I found the chapters on the treatment of our future chicken nugget and double cheeseburger to be disgusting\nI encourage every American to read this book and if you are so incline also read The Meat We Eat and Food Politics Was this comment helpful  Yes  No 42 of 80 readers found this comment helpful report this\ncomment View all 4 comments Product Details ISBN 9780060938451 Binding Trade Paperback Publication date 01012002 Publisher HARPERCOLLINS PUBLISHERS Series info Cram101 Textbook Outlines Pages 128 Height 1100 in Width 825 in Thickness 27 in Series Cram101 Textbook Outlines Number of Units 1 Copyright Year 2002 Series Volume 5 UPC Code 2800060938453 Author 1st Edition Schlosser Author Cram 101 Author Cram101 Textbook Reviews Author Cram 101 Author Eric Schlosser Subject Fast food restaurants Subject Convenience foods Subject Social history Subject Food industry and trade 795 List Price 1395 Used Trade Paperback Ships in 1 to 3 days Qty Store 1 Burnside 1 Cedar Hills 1 Local Warehouse More copies of this ISBN Used Trade Paperback 895 This title in other editions New Trade Paperback 1699 Used Hardcover Starting from 595 Used Trade Paperback Starting from 650 1 LOCOK 1 LOCOK LOCCancel 1 LOCOK LOCCancel 1 LOCOK 1 LOCOK LOCCancel 1 LOCOK LOCCancel 1 LOCOK 1 LOCOK LOCCancel 1 LOCOK LOCCancel 1 LOCOK 1 LOCOK LOCCancel 1 LOCOK LOCCancel Help Guarantee My Account Careers About Us Security Wish List Partners Contact Us Shipping Transparency ACT MRF Sitemap  2022 POWELLSCOM Terms 1 LOCOK 1 LOCOK LOCCancel 1 LOCOK LOCCancel 1 LOCOK 1 LOCOK LOCCancel 1 LOCOK LOCCancel 1 LOCOK 1 LOCOK LOCCancel 1 LOCOK LOCCancel 1 LOCOK 1 LOCOK LOCCancel 1 LOCOK LOCCancel",
    "page_rank": 3.9222433904874147e-05
}