{
    "Title": " We Need To Talk About Kevin ",
    "Author": "Lionel Shriver",
    "Cover Page": "https://powells-covers-2.s3.amazonaws.com/9780061124297.jpg",
    "ISBN10": "006112429X  \n",
    "ISBN13": "9780061124297",
    "Page URL": "https://powells.com/book/-9780061124297",
    "raw_text": "We Need To Talk About Kevin Lionel Shriver Trade Paperback 9780061124297 Powells Books Cart   my account  wish list  help  8008787323 Hello\n Login MENU Browse New Arrivals Bestsellers Featured Preorders Award Winners Audio Books See All Subjects Used Staff Picks Staff Picks Picks of the Month Bookseller Displays 50 Books for 50 Years 25 Best 21st Century SciFi  Fantasy 25 PNW Books to Read Before You Die 25 Books From the 21st Century 25 Memoirs to Read Before You Die 25 Global Books to Read Before You Die 25 Women to Read Before You Die 25 Books to Read Before You Die Gifts Gift Cards  eGift Cards Powells Souvenirs Journals and Notebooks socks Games Sell Books Blog Events Find A Store Dont Miss BIG SALE 20 off sitewide Picks of the Season What Im Giving Great Gifts Under 25 Best Books of 2022 Powells Author Events Oregon Battle of the Books Audio Books Visit Our Stores Powells Books 14 Gift Ideas From 14 of Our Favorite Authors 0 comment Every year Powells reaches out to some of our favorite authors for some muchneeded giftgiving inspiration Below are 14 writerapproved recommendations to help you find the perfect book for even your mostdifficulttobuyfor loved one Read More  Powells Staff Best Books of 2022 Fiction 1 comment Kelsey Ford 6 Haunting Native American Horror Books 1 comment 1 LOCOK 1 LOCOK LOCCancel 1 LOCOK LOCCancel We Need To Talk About Kevin by Lionel Shriver Comment on this title Synopses  Reviews ISBN13 9780061124297 ISBN10 006112429X Condition Standard All Product Details View Larger Image View Larger Images 950 List Price 1599 Used Trade Paperback Ships in 1 to 3 days Qty Store 2 Hawthorne From Powellscom 25 Women to Read Before You Die The writers your life wont be complete without Staff Pick Shriver sent the manuscript of We Need to Talk about Kevin to her agent just after 911 Her agent found the book thoroughly distasteful and suggested an extensive rewrite Shriver eventually found a new agent and published the book to great success Twelve years later We Need to Talk about Kevin continues to be a timely and necessary examination of evil in our society and what happens when that evil is under your own roof Its a compelling and grim read that has a trainwreck quality to it you cant seem to look away from the characters Are they despicable or wellmeaning people floundering in a situation beyond their control Recommended By Mary Jo S Powellscom Synopses  Reviews Publisher Comments A stunning examination of how tragedy affects a town a marriage and a family for readers of Rosellen Browns Before and After and Jane Hamiltons A Map of the World  That neither nature nor nurture bears exclusive responsibility for a childs character is selfevident But such generalizations provide cold comfort when its your own son whos just opened fire on his fellow students and whose class photograph  with its unseemly grin  is blown up on the national news The question of whos to blame for teenage atrocity tortures our narrator Eva Khatchadourian Two years ago her son Kevin murdered seven of his fellow highschool students a cafeteria worker and a popular algebra teacher Because he was only fifteen at the time of the killings he received a lenient sentence and is now in a prison for young offenders in upstate New York Telling the story of Kevins upbringing Eva addresses herself to her estranged husband through a series of letters Fearing that her own shortcomings may have shaped what her son has become she confesses to a deep longstanding ambivalence about both motherhood in general and Kevin in particular How much is her fault We Need to Talk About Kevin offers no pat explanations for why so many white welltodo adolescents  whether in Pearl Paducah Springfield or Littleton  have gone nihilistically off the rails while growing up in suburban comfort Instead Lionel Shriver tells a compelling absorbing and resonant story while framing these horrifying tableaux of teenage carnage as metaphors for the larger tragedy  the tragedy of a country where everything works nobody starves and anything can be bought but a sense of purpose Review A harrowing psychologically astute sometimes even darkly humorous novel with a cleareyed hardwon ending and a toughminded sense of the difficult often painful human enterprise Publishers Weekly Review Crisply crafted sentences that cut to the boneNever letting up on the tension Shriver ensures that like Eva the reader grapples with unhealed wounds Deborah Donovan Booklist Starred Review Review A slow magnetic descent into hell that is as fascinating as it is disturbing Cleveland Plain Dealer Review Through Evas voice Shriver offers a complex look at the factors that go into a parentchild relationship and at what point if any a parent can decide if a child is a hopeless case Library Journal Review Powerful and harrowing Entertainment Weekly Review Ms Shriver takes a calculated riskbut the gamble pays off as she strikes a tone of compelling intimacy Wall Street Journal Review Furiously imagined Seattle Times Review Impossible to put down Boston Globe Review An underground feminist hit New York Observer Review Furiously imagined Seattle Times Review A slow magnetic descent into hell that is as fascinating as it is disturbing Cleveland Plain Dealer Review Shriver handles this material with its potential for cheap sentiment and soap opera plot with rare skill and sense Newark Star Ledger About the Author Lionel Shrivers novels include The New Republic  So Much for That  The PostBirthday World  and the international bestseller We Need to Talk About Kevin  Her journalism has appeared in The Guardian  the New York Times  the Wall Street Journal  and many other publications Exclusive Essay Read an exclusive essay by Lionel Shriver 42 5 What Our Readers Are Saying Share your thoughts on this title Average customer rating 42 5 comments  Annelle  January 14 2012 view all comments by Annelle omg i just finished this book and all i can say is wow this one amazing story of how mother comes to terms with what she was dealt with for kids it is erie understanding heartwarming and heartwreching i had reread parts of it espically at the end i had thought that Eva and Franklin were actually separated not as one will read the real part i made me rethink a lot of thigs in life wow Was this comment helpful  Yes  No 1 of 2 readers found this comment helpful report this\ncomment  Angie K  January 05 2012 view all comments by Angie K A devastating and intelligent piece of work It is rare to find writing with this level of commitment Was this comment helpful  Yes  No 1 of 2 readers found this comment helpful report this\ncomment  Rami  September 20 2011 view all comments by Rami We Need To Talk About Kevin is a gripping emotional look at a story that is all too often looked over We know all about the killer and the killed but always very little about the killers family and the effect it has on them In this novel we are given letters dripping with regret written by Kevins mother Eva to her estranged husband The letters give us an insight into a much more internal world of the killer\nAll in all Id say it was a great book The language used was fittingly aristocratic reflecting Evas often snobbish outlook on life The story gave a much needed voice to the mothers of the murderers Was this comment helpful  Yes  No 4 of 6 readers found this comment helpful report this\ncomment  Gypsi  January 21 2011 view all comments by Gypsi In We Need to Talk About Kevin Ms Shriver attempts to tell the story of events reasons undercurrents leading up to a school massacre The story is told from the point of view of Eva the mother of the murderer in the form of letters Eva is writing to her husband\nThis is a very large undertaking and the premise is great Ms Shriver has an excellent story to tell and at times it is well told and even gripping\nUnfortunately the very style of the story letters describing events to a person who was there was a draw back It made for very awkward language as Eva told Franklin what he already knew with such phrases as You told me    You gave me    and gave a very egocentric feel to the novel from the first page as Eva describes her her life to one who knows it intimately I suppose this was to set up for surprises later in the book but it simply didnt work\nThe story of Evas relationship with her husband and son would have made for interesting reading but it was so hard to get past the fact that I was reading a novel due to the selfimportant and unrealistic style and language This is a novel and the reader is not going to forget it There were times though that the story was interesting enough for me to over look this hence the 2 stars instead of 1 but those instances were few\nIn addition We Need to Talk About Kevin is simply too long Ms Shriver spends too much time on details and issues that dont add to the story and that could easily have been pared Other school shooting incidents discussed in detail the 2000 election fiasco in Florida referred to again and again feelings examined in minutiae   This book weighs in at 400 pages in oversized paperback and would probably have been a good novel if 14 of that had been left out\nAnother difficulty I had with We Need to Talk About Kevin was the discussions generally arguments between Eva and Franklin recounted in detail by Eva to Franklin despite the fact he was there about their son These conversations were not realistic read like how a young person might imagine adults talk and certainly did not read like adults talking about their own children Perhaps Ms Shriver intended this used it show the difficulty between Eva and Franklin Perhaps but to this reader it did have any purposeful use and made reading even more difficult\nDue to the overscrutiny the selfimportance and the length by the time the book ended the surprise was no surprise and the ending was simply a relief If Ms Shriver had kept with just the basic story and had Eva give it in a different format this could have been a stellar read As it is I advise you give it a miss Was this comment helpful  Yes  No 1 of 3 readers found this comment helpful report this\ncomment  JLH3179  May 06 2010 view all comments by JLH3179 This is one of the most phenomenal books I have read in quite some time Told from the point of view of a mother whose son commits a Columbinetype school shooting the book unfolds through letters from the mother to her husband Kevins father You see the boy grow from an isolated child into a disturbing manipulative teenager and a threat to his parents sister and peers You also see the mother transform from an independent travel writer happy in her marriage to a somewhat reluctant and resentful mother of a difficult child Although this may seem a sensationalist topic Lionel Shriver makes it an astute portrayal of family life and its expectations and disappointments The book is very wellwritten and with plenty of twists even if you think you already know the outcome I have read it multiple times and it never ceases to keep me entertained and keep me thinking Highly recommended Was this comment helpful  Yes  No 9 of 16 readers found this comment helpful report this\ncomment View all 5 comments Product Details ISBN 9780061124297 Binding Trade Paperback Publication date 07032006 Publisher HARPERCOLLINS PUBLISHERS Pages 432 Height 110IN Width 530IN Thickness 100 Series PS Number of Units 1 Copyright Year 2006 UPC Code 2800061124299 Author Lionel Shriver Author Lionel Shriver Subject LiteratureA to Z Subject General Fiction Subject Teenage boys Subject Situations  Death  Dying 950 List Price 1599 Used Trade Paperback Ships in 1 to 3 days Qty Store 2 Hawthorne More copies of this ISBN New Trade Paperback 1799 Used Trade Paperback 1050 This title in other editions Used Trade Paperback Starting from 850 1 LOCOK 1 LOCOK LOCCancel 1 LOCOK LOCCancel 1 LOCOK 1 LOCOK LOCCancel 1 LOCOK LOCCancel 1 LOCOK 1 LOCOK LOCCancel 1 LOCOK LOCCancel 1 LOCOK 1 LOCOK LOCCancel 1 LOCOK LOCCancel Help Guarantee My Account Careers About Us Security Wish List Partners Contact Us Shipping Transparency ACT MRF Sitemap  2022 POWELLSCOM Terms 1 LOCOK 1 LOCOK LOCCancel 1 LOCOK LOCCancel 1 LOCOK 1 LOCOK LOCCancel 1 LOCOK LOCCancel 1 LOCOK 1 LOCOK LOCCancel 1 LOCOK LOCCancel 1 LOCOK 1 LOCOK LOCCancel 1 LOCOK LOCCancel",
    "page_rank": 2.6015427218308596e-05
}