{
    "Title": " Dying of Politeness: A Memoir ",
    "Author": "Geena Davis",
    "Cover Page": "https://powells-covers-2.s3.amazonaws.com/9780063119130.jpg",
    "ISBN10": "0063119137  \n",
    "ISBN13": "9780063119130",
    "Page URL": "https://powells.com/book/dying-of-politeness-9780063119130",
    "raw_text": "Dying of Politeness A Memoir Geena Davis Hardcover 9780063119130 Powells Books Cart   my account  wish list  help  8008787323 Hello\n Login MENU Browse New Arrivals Bestsellers Featured Preorders Award Winners Audio Books See All Subjects Used Staff Picks Staff Picks Picks of the Month Bookseller Displays 50 Books for 50 Years 25 Best 21st Century SciFi  Fantasy 25 PNW Books to Read Before You Die 25 Books From the 21st Century 25 Memoirs to Read Before You Die 25 Global Books to Read Before You Die 25 Women to Read Before You Die 25 Books to Read Before You Die Gifts Gift Cards  eGift Cards Powells Souvenirs Journals and Notebooks socks Games Sell Books Blog Events Find A Store Dont Miss BIG SALE 20 off sitewide Picks of the Season What Im Giving Great Gifts Under 25 Best Books of 2022 Powells Author Events Oregon Battle of the Books Audio Books Visit Our Stores Powells Books 14 Gift Ideas From 14 of Our Favorite Authors 0 comment Every year Powells reaches out to some of our favorite authors for some muchneeded giftgiving inspiration Below are 14 writerapproved recommendations to help you find the perfect book for even your mostdifficulttobuyfor loved one Read More  Powells Staff Best Books of 2022 Fiction 1 comment Kelsey Ford 6 Haunting Native American Horror Books 1 comment 1 LOCOK 1 LOCOK LOCCancel 1 LOCOK LOCCancel Dying of Politeness A Memoir by Geena Davis Comment on this title Synopses  Reviews ISBN13 9780063119130 ISBN10 0063119137 All Product Details View Larger Image View Larger Images 2899 New Hardcover Ships in 1 to 3 days Qty Store 26 Burnside 17 Cedar Hills 13 Hawthorne 20 Local Warehouse Synopses  Reviews Publisher Comments From twotime Academy Award winner and screen icon Geena Davis the surprising tale of her journey to badassery  from her epically polite childhood to roles that loaned her the strength to become a powerhouse in Hollywood At three years old Geena Davis announced she was going to be in movies Now with a slew of iconic roles and awards under her belt she has surpassed her childhood dream  but the path to finding yourself never did run smoothly In this simultaneously hilarious and candid memoir Davis regales us with tales of a career playing everything from an amnesiac assassin to the parent of a rodent her eccentric childhood her relationships and helping lead the way to gender parity in Hollywood  all while learning to be a little more badass one role at a time Dying of Politeness is a touching account of one womans journey to fight for herself and ultimately fighting for women all around the globe Review Academy Awardwinning actor Daviss spunky memoir presents her selfactualization via film roles I kicked ass onscreen way before I did so in real lifeDavis displays trademark gumption if uneven introspection in this spunky chronicle of showbiz Publishers Weekly Review With saucy selfdeprecation robust glee and touch of goofiness Davis recounts behindthescenes anecdotes from her awardwinning film and TV careerDavis memoir will be hot given its dual draw of Hollywood tales and urgently needed genderrights advocacy Booklist Review Academy Award winner Davis makes an engaging literary debut with a candid appealing memoir recounting her evolution from selfeffacing young woman to feisty activistAn entertaining and ebullient memoir Kirkus Reviews About the Author Twotime Academy Award winner Geena Davis is one of Hollywoods most respected actors having appeared in several roles that became cultural landmarks such as Thelma in Thelma  Louise  Dottie Hinson in A League of Their Own  and Mackenzie Allen in Commander in Chief  She is also a worldclass archer and is now recognized for her tireless advocacy of women and girls as Founder and Chair of the Geena Davis Institute on Gender in Media What Our Readers Are Saying Be the first to share your thoughts on this title Product Details ISBN 9780063119130 Binding Hardcover Publication date 10112022 Publisher HarperOne Language English Pages 288 Height 109IN Width 625IN Illustration Yes Author Geena Davis 2899 New Hardcover Ships in 1 to 3 days Qty Store 26 Burnside 17 Cedar Hills 13 Hawthorne 20 Local Warehouse Receive an email when this ISBN is available used This title in other editions New Compact Disc 3699 1 LOCOK 1 LOCOK LOCCancel 1 LOCOK LOCCancel 1 LOCOK 1 LOCOK LOCCancel 1 LOCOK LOCCancel 1 LOCOK 1 LOCOK LOCCancel 1 LOCOK LOCCancel 1 LOCOK 1 LOCOK LOCCancel 1 LOCOK LOCCancel Help Guarantee My Account Careers About Us Security Wish List Partners Contact Us Shipping Transparency ACT MRF Sitemap  2022 POWELLSCOM Terms 1 LOCOK 1 LOCOK LOCCancel 1 LOCOK LOCCancel 1 LOCOK 1 LOCOK LOCCancel 1 LOCOK LOCCancel 1 LOCOK 1 LOCOK LOCCancel 1 LOCOK LOCCancel 1 LOCOK 1 LOCOK LOCCancel 1 LOCOK LOCCancel",
    "page_rank": 2.7475505454329176e-05
}