{
    "Title": " The Happiness Project: Or, Why I Spent a Year Trying to Sing in the Morning, Clean My Closets, Fight Right, Read Aristotle, and Generally Have More Fun ",
    "Author": "Gretchen Rubin",
    "Cover Page": "https://covers.powells.com/9780061583261.jpg",
    "ISBN10": "006158326X  \n",
    "ISBN13": "9780061583261",
    "Page URL": "https://powells.com/book/the-happiness-project-9780061583261",
    "raw_text": "Happiness Project or Why I Spent a Year Trying to Sing in the Morning Clean My Closets Fight Right Read Aristotle  Generally Have More Fun Gretchen Rubin Trade Paperback 9780061583261 Powells Bo Cart   my account  wish list  help  8008787323 Hello\n Login MENU Browse New Arrivals Bestsellers Featured Preorders Award Winners Audio Books See All Subjects Used Staff Picks Staff Picks Picks of the Month Bookseller Displays 50 Books for 50 Years 25 Best 21st Century SciFi  Fantasy 25 PNW Books to Read Before You Die 25 Books From the 21st Century 25 Memoirs to Read Before You Die 25 Global Books to Read Before You Die 25 Women to Read Before You Die 25 Books to Read Before You Die Gifts Gift Cards  eGift Cards Powells Souvenirs Journals and Notebooks socks Games Sell Books Blog Events Find A Store Dont Miss BIG SALE 20 off sitewide Picks of the Season What Im Giving Great Gifts Under 25 Best Books of 2022 Powells Author Events Oregon Battle of the Books Audio Books Visit Our Stores Powells Books 14 Gift Ideas From 14 of Our Favorite Authors 0 comment Every year Powells reaches out to some of our favorite authors for some muchneeded giftgiving inspiration Below are 14 writerapproved recommendations to help you find the perfect book for even your mostdifficulttobuyfor loved one Read More  Powells Staff Best Books of 2022 Fiction 1 comment Kelsey Ford 6 Haunting Native American Horror Books 1 comment 1 LOCOK 1 LOCOK LOCCancel 1 LOCOK LOCCancel The Happiness Project Or Why I Spent a Year Trying to Sing in the Morning Clean My Closets Fight Right Read Aristotle and Generally Have More Fun by Gretchen Rubin Comment on this title Synopses  Reviews ISBN13 9780061583261 ISBN10 006158326X Condition Standard All Product Details View Larger Image View Larger Images 995 List Price 1499 Used Trade Paperback Ships in 1 to 3 days Qty Store 17 Burnside 15 Cedar Hills 3 Hawthorne 6 Local Warehouse Synopses  Reviews Publisher Comments 1 New York Times Bestseller An enlightening laughaloud readFilled with open honest glimpses into Rubins real life woven together with constant doses of humor Christian Science Monitor Gretchen Rubins yearlong experiment to discover how to create true happiness Drawing on cuttingedge science classical philosophy and realworld examples Rubin delivers an engaging eminently relatable chronicle of transformation Gretchen Rubin had an epiphany one rainy afternoon in the unlikeliest of places a city bus The days are long but the years are short she realized Time is passing and Im not focusing enough on the things that really matter In that moment she decided to dedicate a year to her happiness project In this lively and compelling account Rubin chronicles her adventures during the twelve months she spent testdriving the wisdom of the ages current scientific research and lessons from popular culture about how to be happier Among other things she found that novelty and challenge are powerful sources of happiness that money can help buy happiness when spent wisely that outer order contributes to inner calm and that the very smallest of changes can make the biggest difference Review Practical and never preachythe rare selfhelp tome that doesnt feel shameful to read Terry Hong Christian Science Monitor Review This book made me happy in the first five pages AJ Jacobs author of The Year of Living Biblically One Mans Humble Quest to Follow the Bible as Literally as Possible Review A cross between the Dalai Lamas The Art of Happiness and Elizabeth Gilberts Eat Pray Love  Sonja Lyubomirsky author of The How of Happiness Review Packed with fascinating facts about the science of happiness and rich examples of how she improves her life through changes small and big The Happiness Project made me happier by just reading it Chris Abani author of Graceland Song for Night and The Virgin of Flames Review An enlightening laughaloud readFilled with open honest glimpses into Rubins real life woven together with constant doses of humor Terry Hong Christian Science Monitor Review Practical and never preachythe rare selfhelp tome that doesnt feel shameful to read Daily Beast About the Author Gretchen Rubin is the author of several books including the bestselling Forty Ways to Look at Winston Churchill  She was clerking for Supreme Court Justice Sandra Day OConnor when she realized that she really wanted to be a writer She lives in New York City with her husband and two young daughters 47 9 What Our Readers Are Saying Share your thoughts on this title Average customer rating 47 9 comments  Savanna  January 01 2013 Wonderfully simplistic the book manages to educate and inspire without any imposition or assumption Rubin voices her own creation of happiness illuminating how the most basic of tweaks in our lives can cultivate a truly more meaningful and enjoyable existence in the present Fifty pages in within the first hour of my purchase and the only reason I was able to put it down was to call someone to rave about it Intelligent relatable and incredibly worth while read Was this comment helpful  Yes  No 5 of 8 readers found this comment helpful report this\ncomment  Stacers1973  August 04 2012 view all comments by Stacers1973 I picked up the book because of an interest in pursuing more moments of happiness and it does provide many clever ideas and thoughts without coming across overly NewAgeish\nThis is a book about focusing each month for a year on a different theme all relating to living happier While I wouldnt necessarily pick each theme for myself there are some interesting and useful glimpses into someone elses goals and gains\nA fun book that I would recommend for anyone looking for ways to shake out of a slump Was this comment helpful  Yes  No 5 of 7 readers found this comment helpful report this\ncomment  jaqchapman  August 04 2012 This book offers some really great ideas on how to slow down and be more aware of life Whether or not that leads to happiness in life might be different for each person but I did find a couple chapters that I could apply to my own life To be sure Gretchen had a very ambitious plan and saw it through which was impressive to read Was this comment helpful  Yes  No 3 of 5 readers found this comment helpful report this\ncomment  bookbabeBG  February 20 2012 view all comments by bookbabeBG I usually hate selfhelp books but this one grabbed me I read a few lines in the bookstore and was hooked I had to have it The author is very practical and downtoearth in her approach her voice is fresh and humorous and her tale captivating Unlike the Eat Pray Love heroine she does not embark on a journey around the world she decided to change her own small corner of it step by tiny step I was impressed by her achievements and will borrow some of her little tricks for making life more rewarding and well happy Was this comment helpful  Yes  No 2 of 4 readers found this comment helpful report this\ncomment  PDX expat  January 22 2012 I was skeptical of this book but I cant resist reading selfhelp books that have a doover theme I really love to read one every January just because its makeresolutiontime But I have been burned by these books in the past  I may be the only one on the planet apparently who loathes Elizabeth Gilbert and actually threw my copy of Eat Pray Love in the garbage after I forced myself to finish reading it I wanted to make sure there was at least one fewer copy in the world So I was a bit concerned that Gretchen Rubin would be someone I couldnt stomach either but quite the opposite proved true Shes about as different from Gilbert as two members of the same species and gender can be I read this book with much enjoyment I even took notes and tried out her various exercisestests  very fun and quite selfilluminating When I was done and January was over I picked it up and read it again month by month Her questions about happiness resemble mine but she took the time to research and study the issues that we all face but dont take the time to do anything about Her attitude about herself and her quest were refreshingly downtoearth  no whiny selfserving navelgazing thank you very much If its January and youre in the mood to think about your life and how happy you are give this book a try Was this comment helpful  Yes  No 1 of 2 readers found this comment helpful report this\ncomment  PChait  January 19 2012 This was a wonderful read engaging and inspiring without being preachy or sanctimonious Was this comment helpful  Yes  No 1 of 2 readers found this comment helpful report this\ncomment  lindsaystark1  January 03 2011 This book is a great account of one womans quest to find out what happiness means and how to apply it in life Its small things that make the difference It was fun to read the research on happiness see how she did it and also think about how I could do it too Great light read for inspiration and motivation Was this comment helpful  Yes  No report this\ncomment  BooBooGirl  January 02 2011 This book inspired me to start actively seeking more Happiness in my life I am now in the process of creating my own Happiness Project Thank You Was this comment helpful  Yes  No report this\ncomment  layinlowinca  December 07 2010 An absolute MUST read  at least once thruthen a second and a third time A good reminder of just how powerful mind over matter really is The author has a great way of just laying it out therre  no one is perfect but shed the right light on things and they tend to become more positive Was this comment helpful  Yes  No 0 of 1 readers found this comment helpful report this\ncomment View all 9 comments Product Details ISBN 9780061583261 Binding Trade Paperback Publication date 03012011 Publisher HARPERCOLLINS PUBLISHERS Pages 315 Height 80IN Width 540IN Thickness 100 Illustration Yes Copyright Year 2011 Author Gretchen Rubin Subject Biography  General Subject Personal Memoirs 995 List Price 1499 Used Trade Paperback Ships in 1 to 3 days Qty Store 17 Burnside 15 Cedar Hills 3 Hawthorne 6 Local Warehouse 1 LOCOK 1 LOCOK LOCCancel 1 LOCOK LOCCancel 1 LOCOK 1 LOCOK LOCCancel 1 LOCOK LOCCancel 1 LOCOK 1 LOCOK LOCCancel 1 LOCOK LOCCancel 1 LOCOK 1 LOCOK LOCCancel 1 LOCOK LOCCancel Help Guarantee My Account Careers About Us Security Wish List Partners Contact Us Shipping Transparency ACT MRF Sitemap  2022 POWELLSCOM Terms 1 LOCOK 1 LOCOK LOCCancel 1 LOCOK LOCCancel 1 LOCOK 1 LOCOK LOCCancel 1 LOCOK LOCCancel 1 LOCOK 1 LOCOK LOCCancel 1 LOCOK LOCCancel 1 LOCOK 1 LOCOK LOCCancel 1 LOCOK LOCCancel",
    "page_rank": 3.825315944493059e-05
}