{
    "Title": " Good Inside A Guide to Becoming the Parent You Want to Be ",
    "Author": "Becky Kennedy",
    "Cover Page": "https://powells-covers-2.s3.amazonaws.com/9780063159488.jpg",
    "ISBN10": "0063159481  \n",
    "ISBN13": "9780063159488",
    "Page URL": "https://powells.com/book/good-inside-a-guide-to-becoming-the-parent-you-want-to-be-9780063159488",
    "raw_text": "Good Inside A Guide to Becoming the Parent You Want to Be Becky Kennedy Hardcover 9780063159488 Powells Books Cart   my account  wish list  help  8008787323 Hello\n Login MENU Browse New Arrivals Bestsellers Featured Preorders Award Winners Audio Books See All Subjects Used Staff Picks Staff Picks Picks of the Month Bookseller Displays 50 Books for 50 Years 25 Best 21st Century SciFi  Fantasy 25 PNW Books to Read Before You Die 25 Books From the 21st Century 25 Memoirs to Read Before You Die 25 Global Books to Read Before You Die 25 Women to Read Before You Die 25 Books to Read Before You Die Gifts Gift Cards  eGift Cards Powells Souvenirs Journals and Notebooks socks Games Sell Books Blog Events Find A Store Dont Miss BIG SALE 20 off sitewide Picks of the Season What Im Giving Great Gifts Under 25 Best Books of 2022 Powells Author Events Oregon Battle of the Books Audio Books Visit Our Stores Powells Books 14 Gift Ideas From 14 of Our Favorite Authors 0 comment Every year Powells reaches out to some of our favorite authors for some muchneeded giftgiving inspiration Below are 14 writerapproved recommendations to help you find the perfect book for even your mostdifficulttobuyfor loved one Read More  Powells Staff Best Books of 2022 Fiction 1 comment Kelsey Ford 6 Haunting Native American Horror Books 1 comment 1 LOCOK 1 LOCOK LOCCancel 1 LOCOK LOCCancel Good Inside A Guide to Becoming the Parent You Want to Be by Becky Kennedy Comment on this title Synopses  Reviews ISBN13 9780063159488 ISBN10 0063159481 All Product Details View Larger Image View Larger Images 2899 New Hardcover Ships in 1 to 3 days Qty Store 1 Burnside 3 Hawthorne 20 Local Warehouse Synopses  Reviews Synopsis This book is for any parent who has ever struggled under the substantial weight of caregivingwhich is to say all of us Good Inside is not only a wise and practical guide to raising resilient emotionally healthy kids its also a supportive resource for overwhelmed parents who need more compassion and less stress Dr Becky is the smart thoughtful inthetrenches parenting expert weve been waiting for Eve Rodsky New York Times bestselling author of Fair Play and Find Your Unicorn Space Dr Becky Kennedy wildly popular parenting expert and creator of drbeckyatgoodinside shares her groundbreaking approach to raising kids and offers practical strategies for parenting in a way that feels good  Over the past several years Dr Becky Kennedyknown to her followers as Dr Beckyhas been sparking a parenting revolution Millions of parents tired of following advice that either doesnt work or simply doesnt feel good have embraced Dr Beckys empowering and effective approach a model that prioritizes connecting with our kids over correcting them Parents have long been sold a model of childrearing that simply doesnt work From reward charts to time outs many popular parenting approaches are based on shaping behavior not raising humans These techniques dont build the skills kids need for life or account for their complex emotional needs Add to that parents complicated relationships with their own upbringings and its easy to see why so many caretakers feel lost burned out and worried theyre failing their kids In Good Inside Dr Becky shares her parenting philosophy complete with actionable strategies that will help parents move from uncertainty and selfblame to confidence and sturdy leadership Offering perspectiveshifting parenting principles and troubleshooting for specific scenariosincluding sibling rivalry separation anxiety tantrums and more Good Inside is a comprehensive resource for a generation of parents looking for a new way to raise their kids while still setting them up for a lifetime of selfregulation confidence and resilience Synopsis INSTANT 1 NEW YORK TIMES BESTSELLER This book is for any parent who has ever struggled under the substantial weight of caregivingwhich is to say all of us Good Inside is not only a wise and practical guide to raising resilient emotionally healthy kids its also a supportive resource for overwhelmed parents who need more compassion and less stress Dr Becky is the smart thoughtful inthetrenches parenting expert weve been waiting for Eve Rodsky New York Times bestselling author of Fair Play and Find Your Unicorn Space Dr Becky Kennedy wildly popular parenting expert and creator of drbeckyatgoodinside shares her groundbreaking approach to raising kids and offers practical strategies for parenting in a way that feels good  Over the past several years Dr Becky Kennedyknown to her followers as Dr Beckyhas been sparking a parenting revolution Millions of parents tired of following advice that either doesnt work or simply doesnt feel good have embraced Dr Beckys empowering and effective approach a model that prioritizes connecting with our kids over correcting them Parents have long been sold a model of childrearing that simply doesnt work From reward charts to time outs many popular parenting approaches are based on shaping behavior not raising humans These techniques dont build the skills kids need for life or account for their complex emotional needs Add to that parents complicated relationships with their own upbringings and its easy to see why so many caretakers feel lost burned out and worried theyre failing their kids In Good Inside Dr Becky shares her parenting philosophy complete with actionable strategies that will help parents move from uncertainty and selfblame to confidence and sturdy leadership Offering perspectiveshifting parenting principles and troubleshooting for specific scenariosincluding sibling rivalry separation anxiety tantrums and more Good Inside is a comprehensive resource for a generation of parents looking for a new way to raise their kids while still setting them up for a lifetime of selfregulation confidence and resilience Synopsis INSTANT 1 NEW YORK TIMES BESTSELLER An Instant Wall Street Journal  USA Today  and Indie Bestseller This book is for any parent who has ever struggled under the substantial weight of caregivingwhich is to say all of us Good Inside is not only a wise and practical guide to raising resilient emotionally healthy kids its also a supportive resource for overwhelmed parents who need more compassion and less stress Dr Becky is the smart thoughtful inthetrenches parenting expert weve been waiting for Eve Rodsky New York Times bestselling author of Fair Play and Find Your Unicorn Space Dr Becky Kennedy wildly popular parenting expert and creator of drbeckyatgoodinside shares her groundbreaking approach to raising kids and offers practical strategies for parenting in a way that feels good  Over the past several years Dr Becky Kennedyknown to her followers as Dr Beckyhas been sparking a parenting revolution Millions of parents tired of following advice that either doesnt work or simply doesnt feel good have embraced Dr Beckys empowering and effective approach a model that prioritizes connecting with our kids over correcting them Parents have long been sold a model of childrearing that simply doesnt work From reward charts to time outs many popular parenting approaches are based on shaping behavior not raising humans These techniques dont build the skills kids need for life or account for their complex emotional needs Add to that parents complicated relationships with their own upbringings and its easy to see why so many caretakers feel lost burned out and worried theyre failing their kids In Good Inside Dr Becky shares her parenting philosophy complete with actionable strategies that will help parents move from uncertainty and selfblame to confidence and sturdy leadership Offering perspectiveshifting parenting principles and troubleshooting for specific scenariosincluding sibling rivalry separation anxiety tantrums and more Good Inside is a comprehensive resource for a generation of parents looking for a new way to raise their kids while still setting them up for a lifetime of selfregulation confidence and resilience What Our Readers Are Saying Be the first to share your thoughts on this title Product Details ISBN 9780063159488 Binding Hardcover Publication date 09132022 Publisher HARPERCOLLINS PUBLISHERS Pages 336 Height 130IN Width 630IN Author Becky Kennedy 2899 New Hardcover Ships in 1 to 3 days Qty Store 1 Burnside 3 Hawthorne 20 Local Warehouse Receive an email when this ISBN is available used 1 LOCOK 1 LOCOK LOCCancel 1 LOCOK LOCCancel 1 LOCOK 1 LOCOK LOCCancel 1 LOCOK LOCCancel 1 LOCOK 1 LOCOK LOCCancel 1 LOCOK LOCCancel 1 LOCOK 1 LOCOK LOCCancel 1 LOCOK LOCCancel Help Guarantee My Account Careers About Us Security Wish List Partners Contact Us Shipping Transparency ACT MRF Sitemap  2022 POWELLSCOM Terms 1 LOCOK 1 LOCOK LOCCancel 1 LOCOK LOCCancel 1 LOCOK 1 LOCOK LOCCancel 1 LOCOK LOCCancel 1 LOCOK 1 LOCOK LOCCancel 1 LOCOK LOCCancel 1 LOCOK 1 LOCOK LOCCancel 1 LOCOK LOCCancel",
    "page_rank": 3.7747874787349726e-05
}