{
    "Title": " Ten Kisses to Scandal (Misadventures in Matchmaking #2) ",
    "Author": "Vivienne Lorret",
    "Cover Page": "https://powells-covers-2.s3.amazonaws.com/9780062685506.jpg",
    "ISBN10": "0062685503  \n",
    "ISBN13": "9780062685506",
    "Page URL": "https://powells.com/book/-9780062685506",
    "raw_text": "Ten Kisses to Scandal Misadventures in Matchmaking Book 2 Vivienne Lorret Mass Market 9780062685506 Powells Books Cart   my account  wish list  help  8008787323 Hello\n Login MENU Browse New Arrivals Bestsellers Featured Preorders Award Winners Audio Books See All Subjects Used Staff Picks Staff Picks Picks of the Month Bookseller Displays 50 Books for 50 Years 25 Best 21st Century SciFi  Fantasy 25 PNW Books to Read Before You Die 25 Books From the 21st Century 25 Memoirs to Read Before You Die 25 Global Books to Read Before You Die 25 Women to Read Before You Die 25 Books to Read Before You Die Gifts Gift Cards  eGift Cards Powells Souvenirs Journals and Notebooks socks Games Sell Books Blog Events Find A Store Dont Miss BIG SALE 20 off sitewide Picks of the Season What Im Giving Great Gifts Under 25 Best Books of 2022 Powells Author Events Oregon Battle of the Books Audio Books Visit Our Stores Powells Books 14 Gift Ideas From 14 of Our Favorite Authors 0 comment Every year Powells reaches out to some of our favorite authors for some muchneeded giftgiving inspiration Below are 14 writerapproved recommendations to help you find the perfect book for even your mostdifficulttobuyfor loved one Read More  Powells Staff Best Books of 2022 Fiction 1 comment Kelsey Ford 6 Haunting Native American Horror Books 1 comment 1 LOCOK 1 LOCOK LOCCancel 1 LOCOK LOCCancel Ten Kisses to Scandal Misadventures in Matchmaking 2 by Vivienne Lorret Comment on this title Synopses  Reviews ISBN13 9780062685506 ISBN10 0062685503 All Product Details View Larger Image View Larger Images 000 List Price 000 Mass Market Ships in 1 to 3 days Synopses  Reviews Publisher Comments The Bourne Matrimonial Agency has one rule Never fall in love with the client  However they never said anything about kissing a rake Briar Bournes matchmaking career could be summed up in two words  comic disaster  Unless she can learn about the irresistible forces that draw men and women together her professional future looks rather bleak But Briar has an intriguing plan  enlisting Londons most irredeemable rake to teach her everything he knows about attraction Given his notorious reputation its no surprise that Nicholas Blacklowe the Earl of Edgemont requests one thing in exchange for his tutelage For every lesson he wants a kiss in return And what harm could there be in a simple kiss After all Briar would never fall for a scoundrel Nicholas has no romantic notions about love and no intention of changing his ways Hes only helping Briar so that she can find the perfect bride for his jilted cousin Yet Briar is so clever so curious so candid  so blasted tempting  that soon Nicholas cant stop wondering what it might be like if he was irresistible to her  Ten lessons Ten kisses And a million ways to fall hopelessly scandalously in love Review Lorret has created a delicious world filled with complex charming characters A touch of passion and some comic relief make this a wellblended novel that includes an alluring setup for the next in the series Publishers Weekly Starred Review Review Lorret continues with her marvelously fun Misadventures in Matchmaking series which gives a graceful nod to Jane Austens classic Emma  with another sparkling Regency romance that deftly marries buoyant wit with luscious sensuality Booklist Review Lorrets bright humor and sharp wit shine in this charming historical romance Kirkus Reviews About the Author USA Today bestselling author VIVIENNE LORRET transforms copious amounts of tea into words She is an Avon author of works including The Wallflower Wedding Series The Rakes of Fallow Hall Series The Seasons Original Series and the Misadventures in Matchmaking series For more information on her books sign up for her newsletter at wwwvivlorretnet 5 1 What Our Readers Are Saying Share your thoughts on this title Average customer rating 5 1 comments  Joana_Varela  November 11 2018 view all comments by Joana_Varela I have received an eARC in exchange for an honest review\nI absolutely loved this book While reading it I had a happy grin on my face the whole time It just made me laugh and tingle and it gave me butterflies  what more could I ask for\nBriar is so adorable Shes a romantic and yes she is also a bit na\u00efve but she is so sweet Some heroines can be a bit annoying when they are too unaware of the world but Briar is so lovely she made it so easy to like her I just adored her She has suffered her fair share but we only know how everything has affected her almost at the end of the book which was fine by me\nNicholas was so sexy I mean dont ask me for a physical description because with the exception of his nose I probably cant give you one Why Because characters in my mind even the ones heavily described dont actually have a defined face Theres always somewhat of a blur So no its not their facebody that makes them sexy it helps of course its how they act and how they can make you feel like all their attention is on you in a good way And thats how I felt Nicholas was about Briar He has other great qualities naturally hes very loyal and protective of his family like Briar hes been hurt before havent we all and almost every single book character and hes a rake But who would have guessed Hes a rake with a good heart\nTheir chemistry was at the same time so strong and so subtle The teasing and the friendship the alone moments Everything made my senses as a reader tingle and be on the lookout for another wonderful scene\nThe secondary characters help set the scene Briar and her family have a matchmaking agency Her friend Temperance and her brother Daniel are looking for fiances And their cousin is Nicholas Lord Edgemont I dont want to give too much of the story away because its their adventures that keep us readers paying attention Suffice to say Briar needs help with her matchmaking skills and Nicholas is more than happy to help  in exchange for a little something as one would expect\nThe one thing  and lets be honest its a small thing  that could have made this book even better was to make the ending a bit more climatic And I think this was lacking a bit because what was preventing the happy ending was such a small thing that seemed almost not credible I really liked Nicholas dedication to try and talk to Briar and I have to admit I was a bit disappointed that she didnt even give him a bit of credit  I know she felt hurt and deceived but after her time spent with Nicholas I hoped she knew better But alas miscommunication got in the way\nIn the end it was a great book with only a small thing to point out Cant wait to read the next book in this incredible series Was this comment helpful  Yes  No report this\ncomment Product Details ISBN 9780062685506 Binding Mass Market Publication date 12242018 Publisher AVON BOOKS Series info Misadventures in Matchmaking Pages 384 Height 120IN Width 410IN Series Number 2 Author Vivienne Lorret 000 List Price 000 Mass Market Ships in 1 to 3 days Receive an email when this ISBN is available used 1 LOCOK 1 LOCOK LOCCancel 1 LOCOK LOCCancel 1 LOCOK 1 LOCOK LOCCancel 1 LOCOK LOCCancel 1 LOCOK 1 LOCOK LOCCancel 1 LOCOK LOCCancel 1 LOCOK 1 LOCOK LOCCancel 1 LOCOK LOCCancel Help Guarantee My Account Careers About Us Security Wish List Partners Contact Us Shipping Transparency ACT MRF Sitemap  2022 POWELLSCOM Terms 1 LOCOK 1 LOCOK LOCCancel 1 LOCOK LOCCancel 1 LOCOK 1 LOCOK LOCCancel 1 LOCOK LOCCancel 1 LOCOK 1 LOCOK LOCCancel 1 LOCOK LOCCancel 1 LOCOK 1 LOCOK LOCCancel 1 LOCOK LOCCancel",
    "page_rank": 6.016067544233863e-05
}