{
    "Title": " World Keeps Ending & the World Goes On ",
    "Author": "Franny Choi",
    "Cover Page": "https://powells-covers-2.s3.amazonaws.com/9780063240087.jpg",
    "ISBN10": "0063240084  \n",
    "ISBN13": "9780063240087",
    "Page URL": "https://powells.com/book/world-keeps-ending-the-world-goes-on-9780063240087",
    "raw_text": "The World Keeps Ending and the World Goes on Franny Choi Hardcover 9780063240087 Powells Books Cart   my account  wish list  help  8008787323 Hello\n Login MENU Browse New Arrivals Bestsellers Featured Preorders Award Winners Audio Books See All Subjects Used Staff Picks Staff Picks Picks of the Month Bookseller Displays 50 Books for 50 Years 25 Best 21st Century SciFi  Fantasy 25 PNW Books to Read Before You Die 25 Books From the 21st Century 25 Memoirs to Read Before You Die 25 Global Books to Read Before You Die 25 Women to Read Before You Die 25 Books to Read Before You Die Gifts Gift Cards  eGift Cards Powells Souvenirs Journals and Notebooks socks Games Sell Books Blog Events Find A Store Dont Miss BIG SALE 20 off sitewide Picks of the Season What Im Giving Great Gifts Under 25 Best Books of 2022 Powells Author Events Oregon Battle of the Books Audio Books Visit Our Stores Powells Books 14 Gift Ideas From 14 of Our Favorite Authors 0 comment Every year Powells reaches out to some of our favorite authors for some muchneeded giftgiving inspiration Below are 14 writerapproved recommendations to help you find the perfect book for even your mostdifficulttobuyfor loved one Read More  Powells Staff Best Books of 2022 Fiction 1 comment Kelsey Ford 6 Haunting Native American Horror Books 1 comment 1 LOCOK 1 LOCOK LOCCancel 1 LOCOK LOCCancel World Keeps Ending  the World Goes On by Franny Choi Comment on this title Synopses  Reviews ISBN13 9780063240087 ISBN10 0063240084 All Product Details View Larger Image View Larger Images 2599 New Hardcover Ships in 1 to 3 days Qty Store 7 Burnside 4 Cedar Hills 2 Hawthorne Synopses  Reviews Synopsis From acclaimed and beloved poet Franny Choi comes a poetry collection for the ends of worldspast present and future Chois third book features poems about historical and impending apocalypses alongside musings on our responsibilities to each other and visions for our collective survival Many have called the last years dystopic But The World Keeps Ending and the World Goes On reminds us that apocalypse has already come in myriad ways for marginalized peoples and calls forth the importance of imagining what will persist in the aftermaths With lyric and tonal dexterity these poems spin backwards and forwards in time They look into the collective psyche of our years in the pandemic and in the throes of antiracist uprisings while imagining other vectors directions and futures Stories of survival collide across space and timefrom comfort women during the Korean War to children wandering a museum in the future These poems explore narrative distances and queer linearity investigating on microscopic scales before soaring towards the universal Throughout Choi grapples with where the individual can fit within the strange landscapes of this apocalyptic world with its violent and manylayered histories In the process she imagines what togethernessbetween Black and Asian and other marginalized communities between living organisms between children of calamity and conquestcould look like In The World Keeps Ending and the World Goes On  old and new stories are put through a collider what emerges is pure sonic energy grounded by the complex entanglements that connect us all The combination of the speculative imagination playfulness and wisdom in these poems ultimately chart new paths toward hope Synopsis Named A Most Anticipated Book by LitHub  Vulture  Time  A PW 2022 Holiday Gift Pick From acclaimed poet Franny Choi comes a poetry collection for the ends of worldspast present and future Chois third book features poems about historical and impending apocalypses alongside musings on our responsibilities to each other and visions for our collective survival Many have called our time dystopian But The World Keeps Ending and the World Goes On reminds us that apocalypse has already come in myriad ways for marginalized peoples With lyric and tonal dexterity these poems spin backwards and forwards in timefrom Korean comfort women during World War II to the precipice of climate crisis to children wandering a museum in the future These poems explore narrative distances and queer linearity investigating on microscopic scales before soaring towards the universal As she wrestles with the daily griefs and distances of this apocalyptic world Choi also imagines what togethernessbetween Black and Asian and other marginalized communities between living organisms between children of calamity and conquestcould look like Bringing together Chois signature speculative imagination with even greater musicality than her previous work The World Keeps Ending and the World Goes On ultimately charts new paths toward hope in the aftermaths and visions for our collective survival Synopsis Named A Most Anticipated Book by LitHub  Vulture  Time  A PW 2022 Holiday Gift Pick One of Times  100 MustRead Books of 2022 From acclaimed poet Franny Choi comes a poetry collection for the ends of worldspast present and future Chois third book features poems about historical and impending apocalypses alongside musings on our responsibilities to each other and visions for our collective survival Many have called our time dystopian But The World Keeps Ending and the World Goes On reminds us that apocalypse has already come in myriad ways for marginalized peoples With lyric and tonal dexterity these poems spin backwards and forwards in timefrom Korean comfort women during World War II to the precipice of climate crisis to children wandering a museum in the future These poems explore narrative distances and queer linearity investigating on microscopic scales before soaring towards the universal As she wrestles with the daily griefs and distances of this apocalyptic world Choi also imagines what togethernessbetween Black and Asian and other marginalized communities between living organisms between children of calamity and conquestcould look like Bringing together Chois signature speculative imagination with even greater musicality than her previous work The World Keeps Ending and the World Goes On ultimately charts new paths toward hope in the aftermaths and visions for our collective survival What Our Readers Are Saying Be the first to share your thoughts on this title Product Details ISBN 9780063240087 Binding Hardcover Publication date 11012022 Publisher HARPERCOLLINS PUBLISHERS Pages 144 Height 80IN Width 590IN Author Franny Choi 2599 New Hardcover Ships in 1 to 3 days Qty Store 7 Burnside 4 Cedar Hills 2 Hawthorne Receive an email when this ISBN is available used 1 LOCOK 1 LOCOK LOCCancel 1 LOCOK LOCCancel 1 LOCOK 1 LOCOK LOCCancel 1 LOCOK LOCCancel 1 LOCOK 1 LOCOK LOCCancel 1 LOCOK LOCCancel 1 LOCOK 1 LOCOK LOCCancel 1 LOCOK LOCCancel Help Guarantee My Account Careers About Us Security Wish List Partners Contact Us Shipping Transparency ACT MRF Sitemap  2022 POWELLSCOM Terms 1 LOCOK 1 LOCOK LOCCancel 1 LOCOK LOCCancel 1 LOCOK 1 LOCOK LOCCancel 1 LOCOK LOCCancel 1 LOCOK 1 LOCOK LOCCancel 1 LOCOK LOCCancel 1 LOCOK 1 LOCOK LOCCancel 1 LOCOK LOCCancel",
    "page_rank": 3.825315944493059e-05
}