{
    "Title": " Nimona ",
    "Author": "Noelle Stevenson",
    "Cover Page": "https://powells-covers-2.s3.amazonaws.com/9780062278227.jpg",
    "ISBN10": "0062278223  \n",
    "ISBN13": "9780062278227",
    "Page URL": "https://powells.com/book/nimona-9780062278227",
    "raw_text": "Nimona Noelle Stevenson Trade Paperback 9780062278227 Powells Books Cart   my account  wish list  help  8008787323 Hello\n Login MENU Browse New Arrivals Bestsellers Featured Preorders Award Winners Audio Books See All Subjects Used Staff Picks Staff Picks Picks of the Month Bookseller Displays 50 Books for 50 Years 25 Best 21st Century SciFi  Fantasy 25 PNW Books to Read Before You Die 25 Books From the 21st Century 25 Memoirs to Read Before You Die 25 Global Books to Read Before You Die 25 Women to Read Before You Die 25 Books to Read Before You Die Gifts Gift Cards  eGift Cards Powells Souvenirs Journals and Notebooks socks Games Sell Books Blog Events Find A Store Dont Miss BIG SALE 20 off sitewide Picks of the Season What Im Giving Great Gifts Under 25 Best Books of 2022 Powells Author Events Oregon Battle of the Books Audio Books Visit Our Stores Powells Books 14 Gift Ideas From 14 of Our Favorite Authors 0 comment Every year Powells reaches out to some of our favorite authors for some muchneeded giftgiving inspiration Below are 14 writerapproved recommendations to help you find the perfect book for even your mostdifficulttobuyfor loved one Read More  Powells Staff Best Books of 2022 Fiction 1 comment Kelsey Ford 6 Haunting Native American Horror Books 1 comment 1 LOCOK 1 LOCOK LOCCancel 1 LOCOK LOCCancel Nimona by Noelle Stevenson Comment on this title Synopses  Reviews ISBN13 9780062278227 ISBN10 0062278223 All Product Details View Larger Image View Larger Images 1599 New Trade Paperback Ships in 1 to 3 days Qty Store 15 Burnside 2 Cedar Hills 3 Hawthorne 20 Local Warehouse Staff Pick Nimona starts out as a seemingly cutanddry good guy vs bad guy adventure but by the middle you are rooting for the most unexpected characters and it wraps up with an unexpectedly sweet ending Recommended By Deana R Powellscom A refreshing and swashbuckling adventure Nimona by Noelle Stevenson illustrates the importance of selfcontrol and following your instincts Recommended By Alex Y Powellscom Synopses  Reviews Publisher Comments Nimona is an impulsive young shapeshifter with a knack for villainy Lord Ballister Blackheart is a villain with a vendetta As sidekick and supervillain Nimona and Lord Blackheart are about to wreak some serious havoc Their mission prove to the kingdom that Sir Ambrosius Goldenloin and his buddies at the Institution of Law Enforcement and Heroics arent the heroes everyone thinks they are Nemeses Dragons Science Symbolism All these and more await in this brilliantly subversive sharply irreverent epic from Noelle Stevenson based on her awardwinning web comic Review Noelle Stevenson has a knack for capturing the humor and heart in a situation in just a few panels Rainbow Rowell New York Times bestselling author of Eleanor and Park Review Awesome and adorable Ryan North author of Dinosaur Comics Review Funny and vibrant with wonderful energy in Stevensons illustrations and a wicked wit in her storytelling Slate Review If youre going to read one graphic novel this year make it this one Kirkus Reviews starred review Review At its core Nimona is a story of rescue Each of the main characters rescue allies friendships the Kingdom and ultimately themselvesA vibrant solo work School Library Journal starred review Review Sharp visuals a nifty amalgam of fantasy and science fiction elements and relationships drawn with complexity wit and depth create a world worth returning to again and again Publishers Weekly starred review Review Nimonais beautifully flawed and refreshingly unstereotypical in a book that is both darkly witty and surprisingly touching And Nimona is a protagonist to both love and fear The Horn Book About the Author Noelle Stevenson has been nominated for a Harvey Award and was awarded the Slate Cartoonist Studio Prize for Best Web Comic in 2012 for Nimona  A graduate of the Maryland Institute College of Art Noelle is the cowriter of Lumberjanes  She lives in Los Angeles What Our Readers Are Saying Be the first to share your thoughts on this title Product Details ISBN 9780062278227 Binding Trade Paperback Publication date 05122015 Publisher Harper Teen Pages 272 Height 70IN Width 600IN Thickness 75 Age Range 13 and up Grade Range 8 and up Illustration Yes Author Noelle Stevenson Media Run Time B Subject Children sGeneral 1599 New Trade Paperback Ships in 1 to 3 days Qty Store 15 Burnside 2 Cedar Hills 3 Hawthorne 20 Local Warehouse More copies of this ISBN Used Trade Paperback 795 This title in other editions New Hardcover 1899 1 LOCOK 1 LOCOK LOCCancel 1 LOCOK LOCCancel 1 LOCOK 1 LOCOK LOCCancel 1 LOCOK LOCCancel 1 LOCOK 1 LOCOK LOCCancel 1 LOCOK LOCCancel 1 LOCOK 1 LOCOK LOCCancel 1 LOCOK LOCCancel Help Guarantee My Account Careers About Us Security Wish List Partners Contact Us Shipping Transparency ACT MRF Sitemap  2022 POWELLSCOM Terms 1 LOCOK 1 LOCOK LOCCancel 1 LOCOK LOCCancel 1 LOCOK 1 LOCOK LOCCancel 1 LOCOK LOCCancel 1 LOCOK 1 LOCOK LOCCancel 1 LOCOK LOCCancel 1 LOCOK 1 LOCOK LOCCancel 1 LOCOK LOCCancel",
    "page_rank": 3.982515615740438e-05
}