{
    "Title": " Guest List - Large Print Edition ",
    "Author": "Lucy Foley",
    "Cover Page": "https://powells-covers-2.s3.amazonaws.com/9780062978738.jpg",
    "ISBN10": "006297873X  \n",
    "ISBN13": "9780062978738",
    "Page URL": "https://powells.com/book/guest-list-large-print-edition-9780062978738",
    "raw_text": "The Guest List Lucy Foley Trade Paperback 9780062978738 Powells Books Cart   my account  wish list  help  8008787323 Hello\n Login MENU Browse New Arrivals Bestsellers Featured Preorders Award Winners Audio Books See All Subjects Used Staff Picks Staff Picks Picks of the Month Bookseller Displays 50 Books for 50 Years 25 Best 21st Century SciFi  Fantasy 25 PNW Books to Read Before You Die 25 Books From the 21st Century 25 Memoirs to Read Before You Die 25 Global Books to Read Before You Die 25 Women to Read Before You Die 25 Books to Read Before You Die Gifts Gift Cards  eGift Cards Powells Souvenirs Journals and Notebooks socks Games Sell Books Blog Events Find A Store Dont Miss BIG SALE 20 off sitewide Picks of the Season What Im Giving Great Gifts Under 25 Best Books of 2022 Powells Author Events Oregon Battle of the Books Audio Books Visit Our Stores Powells Books 14 Gift Ideas From 14 of Our Favorite Authors 0 comment Every year Powells reaches out to some of our favorite authors for some muchneeded giftgiving inspiration Below are 14 writerapproved recommendations to help you find the perfect book for even your mostdifficulttobuyfor loved one Read More  Powells Staff Best Books of 2022 Fiction 1 comment Kelsey Ford 6 Haunting Native American Horror Books 1 comment 1 LOCOK 1 LOCOK LOCCancel 1 LOCOK LOCCancel Guest List  Large Print Edition by Lucy Foley Comment on this title Synopses  Reviews ISBN13 9780062978738 ISBN10 006297873X All Product Details View Larger Image View Larger Images 2999 New Trade Paperback Ships in 1 to 3 days Qty Store 5 Local Warehouse Synopses  Reviews Synopsis I loved this book It gave me the same waves of happiness I get from curling up with a classic ChristieThe alternating points of view keep you guessing and guessing wrong  Alex Michaelides 1 New York Times bestselling author of The Silent Patient A wedding celebration turns dark and deadly in this deliciously wicked and atmospheric thriller reminiscent of Agatha Christie from the author of The Hunting Party The bride  The plus one  The best man  The wedding planner  The bridesmaid  The body On an island off the coast of Ireland guests gather to celebrate two people joining their lives together as one The groom handsome and charming a rising television star The bride smart and ambitious a magazine publisher Its a wedding for a magazine or for a celebrity the designer dress the remote location the luxe party favors the boutique whiskey The cell phone service may be spotty and the waves may be rough but every detail has been expertly planned and will be expertly executed But perfection is for plans and people are all too human As the champagne is popped and the festivities begin resentments and petty jealousies begin to mingle with the reminiscences and well wishes The groomsmen begin the drinking game from their school days The bridesmaid notsoaccidentally ruins her dress The brides oldest male friend gives an uncomfortably caring toast And then someone turns up dead Who didnt wish the happy couple well And perhaps more important why Synopsis A REESES BOOK CLUB PICK THE NEW YORK TIMES BESTSELLER I loved this book It gave me the same waves of happiness I get from curling up with a classic ChristieThe alternating points of view keep you guessing and guessing wrong  Alex Michaelides 1 New York Times bestselling author of The Silent Patient Evok es the great Agatha Christie classicsPay close attention to seemingly throwaway details about the characters pasts They are all clues  New York Times Book Review A wedding celebration turns dark and deadly in this deliciously wicked and atmospheric thriller reminiscent of Agatha Christie from the New York Times bestselling author of The Hunting Party The bride  The plus one  The best man  The wedding planner  The bridesmaid  The body On an island off the coast of Ireland guests gather to celebrate two people joining their lives together as one The groom handsome and charming a rising television star The bride smart and ambitious a magazine publisher Its a wedding for a magazine or for a celebrity the designer dress the remote location the luxe party favors the boutique whiskey The cell phone service may be spotty and the waves may be rough but every detail has been expertly planned and will be expertly executed But perfection is for plans and people are all too human As the champagne is popped and the festivities begin resentments and petty jealousies begin to mingle with the reminiscences and well wishes The groomsmen begin the drinking game from their school days The bridesmaid notsoaccidentally ruins her dress The brides oldest male friend gives an uncomfortably caring toast And then someone turns up dead Who didnt wish the happy couple well And perhaps more important why Synopsis A REESES BOOK CLUB PICK THE NEW YORK TIMES BESTSELLER ONE OF THE NEW YORK TIMES BEST THRILLERS OF 2020 I loved this book It gave me the same waves of happiness I get from curling up with a classic ChristieThe alternating points of view keep you guessing and guessing wrong  Alex Michaelides 1 New York Times bestselling author of The Silent Patient Evok es the great Agatha Christie classicsPay close attention to seemingly throwaway details about the characters pasts They are all clues  New York Times Book Review A wedding celebration turns dark and deadly in this deliciously wicked and atmospheric thriller reminiscent of Agatha Christie from the New York Times bestselling author of The Hunting Party The bride  The plus one  The best man  The wedding planner  The bridesmaid  The body On an island off the coast of Ireland guests gather to celebrate two people joining their lives together as one The groom handsome and charming a rising television star The bride smart and ambitious a magazine publisher Its a wedding for a magazine or for a celebrity the designer dress the remote location the luxe party favors the boutique whiskey The cell phone service may be spotty and the waves may be rough but every detail has been expertly planned and will be expertly executed But perfection is for plans and people are all too human As the champagne is popped and the festivities begin resentments and petty jealousies begin to mingle with the reminiscences and well wishes The groomsmen begin the drinking game from their school days The bridesmaid notsoaccidentally ruins her dress The brides oldest male friend gives an uncomfortably caring toast And then someone turns up dead Who didnt wish the happy couple well And perhaps more important why What Our Readers Are Saying Be the first to share your thoughts on this title Product Details ISBN 9780062978738 Binding Trade Paperback Publication date 06022020 Publisher Harperluxe Pages 464 Height 120IN Width 590IN Large print Yes Author Lucy Foley 2999 New Trade Paperback Ships in 1 to 3 days Qty Store 5 Local Warehouse Receive an email when this ISBN is available used 1 LOCOK 1 LOCOK LOCCancel 1 LOCOK LOCCancel 1 LOCOK 1 LOCOK LOCCancel 1 LOCOK LOCCancel 1 LOCOK 1 LOCOK LOCCancel 1 LOCOK LOCCancel 1 LOCOK 1 LOCOK LOCCancel 1 LOCOK LOCCancel Help Guarantee My Account Careers About Us Security Wish List Partners Contact Us Shipping Transparency ACT MRF Sitemap  2022 POWELLSCOM Terms 1 LOCOK 1 LOCOK LOCCancel 1 LOCOK LOCCancel 1 LOCOK 1 LOCOK LOCCancel 1 LOCOK LOCCancel 1 LOCOK 1 LOCOK LOCCancel 1 LOCOK LOCCancel 1 LOCOK 1 LOCOK LOCCancel 1 LOCOK LOCCancel",
    "page_rank": 3.7747874787349726e-05
}