{
    "Title": " Third Chimpanzee The Evolution & Future of the Human Animal ",
    "Author": "Jared Diamond",
    "Cover Page": "https://covers.powells.com/9780060845506.jpg",
    "ISBN10": "0060845503  \n",
    "ISBN13": "9780060845506",
    "Page URL": "https://powells.com/book/third-chimpanzee-the-evolution-future-of-the-human-animal-9780060845506",
    "raw_text": "Third Chimpanzee The Evolution  Future of the Human Animal Jared Diamond Trade Paperback 9780060845506 Powells Books Cart   my account  wish list  help  8008787323 Hello\n Login MENU Browse New Arrivals Bestsellers Featured Preorders Award Winners Audio Books See All Subjects Used Staff Picks Staff Picks Picks of the Month Bookseller Displays 50 Books for 50 Years 25 Best 21st Century SciFi  Fantasy 25 PNW Books to Read Before You Die 25 Books From the 21st Century 25 Memoirs to Read Before You Die 25 Global Books to Read Before You Die 25 Women to Read Before You Die 25 Books to Read Before You Die Gifts Gift Cards  eGift Cards Powells Souvenirs Journals and Notebooks socks Games Sell Books Blog Events Find A Store Dont Miss BIG SALE 20 off sitewide Picks of the Season What Im Giving Great Gifts Under 25 Best Books of 2022 Powells Author Events Oregon Battle of the Books Audio Books Visit Our Stores Powells Books 14 Gift Ideas From 14 of Our Favorite Authors 0 comment Every year Powells reaches out to some of our favorite authors for some muchneeded giftgiving inspiration Below are 14 writerapproved recommendations to help you find the perfect book for even your mostdifficulttobuyfor loved one Read More  Powells Staff Best Books of 2022 Fiction 1 comment Kelsey Ford 6 Haunting Native American Horror Books 1 comment 1 LOCOK 1 LOCOK LOCCancel 1 LOCOK LOCCancel Third Chimpanzee The Evolution  Future of the Human Animal by Jared Diamond Comment on this title Synopses  Reviews ISBN13 9780060845506 ISBN10 0060845503 Condition Standard All Product Details View Larger Image View Larger Images 895 List Price 1799 Used Trade Paperback Ships in 1 to 3 days Qty Store 2 Burnside 1 Local Warehouse Synopses  Reviews Publisher Comments The Development of an Extraordinary Species We human beings share 98 percent of our genes with chimpanzees Yet humans are the dominant species on the planet  having founded civilizations and religions developed intricate and diverse forms of communication learned science built cities and created breathtaking works of art  while chimps remain animals concerned primarily with the basic necessities of survival What is it about that two percent difference in DNA that has created such a divergence between evolutionary cousins In this fascinating provocative passionate funny endlessly entertaining work renowned Pulitzer Prizewinning author and scientist Jared Diamond explores how the extraordinary human animal in a remarkably short time developed the capacity to rule the world    and the means to irrevocably destroy it Review There are too many bad books written by biologists who seek to explain the human condition This is the only good book of the genre that I have seen and it deserves to be read by us all It is a passionate informed often witty but always apposite account of our relationship to the natural world Paul Harvey New Scientist Review Mr Diamond treats a wide range of topics  the behavior of monkeys and apes the evolution of human sexuality the rise of agriculture genocide and the environmental crisis resulting from our technological successes All these components are discussed in lucid detail and woven together in one story of human history The book is written with great wit and is a pleasure to read particularly when Mr Diamond describes his firsthand experiences The New York Times Book Review Synopsis WonderfulJared Diamond conducts his fascinating study of our behavior and origins with a naturalists eye and a philosophers cunning Diane Ackerman author of A Natural History of the Senses In this fascinating provocative passionate funny endlessly entertaining work renowned Pulitzer Prizewinning author and scientist Jared Diamond author of Gun Germs and Steel  explores how the extraordinary human animal in a remarkably short time developed the capacity to rule the world    and the means to irrevocably destroy it We human beings share 98 percent of our genes with chimpanzees Yet humans are the dominant species on the planethaving founded civilizations and religions developed intricate and diverse forms of communication learned science built cities and created breathtaking works of artwhile chimps remain animals concerned primarily with the basic necessities of survival What is it about that two percent difference in DNA that has created such a divergence between evolutionary cousins The Third Chimpanzee is a tour de force an iconoclastic compelling sometimes alarming look at the unique and marvelous creature that is the human animal Synopsis Though we share 98 of our genes with the chimpanzee our species evolved into something quite extraordinary Jared Diamond explores the fascinating question of what in less than 2 of our genes has enabled us to found civilizations and religions develop intricate languages create art learn science  and acquire the capacity to destroy all our achievements overnight The Third Chimpanzee is a tour de force an iconoclastic entertaining sometimes alarming look at the unique and marvelous creature that is the human animal About the Author Jared Diamond is the author of the bestselling Collapse and Guns Germs and Steel  A professor of geography at the University of California Los Angeles he has been elected to the National Academy of Sciences the American Academy of Arts and Sciences and the American Philosophical Society He is a MacArthur Fellow and was awarded the National Medal of Science 4 1 What Our Readers Are Saying Share your thoughts on this title Average customer rating 4 1 comments  Jeffrey Bluhm  August 20 2018 view all comments by Jeffrey Bluhm Precursor to his epic Guns Germs and Steel GGS in this book author Diamond looks at a wide range of topics primarily behavioral and how they may have come into being from an evolutionary perspective Its not quite on the level of GGS but still a very readable and scientifically rigorous examination of our sexuality language and art and even destructive behaviors that may be though often are not uniquely human Best read before GGS as it sets up that book quite nicely Was this comment helpful  Yes  No report this\ncomment Product Details ISBN 9780060845506 Binding Trade Paperback Publication date 01032006 Publisher HARPERCOLLINS PUBLISHERS Series info PS Pages 432 Height 102IN Width 535IN Thickness 112 Series PS Number of Units 1 Copyright Year 2006 Series Volume The Evolution and Fu UPC Code 2800060845508 Author Jared Diamond Author Jared M Diamond Subject Human evolution Subject Nature Subject Social evolution 895 List Price 1799 Used Trade Paperback Ships in 1 to 3 days Qty Store 2 Burnside 1 Local Warehouse More copies of this ISBN New Trade Paperback Starting from 1799 Used Trade Paperback Starting from 950 This title in other editions Used Hardcover 3500 Used Trade Paperback Starting from 650 1 LOCOK 1 LOCOK LOCCancel 1 LOCOK LOCCancel 1 LOCOK 1 LOCOK LOCCancel 1 LOCOK LOCCancel 1 LOCOK 1 LOCOK LOCCancel 1 LOCOK LOCCancel 1 LOCOK 1 LOCOK LOCCancel 1 LOCOK LOCCancel Help Guarantee My Account Careers About Us Security Wish List Partners Contact Us Shipping Transparency ACT MRF Sitemap  2022 POWELLSCOM Terms 1 LOCOK 1 LOCOK LOCCancel 1 LOCOK LOCCancel 1 LOCOK 1 LOCOK LOCCancel 1 LOCOK LOCCancel 1 LOCOK 1 LOCOK LOCCancel 1 LOCOK LOCCancel 1 LOCOK 1 LOCOK LOCCancel 1 LOCOK LOCCancel",
    "page_rank": 6.109972872009893e-05
}