{
    "Title": " Cadillac Desert The American West & Its Disappearing Water ",
    "Author": "Marc Reisner",
    "Cover Page": "https://powells-covers-2.s3.amazonaws.com/9780140178241.jpg",
    "ISBN10": "0140178244  \n",
    "ISBN13": "9780140178241",
    "Page URL": "https://powells.com/book/cadillac-desert-the-american-west-its-disappearing-water-9780140178241",
    "raw_text": "Cadillac Desert The American West  Its Disappearing Water Marc Reisner Trade Paperback 9780140178241 Powells Books Cart   my account  wish list  help  8008787323 Hello\n Login MENU Browse New Arrivals Bestsellers Featured Preorders Award Winners Audio Books See All Subjects Used Staff Picks Staff Picks Picks of the Month Bookseller Displays 50 Books for 50 Years 25 Best 21st Century SciFi  Fantasy 25 PNW Books to Read Before You Die 25 Books From the 21st Century 25 Memoirs to Read Before You Die 25 Global Books to Read Before You Die 25 Women to Read Before You Die 25 Books to Read Before You Die Gifts Gift Cards  eGift Cards Powells Souvenirs Journals and Notebooks socks Games Sell Books Blog Events Find A Store Dont Miss BIG SALE 20 off sitewide Picks of the Season What Im Giving Great Gifts Under 25 Best Books of 2022 Powells Author Events Oregon Battle of the Books Audio Books Visit Our Stores Powells Books 14 Gift Ideas From 14 of Our Favorite Authors 0 comment Every year Powells reaches out to some of our favorite authors for some muchneeded giftgiving inspiration Below are 14 writerapproved recommendations to help you find the perfect book for even your mostdifficulttobuyfor loved one Read More  Powells Staff Best Books of 2022 Fiction 1 comment Kelsey Ford 6 Haunting Native American Horror Books 1 comment 1 LOCOK 1 LOCOK LOCCancel 1 LOCOK LOCCancel Cadillac Desert The American West  Its Disappearing Water by Marc Reisner Comment on this title Synopses  Reviews Award Excerpt ISBN13 9780140178241 ISBN10 0140178244 Condition Standard All Product Details View Larger Image View Larger Images 1050 List Price 2000 Used Trade Paperback Ships in 1 to 3 days Qty Store 1 Burnside Awards Winner of the National Book Critics Circle Award Essential reading on timely topics Staff Pick Almost 30 years since its original publication this absorbing noholdsbarred condemnation of water policy in the American West remains an essential book for understanding our current water crisis with California grappling with the most severe drought in recent history and the threat of global water shortages growing ever more real Reisner reveals how the Wests transformation from a barren landscape to a lush paradise is the result of corruption greed and devastating environmental practices that have plagued a vast region of the country for well over a century Regardless of where you live this is vital reading on our most precious resource Recommended By Renee P Powellscom Synopses  Reviews Review Reisner captures Western water history in Cinemascope and Technicolor Cadillac Desert is timely and of national importance Hurry up and read this book The Washington Post Review A revealing absorbing often amusing and alarming report The New York Times Book Review Review Beautifully written and meticulously researched St Louis PostDispatch Synopsis The definitive work on the Wests water crisis Newsweek The story of the American West is the story of a relentless quest for a precious resource water It is a tale of rivers diverted and dammed of political corruption and intrigue of billiondollar battles over water rights of ecological and economic disaster In his landmark book Cadillac Desert Marc Reisner writes of the earliest settlers lured by the promise of paradise and of the ruthless tactics employed by Los Angeles politicians and business interests to ensure the citys growth He documents the bitter rivalry between two government giants the Bureau of Reclamation and the US Army Corps of Engineers in the competition to transform the West Based on more than a decade of research Cadillac Desert is a stunning expose and a dramatic intriguing history of the creation of an Edenan Eden that may only be a mirage Synopsis This updated study of the economics politics and ecology of water covers more than a century of public and private desert reclamation in the American West Description Includes bibliographical references p 522564 and index About the Author Marc Reisner worked for many years at the Natural Resources Defense Council His Cadillac Desert was a National Book Critics Circle Award nominee He died in 2000 Table of Contents Introduction A Semidesert with a Desert Heart Chapter One A Country of Illusion Chapter Two The Red Queen Chapter Three First Causes Chapter Four An American Nile I Chapter Five The GoGo Years Chapter Six Rivals in Crime Chapter Seven Dominy Chapter Eight An American Nile II Chapter Nine The Peanut Farmer and the Pork Barrel Chapter Ten Chinatown Chapter Eleven Those Who Refuse to Learn Chapter Twelve Things Fall Apart Epilogue A Civilization If You Can Keep It Afterword to the Revised Edition Acknowledgments Notes and Bibliography Index 37 3 What Our Readers Are Saying Share your thoughts on this title Average customer rating 37 3 comments  PDXBruce  August 14 2017 view all comments by PDXBruce I dont recall a better researched nonfiction book that I have read The detail is amazing and the hubris and mendacity revealed is shocking The US embarked on a dambuilding spree in the 1930s that allowed the cities of Los Angeles Phoenix Tucson Las Vegas and the ridiculous California agribusiness industry to thrive in the desert with no thought to the inevitable dam siltation and soil salinization that would result He argues that no irrigationbased civilization survived and neither will this one No one not even Tom McCall and Jerry Brown were able to hold onto their principles in the onslought of pressure to build more dams and despoil the environment Reisner died in 200o at the age of 51 I wish he were still alive to add to this book I couldnt help but think that this is the America Donald Trump wishes to return us to Government agencies serving the wealthy rather than regulating their vast greed He argues effectively that the water projects of that era were corporate welfare at a devastating level and their contribution to the national debt was substantial Its a brilliant book and well worth reading though if you have grandchildren youre going to wonder mightily what the future holds for them Was this comment helpful  Yes  No 1 of 2 readers found this comment helpful report this\ncomment  Peter Saucerman  September 01 2011 view all comments by Peter Saucerman 25 years on Marc Reisners Cadillac Desert remains the seminal record of water wars in the arid West As we experience volatile climate change and staggering public debt the follies of more than a century by the Corps of Engineers and Bureau of Reclamation set the stage for the mess we are in today out in the West This remains one of the finest examples of nonfiction writing of our time it is a joy to read and reread Was this comment helpful  Yes  No 5 of 6 readers found this comment helpful report this\ncomment  Bernadette  May 14 2011 This is my favorite nonfiction book Im stealing part of 2 reviews from a few guys on Better World Books that sums up my thoughts better than I couldand I completely reiterate that the PBS 4part series which I got from the local library is HIGHLY recommended\nRandy from The United States  Aug 31 2008  I read this for a book club and the four of us used it as a springboard for literally hours of conversation This should be required reading for anyone who claims to be an informed citizen living in the American West\nMax from Portland OR  Mar 4 2011\nIn 1986 Marc Reisner published a book called Cadillac Desert The American West and its Disappearing Water In it Reisner fastidiously documents the appropriation of the Wests most valuable resources water The book now 20 years old prophetically detailed many of the problems of water supply and land degradation that we are now facing today Water is the lifeblood of humanity and how we care for this resource will determine our fate Cadillac Desert is scathing critique of American policy on water development specifically towards the Bureau of Reclamations gunslinging approach towards dam building This book was the seminal work on water development and it reverberations will continue for however long we live in the Western United States\nIn all of Marc Reisners work he explores the relation humans have with their environment and how we have put extreme amounts of stress on that relationship Throughout Cadillac Desert Reisner describes the extent to which the government has augmented the environment of California as succinctly described here\nThe whole state thrives even survives by moving water from where it is and presumably isnt needed to where it isnt and presumably is needed No other state has done as much to fructify its deserts make over its flora and fauna and rearrange the hydrology God gave it No other place has put as many people where they probably have no business being There is no place like it anywhere on earth Thirtyone million people more than the population of Canada an economy richer than all but seven nations in the world one third of the table food grown in the United Statesand none of it remotely conceivable within the preexisting natural order 333\nBefore Cadillac Desert people looked at dams and other water developments as an example of human ingenuity and necessary for continued human existence These leviathan alterations though have left nature severely scarred and Reisner uncompromisingly details the effects uncontrolled water development has had Was this comment helpful  Yes  No 4 of 5 readers found this comment helpful report this\ncomment Product Details ISBN 9780140178241 Binding Trade Paperback Publication date 06011993 Publisher PENGUIN PUTNAM TRADE Pages 672 Height 109IN Width 552IN Thickness 100 Age Range 18 and up Grade Range 13 and up Number of Units 1 Illustration Yes Copyright Year 1993 Series Volume Bd 17 UPC Code 2800140178243 Author Marc Reisner Author Marc Reisner Subject Description and travel Subject Water resources development Subject Irrigation Subject Political corruption Subject History Subject Environmental EngineeringWater Supply Subject United states Subject Irrigation  Government policy Subject Political corruption  West US  History Subject West us Subject Watersupply Subject Nature 1050 List Price 2000 Used Trade Paperback Ships in 1 to 3 days Qty Store 1 Burnside More copies of this ISBN New Trade Paperback 2000 Used Trade Paperback Starting from 995 1 LOCOK 1 LOCOK LOCCancel 1 LOCOK LOCCancel 1 LOCOK 1 LOCOK LOCCancel 1 LOCOK LOCCancel 1 LOCOK 1 LOCOK LOCCancel 1 LOCOK LOCCancel 1 LOCOK 1 LOCOK LOCCancel 1 LOCOK LOCCancel Help Guarantee My Account Careers About Us Security Wish List Partners Contact Us Shipping Transparency ACT MRF Sitemap  2022 POWELLSCOM Terms 1 LOCOK 1 LOCOK LOCCancel 1 LOCOK LOCCancel 1 LOCOK 1 LOCOK LOCCancel 1 LOCOK LOCCancel 1 LOCOK 1 LOCOK LOCCancel 1 LOCOK LOCCancel 1 LOCOK 1 LOCOK LOCCancel 1 LOCOK LOCCancel",
    "page_rank": 4.779049461336767e-05
}