{
    "Title": " Felix Ever After ",
    "Author": "Kacen Callender",
    "Cover Page": "https://powells-covers-2.s3.amazonaws.com/9780062820259.jpg",
    "ISBN10": "0062820257  \n",
    "ISBN13": "9780062820259",
    "Page URL": "https://www.powells.com/book/felix-ever-after-9780062820259/62-0",
    "raw_text": "Felix Ever After Kacen Callender Hardcover 9780062820259 Powells Books Cart   my account  wish list  help  8008787323 Hello\n Login MENU Browse New Arrivals Bestsellers Featured Preorders Award Winners Audio Books See All Subjects Used Staff Picks Staff Picks Picks of the Month Bookseller Displays 50 Books for 50 Years 25 Best 21st Century SciFi  Fantasy 25 PNW Books to Read Before You Die 25 Books From the 21st Century 25 Memoirs to Read Before You Die 25 Global Books to Read Before You Die 25 Women to Read Before You Die 25 Books to Read Before You Die Gifts Gift Cards  eGift Cards Powells Souvenirs Journals and Notebooks socks Games Sell Books Blog Events Find A Store Dont Miss BIG SALE 20 off sitewide Picks of the Season What Im Giving Great Gifts Under 25 Best Books of 2022 Powells Author Events Oregon Battle of the Books Audio Books Visit Our Stores Powells Books 14 Gift Ideas From 14 of Our Favorite Authors 0 comment Every year Powells reaches out to some of our favorite authors for some muchneeded giftgiving inspiration Below are 14 writerapproved recommendations to help you find the perfect book for even your mostdifficulttobuyfor loved one Read More  Powells Staff Best Books of 2022 Fiction 1 comment Kelsey Ford 6 Haunting Native American Horror Books 1 comment 1 LOCOK 1 LOCOK LOCCancel 1 LOCOK LOCCancel Felix Ever After by Kacen Callender Comment on this title Synopses  Reviews ISBN13 9780062820259 ISBN10 0062820257 All Product Details View Larger Image View Larger Images 1899 New Hardcover Ships in 1 to 3 days Qty Store 20 Local Warehouse Synopses  Reviews Publisher Comments From Stonewall and Lambda Awardwinning author Kacen Callender comes a revelatory YA novel about a transgender teen grappling with identity and selfdiscovery while falling in love for the first time Felix Love has never been in love  and yes hes painfully aware of the irony He desperately wants to know what its like and why it seems so easy for everyone but him to find someone Whats worse is that even though he is proud of his identity Felix also secretly fears that hes one marginalization too many  Black queer and transgender  to ever get his own happilyeverafter When an anonymous student begins sending him transphobic messages  after publicly posting Felixs deadname alongside images of him before he transitioned  Felix comes up with a plan for revenge What he didnt count on his catfish scenario landing him in a quasilove triangle But as he navigates his complicated feelings Felix begins a journey of questioning and selfdiscovery that helps redefine his most important relationship how he feels about himself Felix Ever After is an honest and layered story about identity falling in love and recognizing the love you deserve Review From its stunning cover art to the rich messy nuanced narrative at its heart this is an unforgettable storycrafted by an author whose obvious respect for teen readers radiates from every page Booklist Starred Review Review boldly empathic hopeful and full of love This topnotch depiction of a messy complicated romantic young artist navigating the bumpy road to selflove and selfdetermination sticks its landing at every turn Publishers Weekly Starred Review Review Felix explores love friendship and possibly retribution in this powerful OwnVoices story of identity and selfworthFull of warmth love and support this is an important story and an essential purchase School Library Journal Starred Review Review Full of nuanced looks at how relationships can be both toxic and supportive loving and confusing and exciting but brief this is definitely not a book to be missed Buzzfeed Synopsis A Stonewall Honor Book From Stonewall and Lambda Awardwinning author Kacen Callender comes a revelatory YA novel about a transgender teen grappling with identity and selfdiscovery while falling in love for the first time Felix Love has never been in loveand yes hes painfully aware of the irony He desperately wants to know what its like and why it seems so easy for everyone but him to find someone Whats worse is that even though he is proud of his identity Felix also secretly fears that hes one marginalization too manyBlack queer and transgenderto ever get his own happilyeverafter When an anonymous student begins sending him transphobic messagesafter publicly posting Felixs deadname alongside images of him before he transitionedFelix comes up with a plan for revenge What he didnt count on his catfish scenario landing him in a quasilove triangle But as he navigates his complicated feelings Felix begins a journey of questioning and selfdiscovery that helps redefine his most important relationship how he feels about himself Felix Ever After is an honest and layered story about identity falling in love and recognizing the love you deserve Felix is attending an ultracompetitive arts summer program to have a better shot at a full scholarship to Brown when someone posts Felixs dead name beside photos of him pretransition in the schools lobby Felixs plot to get revenge throws him onto the path of love and selfdiscovery  Publishers Weekly  An AntiRacist Childrens and YA Reading List Synopsis A Stonewall Honor Book A Time Magazine Best YA Book Of All Time From Stonewall and Lambda Awardwinning author Kacen Callender comes a revelatory YA novel about a transgender teen grappling with identity and selfdiscovery while falling in love for the first time Felix Love has never been in loveand yes hes painfully aware of the irony He desperately wants to know what its like and why it seems so easy for everyone but him to find someone Whats worse is that even though he is proud of his identity Felix also secretly fears that hes one marginalization too manyBlack queer and transgenderto ever get his own happilyeverafter When an anonymous student begins sending him transphobic messagesafter publicly posting Felixs deadname alongside images of him before he transitionedFelix comes up with a plan for revenge What he didnt count on his catfish scenario landing him in a quasilove triangle But as he navigates his complicated feelings Felix begins a journey of questioning and selfdiscovery that helps redefine his most important relationship how he feels about himself Felix Ever After is an honest and layered story about identity falling in love and recognizing the love you deserve Felix is attending an ultracompetitive arts summer program to have a better shot at a full scholarship to Brown when someone posts Felixs dead name beside photos of him pretransition in the schools lobby Felixs plot to get revenge throws him onto the path of love and selfdiscovery  Publishers Weekly  An AntiRacist Childrens and YA Reading List About the Author Kacen Callender is originally from Saint Thomas in the US Virgin Islands Kacen has a BA from Sarah Lawrence College and an MFA from the New Schools writing for children program They are also the author of the young adult novel This Is Kind of an Epic Love Story and the middle grade novel Hurricane Child  winner of the Stonewall Book Award and Lambda Literary Award They can be found online at wwwkacencallendercom What Our Readers Are Saying Be the first to share your thoughts on this title Product Details ISBN 9780062820259 Binding Hardcover Publication date 05052020 Publisher HARPERCOLLINS PUBLISHERS Pages 368 Height 125IN Width 575IN Age Range 14 to 17 Grade Range 9 to 12 Author Kacen Callender 1899 New Hardcover Ships in 1 to 3 days Qty Store 20 Local Warehouse More copies of this ISBN Used Hardcover 1350 This title in other editions New Other 3999 New Trade Paperback 1199 1 LOCOK 1 LOCOK LOCCancel 1 LOCOK LOCCancel 1 LOCOK 1 LOCOK LOCCancel 1 LOCOK LOCCancel 1 LOCOK 1 LOCOK LOCCancel 1 LOCOK LOCCancel 1 LOCOK 1 LOCOK LOCCancel 1 LOCOK LOCCancel Help Guarantee My Account Careers About Us Security Wish List Partners Contact Us Shipping Transparency ACT MRF Sitemap  2022 POWELLSCOM Terms 1 LOCOK 1 LOCOK LOCCancel 1 LOCOK LOCCancel 1 LOCOK 1 LOCOK LOCCancel 1 LOCOK LOCCancel 1 LOCOK 1 LOCOK LOCCancel 1 LOCOK LOCCancel 1 LOCOK 1 LOCOK LOCCancel 1 LOCOK LOCCancel",
    "page_rank": 0.0016448355469673311
}