{
    "Title": " Dishing Up the Dirt Simple Recipes for Cooking Through the Seasons ",
    "Author": "Andrea Bemis",
    "Cover Page": "https://powells-covers-2.s3.amazonaws.com/9780062492227.jpg",
    "ISBN10": "0062492225  \n",
    "ISBN13": "9780062492227",
    "Page URL": "https://powells.com/book/dishing-up-the-dirt-simple-recipes-for-cooking-through-the-seasons-9780062492227",
    "raw_text": "Dishing Up the Dirt Simple Recipes for Cooking Through the Seasons Andrea Bemis Hardcover 9780062492227 Powells Books Cart   my account  wish list  help  8008787323 Hello\n Login MENU Browse New Arrivals Bestsellers Featured Preorders Award Winners Audio Books See All Subjects Used Staff Picks Staff Picks Picks of the Month Bookseller Displays 50 Books for 50 Years 25 Best 21st Century SciFi  Fantasy 25 PNW Books to Read Before You Die 25 Books From the 21st Century 25 Memoirs to Read Before You Die 25 Global Books to Read Before You Die 25 Women to Read Before You Die 25 Books to Read Before You Die Gifts Gift Cards  eGift Cards Powells Souvenirs Journals and Notebooks socks Games Sell Books Blog Events Find A Store Dont Miss BIG SALE 20 off sitewide Picks of the Season What Im Giving Great Gifts Under 25 Best Books of 2022 Powells Author Events Oregon Battle of the Books Audio Books Visit Our Stores Powells Books 14 Gift Ideas From 14 of Our Favorite Authors 0 comment Every year Powells reaches out to some of our favorite authors for some muchneeded giftgiving inspiration Below are 14 writerapproved recommendations to help you find the perfect book for even your mostdifficulttobuyfor loved one Read More  Powells Staff Best Books of 2022 Fiction 1 comment Kelsey Ford 6 Haunting Native American Horror Books 1 comment 1 LOCOK 1 LOCOK LOCCancel 1 LOCOK LOCCancel Dishing Up the Dirt Simple Recipes for Cooking Through the Seasons by Andrea Bemis Comment on this title Synopses  Reviews Read a Recipe ISBN13 9780062492227 ISBN10 0062492225 All Product Details View Larger Image View Larger Images 2999 New Hardcover Ships in 1 to 3 days Qty Store 8 Burnside 1 Hawthorne 20 Local Warehouse Synopses  Reviews Publisher Comments Andrea Bemis the creator of the popular farmtotable blog Dishing Up the Dirt builds on her success with this beautiful simple seasonally driven cookbook featuring more than 100 inventive and delicious wholefoods recipes and dozens of color photographs For Andrea Bemis who owns and runs a sixacre organic farm with her husband outside of Portland Oregon dinners are inspired by what is grown in the soil and picked by hand In Dishing Up the Dirt  Andrea offers 100 authentic farmtotable recipes arranged by season including Spring  Honey Roasted Strawberry Muffins Lamb Lettuce Wraps with Mint Yogurt Sauce Spring Harvest Pizza with Mint  Pea Pesto Kohlrabi and Chickpea Salad Summer  Blueberry Lemon Ricotta Biscuits Roasted Ratatouille Toast Kohlrabi Fritters with Garlic Herb Cashew Cream Sauce Farmers Market Burgers with Mustard Greens Pesto Fall  Farm Girl Veggie Bowls Butternut Molasses Muffins Early Autumn Moroccan Stew Collard Green Slaw with Bacon Gremolata Winter  Rutabaga Home Fries with Smokey Cashew Sauce Hoisin Glazed Brussels Sprouts Country Girl Old Fashioned Cocktails Tumbleweed Farm Winter Panzanella Andreas recipes focus on using whole locallysourced foods  incorporating the philosophy of eating as close to the land as possible While many recipes are naturally glutenfree dairyfree or vegetarian many others include elemental ingredients like bread cheese eggs meat and sweeteners which are incorporated in new and inventive ways In short essays throughout the book Andrea also presents an honest glimpse of life on Tumbleweed Farm  the real life of a farmer not the shabbychic fantasy often portrayed  offering fascinating and frequently entertaining details about where the food on our dinner tables comes from With stunning food photography as well as intimate portraits of farm life Dishing Up the Dirt allows anyone to be a seasonal foodie and an armchair farmer Review Reading this book makes me yearn for the joy of cooking vegetables right out of the garden and warming up by a woodstove in winter Andreas recipes are refreshingly uncomplicated delicious and a wonderful way to celebrate the seasons Amy Chaplin James Beard Award winning author of At Home in the Whole Food Kitchen Celebrating the Art of Eating Well Review Andreas approach to food is honest real and downtoearth Her descriptions of life on the farm are beautifully timeless while her recipes breathe new life into the idea of cooking dinner after a long hard days work Dishing Up the Dirt is packed full of flavorful dishes that are not the least bit fussy Molly Yeh author of Molly on the Range Recipes and Stories from an Unlikely Life on a Farm About the Author Andrea Bemis is the writer recipe developer and photographer behind DishingUptheDirtcom Her recipes and Tumbleweed Farm have been featured in print and online publications including the New York Times  The Kitchn  Well and Good NYC  EatingWell  and Epicurious  She lives in Oregon Andrea Bemis on PowellsBooksBlog I never imagined this life for myself A life that solely revolves around the seasons the weather and the dirt Sometimes it feels like Im watching someone elses life from afar because this wasnt supposed to be me someone who doesnt leave the house without a pocket knife Someone who is up at dawn and asleep by sundown Read More  What Our Readers Are Saying Be the first to share your thoughts on this title Product Details ISBN 9780062492227 Binding Hardcover Publication date 03142017 Publisher HARPERCOLLINS PUBLISHERS Pages 304 Height 120IN Width 740IN Series Number 1 Illustration Yes Author Andrea Bemis 2999 New Hardcover Ships in 1 to 3 days Qty Store 8 Burnside 1 Hawthorne 20 Local Warehouse Receive an email when this ISBN is available used 1 LOCOK 1 LOCOK LOCCancel 1 LOCOK LOCCancel 1 LOCOK 1 LOCOK LOCCancel 1 LOCOK LOCCancel 1 LOCOK 1 LOCOK LOCCancel 1 LOCOK LOCCancel 1 LOCOK 1 LOCOK LOCCancel 1 LOCOK LOCCancel Help Guarantee My Account Careers About Us Security Wish List Partners Contact Us Shipping Transparency ACT MRF Sitemap  2022 POWELLSCOM Terms 1 LOCOK 1 LOCOK LOCCancel 1 LOCOK LOCCancel 1 LOCOK 1 LOCOK LOCCancel 1 LOCOK LOCCancel 1 LOCOK 1 LOCOK LOCCancel 1 LOCOK LOCCancel 1 LOCOK 1 LOCOK LOCCancel 1 LOCOK LOCCancel",
    "page_rank": 4.0137604412460665e-05
}