{
    "Title": " Shake ",
    "Author": "Carli Davidson",
    "Cover Page": "https://covers.powells.com/9780062242648.jpg",
    "ISBN10": "0062242644  \n",
    "ISBN13": "9780062242648",
    "Page URL": "https://powells.com/book/shake-9780062242648",
    "raw_text": "Shake Carli Davidson Hardcover 9780062242648 Powells Books Cart   my account  wish list  help  8008787323 Hello\n Login MENU Browse New Arrivals Bestsellers Featured Preorders Award Winners Audio Books See All Subjects Used Staff Picks Staff Picks Picks of the Month Bookseller Displays 50 Books for 50 Years 25 Best 21st Century SciFi  Fantasy 25 PNW Books to Read Before You Die 25 Books From the 21st Century 25 Memoirs to Read Before You Die 25 Global Books to Read Before You Die 25 Women to Read Before You Die 25 Books to Read Before You Die Gifts Gift Cards  eGift Cards Powells Souvenirs Journals and Notebooks socks Games Sell Books Blog Events Find A Store Dont Miss BIG SALE 20 off sitewide Picks of the Season What Im Giving Great Gifts Under 25 Best Books of 2022 Powells Author Events Oregon Battle of the Books Audio Books Visit Our Stores Powells Books 14 Gift Ideas From 14 of Our Favorite Authors 0 comment Every year Powells reaches out to some of our favorite authors for some muchneeded giftgiving inspiration Below are 14 writerapproved recommendations to help you find the perfect book for even your mostdifficulttobuyfor loved one Read More  Powells Staff Best Books of 2022 Fiction 1 comment Kelsey Ford 6 Haunting Native American Horror Books 1 comment 1 LOCOK 1 LOCOK LOCCancel 1 LOCOK LOCCancel Shake by Carli Davidson Comment on this title Synopses  Reviews View Video Read an Original Essay ISBN13 9780062242648 ISBN10 0062242644 Condition Standard DustJacket Standard All Product Details View Larger Image View Larger Images 995 List Price 1799 Used Hardcover Ships in 1 to 3 days Qty Store 1 Hawthorne Synopses  Reviews Publisher Comments Original amusing and brilliantly documented Shake is a heartwarming collection of sixtyone beguiling dogs caught in the most candid of moments midshake This glorious graphic volume will stop you dead in your tracks as you are presented with images of mans best friend caught in contortion hair wild eyes darting ears and jowls flopping every which way With Shake  photographer Carli Davidson proves how eager and elated we are to see our pets in new ways The result is a oneofakind book a colorful assemblage of photographs that are simultaneously startling and endearing consistently hard to look away from and revealing Review Shake  a new book from photographer Carli Davidson highlights that lightningfast moment when our fourlegged friends dry themselves off often in a slobberfilled tornado straight out of Beethoven Huffington Post Review In her new book Shake shutterbug Carli Davidson uses  technology to demonstrate that dogs use their body parts to swing sway and spin in beautiful unexpected and hilarious ways The Oregonian Review ild hair flopping ears and jowls oh my Photographer Carli Davidson has managed to capture mans best friend midshake in all his canine glory in a delightful photo series which has now become a book Good Morning America GMAcom Review The photographs capture dogs midshake with jowls flailing and eyes rolling  a motion thats often too quick to catch with the naked eye Todaycom Review Carli Davidson compiled the most stunningly adorable portraits of dogs doing the thing they do best shaking it out Get ready for a permanent smile BuzzFeed Review Shake is an intriguing collection of photos of canines of all shapes and sizes in well midshake The energy and expression in each  are captivating and often downright chuckle making You may never look at Pawly D the same again Daily Candy Review The freezeframe photos of these poochesjowels flapping fur flyingwill be lapped up by dog devotees O the Oprah Magazine Video About the Author Carli Davidson is an internationally recognized awardwinning photographer and animal trainer Her photographs have been featured in publications such as Vanity Fair  the New York Times  the Huffington Post  Rolling Stone  and Slate  She lives in Portland Oregon with her husband Tim pets Norbert and Yushi and a rotating cast of foster animals Exclusive Essay Read an exclusive essay by Carli Davidson from 2013 and 2014 What Our Readers Are Saying Be the first to share your thoughts on this title Product Details ISBN 9780062242648 Binding Hardcover Publication date 10222013 Publisher HARPERCOLLINS PUBLISHERS Pages 144 Height 72IN Width 822IN Thickness 75 Illustration Yes Author Carli Davidson Author Carli Davidson Subject PETS  Dogs  General 995 List Price 1799 Used Hardcover Ships in 1 to 3 days Qty Store 1 Hawthorne More copies of this ISBN Used Hardcover Starting from 895 1 LOCOK 1 LOCOK LOCCancel 1 LOCOK LOCCancel 1 LOCOK 1 LOCOK LOCCancel 1 LOCOK LOCCancel 1 LOCOK 1 LOCOK LOCCancel 1 LOCOK LOCCancel 1 LOCOK 1 LOCOK LOCCancel 1 LOCOK LOCCancel Help Guarantee My Account Careers About Us Security Wish List Partners Contact Us Shipping Transparency ACT MRF Sitemap  2022 POWELLSCOM Terms 1 LOCOK 1 LOCOK LOCCancel 1 LOCOK LOCCancel 1 LOCOK 1 LOCOK LOCCancel 1 LOCOK LOCCancel 1 LOCOK 1 LOCOK LOCCancel 1 LOCOK LOCCancel 1 LOCOK 1 LOCOK LOCCancel 1 LOCOK LOCCancel",
    "page_rank": 3.861743443062842e-05
}