{
    "Title": " Strange Planet ",
    "Author": "Nathan W Pyle",
    "Cover Page": "https://powells-covers-2.s3.amazonaws.com/9780062970701.jpg",
    "ISBN10": "0062970704  \n",
    "ISBN13": "9780062970701",
    "Page URL": "https://powells.com/book/strange-planet-9780062970701",
    "raw_text": "Strange Planet Nathan W Pyle Hardcover 9780062970701 Powells Books Cart   my account  wish list  help  8008787323 Hello\n Login MENU Browse New Arrivals Bestsellers Featured Preorders Award Winners Audio Books See All Subjects Used Staff Picks Staff Picks Picks of the Month Bookseller Displays 50 Books for 50 Years 25 Best 21st Century SciFi  Fantasy 25 PNW Books to Read Before You Die 25 Books From the 21st Century 25 Memoirs to Read Before You Die 25 Global Books to Read Before You Die 25 Women to Read Before You Die 25 Books to Read Before You Die Gifts Gift Cards  eGift Cards Powells Souvenirs Journals and Notebooks socks Games Sell Books Blog Events Find A Store Dont Miss BIG SALE 20 off sitewide Picks of the Season What Im Giving Great Gifts Under 25 Best Books of 2022 Powells Author Events Oregon Battle of the Books Audio Books Visit Our Stores Powells Books 14 Gift Ideas From 14 of Our Favorite Authors 0 comment Every year Powells reaches out to some of our favorite authors for some muchneeded giftgiving inspiration Below are 14 writerapproved recommendations to help you find the perfect book for even your mostdifficulttobuyfor loved one Read More  Powells Staff Best Books of 2022 Fiction 1 comment Kelsey Ford 6 Haunting Native American Horror Books 1 comment 1 LOCOK 1 LOCOK LOCCancel 1 LOCOK LOCCancel Strange Planet by Nathan W Pyle Comment on this title Synopses  Reviews ISBN13 9780062970701 ISBN10 0062970704 Condition Standard All Product Details View Larger Image View Larger Images 1050 List Price 1499 Used Hardcover Ships in 1 to 3 days Qty Store 6 Burnside 2 Cedar Hills 4 Hawthorne Staff Pick This small collection of strange comic strips is quietly hilarious I found myself grinning over and over as I read through Completely unique satisfying thoughtful and very funny Recommended By Doug C Powellscom Synopses  Reviews Synopsis 1 NEW YORK TIMES BESTSELLER  1 WALL STREET JOURNAL BESTSELLER  USA TODAY BESTSELLER Straight from the mind of 1 New York Times bestselling author Nathan W Pyle Strange Planet is an adorable and profound universe in pink blue green and purple based on the phenomenally popular Instagram of the same name Strange Planet covers a full life cycle of the planets inhabitants including milestones such as The Emergence Day Being Gains a Sibling The Being Family Attains a Beast The Formal Education of a Being Celebration of Special Days Being Begins a Vocation The Beings at Home Health Status of a Being The Hobbies of a Being The Extended Family of the Being The Being Reflects on Life While Watching the Planet Rotate With dozens of neverbeforeseen illustrations in addition to old favorites this book offers a sweet and hilarious look at a distant world not all that unlike our own I feel more attractive Honestly you are Its the star damage I CRAVE STAR DAMAGE Synopsis 1 NEW YORK TIMES BESTSELLER  1 WALL STREET JOURNAL BESTSELLER  USA TODAY BESTSELLER A GOODREADS CHOICE AWARD WINNER FOR HUMOR Straight from the mind of 1 New York Times bestselling author of NYC Basic Tips and Etiquette and 99 Stories I Could Tell Nathan W Pyle Strange Planet is an adorable and profound universe in pink blue green and purple based on the phenomenally popular Instagram of the same name Strange Planet covers a full life cycle of the planets inhabitants including milestones such as The Emergence Day Being Gains a Sibling The Being Family Attains a Beast The Formal Education of a Being Celebration of Special Days Being Begins a Vocation The Beings at Home Health Status of a Being The Hobbies of a Being The Extended Family of the Being The Being Reflects on Life While Watching the Planet Rotate With dozens of neverbeforeseen illustrations in addition to old favorites this book offers a sweet and hilarious look at a distant world not all that unlike our own I feel more attractive Honestly you are Its the star damage I CRAVE STAR DAMAGE What Our Readers Are Saying Be the first to share your thoughts on this title Product Details ISBN 9780062970701 Binding Hardcover Publication date 11192019 Publisher WILLIAM MORROW  COMPANY INC Pages 144 Height 50IN Width 610IN LCCN False Illustration Yes Author Nathan W Pyle Author Nathan W Pyle 1050 List Price 1499 Used Hardcover Ships in 1 to 3 days Qty Store 6 Burnside 2 Cedar Hills 4 Hawthorne More copies of this ISBN New Hardcover 1499 1 LOCOK 1 LOCOK LOCCancel 1 LOCOK LOCCancel 1 LOCOK 1 LOCOK LOCCancel 1 LOCOK LOCCancel 1 LOCOK 1 LOCOK LOCCancel 1 LOCOK LOCCancel 1 LOCOK 1 LOCOK LOCCancel 1 LOCOK LOCCancel Help Guarantee My Account Careers About Us Security Wish List Partners Contact Us Shipping Transparency ACT MRF Sitemap  2022 POWELLSCOM Terms 1 LOCOK 1 LOCOK LOCCancel 1 LOCOK LOCCancel 1 LOCOK 1 LOCOK LOCCancel 1 LOCOK LOCCancel 1 LOCOK 1 LOCOK LOCCancel 1 LOCOK LOCCancel 1 LOCOK 1 LOCOK LOCCancel 1 LOCOK LOCCancel",
    "page_rank": 3.859767171146299e-05
}