{
    "Title": " Happiness Project Revised Edition ",
    "Author": "Gretchen Rubin",
    "Cover Page": "https://powells-covers-2.s3.amazonaws.com/9780062414854.jpg",
    "ISBN10": "0062414852  \n",
    "ISBN13": "9780062414854",
    "Page URL": "https://powells.com/book/happiness-project-revised-edition-9780062414854",
    "raw_text": "Happiness Project Revised Edition Gretchen Rubin Trade Paperback 9780062414854 Powells Books Cart   my account  wish list  help  8008787323 Hello\n Login MENU Browse New Arrivals Bestsellers Featured Preorders Award Winners Audio Books See All Subjects Used Staff Picks Staff Picks Picks of the Month Bookseller Displays 50 Books for 50 Years 25 Best 21st Century SciFi  Fantasy 25 PNW Books to Read Before You Die 25 Books From the 21st Century 25 Memoirs to Read Before You Die 25 Global Books to Read Before You Die 25 Women to Read Before You Die 25 Books to Read Before You Die Gifts Gift Cards  eGift Cards Powells Souvenirs Journals and Notebooks socks Games Sell Books Blog Events Find A Store Dont Miss BIG SALE 20 off sitewide Picks of the Season What Im Giving Great Gifts Under 25 Best Books of 2022 Powells Author Events Oregon Battle of the Books Audio Books Visit Our Stores Powells Books 14 Gift Ideas From 14 of Our Favorite Authors 0 comment Every year Powells reaches out to some of our favorite authors for some muchneeded giftgiving inspiration Below are 14 writerapproved recommendations to help you find the perfect book for even your mostdifficulttobuyfor loved one Read More  Powells Staff Best Books of 2022 Fiction 1 comment Kelsey Ford 6 Haunting Native American Horror Books 1 comment 1 LOCOK 1 LOCOK LOCCancel 1 LOCOK LOCCancel Happiness Project Revised Edition by Gretchen Rubin Comment on this title Synopses  Reviews ISBN13 9780062414854 ISBN10 0062414852 Condition Like New All Product Details View Larger Image View Larger Images 998 List Price 1599 Used Trade Paperback Ships in 1 to 3 days Qty Store 5 Cedar Hills 2 Hawthorne Synopses  Reviews Review An enlightening laughaloud read    Filled with open honest glimpses into Rubins real life woven together with constant doses of humor Terry Hong Christian Science Monitor Review For those who generally loathe the selfhelp genre Rubins book is a breath of peppermintscented air Wellresearched and sharply written    Rubin takes an orderly methodical approach to forging her own path to a happier state of mind Kim Crow Cleveland Plain Dealer Review Practical and never preachy    the rare selfhelp tome that doesnt feel shameful to read Daily Beast Review Packed with fascinating facts about the science of happiness and rich examples of how she improves her life through changes small and big The Happiness Project made me happier by just reading it Amy Scribner Bookpage Synopsis Wonderful    Rubin shows how you can be happier starting right now with small actionable steps accessible to everyone Julie Morgenstern New York Times bestselling author of Organizing from the Inside Out Gretchen Rubin had an epiphany one rainy afternoon in the unlikeliest of places a city bus The days are long but the years are short she realized Time is passing and Im not focusing enough on the things that really matter In that moment she decided to dedicate a year to her happiness project In this lively and compelling accountnow updated with new material by the authorRubin chronicles her adventures during the twelve months she spent testdriving the wisdom of the ages current scientific research and lessons from popular culture about how to be happier Among other things she found that novelty and challenge are powerful sources of happiness that money can help buy happiness when spent wisely that outer order contributes to inner calm and that the very smallest of changes can make the biggest difference An enlightening laughaloud read Christian Science Monitor This updated edition includes  A new extensive interview with the author  Secrets of Adulthood  An excerpt from Gretchen Rubins new book Better Than Before What I Learned About Making and Breaking Habitsto Sleep More Quit Sugar Procrastinate Less and Generally Build a Happier Life Synopsis This book made me happy in the first five pages AJ Jacobs author of The Year of Living Biblically One Mans Humble Quest to Follow the Bible as Literally as Possible Awardwinning author Gretchen Rubin is back with a bang with The Happiness Project  The author of the bestselling 40 Ways to Look at Winston Churchill has produced a work that is a cross between the Dalai Lamas The Art of Happiness and Elizabeth Gilberts Eat Pray Love  Sonya Lyubomirsky author of The How of Happiness A Scientific Approach to Getting the Life You Want  In the vein of Julie and Julia The Happiness Project describes one persons yearlong attempt to discover what leads to true contentment Drawing at once on cuttingedge science classical philosophy and realworld applicability Rubin has written an engaging eminently relatable chronicle of transformation About the Author Gretchen Rubin is the author of several books including the bestselling Forty Ways to Look at Winston Churchill  She was clerking for Supreme Court Justice Sandra Day OConnor when she realized that she really wanted to be a writer She lives in New York City with her husband and two young daughters What Our Readers Are Saying Be the first to share your thoughts on this title Product Details ISBN 9780062414854 Binding Trade Paperback Publication date 12292015 Publisher Harper Paperbacks Edition REV Pages 368 Height 90IN Width 520IN Illustration Yes Copyright Year 2015 Author Gretchen Rubin Author Gretchen Rubin 998 List Price 1599 Used Trade Paperback Ships in 1 to 3 days Qty Store 5 Cedar Hills 2 Hawthorne More copies of this ISBN Used Trade Paperback 1095 1 LOCOK 1 LOCOK LOCCancel 1 LOCOK LOCCancel 1 LOCOK 1 LOCOK LOCCancel 1 LOCOK LOCCancel 1 LOCOK 1 LOCOK LOCCancel 1 LOCOK LOCCancel 1 LOCOK 1 LOCOK LOCCancel 1 LOCOK LOCCancel Help Guarantee My Account Careers About Us Security Wish List Partners Contact Us Shipping Transparency ACT MRF Sitemap  2022 POWELLSCOM Terms 1 LOCOK 1 LOCOK LOCCancel 1 LOCOK LOCCancel 1 LOCOK 1 LOCOK LOCCancel 1 LOCOK LOCCancel 1 LOCOK 1 LOCOK LOCCancel 1 LOCOK LOCCancel 1 LOCOK 1 LOCOK LOCCancel 1 LOCOK LOCCancel",
    "page_rank": 3.825315944493059e-05
}