{
    "Title": " Dearly ",
    "Author": "Margaret Atwood",
    "Cover Page": "https://powells-covers-2.s3.amazonaws.com/9780063032491.jpg",
    "ISBN10": "006303249X  \n",
    "ISBN13": "9780063032491",
    "Page URL": "https://powells.com/book/dearly-9780063032491",
    "raw_text": "Dearly New Poems Margaret Atwood Hardcover 9780063032491 Powells Books Cart   my account  wish list  help  8008787323 Hello\n Login MENU Browse New Arrivals Bestsellers Featured Preorders Award Winners Audio Books See All Subjects Used Staff Picks Staff Picks Picks of the Month Bookseller Displays 50 Books for 50 Years 25 Best 21st Century SciFi  Fantasy 25 PNW Books to Read Before You Die 25 Books From the 21st Century 25 Memoirs to Read Before You Die 25 Global Books to Read Before You Die 25 Women to Read Before You Die 25 Books to Read Before You Die Gifts Gift Cards  eGift Cards Powells Souvenirs Journals and Notebooks socks Games Sell Books Blog Events Find A Store Dont Miss BIG SALE 20 off sitewide Picks of the Season What Im Giving Great Gifts Under 25 Best Books of 2022 Powells Author Events Oregon Battle of the Books Audio Books Visit Our Stores Powells Books 14 Gift Ideas From 14 of Our Favorite Authors 0 comment Every year Powells reaches out to some of our favorite authors for some muchneeded giftgiving inspiration Below are 14 writerapproved recommendations to help you find the perfect book for even your mostdifficulttobuyfor loved one Read More  Powells Staff Best Books of 2022 Fiction 1 comment Kelsey Ford 6 Haunting Native American Horror Books 1 comment 1 LOCOK 1 LOCOK LOCCancel 1 LOCOK LOCCancel Dearly by Margaret Atwood Comment on this title Synopses  Reviews ISBN13 9780063032491 ISBN10 006303249X Condition Standard DustJacket Standard All Product Details View Larger Image View Larger Images 1295 List Price 2799 Used Hardcover Ships in 1 to 3 days Qty Store 1 Burnside From Powellscom Powells Picks of the Month Hot new releases and undertheradar gems for adults and kids Staff Pick This is a collection to be savored Id recommend a poem a day so that you give yourself the time to enjoy each poem fully and to completely appreciate Atwoods vivid imagery as well as her graceful and lyrical use of language A veritable treat Recommended By Sheila N Powellscom I discovered Margaret Atwoods poetry in the Seminary CoOp Bookstore in Chicago and six years later my best friend was reading Variations on the Word Sleep at my wedding If you love Atwoods imaginative and incisive novels her ability to channel those gifts into the discipline of poetry will transport you Recommended By Rhianna W Powellscom Synopses  Reviews Publisher Comments In Dearly  Margaret Atwoods first collection of poetry in over a decade Atwood addresses themes such as love loss the passage of time the nature of nature and zombies Her new poetry is introspective and personal in tone but wideranging in topic In poem after poem she casts her unique imagination and unyielding observant eye over the landscape of a life carefully and intuitively lived While many are familiar with Margaret Atwoods fiction  including her groundbreaking and bestselling novels The Handmaids Tale The Testaments Oryx and Crake  among others  she has from the beginning of her career been one of our most significant contemporary poets And she is one of the very few writers equally accomplished in fiction and poetry This collection is a stunning achievement that will be appreciated by fans of her novels and poetry readers alike About the Author Margaret Atwood whose work has been published in more than fortyfive countries is the author of more than fifty books of fiction poetry critical essays and graphic novels In addition to The Handmaids Tale  now an awardwinning TV series her novels include Cats Eye  shortlisted for the 1989 Booker Prize Alias Grace  which won the Giller Prize in Canada and the Premio Mondello in Italy The Blind Assassin  winner of the 2000 Booker Prize The MaddAddam Trilogy The Heart Goes Last  and HagSeed  She is the recipient of numerous awards including the Peace Prize of the German Book Trade the Franz Kafka International Literary Prize the PEN Center USA Lifetime Achievement Award and the Los Angeles Times Innovators Award In 2019 she was made a member of the Order of the Companions of Honour in Great Britain for services to literature and her novel The Testaments won the Booker Prize and was longlisted for The Giller Prize She lives in Toronto What Our Readers Are Saying Be the first to share your thoughts on this title Product Details ISBN 9780063032491 Binding Hardcover Publication date 11102020 Publisher HARPERCOLLINS PUBLISHERS Pages 144 Author Margaret Atwood 1295 List Price 2799 Used Hardcover Ships in 1 to 3 days Qty Store 1 Burnside More copies of this ISBN Signed Used Hardcover 5000 Signed Used Hardcover 5000 New Hardcover 2799 Used Hardcover Starting from 1298 1 LOCOK 1 LOCOK LOCCancel 1 LOCOK LOCCancel 1 LOCOK 1 LOCOK LOCCancel 1 LOCOK LOCCancel 1 LOCOK 1 LOCOK LOCCancel 1 LOCOK LOCCancel 1 LOCOK 1 LOCOK LOCCancel 1 LOCOK LOCCancel Help Guarantee My Account Careers About Us Security Wish List Partners Contact Us Shipping Transparency ACT MRF Sitemap  2022 POWELLSCOM Terms 1 LOCOK 1 LOCOK LOCCancel 1 LOCOK LOCCancel 1 LOCOK 1 LOCOK LOCCancel 1 LOCOK LOCCancel 1 LOCOK 1 LOCOK LOCCancel 1 LOCOK LOCCancel 1 LOCOK 1 LOCOK LOCCancel 1 LOCOK LOCCancel",
    "page_rank": 3.825315944493059e-05
}