{
    "Title": " How to Do the Work Recognize Your Patterns Heal from Your Past & Create Your Self ",
    "Author": "Nicole LePera",
    "Cover Page": "https://powells-covers-2.s3.amazonaws.com/9780063012097.jpg",
    "ISBN10": "006301209X  \n",
    "ISBN13": "9780063012097",
    "Page URL": "https://powells.com/book/how-to-do-the-work-recognize-your-patterns-heal-from-your-past-create-your-self-9780063012097",
    "raw_text": "How to Do the Work Recognize Your Patterns Heal from Your Past and Create Your Self Nicole Lepera Hardcover 9780063012097 Powells Books Cart   my account  wish list  help  8008787323 Hello\n Login MENU Browse New Arrivals Bestsellers Featured Preorders Award Winners Audio Books See All Subjects Used Staff Picks Staff Picks Picks of the Month Bookseller Displays 50 Books for 50 Years 25 Best 21st Century SciFi  Fantasy 25 PNW Books to Read Before You Die 25 Books From the 21st Century 25 Memoirs to Read Before You Die 25 Global Books to Read Before You Die 25 Women to Read Before You Die 25 Books to Read Before You Die Gifts Gift Cards  eGift Cards Powells Souvenirs Journals and Notebooks socks Games Sell Books Blog Events Find A Store Dont Miss BIG SALE 20 off sitewide Picks of the Season What Im Giving Great Gifts Under 25 Best Books of 2022 Powells Author Events Oregon Battle of the Books Audio Books Visit Our Stores Powells Books 14 Gift Ideas From 14 of Our Favorite Authors 0 comment Every year Powells reaches out to some of our favorite authors for some muchneeded giftgiving inspiration Below are 14 writerapproved recommendations to help you find the perfect book for even your mostdifficulttobuyfor loved one Read More  Powells Staff Best Books of 2022 Fiction 1 comment Kelsey Ford 6 Haunting Native American Horror Books 1 comment 1 LOCOK 1 LOCOK LOCCancel 1 LOCOK LOCCancel How to Do the Work Recognize Your Patterns Heal from Your Past  Create Your Self by Nicole LePera Comment on this title Synopses  Reviews ISBN13 9780063012097 ISBN10 006301209X All Product Details View Larger Image View Larger Images 2799 New Hardcover Ships in 1 to 3 days Qty Store 13 Burnside 5 Cedar Hills 5 Hawthorne 20 Local Warehouse Synopses  Reviews Synopsis From Dr Nicole LePera creator of the holistic psychologistthe online phenomenon with more than two million Instagram followerscomes a revolutionary approach to healing that harnesses the power of the self to produce lasting change As a clinical psychologist Dr Nicole LePera often found herself frustrated by the limitations of traditional psychotherapy Wanting more for her patientsand for herselfshe began a journey to develop a united philosophy of mental physical and spiritual health that equips people with the interdisciplinary tools necessary to heal themselves After experiencing the lifechanging results herself she began to share what shed learned with othersand soon The Holistic Psychologist was born Now Dr LePera is ready to share her muchrequested protocol with the world In How to Do the Work she offers both a manifesto for selfhealing as well as an essential guide to creating a more vibrant authentic and joyful life Drawing on the latest research from a diversity of scientific fields and healing modalities Dr LePera helps us recognize how adverse experiences and trauma in childhood live with us resulting in whole body dysfunctionactivating armful stress responses that keep us stuck engaging in patterns of codependency emotional immaturity and trauma bonds Unless addressed these selfsabotaging behaviors can quickly become cyclical leaving people feeling unhappy unfulfilled and unwell In How to Do the Work Dr LePera offers readers the support and tools that will allow them to break free from destructive behaviors to reclaim and recreate their lives Nothing short of a paradigm shift this is a celebration of empowerment that will forever change the way we approach mental health and selfcare Synopsis 1 NEW YORK TIMES BESTSELLER  INSTANT INTERNATIONAL BESTSELLER From Dr Nicole LePera creator of the holistic psychologistthe online phenomenon with more than two million Instagram followerscomes a revolutionary approach to healing that harnesses the power of the self to produce lasting change As a clinical psychologist Dr Nicole LePera often found herself frustrated by the limitations of traditional psychotherapy Wanting more for her patientsand for herselfshe began a journey to develop a united philosophy of mental physical and spiritual wellness that equips people with the interdisciplinary tools necessary to heal themselves After experiencing the lifechanging results herself she began to share what shed learned with othersand soon The Holistic Psychologist was born Now Dr LePera is ready to share her muchrequested protocol with the world In How to Do the Work she offers both a manifesto for SelfHealing as well as an essential guide to creating a more vibrant authentic and joyful life Drawing on the latest research from a diversity of scientific fields and healing modalities Dr LePera helps us recognize how adverse experiences and trauma in childhood live with us resulting in whole body dysfunctionactivating harmful stress responses that keep us stuck engaging in patterns of codependency emotional immaturity and trauma bonds Unless addressed these selfsabotaging behaviors can quickly become cyclical leaving people feeling unhappy unfulfilled and unwell In How to Do the Work Dr LePera offers readers the support and tools that will allow them to break free from destructive behaviors to reclaim and recreate their lives Nothing short of a paradigm shift this is a celebration of empowerment that will forever change the way we approach mental wellness and selfcare What Our Readers Are Saying Be the first to share your thoughts on this title Product Details ISBN 9780063012097 Binding Hardcover Publication date 03092021 Publisher HARPERCOLLINS PUBLISHERS Pages 320 Height 100IN Width 620IN Author Nicole Lepera 2799 New Hardcover Ships in 1 to 3 days Qty Store 13 Burnside 5 Cedar Hills 5 Hawthorne 20 Local Warehouse Receive an email when this ISBN is available used 1 LOCOK 1 LOCOK LOCCancel 1 LOCOK LOCCancel 1 LOCOK 1 LOCOK LOCCancel 1 LOCOK LOCCancel 1 LOCOK 1 LOCOK LOCCancel 1 LOCOK LOCCancel 1 LOCOK 1 LOCOK LOCCancel 1 LOCOK LOCCancel Help Guarantee My Account Careers About Us Security Wish List Partners Contact Us Shipping Transparency ACT MRF Sitemap  2022 POWELLSCOM Terms 1 LOCOK 1 LOCOK LOCCancel 1 LOCOK LOCCancel 1 LOCOK 1 LOCOK LOCCancel 1 LOCOK LOCCancel 1 LOCOK 1 LOCOK LOCCancel 1 LOCOK LOCCancel 1 LOCOK 1 LOCOK LOCCancel 1 LOCOK LOCCancel",
    "page_rank": 4.043322879890432e-05
}