{
    "Title": " The Force - Large Print Edition ",
    "Author": "Don Winslow",
    "Cover Page": "https://powells-covers-2.s3.amazonaws.com/9780062670755.jpg",
    "ISBN10": "0062670751  \n",
    "ISBN13": "9780062670755",
    "Page URL": "https://powells.com/book/the-force-large-print-edition-9780062670755",
    "raw_text": "Unti Winslow Cop Novel Winslow Don Trade Paperback 9780062670755 Powells Books Cart   my account  wish list  help  8008787323 Hello\n Login MENU Browse New Arrivals Bestsellers Featured Preorders Award Winners Audio Books See All Subjects Used Staff Picks Staff Picks Picks of the Month Bookseller Displays 50 Books for 50 Years 25 Best 21st Century SciFi  Fantasy 25 PNW Books to Read Before You Die 25 Books From the 21st Century 25 Memoirs to Read Before You Die 25 Global Books to Read Before You Die 25 Women to Read Before You Die 25 Books to Read Before You Die Gifts Gift Cards  eGift Cards Powells Souvenirs Journals and Notebooks socks Games Sell Books Blog Events Find A Store Dont Miss BIG SALE 20 off sitewide Picks of the Season What Im Giving Great Gifts Under 25 Best Books of 2022 Powells Author Events Oregon Battle of the Books Audio Books Visit Our Stores Powells Books 14 Gift Ideas From 14 of Our Favorite Authors 0 comment Every year Powells reaches out to some of our favorite authors for some muchneeded giftgiving inspiration Below are 14 writerapproved recommendations to help you find the perfect book for even your mostdifficulttobuyfor loved one Read More  Powells Staff Best Books of 2022 Fiction 1 comment Kelsey Ford 6 Haunting Native American Horror Books 1 comment 1 LOCOK 1 LOCOK LOCCancel 1 LOCOK LOCCancel The Force  Large Print Edition by Don Winslow Comment on this title Synopses  Reviews ISBN13 9780062670755 ISBN10 0062670751 All Product Details View Larger Image View Larger Images 2799 New Trade Paperback Available at a Remote Warehouse Ships separately from other items Additional shipping charges may apply Not available for In Store Pickup More Info Qty Store 20 Remote Warehouse Synopses  Reviews Synopsis The acclaimed awardwinning bestselling author of The Cartel voted one of the Best Books of the Year by more than sixty publications including the New York Times makes his William Morrow debut with a cinematic epic as explosive powerful and unforgettable as Mystic River and The Wire Our ends know our beginnings but the reverse isnt true    All Denny Malone wants is to be a good cop He is the King of Manhattan North a highly decorated NYPD detective sergeant and the real leader of Da Force Malone and his crew are the smartest the toughest the quickest the bravest and the baddest an elite special unit given unrestricted authority to wage war on gangs drugs and guns Every day and every night for the eighteen years hes spent on the Job Malone has served on the front lines witnessing the hurt the dead the victims the perps Hes done whatever it takes to serve and protect in a city built by ambition and corruption where no one is cleanincluding Malone himself What only a few know is that Denny Malone is dirty he and his partners have stolen millions of dollars in drugs and cash in the wake of the biggest heroin bust in the citys history Now Malone is caught in a trap and being squeezed by the Feds and he must walk the thin line between betraying his brothers and partners the Job his family and the woman he loves trying to survive body and soul while the city teeters on the brink of a racial conflagration that could destroy them all Based on years of research inside the NYPD this is the great cop novel of our time and a book only Don Winslow could write a haunting and heartbreaking story of greed and violence inequality and race crime and injustice retribution and redemption that reveals the seemingly insurmountable tensions between the police and the diverse citizens they serve A searing portrait of a city and a courageous heroic and deeply flawed man who stands at the edge of its abyss The Force is a masterpiece of urban living full of shocking and surprising twists leavened by flashes of dark humor a morally complex and utterly riveting dissection of modern American society and the controversial issues confronting and dividing us today Synopsis Instant New York Times Bestseller Recommended for summer reading by Amazon New York Times  Time  Entertainment Weekly  Newsday  Miami Herald  Pittsburgh PostGazette  Edmond News  Rutland Herald  Seattle Times  AM New York  BookBub and theREALbookspycom  The Force is mesmerizing a triumph Think The Godfather  only with cops Its that good  Stephen King The acclaimed awardwinning bestselling author of The Cartel voted one of the Best Books of the Year by more than sixty publications including the New York Times makes his William Morrow debut with a cinematic epic as explosive powerful and unforgettable as Mystic River and The Wire Our ends know our beginnings but the reverse isnt true    All Denny Malone wants is to be a good cop He is the King of Manhattan North a highly decorated NYPD detective sergeant and the real leader of Da Force Malone and his crew are the smartest the toughest the quickest the bravest and the baddest an elite special unit given unrestricted authority to wage war on gangs drugs and guns Every day and every night for the eighteen years hes spent on the Job Malone has served on the front lines witnessing the hurt the dead the victims the perps Hes done whatever it takes to serve and protect in a city built by ambition and corruption where no one is cleanincluding Malone himself What only a few know is that Denny Malone is dirty he and his partners have stolen millions of dollars in drugs and cash in the wake of the biggest heroin bust in the citys history Now Malone is caught in a trap and being squeezed by the Feds and he must walk the thin line between betraying his brothers and partners the Job his family and the woman he loves trying to survive body and soul while the city teeters on the brink of a racial conflagration that could destroy them all Based on years of research inside the NYPD this is the great cop novel of our time and a book only Don Winslow could write a haunting and heartbreaking story of greed and violence inequality and race crime and injustice retribution and redemption that reveals the seemingly insurmountable tensions between the police and the diverse citizens they serve A searing portrait of a city and a courageous heroic and deeply flawed man who stands at the edge of its abyss The Force is a masterpiece of urban living full of shocking and surprising twists leavened by flashes of dark humor a morally complex and utterly riveting dissection of modern American society and the controversial issues confronting and dividing us today Synopsis Instant New York Times Bestseller Best of 2017  included on bestof lists by the New York Times NPR Barnes  Noble Publishers Weekly LitHub BookPage Booklist  TheRealBookSpycom the Financial Times UK and the Daily Mail UK  The Force is mesmerizing a triumph Think The Godfather  only with cops Its that good  Stephen King The acclaimed awardwinning bestselling author of The Cartel voted one of the Best Books of the Year by more than sixty publications including the New York Times makes his William Morrow debut with a cinematic epic as explosive powerful and unforgettable as Mystic River and The Wire Our ends know our beginnings but the reverse isnt true    All Denny Malone wants is to be a good cop He is the King of Manhattan North a highly decorated NYPD detective sergeant and the real leader of Da Force Malone and his crew are the smartest the toughest the quickest the bravest and the baddest an elite special unit given unrestricted authority to wage war on gangs drugs and guns Every day and every night for the eighteen years hes spent on the Job Malone has served on the front lines witnessing the hurt the dead the victims the perps Hes done whatever it takes to serve and protect in a city built by ambition and corruption where no one is cleanincluding Malone himself What only a few know is that Denny Malone is dirty he and his partners have stolen millions of dollars in drugs and cash in the wake of the biggest heroin bust in the citys history Now Malone is caught in a trap and being squeezed by the Feds and he must walk the thin line between betraying his brothers and partners the Job his family and the woman he loves trying to survive body and soul while the city teeters on the brink of a racial conflagration that could destroy them all Based on years of research inside the NYPD this is the great cop novel of our time and a book only Don Winslow could write a haunting and heartbreaking story of greed and violence inequality and race crime and injustice retribution and redemption that reveals the seemingly insurmountable tensions between the police and the diverse citizens they serve A searing portrait of a city and a courageous heroic and deeply flawed man who stands at the edge of its abyss The Force is a masterpiece of urban living full of shocking and surprising twists leavened by flashes of dark humor a morally complex and utterly riveting dissection of modern American society and the controversial issues confronting and dividing us today What Our Readers Are Saying Be the first to share your thoughts on this title Product Details ISBN 9780062670755 Binding Trade Paperback Publication date 06202017 Publisher Harperluxe Pages 736 Height 170IN Width 610IN Large print Yes Author Don Winslow 2799 New Trade Paperback Available at a Remote Warehouse Ships separately from other items Additional shipping charges may apply Not available for In Store Pickup More Info Qty Store 20 Remote Warehouse Receive an email when this ISBN is available used 1 LOCOK 1 LOCOK LOCCancel 1 LOCOK LOCCancel 1 LOCOK 1 LOCOK LOCCancel 1 LOCOK LOCCancel 1 LOCOK 1 LOCOK LOCCancel 1 LOCOK LOCCancel 1 LOCOK 1 LOCOK LOCCancel 1 LOCOK LOCCancel Help Guarantee My Account Careers About Us Security Wish List Partners Contact Us Shipping Transparency ACT MRF Sitemap  2022 POWELLSCOM Terms 1 LOCOK 1 LOCOK LOCCancel 1 LOCOK LOCCancel 1 LOCOK 1 LOCOK LOCCancel 1 LOCOK LOCCancel 1 LOCOK 1 LOCOK LOCCancel 1 LOCOK LOCCancel 1 LOCOK 1 LOCOK LOCCancel 1 LOCOK LOCCancel",
    "page_rank": 3.7747874787349726e-05
}