{
    "Title": " Wanderlust: A History Of Walking ",
    "Author": "Rebecca Solnit",
    "Cover Page": "https://powells-covers-2.s3.amazonaws.com/9780140286014.jpg",
    "ISBN10": "0140286012  \n",
    "ISBN13": "9780140286014",
    "Page URL": "https://powells.com/book/wanderlust-9780140286014",
    "raw_text": "Wanderlust A History Of Walking Rebecca Solnit Trade Paperback 9780140286014 Powells Books Cart   my account  wish list  help  8008787323 Hello\n Login MENU Browse New Arrivals Bestsellers Featured Preorders Award Winners Audio Books See All Subjects Used Staff Picks Staff Picks Picks of the Month Bookseller Displays 50 Books for 50 Years 25 Best 21st Century SciFi  Fantasy 25 PNW Books to Read Before You Die 25 Books From the 21st Century 25 Memoirs to Read Before You Die 25 Global Books to Read Before You Die 25 Women to Read Before You Die 25 Books to Read Before You Die Gifts Gift Cards  eGift Cards Powells Souvenirs Journals and Notebooks socks Games Sell Books Blog Events Find A Store Dont Miss BIG SALE 20 off sitewide Picks of the Season What Im Giving Great Gifts Under 25 Best Books of 2022 Powells Author Events Oregon Battle of the Books Audio Books Visit Our Stores Powells Books 14 Gift Ideas From 14 of Our Favorite Authors 0 comment Every year Powells reaches out to some of our favorite authors for some muchneeded giftgiving inspiration Below are 14 writerapproved recommendations to help you find the perfect book for even your mostdifficulttobuyfor loved one Read More  Powells Staff Best Books of 2022 Fiction 1 comment Kelsey Ford 6 Haunting Native American Horror Books 1 comment 1 LOCOK 1 LOCOK LOCCancel 1 LOCOK LOCCancel Wanderlust A History Of Walking by Rebecca Solnit Comment on this title Synopses  Reviews ISBN13 9780140286014 ISBN10 0140286012 Condition Standard All Product Details View Larger Image View Larger Images 1195 List Price 2000 Used Trade Paperback Ships in 1 to 3 days Qty Store 1 Cedar Hills Synopses  Reviews Publisher Comments Drawing together many histories of anatomical evolution and city design of treadmills and labyrinths of walking clubs and sexual mores Rebecca Solnit creates a fascinating portrait of the range of possibilities presented by walking Arguing that the history of walking includes walking for pleasure as well as for political aesthetic and social meaning Solnit focuses on the walkers whose everyday and extreme acts have shaped our culture from philosophers to poets to mountaineers She profiles some of the most significant walkers in history and fiction  from Wordsworth to Gary Snyder from Jane Austens Elizabeth Bennet to Andre Bretons Nadja  finding a profound relationship between walking and thinking and walking and culture Solnit argues for the necessity of preserving the time and space in which to walk in our ever more cardependent and accelerated world Review This subtle and suggestive study though is something else Wanderlust is as Ms Solnit admits an amateur history but amateur in the best sense The trail mix is always ready at hand providing unexpected nuggets Hobbes we are told had a walking stick with a builtin inkwell and piquant sensations the desert Ms Solnit writes is a place where loneliness has a luxurious flavor like the blues Edward Rothstein The New York Times Review Meandering through human bipedalism urban policy garden design nature treks pilgrimages and the joys of urban roving Solnits beautifully written chronicle visits several continents but ends with an inspired promenade down a new pedestrian paradise the Vegas strip Harlan Entertainment Weekly Review Solnit presents an absolutely fascinating look at how the act of walking itself has influenced our history our science our literature and the very way that we see ourselves as human beings Drawing on a multitude of diverse disciplines Solnit illustrates that walking has led to some of the best and worst incidents in all of historyIn this discussion of walkings role in literature politics education philosophy feminism and religion Solnit walks to great heights with a historical masterwork Booklist Review DelightfulSolnit covers all kinds of ground in her inspiring book on walking The Seattle Times Review Solnit is an elegant essayistas a guide she knows the path well she is tireless and surefooted The New York Times About the Author Rebecca Solnit is the author of numerous books including Hope in the Dark  River of Shadows Eadweard Muybridge and the Technological Wild West  Wanderlust A History of Walking  and As Eve Said to the Serpent On Landscape Gender and Art  which was nominated for the National Book Critics Circle Award in Criticism In 2003 she received the prestigious Lannan Literary Award 5 1 What Our Readers Are Saying Share your thoughts on this title Average customer rating 5 1 comments  Andrew Daily  February 28 2007 view all comments by Andrew Daily Solnits book is a masterpiece in sustained mediatation on a single seemingly inconsequential topic walking Beginning with recent discussions among primatologists and anthropologists that the bipedal walking is not only typical of but fundamental to what it means to be human Solnit launches into a cultural and political history of walking She veers from the English romantics to Parisian flaneurs from religious pilgrimage to protest marches with diversions such as the history of English parks and gardens and the regulation of prostitution Personalities as diverse as Wordsworth Austen Baudelaire Breton Jack the Ripper Moses Frank OHara and Solnit herself make appearances\nThis book was unfairly lost in the crowd of micromicrohistories that flooded shelves a few years ago  of salt of cod etc  but it stands above the rest as Solnit blends personal account literary history and political passion into a fascinating and compelling homage and plea for ambulatory culture and ethics Read this book as the precursor to her more recent A Field Guide to Getting Lost Was this comment helpful  Yes  No 15 of 19 readers found this comment helpful report this\ncomment Product Details ISBN 9780140286014 Binding Trade Paperback Publication date 06012001 Publisher PENGUIN PUTNAM TRADE Pages 324 Height 80IN Width 610IN Thickness 75 Age Range 18 and up Grade Range 13 and up Number of Units 1 Illustration Yes Copyright Year 2001 Series Volume TR0018 UPC Code 2800140286016 Author Rebecca Solnit Media Run Time B Subject Sports and FitnessWalking Subject History Subject Voyages and travels 1195 List Price 2000 Used Trade Paperback Ships in 1 to 3 days Qty Store 1 Cedar Hills More copies of this ISBN New Trade Paperback 2000 1 LOCOK 1 LOCOK LOCCancel 1 LOCOK LOCCancel 1 LOCOK 1 LOCOK LOCCancel 1 LOCOK LOCCancel 1 LOCOK 1 LOCOK LOCCancel 1 LOCOK LOCCancel 1 LOCOK 1 LOCOK LOCCancel 1 LOCOK LOCCancel Help Guarantee My Account Careers About Us Security Wish List Partners Contact Us Shipping Transparency ACT MRF Sitemap  2022 POWELLSCOM Terms 1 LOCOK 1 LOCOK LOCCancel 1 LOCOK LOCCancel 1 LOCOK 1 LOCOK LOCCancel 1 LOCOK LOCCancel 1 LOCOK 1 LOCOK LOCCancel 1 LOCOK LOCCancel 1 LOCOK 1 LOCOK LOCCancel 1 LOCOK LOCCancel",
    "page_rank": 3.884761198326101e-05
}