{
    "Title": " American Sign Language Concise Dictionary Revised Edition ",
    "Author": "Martin Sternberg",
    "Cover Page": "https://covers.powells.com/9780062740106.jpg",
    "ISBN10": "0062740105  \n",
    "ISBN13": "9780062740106",
    "Page URL": "https://powells.com/book/american-sign-language-concise-dictionary-revised-edition-9780062740106",
    "raw_text": "American Sign Language Concise Dictionary Revised Edition Martin Sternberg Mass Market 9780062740106 Powells Books Cart   my account  wish list  help  8008787323 Hello\n Login MENU Browse New Arrivals Bestsellers Featured Preorders Award Winners Audio Books See All Subjects Used Staff Picks Staff Picks Picks of the Month Bookseller Displays 50 Books for 50 Years 25 Best 21st Century SciFi  Fantasy 25 PNW Books to Read Before You Die 25 Books From the 21st Century 25 Memoirs to Read Before You Die 25 Global Books to Read Before You Die 25 Women to Read Before You Die 25 Books to Read Before You Die Gifts Gift Cards  eGift Cards Powells Souvenirs Journals and Notebooks socks Games Sell Books Blog Events Find A Store Dont Miss BIG SALE 20 off sitewide Picks of the Season What Im Giving Great Gifts Under 25 Best Books of 2022 Powells Author Events Oregon Battle of the Books Audio Books Visit Our Stores Powells Books 14 Gift Ideas From 14 of Our Favorite Authors 0 comment Every year Powells reaches out to some of our favorite authors for some muchneeded giftgiving inspiration Below are 14 writerapproved recommendations to help you find the perfect book for even your mostdifficulttobuyfor loved one Read More  Powells Staff Best Books of 2022 Fiction 1 comment Kelsey Ford 6 Haunting Native American Horror Books 1 comment 1 LOCOK 1 LOCOK LOCCancel 1 LOCOK LOCCancel American Sign Language Concise Dictionary Revised Edition by Martin Sternberg Comment on this title Synopses  Reviews ISBN13 9780062740106 ISBN10 0062740105 Condition Standard All Product Details View Larger Image View Larger Images 750 List Price 1299 Used Mass Market Ships in 1 to 3 days Qty Store 1 Hawthorne 1 Local Warehouse Synopses  Reviews Publisher Comments Introducing the first revised edition to the original and most extensive pocketsize American Sign Language dictionary ever published Included are more than 2500 of the most widely used words phrases and idioms in the language with easytofollow illustrations of the hand arm and facial movements that express each one Completely updated and modernized this monumental work introduces 500 new signs that have recently been added to the evolving American Sign Language lexicon About the Author Martin L A Sternberg EdD is a native New Yorker Deaf since the age of seven he has spent most of his career working with deaf people The idea for this book came from Dr Elizabeth Peet Dr Sternbergs sign language teacher at Gallaudet University for the deaf in Washington DC Dr Sternberg kept Dr Peets ideas and methods but expanded the work greatly Early work on the project received a federal grant from the US Department of Health Education and Welfare to New York University the sponsoring institution A graduate of the City College of New York American University and New York University Dr Sternberg has enjoyed a distinguished career as a teacher at Gallaudet New York Hofstra and Adelphi Universities HE is currently chairman of the board of trustees of Lexington School for the Deaf and Lexington Center for the Deaf He is the author of four ASL dictionaries and a Codies Awardwinning CDROM all published by HarperCollins He also received Emmy and Peabody nominations for his ASL series by the NBC network Speaking With Your Hands as well as medals at various international film and television festivals What Our Readers Are Saying Be the first to share your thoughts on this title Product Details ISBN 9780062740106 Binding Mass Market Publication date 11161994 Publisher HARPERCOLLINS PUBLISHERS Pages 768 Height 163IN Width 422IN Thickness 175 Number of Units 1 Abridged Edition Yes Illustration Yes Copyright Year 1994 Series Volume 2285 UPC Code 2800062740108 Author Martin L Sternberg Author Martin L A Sternberg Author Martin Sternberg Author Martin L A Sternberg Subject Means of communication Subject American sign language Subject Foreign LanguagesAmerican Sign Language Subject American Sign Language  Dictionaries Subject Language arts Subject Deaf 750 List Price 1299 Used Mass Market Ships in 1 to 3 days Qty Store 1 Hawthorne 1 Local Warehouse More copies of this ISBN New Mass Market 1295 Used Mass Market 795 1 LOCOK 1 LOCOK LOCCancel 1 LOCOK LOCCancel 1 LOCOK 1 LOCOK LOCCancel 1 LOCOK LOCCancel 1 LOCOK 1 LOCOK LOCCancel 1 LOCOK LOCCancel 1 LOCOK 1 LOCOK LOCCancel 1 LOCOK LOCCancel Help Guarantee My Account Careers About Us Security Wish List Partners Contact Us Shipping Transparency ACT MRF Sitemap  2022 POWELLSCOM Terms 1 LOCOK 1 LOCOK LOCCancel 1 LOCOK LOCCancel 1 LOCOK 1 LOCOK LOCCancel 1 LOCOK LOCCancel 1 LOCOK 1 LOCOK LOCCancel 1 LOCOK LOCCancel 1 LOCOK 1 LOCOK LOCCancel 1 LOCOK LOCCancel",
    "page_rank": 3.913272903405283e-05
}