{
    "Title": " The Mosquito Bowl: A Game of Life and Death in World War II ",
    "Author": "Buzz Bissinger",
    "Cover Page": "https://powells-covers-2.s3.amazonaws.com/9780062879929.jpg",
    "ISBN10": "0062879928  \n",
    "ISBN13": "9780062879929",
    "Page URL": "https://powells.com/book/the-mosquito-bowl-9780062879929",
    "raw_text": "The Mosquito Bowl A Game of Life and Death in World War II Buzz Bissinger Hardcover 9780062879929 Powells Books Cart   my account  wish list  help  8008787323 Hello\n Login MENU Browse New Arrivals Bestsellers Featured Preorders Award Winners Audio Books See All Subjects Used Staff Picks Staff Picks Picks of the Month Bookseller Displays 50 Books for 50 Years 25 Best 21st Century SciFi  Fantasy 25 PNW Books to Read Before You Die 25 Books From the 21st Century 25 Memoirs to Read Before You Die 25 Global Books to Read Before You Die 25 Women to Read Before You Die 25 Books to Read Before You Die Gifts Gift Cards  eGift Cards Powells Souvenirs Journals and Notebooks socks Games Sell Books Blog Events Find A Store Dont Miss BIG SALE 20 off sitewide Picks of the Season What Im Giving Great Gifts Under 25 Best Books of 2022 Powells Author Events Oregon Battle of the Books Audio Books Visit Our Stores Powells Books 14 Gift Ideas From 14 of Our Favorite Authors 0 comment Every year Powells reaches out to some of our favorite authors for some muchneeded giftgiving inspiration Below are 14 writerapproved recommendations to help you find the perfect book for even your mostdifficulttobuyfor loved one Read More  Powells Staff Best Books of 2022 Fiction 1 comment Kelsey Ford 6 Haunting Native American Horror Books 1 comment 1 LOCOK 1 LOCOK LOCCancel 1 LOCOK LOCCancel The Mosquito Bowl A Game of Life and Death in World War II by Buzz Bissinger Comment on this title Synopses  Reviews ISBN13 9780062879929 ISBN10 0062879928 All Product Details View Larger Image View Larger Images 3250 New Hardcover Ships in 1 to 3 days Qty Store 9 Burnside 5 Cedar Hills 12 Hawthorne 20 Local Warehouse Synopses  Reviews Publisher Comments Buzz Bissingers Friday Night Lights is an American classic With The Mosquito Bowl  he is back with a true story even more colorful and profound This book too is destined to become a classic I devoured it  John Grisham An extraordinary untold story of the Second World War in the vein of Unbroken and The Boys in the Boat  from the author of Friday Night Lights and Three Nights in August When the Japanese attacked Pearl Harbor college football was at the height of its popularity As the nation geared up for total war one branch of the service dominated the aspirations of college football stars the United States Marine Corps Which is why on Christmas Eve of 1944 when the 4th and 29th Marine regiments found themselves in the middle of the Pacific Ocean training for what would be the bloodiest battle of the war  the invasion of Okinawa  their ranks included one of the greatest pools of football talent ever assembled Former All Americans captains from Wisconsin and Brown and Notre Dame and nearly twenty men who were either drafted or would ultimately play in the NFL When the trashtalking between the 4th and 29th over who had the better football team reached a fever pitch it was decided The two regiments would play each other in a football game as close to the real thing as you could get in the dirt and coral of Guadalcanal The bruising and bloody game that followed became known as The Mosquito Bowl Within a matter of months 15 of the 65 players in The Mosquito Bowl would be killed at Okinawa by far the largest number of American athletes ever to die in a single battle The Mosquito Bowl is the story of these brave and beautiful young men those who survived and those who did not It is the story of the families and the landscape that shaped them It is a story of a far more innocent time in both college athletics and the life of the country and of the loss of that innocence Writing with the style and rigor that won him a Pulitzer Prize and have made several of his books modern classics Buzz Bissinger takes us from the playing fields of Americas campuses where boys played at being Marines to the final time they were allowed to still be boys on that field of dirt and coral to the darkest and deadliest days that followed at Okinawa Review A uniquely focused World War II history interweaving military heroics and college football Many books describe the consequential Battle of Okinawa in 1945 but this one deserves serious attention Kirkus Reviews Starred Review Review Bissinger effortlessly combines sports and military history in this gritty account of a football game played by US Marines on Guadalcanal in December 1944This is a penetrating tale of courage and sacrifice Publishers Weekly Review Stephen Crane famously discovered the rage of conflict while watching a college football game For Buzz Bissinger football is no metaphor it is the way into one of the bloodiest battles of World War II Deeply researched told with extraordinary empathy and verve The Mosquito Bowl will break your heart Nathaniel Philbrick National Book Award winning author of In the Heart of the Sea and Travels with George Review Here may be the most uniquely fascinating story ever written about World War II Like the best of Buzz Bissinger it is about far more than a football game or even the war Hes a gifted narrator and prodigious researcher and in this book his skills are all on display indelible characters a bizarre and remarkably distinct setting action drama a great story told with insight and humor and deep feeling Do not pass this book by It is magnificent Mark Bowden New York Times bestselling author of Black Hawk Down and Hue 1968 Review Take your pick This is either the story of the most improbable game of football ever played an anthem to immigrant America or a brilliant tribute to an exemplary brotherhood that would be decimated at Okinawa In every case its an indelible account of promising young men themselves hurled into history Buzz Bissinger has stitched their story together as no one else could powerfully and seamlessly offering up a tendertough tale in his signature highoctane prose Stacy Schiff Pulitzer Prize winning author of The Witches Salem 1692 Review Harrowing profound and illuminating The Mosquito Bowl humanizes war and elevates athletic competition in one fell swoop Bissinger is the master of showing us life in a single grain of sand and he has done so brilliantly here As familiar as the subject of World War II may seem this book makes you see it in a fresh and exquisite way with all its pain and triumph rendered in close detail Susan Orlean New York Times bestselling author of On Animals and The Library Book Review  The Mosquito Bowl is savage piercing and haunting Buzz Bissinger has written an utterly heartbreaking saga that fuses the macho glory of college football with the brutality and futility of combat It is a measure of Bissingers singular talent that his searing account is tragic yet also inspiring and unforgettable David Zucchino Pulitzer Prize winning author of Wilmingtons Lie About the Author Buzz Bissinger was born in 1954 He is a Pulitzer Prizewinning journalist whose books include the New York Times bestsellers Three Nights in August and Friday Night Lights  He has served as a contributing editor for Vanity Fair and as a sports columnist for the Daily Beast  and has written for the New York Times  the Washington Post  the New Republic Time  and many other publications He lives both in Southwestern Washington State and Philadelphia He is married to Lisa Smith with three children What Our Readers Are Saying Be the first to share your thoughts on this title Product Details ISBN 9780062879929 Binding Hardcover Publication date 09132022 Publisher HARPERCOLLINS PUBLISHERS Pages 480 Author Buzz Bissinger 3250 New Hardcover Ships in 1 to 3 days Qty Store 9 Burnside 5 Cedar Hills 12 Hawthorne 20 Local Warehouse Receive an email when this ISBN is available used More copies of this ISBN Signed New Hardcover 3250 1 LOCOK 1 LOCOK LOCCancel 1 LOCOK LOCCancel 1 LOCOK 1 LOCOK LOCCancel 1 LOCOK LOCCancel 1 LOCOK 1 LOCOK LOCCancel 1 LOCOK LOCCancel 1 LOCOK 1 LOCOK LOCCancel 1 LOCOK LOCCancel Help Guarantee My Account Careers About Us Security Wish List Partners Contact Us Shipping Transparency ACT MRF Sitemap  2022 POWELLSCOM Terms 1 LOCOK 1 LOCOK LOCCancel 1 LOCOK LOCCancel 1 LOCOK 1 LOCOK LOCCancel 1 LOCOK LOCCancel 1 LOCOK 1 LOCOK LOCCancel 1 LOCOK LOCCancel 1 LOCOK 1 LOCOK LOCCancel 1 LOCOK LOCCancel",
    "page_rank": 3.845336657340603e-05
}