{
    "Title": " Dao of Drizzt Forgotten Realms ",
    "Author": "R A Salvatore, Evan Winter",
    "Cover Page": "https://powells-covers-2.s3.amazonaws.com/9780063011281.jpg",
    "ISBN10": "006301128X  \n",
    "ISBN13": "9780063011281",
    "Page URL": "https://powells.com/book/dao-of-drizzt-forgotten-realms-9780063011281",
    "raw_text": "Dao of Drizzt Forgotten Realms R A Salvatore Evan Winter Hardcover 9780063011281 Powells Books Cart   my account  wish list  help  8008787323 Hello\n Login MENU Browse New Arrivals Bestsellers Featured Preorders Award Winners Audio Books See All Subjects Used Staff Picks Staff Picks Picks of the Month Bookseller Displays 50 Books for 50 Years 25 Best 21st Century SciFi  Fantasy 25 PNW Books to Read Before You Die 25 Books From the 21st Century 25 Memoirs to Read Before You Die 25 Global Books to Read Before You Die 25 Women to Read Before You Die 25 Books to Read Before You Die Gifts Gift Cards  eGift Cards Powells Souvenirs Journals and Notebooks socks Games Sell Books Blog Events Find A Store Dont Miss BIG SALE 20 off sitewide Picks of the Season What Im Giving Great Gifts Under 25 Best Books of 2022 Powells Author Events Oregon Battle of the Books Audio Books Visit Our Stores Powells Books 14 Gift Ideas From 14 of Our Favorite Authors 0 comment Every year Powells reaches out to some of our favorite authors for some muchneeded giftgiving inspiration Below are 14 writerapproved recommendations to help you find the perfect book for even your mostdifficulttobuyfor loved one Read More  Powells Staff Best Books of 2022 Fiction 1 comment Kelsey Ford 6 Haunting Native American Horror Books 1 comment 1 LOCOK 1 LOCOK LOCCancel 1 LOCOK LOCCancel Dao of Drizzt Forgotten Realms by R A Salvatore Evan Winter Comment on this title Synopses  Reviews ISBN13 9780063011281 ISBN10 006301128X All Product Details View Larger Image View Larger Images 4000 New Hardcover Ships in 1 to 3 days Qty Store 11 Burnside 4 Cedar Hills 2 Hawthorne 20 Local Warehouse Synopses  Reviews Synopsis For over thirty years Drizzt DoUrden has been one of the most important characters in fantasy literature Throughout his novels Drizzt has written down his thoughts about life and love the nature of good and evil the joys and frustrations of family and so much more Bound together for the first time the collected wisdom and philosophy of Drizzt will be a beautifullypackaged gift bookcomplete with deckled edges fauxleather cover and an introduction by bestselling fantasy author Evan Winterfor his biggest fans and readers wanting to learn about this iconic figure Growing up in the chaos of Menzoberranzan one young drow elf tries to make sense of the conflict between the traditions he must serve and the protestations of his own conscience To lay bare the injustices he sees and to strengthen his own resolve to follow the ethical call of his heart Drizzt DoUrden is both an agent of action and selfreflection These his writings become critical to his salvation the way in which he makes sense of a world that to him makes little sense at all The impact of his words of his meditation of his inward determination will carry him forward forcing upon him decisions that others would consider noble perhaps but surely foolhardyimpossible even But to Drizzt the only choice is to do what is true and right These journal entries then show the struggle between what has always been and what should be where the courage to transcend the many obstacles of societal expectations and entrenched powerif nowhere else then in the soul of an idealist They were written to help Drizzt understand himself But the universal truths will resonate with readers throughout the Realms What Our Readers Are Saying Be the first to share your thoughts on this title Product Details ISBN 9780063011281 Binding Hardcover Publication date 09202022 Publisher HARPERCOLLINS PUBLISHERS Pages 432 Height 140IN Width 620IN Series Forgotten Realms Intro Evan Winter Author Evan Winter Author R A Salvatore Author R A Salvatore 4000 New Hardcover Ships in 1 to 3 days Qty Store 11 Burnside 4 Cedar Hills 2 Hawthorne 20 Local Warehouse Receive an email when this ISBN is available used 1 LOCOK 1 LOCOK LOCCancel 1 LOCOK LOCCancel 1 LOCOK 1 LOCOK LOCCancel 1 LOCOK LOCCancel 1 LOCOK 1 LOCOK LOCCancel 1 LOCOK LOCCancel 1 LOCOK 1 LOCOK LOCCancel 1 LOCOK LOCCancel Help Guarantee My Account Careers About Us Security Wish List Partners Contact Us Shipping Transparency ACT MRF Sitemap  2022 POWELLSCOM Terms 1 LOCOK 1 LOCOK LOCCancel 1 LOCOK LOCCancel 1 LOCOK 1 LOCOK LOCCancel 1 LOCOK LOCCancel 1 LOCOK 1 LOCOK LOCCancel 1 LOCOK LOCCancel 1 LOCOK 1 LOCOK LOCCancel 1 LOCOK LOCCancel",
    "page_rank": 0
}