{
    "Title": " Lit: A Memoir ",
    "Author": "Mary Karr",
    "Cover Page": "https://powells-covers-2.s3.amazonaws.com/9780060596996.jpg",
    "ISBN10": "0060596996  \n",
    "ISBN13": "9780060596996",
    "Page URL": "https://powells.com/book/lit-9780060596996",
    "raw_text": "Lit A Memoir Mary Karr Trade Paperback 9780060596996 Powells Books Cart   my account  wish list  help  8008787323 Hello\n Login MENU Browse New Arrivals Bestsellers Featured Preorders Award Winners Audio Books See All Subjects Used Staff Picks Staff Picks Picks of the Month Bookseller Displays 50 Books for 50 Years 25 Best 21st Century SciFi  Fantasy 25 PNW Books to Read Before You Die 25 Books From the 21st Century 25 Memoirs to Read Before You Die 25 Global Books to Read Before You Die 25 Women to Read Before You Die 25 Books to Read Before You Die Gifts Gift Cards  eGift Cards Powells Souvenirs Journals and Notebooks socks Games Sell Books Blog Events Find A Store Dont Miss BIG SALE 20 off sitewide Picks of the Season What Im Giving Great Gifts Under 25 Best Books of 2022 Powells Author Events Oregon Battle of the Books Audio Books Visit Our Stores Powells Books 14 Gift Ideas From 14 of Our Favorite Authors 0 comment Every year Powells reaches out to some of our favorite authors for some muchneeded giftgiving inspiration Below are 14 writerapproved recommendations to help you find the perfect book for even your mostdifficulttobuyfor loved one Read More  Powells Staff Best Books of 2022 Fiction 1 comment Kelsey Ford 6 Haunting Native American Horror Books 1 comment 1 LOCOK 1 LOCOK LOCCancel 1 LOCOK LOCCancel Lit A Memoir by Mary Karr Comment on this title Synopses  Reviews ISBN13 9780060596996 ISBN10 0060596996 Condition Standard All Product Details View Larger Image View Larger Images 750 List Price 1699 Used Trade Paperback Ships in 1 to 3 days Qty Store 1 Local Warehouse Synopses  Reviews Publisher Comments The Liars Club brought to vivid indelible life Mary Karrs hardscrabble Texas childhood Cherry  her account of her adolescence continued to set the literary standard for making the personal universal  Entertainment Weekly  Now Lit follows the selfprofessed blackbelt sinners descent into the inferno of alcoholism and madness  and to her astonishing resurrection Karrs longing for a solid family seems secure when her marriage to a handsome Shakespearequoting blueblood poet produces a son they adore But she cant outrun her apocalyptic past She drinks herself into the same numbness that nearly devoured her charismatic but troubled mother reaching the brink of suicide A hairraising stint in The Mental Marriott with an oddball tribe of gurus and saviors awakens her to the possibility of joy and leads her to an unlikely faith Not since Saint Augustine cried Give me chastity Lord  but not yet has a conversion story rung with such dark hilarity Lit is about getting drunk and getting sober becoming a mother by letting go of a mother learning to write by learning to live Written with Karrs relentless honesty unflinching selfscrutiny and irreverent lacerating humor it is a truly electrifying story of how to grow up  as only Mary Karr can tell it Review That Karr survivedto become the evenhanded selfdisciplined writer she is today is arguably nothing short of a miracle and readers of her previous two books wont be disappointed Library Journal Review In a gravelly groundglassunderyourheel voice that can take you from laughter to awe in a few sentences Karr has written the best book about being a woman in America I have read in years New York Times Review With her ability to tell a good story and her flair for written expression Karr has found another way tomake peace with herself her back story and those around her Dallas Morning News Review Karr narrates this new book with the same confessional raw urgent vividly funny and blazing style In short in Lit Karr continues to deliver the goods Oregonian Synopsis The New York Times bestseller now available in paperback Mary Karr s sequel to the beloved and bestselling The Liars Club and Cherry lassos you hogties your emotions and won t let you go Michiko Kakutani New York Times  Mary Karr s bestselling unforgettable sequel to her beloved memoirs The Liars Club and Cherry and one of the most critically acclaimed books of the year Lit is about getting drunk and getting sober becoming a mother by letting go of a mother learning to write by learning to live The Boston Globe calls Lit a book that reminds us not only how compelling personal stories can be but how in the hands of a master they can transmute into the highest art The New York Times Book Review calls it a master class on the art of the memoir in its Top 10 Books of 2009 Citation Michiko Kakutani calls it a book that lassos you hogties your emotions and won t let you go in her New York Times review And Susan Cheever states simply that Lit is the best book about being a woman in America I have read in years In addition to the New York Times  Lit was named a Best Book of 2009 by the New Yorker Reviewer Favorite Entertainment Weekly Top 10 Time Top 10 the Washington Post  the San Francisco Chronicle  the Chicago Tribune  the Christian Science Monitor Slate  the St Louis Post Dispatch  the Cleveland Plain Dealer  and the Seattle Times  Synopsis Mary Karrs third memoir Lit tells her tale of getting drunk and getting sober becoming a mother by letting go of a mother learning to write by learning to live Written with Karrs relentless honesty unflinching selfscrutiny and irreverent lacerating humor it is a truly electrifying comingofage story Karr the selfprofessed blackbelt sinner painstakingly reveals her descent into the inferno of alcoholism and madnessand her astonishing resurrection  Lit Reminds us not only how compelling personal stories can be but how in the hands of a master they can transmute into the highest artRebecca Steinitz Boston Globe  Vanity Fair Synopsis A BEST BOOK OF THE YEAR New York Times Book Review  The New Yorker  Entertainment Weekly  Time  Washington Post  San Francisco Chronicle  Chicago Tribune  Christian Science Monitor  Slate  St Louise PostDispatch  Cleveland Plain Dealer  Seattle Times  NBCC Award Finalist Mary Karrs unforgettable sequel to her beloved and bestselling memoirs The Liars Club and Cherry lassos you hogties your emotions and wont let you go Michiko Kakutani New York Times  Lit is about getting drunk and getting sober becoming a mother by letting go of a mother learning to write by learning to live Written with Karrs relentless honesty unflinching selfscrutiny and irreverent lacerating humor it is a truly electrifying story of how to grow upas only Mary Karr can tell it The Boston Globe calls Lit a book that reminds us not only how compelling personal stories can be but how in the hands of a master they can transmute into the highest art The New York Times Book Review calls it a master class on the art of the memoir and Susan Cheever states simply that Lit is the best book about being a woman in America I have read in years Synopsis Lit is about getting drunk and getting sober becoming a mother by letting go of a mother learning to write by learning to live Written with Karrs relentless honesty unflinching selfscrutiny and irreverent lacerating humor it is a truly electrifying story of how to grow up  as only Mary Karr can tell it About the Author Mary Karrs first memoir The Liars Club  kickstarted a memoir revolution and won nonfiction prizes from PEN and the Texas Institute of Letters Also a finalist for the National Book Critics Circle Award it rode high on the New York Times bestseller list for over a year becoming an annual best book there and for The New Yorker  People  and Time  Recently Entertainment Weekly rated it number four in the top one hundred books of the past twentyfive years Her second memoir Cherry  which was excerpted in The New Yorker  also hit bestseller and notable book lists at the New York Times and dozens of other papers nationwide A Guggenheim Fellow in poetry Karr has won Pushcart Prizes for both verse and essays Other grants include the Whiting Award and Radcliffes Bunting Fellowship She is the Peck Professor of Literature at Syracuse University 5 8 What Our Readers Are Saying Share your thoughts on this title Average customer rating 5 8 comments  andrikstriker  January 04 2014 view all comments by andrikstriker httpbkloadcom Was this comment helpful  Yes  No 1 of 3 readers found this comment helpful report this\ncomment  Harvee Lau  August 13 2012 view all comments by Harvee Lau Am interested in memoirs written as poetry A wonderful idea Was this comment helpful  Yes  No 2 of 3 readers found this comment helpful report this\ncomment  purrbot  January 02 2012 view all comments by purrbot Both hilarious and heart breaking Its specifics dont alienate but invite you in I knew her struggle I knew her success Not because I was an alcoholic that found God Weve all hit rock bottom been unhappy found a way built a life from rubble I laughed I cried Seriously Was this comment helpful  Yes  No 1 of 3 readers found this comment helpful report this\ncomment  Dennis Jones  January 01 2012 Each chapter unravels as a masterpiece This is the most fully realized book I have read Was this comment helpful  Yes  No 1 of 2 readers found this comment helpful report this\ncomment  Janice Leslie  September 20 2011 I love memoirs but this one is much better than others I have readI literally had a hard time putting it down Mary Karr weaves a tale from her inner life family life momdad marriage child professional obligations friendships and her personal growth The chapters are short and begin with delightful quotes from literature and poetry I found it fascinating to see the authors progression between very disparate worlds I highly recommend Lit both for its courage AND its byproduct for meencouragement Was this comment helpful  Yes  No 1 of 2 readers found this comment helpful report this\ncomment  Jeffrey A Cutter  January 06 2011 Mary Karr is honest and hilarious in describing her struggles with marriage motherhood and alcoholism She also writes about her journey towards God in the midst of all this chaos Definitely one of the best books of 2010 for me Was this comment helpful  Yes  No 1 of 2 readers found this comment helpful report this\ncomment  Japhy Ryder  January 03 2011 Its a great book Its hysterical and tragic Its a great example of the power of words and writing to heal And a rare example of writing about a certain type of spiritual surrender that is free of hyperbole and preaching Was this comment helpful  Yes  No 2 of 3 readers found this comment helpful report this\ncomment  Rose Booker  January 02 2011 Very well written a good read about a difficult but pervasive problem alcoholism Was this comment helpful  Yes  No 1 of 2 readers found this comment helpful report this\ncomment View all 8 comments Product Details ISBN 9780060596996 Binding Trade Paperback Publication date 06292010 Publisher Harper Perennial Pages 432 Height 105IN Width 540IN Copyright Year 2010 Author Mary Karr Subject Biography  General Subject Personal Memoirs Subject Suspense 750 List Price 1699 Used Trade Paperback Ships in 1 to 3 days Qty Store 1 Local Warehouse More copies of this ISBN New Trade Paperback 1699 Used Trade Paperback Starting from 550 This title in other editions New Trade Paperback 2795 1 LOCOK 1 LOCOK LOCCancel 1 LOCOK LOCCancel 1 LOCOK 1 LOCOK LOCCancel 1 LOCOK LOCCancel 1 LOCOK 1 LOCOK LOCCancel 1 LOCOK LOCCancel 1 LOCOK 1 LOCOK LOCCancel 1 LOCOK LOCCancel Help Guarantee My Account Careers About Us Security Wish List Partners Contact Us Shipping Transparency ACT MRF Sitemap  2022 POWELLSCOM Terms 1 LOCOK 1 LOCOK LOCCancel 1 LOCOK LOCCancel 1 LOCOK 1 LOCOK LOCCancel 1 LOCOK LOCCancel 1 LOCOK 1 LOCOK LOCCancel 1 LOCOK LOCCancel 1 LOCOK 1 LOCOK LOCCancel 1 LOCOK LOCCancel",
    "page_rank": 3.825315944493059e-05
}