{
    "Title": " Molecular Wine Microbiology ",
    "Author": "Carrascosa",
    "Cover Page": "https://covers.powells.com/9780123750211.jpg",
    "ISBN10": "0123750210  \n",
    "ISBN13": "9780123750211",
    "Page URL": "https://powells.com/book/molecular-wine-microbiology-9780123750211",
    "raw_text": "Molecular Wine Microbiology  Alfonso V Carrascosa Hardcover 9780123750211 Powells Books Cart   my account  wish list  help  8008787323 Hello\n Login MENU Browse New Arrivals Bestsellers Featured Preorders Award Winners Audio Books See All Subjects Used Staff Picks Staff Picks Picks of the Month Bookseller Displays 50 Books for 50 Years 25 Best 21st Century SciFi  Fantasy 25 PNW Books to Read Before You Die 25 Books From the 21st Century 25 Memoirs to Read Before You Die 25 Global Books to Read Before You Die 25 Women to Read Before You Die 25 Books to Read Before You Die Gifts Gift Cards  eGift Cards Powells Souvenirs Journals and Notebooks socks Games Sell Books Blog Events Find A Store Dont Miss BIG SALE 20 off sitewide Picks of the Season What Im Giving Great Gifts Under 25 Best Books of 2022 Powells Author Events Oregon Battle of the Books Audio Books Visit Our Stores Powells Books 14 Gift Ideas From 14 of Our Favorite Authors 0 comment Every year Powells reaches out to some of our favorite authors for some muchneeded giftgiving inspiration Below are 14 writerapproved recommendations to help you find the perfect book for even your mostdifficulttobuyfor loved one Read More  Powells Staff Best Books of 2022 Fiction 1 comment Kelsey Ford 6 Haunting Native American Horror Books 1 comment 1 LOCOK 1 LOCOK LOCCancel 1 LOCOK LOCCancel Molecular Wine Microbiology by Carrascosa Comment on this title Synopses  Reviews ISBN13 9780123750211 ISBN10 0123750210 All Product Details View Larger Image View Larger Images 19600 New Hardcover Available at a Remote Warehouse Ships separately from other items Additional shipping charges may apply Not available for In Store Pickup More Info Qty Store 20 Remote Warehouse Synopses  Reviews Publisher Comments Microbiology has long been recognized as a key tool in studying wine production however only more recently has that study been conducted at a molecular level increasing the understanding of how microbiology impacts not only the flavor quality of the wine but also the safety Understanding at a molecular level how a starter culture can impact the volatile phenols biogenic amines and ochratoxin A of a wine are just some of the core points that must be considered in order to achieve maximium consumer acceptability while addressing safety concerns during processing and storage While other books offer insights into the production aspects of enology this book is written by expert microbiologists who explore the positive and negative impacts of gene mechanisms in the production of wine from a microbiological point of view Updates to the content will be made to ensure it is the most current information available including coverage of the use of yeast mannoproteins to avoid tartaric and proteic haze in wine This science has developed during the last years and yeasts strains for increased released of mannoproteins have been constructed in the lab Also the first recombinant yeast strains having GRAS status have been commercialized for winemaking and the English edition will include these strains Molecular Wine Microbiology features rigorous scientific content written in a level comprehensible for wine professionals as well as advanced students It includes information on production and spoilage issues the microbial groups relevant for wine production and also for ensuring microbial wine safety  Reduce identification time from days and weeks to minutes and hours  Replaces the older science methods of slide staining etc with more accurate and current techniques of DNA analysis PCR protein extraction and the in depth study of biochemical pathways  Provides important knowledge about the impact of microbiological factors at the molecular level for reduction of wine spoilage and increased wine quality and safety Synopsis Molecular Wine Microbiology features rigorous scientific content written at a level comprehensible for wine professionals as well as advanced students It includes information on production and spoilage issues the microbial groups relevant for wine production and microbial wine safety Microbiology has long been recognized as a key tool in studying wine production however only recently have wine microbiology studies been addressed at a molecular level increasing the understanding of how microbiology impacts not only the flavor quality of the wine but also its safety Understanding at a molecular level how a starter culture can impact ethanol glycerol volatile phenols mannoproteins biogenic amines or ochratoxin A of a wine are just some of the core points that must be considered in order to achieve maximium consumer acceptability while addressing safety concerns during processing and storage While other books offer insights into the technological aspects of enology this book is written by expert microbiologists who explore the positive and negative impacts of gene function in the production of wine from a microbiological point of view Winner of the 2012 Jury Award in Enology from the International Organisation of Vine and Wine Presents the most current methods of studying the microbiology of wine Includes latest identification and typing methods reducing identification time from days and weeks to minutes and hours Provides important knowledge about the impact of microbiological factors at the molecular level for reduction of wine spoilage and increased wine quality and safety Table of Contents Chapter 1 Yeast Saccharomyces I Yeast for primary alcoholic fermentation Chapter 2 Yeast Saccharomyces II Second fermentation yeasts Chapter 3 Yeasts Saccharomyces III Yeast for wines with biological ageing Chapter 4 Yeast NonSaccharomyces Chapter 5 Identification and molecular characterization of wine yeasts Chapter 6 Genomics and proteomics of wine yeasts Chapter 7 Improvement of wine yeasts by genetic engineering techniques Chapter 8 Lactic acid bacteria Chapter 9 Acetic acid bacteria Chapter 10 Filamentous fungi Chapter 11 Production of starter cultures for winemaking Chapter 12 Conservation of wine related microbial strains Chapter 13 HACPC in wine making Ochratoxin A Chapter 14 Applied enological microbiology What Our Readers Are Saying Be the first to share your thoughts on this title Product Details ISBN 9780123750211 Binding Hardcover Publication date 04042011 Publisher Academic Press Language English Pages 363 Height 90IN Width 750IN LCCN 2011377618 Illustration Yes UPC Code 9780123750211 Author Alfonso V Carrascosa Ed Alfonso V Carrascosa Santiago Ed Ramon Gonzalez Garcia Ed Rosario Munoz Author Carrascosa Subject Science ReferenceTechnology Subject Food Industry  Science 19600 New Hardcover Available at a Remote Warehouse Ships separately from other items Additional shipping charges may apply Not available for In Store Pickup More Info Qty Store 20 Remote Warehouse Receive an email when this ISBN is available used 1 LOCOK 1 LOCOK LOCCancel 1 LOCOK LOCCancel 1 LOCOK 1 LOCOK LOCCancel 1 LOCOK LOCCancel 1 LOCOK 1 LOCOK LOCCancel 1 LOCOK LOCCancel 1 LOCOK 1 LOCOK LOCCancel 1 LOCOK LOCCancel Help Guarantee My Account Careers About Us Security Wish List Partners Contact Us Shipping Transparency ACT MRF Sitemap  2022 POWELLSCOM Terms 1 LOCOK 1 LOCOK LOCCancel 1 LOCOK LOCCancel 1 LOCOK 1 LOCOK LOCCancel 1 LOCOK LOCCancel 1 LOCOK 1 LOCOK LOCCancel 1 LOCOK LOCCancel 1 LOCOK 1 LOCOK LOCCancel 1 LOCOK LOCCancel",
    "page_rank": 2.726413378665219e-05
}