{
    "Title": " The Light Fantastic: Discworld 2 ",
    "Author": "Terry Pratchett",
    "Cover Page": "https://covers.powells.com/9780062225689.jpg",
    "ISBN10": "0062225685  \n",
    "ISBN13": "9780062225689",
    "Page URL": "https://powells.com/book/the-light-fantastic-9780062225689",
    "raw_text": "Light Fantastic Discworld 02 Terry Pratchett Mass Market 9780062225689 Powells Books Cart   my account  wish list  help  8008787323 Hello\n Login MENU Browse New Arrivals Bestsellers Featured Preorders Award Winners Audio Books See All Subjects Used Staff Picks Staff Picks Picks of the Month Bookseller Displays 50 Books for 50 Years 25 Best 21st Century SciFi  Fantasy 25 PNW Books to Read Before You Die 25 Books From the 21st Century 25 Memoirs to Read Before You Die 25 Global Books to Read Before You Die 25 Women to Read Before You Die 25 Books to Read Before You Die Gifts Gift Cards  eGift Cards Powells Souvenirs Journals and Notebooks socks Games Sell Books Blog Events Find A Store Dont Miss BIG SALE 20 off sitewide Picks of the Season What Im Giving Great Gifts Under 25 Best Books of 2022 Powells Author Events Oregon Battle of the Books Audio Books Visit Our Stores Powells Books 14 Gift Ideas From 14 of Our Favorite Authors 0 comment Every year Powells reaches out to some of our favorite authors for some muchneeded giftgiving inspiration Below are 14 writerapproved recommendations to help you find the perfect book for even your mostdifficulttobuyfor loved one Read More  Powells Staff Best Books of 2022 Fiction 1 comment Kelsey Ford 6 Haunting Native American Horror Books 1 comment 1 LOCOK 1 LOCOK LOCCancel 1 LOCOK LOCCancel The Light Fantastic Discworld 2 by Terry Pratchett Comment on this title Synopses  Reviews ISBN13 9780062225689 ISBN10 0062225685 Condition Standard All Product Details View Larger Image View Larger Images 695 List Price 999 Used Mass Market Ships in 1 to 3 days Qty Store 1 Cedar Hills Synopses  Reviews Publisher Comments The sidesplitting sequel to The Color of Magic  The Light Fantastic by New York Times bestselling author Sir Terry Pratchett takes readers on another offbeat journey with bumbling wizard Rincewind and hapless tourist Twoflowerboth last seen falling off the edge of Discworld The fate of Pratchetts alternative fantasy macrocosm are in the bumbling duos hands as it hurtles its way toward a foreboding red star threatening the fate of the entire universe Sharp sardonic and brilliantly funny in this third installment in the bestselling Discworld series Pratchett once again earns his master satirist reputation with witty wordplay and irreverent storytelling that fans are sure to love Synopsis Its just one of those days when nothing seemsto go righta most inopportune time for thefirst tourist ever to set foot and carnivorous Luggage on the Discworld to be extending his already eventful vacation Not that he currently has much choice in the matter But with a monstrous red star on a direct collision course the future for the residents of this flat planet carried by four elephants riding on the shell of a giant turtle swimming through space appears uncertain at best Fortunately there is one individual who can save Discworld from total destruction Unfortunately that hero happens to be the singularly inept wizard Rincewind who was last seen falling off the edge of the world About the Author Sir Terry Pratchetts many honors include the Los Angeles Times Book Prize a Printz Honor the Boston GlobeHorn Book Award Britains Carnegie Medal the American Library Associations Margaret A Edwards Award for lasting contribution to young adult literature and the World Fantasy Lifetime Achievement Award His books have sold more than 75 million copies worldwide Knighted for his services to literature Sir Terry lives in England with his wife and many cats What Our Readers Are Saying Be the first to share your thoughts on this title Product Details ISBN 9780062225689 Binding Mass Market Publication date 01292013 Publisher HARPERCOLLINS PUBLISHERS Pages 288 Height 77IN Width 421IN Series Discworld Series Number 2 Author Terence David John Pratchett Author Terry Pratchett Author Terry Pratchett Subject General Fiction Subject Science Fiction and FantasyFantasyEpic 695 List Price 999 Used Mass Market Ships in 1 to 3 days Qty Store 1 Cedar Hills More copies of this ISBN New Mass Market 999 1 LOCOK 1 LOCOK LOCCancel 1 LOCOK LOCCancel 1 LOCOK 1 LOCOK LOCCancel 1 LOCOK LOCCancel 1 LOCOK 1 LOCOK LOCCancel 1 LOCOK LOCCancel 1 LOCOK 1 LOCOK LOCCancel 1 LOCOK LOCCancel Help Guarantee My Account Careers About Us Security Wish List Partners Contact Us Shipping Transparency ACT MRF Sitemap  2022 POWELLSCOM Terms 1 LOCOK 1 LOCOK LOCCancel 1 LOCOK LOCCancel 1 LOCOK 1 LOCOK LOCCancel 1 LOCOK LOCCancel 1 LOCOK 1 LOCOK LOCCancel 1 LOCOK LOCCancel 1 LOCOK 1 LOCOK LOCCancel 1 LOCOK LOCCancel",
    "page_rank": 0
}