{
    "Title": " Touching the Void The True Story of One Mans Miraculous Survival ",
    "Author": "Simpson, Joe",
    "Cover Page": "https://covers.powells.com/9780060730550.jpg",
    "ISBN10": "0060730552  \n",
    "ISBN13": "9780060730550",
    "Page URL": "https://powells.com/book/touching-the-void-the-true-story-of-one-mans-miraculous-survival-9780060730550",
    "raw_text": "Touching the Void The True Story of One Mans Miraculous Survival Joe Simpson Trade Paperback 9780060730550 Powells Books Cart   my account  wish list  help  8008787323 Hello\n Login MENU Browse New Arrivals Bestsellers Featured Preorders Award Winners Audio Books See All Subjects Used Staff Picks Staff Picks Picks of the Month Bookseller Displays 50 Books for 50 Years 25 Best 21st Century SciFi  Fantasy 25 PNW Books to Read Before You Die 25 Books From the 21st Century 25 Memoirs to Read Before You Die 25 Global Books to Read Before You Die 25 Women to Read Before You Die 25 Books to Read Before You Die Gifts Gift Cards  eGift Cards Powells Souvenirs Journals and Notebooks socks Games Sell Books Blog Events Find A Store Dont Miss BIG SALE 20 off sitewide Picks of the Season What Im Giving Great Gifts Under 25 Best Books of 2022 Powells Author Events Oregon Battle of the Books Audio Books Visit Our Stores Powells Books 14 Gift Ideas From 14 of Our Favorite Authors 0 comment Every year Powells reaches out to some of our favorite authors for some muchneeded giftgiving inspiration Below are 14 writerapproved recommendations to help you find the perfect book for even your mostdifficulttobuyfor loved one Read More  Powells Staff Best Books of 2022 Fiction 1 comment Kelsey Ford 6 Haunting Native American Horror Books 1 comment 1 LOCOK 1 LOCOK LOCCancel 1 LOCOK LOCCancel Touching the Void The True Story of One Mans Miraculous Survival by Simpson Joe Comment on this title Synopses  Reviews Read an Excerpt ISBN13 9780060730550 ISBN10 0060730552 Condition Standard All Product Details View Larger Image View Larger Images 795 List Price 1599 Used Trade Paperback Ships in 1 to 3 days Qty Store 1 Hawthorne Synopses  Reviews Publisher Comments Joe Simpson and his climbing partner Simon Yates had just reached the top of a 21000foot peak in the Andes when disaster struck Simpson plunged off the vertical face of an ice ledge breaking his leg In the hours that followed darkness fell and a blizzard raged as Yates tried to lower his friend to safety Finally Yates was forced to cut the rope moments before he would have been pulled to his own death The next three days were an impossibly grueling ordeal for both men Yates certain that Simpson was dead returned to base camp consumed with grief and guilt over abandoning him Miraculously Simpson had survived the fall but crippled starving and severely frostbitten was trapped in a deep crevasse Summoning vast reserves of physical and spiritual strength Simpson crawled over the cliffs and canyons of the Andes reaching base camp hours before Yates had planned to leave How both men overcame the torments of those harrowing days is an epic tale of fear suffering and survival and a poignant testament to unshakable courage and friendship Review Told with lyrical quality and stunning immediacy Touching the Void transcends its genre and becomes accessible to readers who have never had any desire to climb a glacier New York Newsday Review A gripping narrative that should excite armchair adventurers everywhere Cleveland Plain Dealer Review Simpson touches a nerve of the mountaineering community and the hearts of others Los Angeles Times Review Riveting even compulsive reading Minneapolis Star Tribune Review A truly astounding account of suffering and fortitude The Times London Synopsis Before there wasInto Thin Air there wasTouching the Void an unforgettable true story of courage and suvival While climbing in the Andes mountains Joe Simpson and his partner Simon Yates had just scaled a 21000foot summit when Simpson slipped from a vertical wall of ice disappearing into the vast frozen heart of a glacier Devastated and assuming Simpson to be dead Yates returned to base campaBut Joe Simpson was alive Frostbitten his leg shattered from the fall he somehow managed to find the strength to crawl back into camp arriving mere hours before Yates had planned to leave Vivid terrifying and utterly inspiring Touching the Void will appeal to anyone with a love of adventure and a belief in the power of the human spirit Synopsis While climbing in the Peruvian Andes Joe Simpson and Simon Yates came face to face with disaster Simpson fell and broke his leg and then was lost As his partner Yates was starting to break camp four days later Simpson crawled in through a blizzard How both men overcame those four harrowing days is an epic chronicle of fear and friendship About the Author Joe Simpson is the author of several bestselling books of which the first Touching the Void  won both the NCR Award and the Boardman Tasker Award His later books are This Game of Ghosts  Storms of Silence  Dark Shadows Falling  The Beckoning Silence and a novel The Water People  4 1 What Our Readers Are Saying Share your thoughts on this title Average customer rating 4 1 comments  Donzilla  February 25 2008 view all comments by Donzilla I had dreams of white deadly mountains and narrow gaping chasms\nGreat true storytelling I love the excerpts from the other players where you get to see the story from both sides Was this comment helpful  Yes  No 4 of 8 readers found this comment helpful report this\ncomment Product Details ISBN 9780060730550 Binding Trade Paperback Publication date 02032004 Publisher HARPERCOLLINS PUBLISHERS Pages 224 Height 60IN Width 530IN Thickness 75 Number of Units 1 Illustration Yes Copyright Year 2004 Series Volume 02342 UPC Code 2800060730552 Author Joe Simpson Author Joe Simpson Subject Yates Simon Subject Mountaineering accidents Subject General Fiction Subject Mountaineers Subject Simpson Joe Subject BiographySports Subject Andes 795 List Price 1599 Used Trade Paperback Ships in 1 to 3 days Qty Store 1 Hawthorne More copies of this ISBN New Trade Paperback 1599 Used Trade Paperback Starting from 650 1 LOCOK 1 LOCOK LOCCancel 1 LOCOK LOCCancel 1 LOCOK 1 LOCOK LOCCancel 1 LOCOK LOCCancel 1 LOCOK 1 LOCOK LOCCancel 1 LOCOK LOCCancel 1 LOCOK 1 LOCOK LOCCancel 1 LOCOK LOCCancel Help Guarantee My Account Careers About Us Security Wish List Partners Contact Us Shipping Transparency ACT MRF Sitemap  2022 POWELLSCOM Terms 1 LOCOK 1 LOCOK LOCCancel 1 LOCOK LOCCancel 1 LOCOK 1 LOCOK LOCCancel 1 LOCOK LOCCancel 1 LOCOK 1 LOCOK LOCCancel 1 LOCOK LOCCancel 1 LOCOK 1 LOCOK LOCCancel 1 LOCOK LOCCancel",
    "page_rank": 4.119264502358448e-05
}