{
    "Title": " To Be Taught, If Fortunate ",
    "Author": "Becky Chambers",
    "Cover Page": "https://powells-covers-2.s3.amazonaws.com/9780062936011.jpg",
    "ISBN10": "0062936018  \n",
    "ISBN13": "9780062936011",
    "Page URL": "https://powells.com/book/to-be-taught-if-fortunate-9780062936011",
    "raw_text": "To Be Taught If Fortunate Becky Chambers Trade Paperback 9780062936011 Powells Books Cart   my account  wish list  help  8008787323 Hello\n Login MENU Browse New Arrivals Bestsellers Featured Preorders Award Winners Audio Books See All Subjects Used Staff Picks Staff Picks Picks of the Month Bookseller Displays 50 Books for 50 Years 25 Best 21st Century SciFi  Fantasy 25 PNW Books to Read Before You Die 25 Books From the 21st Century 25 Memoirs to Read Before You Die 25 Global Books to Read Before You Die 25 Women to Read Before You Die 25 Books to Read Before You Die Gifts Gift Cards  eGift Cards Powells Souvenirs Journals and Notebooks socks Games Sell Books Blog Events Find A Store Dont Miss BIG SALE 20 off sitewide Picks of the Season What Im Giving Great Gifts Under 25 Best Books of 2022 Powells Author Events Oregon Battle of the Books Audio Books Visit Our Stores Powells Books 14 Gift Ideas From 14 of Our Favorite Authors 0 comment Every year Powells reaches out to some of our favorite authors for some muchneeded giftgiving inspiration Below are 14 writerapproved recommendations to help you find the perfect book for even your mostdifficulttobuyfor loved one Read More  Powells Staff Best Books of 2022 Fiction 1 comment Kelsey Ford 6 Haunting Native American Horror Books 1 comment 1 LOCOK 1 LOCOK LOCCancel 1 LOCOK LOCCancel To Be Taught If Fortunate by Becky Chambers Comment on this title Synopses  Reviews ISBN13 9780062936011 ISBN10 0062936018 All Product Details View Larger Image View Larger Images 1299 New Trade Paperback Ships in 1 to 3 days Qty Store 20 Burnside 8 Cedar Hills 16 Hawthorne 20 Local Warehouse Synopses  Reviews Publisher Comments A Hugo and Locus Award Nominee Extraordinary    A future scifi masterwork in a new and welcome tradition  Joanne Harris author if Chocolat A standalone science fiction novella from the awardwinning bestselling criticallyacclaimed author of the Wayfarers series At the turn of the twentysecond century scientists make a breakthrough in human spaceflight Through a revolutionary method known as somaforming astronauts can survive in hostile environments off Earth using synthetic biological supplementations They can produce antifreeze in subzero temperatures absorb radiation and convert it for food and conveniently adjust to the pull of different gravitational forces With the fragility of the body no longer a limiting factor human beings are at last able to journey to neighboring exoplanets long known to harbor life A team of these explorers Ariadne ONeill and her three crewmates are hard at work in a planetary system fifteen lightyears from Sol on a mission to ecologically survey four habitable worlds But as Ariadne shifts through both form and time the culture back on Earth has also been transformed Faced with the possibility of returning to a planet that has forgotten those who have left Ariadne begins to chronicle the story of the wonders and dangers of her mission in the hope that someone back home might still be listening Review Becky Chambers takes space opera in a whole new and unexpected direction her books bring me so much joy  Ben Aaronovitch author of Rivers of London Review An extraordinary picture of humanity among the stars  Kirkus Reviews Review With technical prowess and outstanding visceral imagery Chambers  packs an immense amount of story into a novella worthy of fulllength praise  Publishers Weekly Starred Review About the Author Becky Chambers is a science fiction author based in Northern California She is best known for her Hugo Awardwinning Wayfarers series which currently includes The Long Way to a Small Angry Planet A Closed and Common Orbit  and Record of a Spaceborn Few  Her books have also been nominated for the Arthur C Clarke Award the Locus Award and the Womens Prize for Fiction among others Her most recent work is To Be Taught If Fortunate  a standalone novella Becky has a background in performing arts and grew up in a family heavily involved in space science She spends her free time playing video and tabletop games keeping bees and looking through her telescope Having hopped around the world a bit shes now back in her home state where she lives with her wife She hopes to see Earth from orbit one day What Our Readers Are Saying Be the first to share your thoughts on this title Product Details ISBN 9780062936011 Binding Trade Paperback Publication date 09032019 Publisher HARPERCOLLINS PUBLISHERS Pages 176 Height 60IN Width 520IN Author Becky Chambers 1299 New Trade Paperback Ships in 1 to 3 days Qty Store 20 Burnside 8 Cedar Hills 16 Hawthorne 20 Local Warehouse Receive an email when this ISBN is available used 1 LOCOK 1 LOCOK LOCCancel 1 LOCOK LOCCancel 1 LOCOK 1 LOCOK LOCCancel 1 LOCOK LOCCancel 1 LOCOK 1 LOCOK LOCCancel 1 LOCOK LOCCancel 1 LOCOK 1 LOCOK LOCCancel 1 LOCOK LOCCancel Help Guarantee My Account Careers About Us Security Wish List Partners Contact Us Shipping Transparency ACT MRF Sitemap  2022 POWELLSCOM Terms 1 LOCOK 1 LOCOK LOCCancel 1 LOCOK LOCCancel 1 LOCOK 1 LOCOK LOCCancel 1 LOCOK LOCCancel 1 LOCOK 1 LOCOK LOCCancel 1 LOCOK LOCCancel 1 LOCOK 1 LOCOK LOCCancel 1 LOCOK LOCCancel",
    "page_rank": 3.9528401675968005e-05
}