{
    "Title": " Story Substance Structure Style & the Principles of Screenwriting ",
    "Author": "McKee, Robert",
    "Cover Page": "https://covers.powells.com/9780060391683.jpg",
    "ISBN10": "0060391685  \n",
    "ISBN13": "9780060391683",
    "Page URL": "https://powells.com/book/story-substance-structure-style-the-principles-of-screenwriting-9780060391683",
    "raw_text": "Story Substance Structure Style  the Principles of Screenwriting Robert Mckee Hardcover 9780060391683 Powells Books Cart   my account  wish list  help  8008787323 Hello\n Login MENU Browse New Arrivals Bestsellers Featured Preorders Award Winners Audio Books See All Subjects Used Staff Picks Staff Picks Picks of the Month Bookseller Displays 50 Books for 50 Years 25 Best 21st Century SciFi  Fantasy 25 PNW Books to Read Before You Die 25 Books From the 21st Century 25 Memoirs to Read Before You Die 25 Global Books to Read Before You Die 25 Women to Read Before You Die 25 Books to Read Before You Die Gifts Gift Cards  eGift Cards Powells Souvenirs Journals and Notebooks socks Games Sell Books Blog Events Find A Store Dont Miss BIG SALE 20 off sitewide Picks of the Season What Im Giving Great Gifts Under 25 Best Books of 2022 Powells Author Events Oregon Battle of the Books Audio Books Visit Our Stores Powells Books 14 Gift Ideas From 14 of Our Favorite Authors 0 comment Every year Powells reaches out to some of our favorite authors for some muchneeded giftgiving inspiration Below are 14 writerapproved recommendations to help you find the perfect book for even your mostdifficulttobuyfor loved one Read More  Powells Staff Best Books of 2022 Fiction 1 comment Kelsey Ford 6 Haunting Native American Horror Books 1 comment 1 LOCOK 1 LOCOK LOCCancel 1 LOCOK LOCCancel Story Substance Structure Style  the Principles of Screenwriting by McKee Robert Comment on this title Synopses  Reviews Read an Excerpt ISBN13 9780060391683 ISBN10 0060391685 Condition Standard DustJacket Standard All Product Details View Larger Image View Larger Images 2800 List Price 4250 Used Hardcover Ships in 1 to 3 days Qty Store 1 Cedar Hills Synopses  Reviews Publisher Comments 18 Academy Awards107 Emmy Awards19 Writers Guild of America Awards16 Directors Guild of America AwardsPlus hundreds of nominations For the first time in book form Robert McKees Story reveals the awardwinning methods of the man universally regarded as the worlds premier screenwriting teacher For more than seventeen years Robert McKees students have been taking Hollywoods top honors His Story Structure seminar is the ultimate class for screenwriters and filmmakers playing to packed auditoriums across the world and boasting more than 35000 graduates With Hollywood currently paying record sums for great stories  and audiences clamoring for originality  this book is the weapon you need to win the war on cliches and to get your story from page to screen Unlike other popular approaches to screenwriting Story is about form not formula Employing examples from more than one hundred films McKee imparts a philosophy that reaches beyond rigid rules to identify the more elusive components that distinguish quality stories from the rest of the pack Beginning with basic definitions What is a beat A scene A scene sequence An act climax A film climax McKee not only brilliantly unravels the mysteries of standard threeact dramatic structures but also demystifies atypical structures such as twoact sevenact and even eightact films exposing the limitations of each genre spotlighting the importance of theme setting and atmosphere and highlighting the importance of character versus characterization But this book goes well beyond the essential mechanics of screenwriting From concept through final manuscript Story elevates writing from an intellectual exercise to an emotional one transforming the craft of screenwriting into an art form by carefully exploring the subtler considerations at work in film such as the nature of irony and the symbolic power of image systems Packed with examples from such film classics as Casablanca and Chinatown  McKee expertly dissects classic scenes guiding us stepbystep as only he can to reveal not only how a scene works but why it works getting beyond the fundamentals of composition to the enduring values and conflicts that separate the classics from the cliches This insightful practical book has become the gospel for screenwriters everywhere Hollywood studios dont buy great ideas  they buy great stories that can capture an audiences imagination And no one has helped more writers turn great ideas into great screenplays than Robert McKee Review McKee is a tireless speaker knowledgeable and passionateNo matter what continent you live on if you look outside and see a group of writers or movie nuts gathering probably Robert McKee is in town William Goldman Academy Awardwinning screenwriter of All the Presidents Men and Butch Cassidy and the Sundance Kid Review Knowledge of story design is just as vital for the novelist as it is for the screenwriter No one imparts this wisdom like Robert McKee He is not only the best teacher of writing Ive ever had but the best teacher of anything  Steve Pressfield author of The Legend of Bagger Vance and Gates of Fire Review Robert McKees course helped me enormously Every writer actor producer and director should take it Kirk Douglas Review An internationally acclaimed teacher of the storywriting art McKee maintains a whirlwind schedulegiving his nearlegendary Story seminars worldwide Washington Post Synopsis Robert McKees screenwriting workshops have earned him an international reputation for inspiring novices refining works in progress and putting major screenwriting careers back on track Quincy Jones Diane Keaton Gloria Steinem Julia Roberts John Cleese and David Bowie are just a few of his celebrity alumni Writers producers development executives and agents all flock to his lecture series praising it as a mesmerizing and intense learning experience In Story  McKee expands on the concepts he teaches in his 450 seminars considered a must by industry insiders providing readers with the most comprehensive integrated explanation of the craft of writing for the screen No one better understands how all the elements of a screenplay fit together and no one is better qualified to explain the magic of story construction and the relationship between structure and character than Robert McKee Description Includes bibliographical references p 421422 and index Filmography p423455 About the Author Robert McKee teaches his Story Structure class annually to sold out auditoriums in Los Angeles New York London and film capitals throughout the world A Fulbright Scholar this awardwinning film and television writer has also served as project and talent development consultant to major production companies such as TriStar and Golden Harvest Films He lives in Los Angeles and Cornwall England Table of Contents Acknowledgments ix Notes on the Text xi PART 1 THE WRITER AND THE ART OF STORY 3 Introduction 3 1 The Story Problem 11 PART 2 THE ELEMENTS OF STORY 31 2 The Structure Spectrum 31 3 Structure and Setting 67 4 Structure and Genre 79 5 Structure and Character 100 6 Structure and Meaning 110 PART 3 THE PRINCIPLES OF STORY DESIGN 135 7 The Substance of Story 135 8 The Inciting Incident 181 9 Act Design 208 10 Scene Design 233 11 Scene Analysis 252 12 Composition 288 13 Crisis Climax Resolution 303 PART 4 THE WRITER AT WORK 317 14 The Principle of Antagonism 317 15 Exposition 334 16 Problems and Solutions 346 17 Character 374 18 The Text 388 19 A Writers Method 410 Suggested Readings 421 Filmography 423 Index 457 5 2 What Our Readers Are Saying Share your thoughts on this title Average customer rating 5 2 comments  citizenvern  December 26 2007 Although Im only 12 way through the book it is easy to give it 5 stars Its a great mix of informative and engaging right up there with Rabigers Directing books If its a slow read thats only because youll be jumping back and forth between reading it and writing down the ideas it inspires Was this comment helpful  Yes  No 9 of 18 readers found this comment helpful report this\ncomment  maddytaylor  April 01 2007 I gave a 5 rating even though I have yet to read the book because of all the material that I have looked into for my own writing purposes do not even compare to the credits that Robert Mckee obviously gets from collegues to anyone that has ever heard of him or has seen one of his movies Was this comment helpful  Yes  No 13 of 29 readers found this comment helpful report this\ncomment Product Details ISBN 9780060391683 Binding Hardcover Publication date 11251997 Publisher HARPERCOLLINS PUBLISHERS Pages 480 Height 160IN Width 650IN Thickness 175 Number of Units 1 Illustration Yes Copyright Year 1997 Series Volume 965 UPC Code 2800060391685 Author Christopher Potter Author Robert McKee Author Robert McKee Subject Motion picture plays  Technique Subject General science Subject ReferenceWriting Subject Motion picture authorship Subject Motion picture plays 2800 List Price 4250 Used Hardcover Ships in 1 to 3 days Qty Store 1 Cedar Hills More copies of this ISBN New Hardcover 4250 Used Hardcover Starting from 2900 1 LOCOK 1 LOCOK LOCCancel 1 LOCOK LOCCancel 1 LOCOK 1 LOCOK LOCCancel 1 LOCOK LOCCancel 1 LOCOK 1 LOCOK LOCCancel 1 LOCOK LOCCancel 1 LOCOK 1 LOCOK LOCCancel 1 LOCOK LOCCancel Help Guarantee My Account Careers About Us Security Wish List Partners Contact Us Shipping Transparency ACT MRF Sitemap  2022 POWELLSCOM Terms 1 LOCOK 1 LOCOK LOCCancel 1 LOCOK LOCCancel 1 LOCOK 1 LOCOK LOCCancel 1 LOCOK LOCCancel 1 LOCOK 1 LOCOK LOCCancel 1 LOCOK LOCCancel 1 LOCOK 1 LOCOK LOCCancel 1 LOCOK LOCCancel",
    "page_rank": 2.986701255122607e-05
}