{
    "Title": " Homo Deus: A Brief History of Tomorrow ",
    "Author": "Yuval Noah Harari",
    "Cover Page": "https://powells-covers-2.s3.amazonaws.com/9780062464316.jpg",
    "ISBN10": "0062464310  \n",
    "ISBN13": "9780062464316",
    "Page URL": "https://powells.com/book/homo-deus-9780062464316",
    "raw_text": "Homo Deus A History of Tomorrow Yuval Noah Harari Hardcover 9780062464316 Powells Books Cart   my account  wish list  help  8008787323 Hello\n Login MENU Browse New Arrivals Bestsellers Featured Preorders Award Winners Audio Books See All Subjects Used Staff Picks Staff Picks Picks of the Month Bookseller Displays 50 Books for 50 Years 25 Best 21st Century SciFi  Fantasy 25 PNW Books to Read Before You Die 25 Books From the 21st Century 25 Memoirs to Read Before You Die 25 Global Books to Read Before You Die 25 Women to Read Before You Die 25 Books to Read Before You Die Gifts Gift Cards  eGift Cards Powells Souvenirs Journals and Notebooks socks Games Sell Books Blog Events Find A Store Dont Miss BIG SALE 20 off sitewide Picks of the Season What Im Giving Great Gifts Under 25 Best Books of 2022 Powells Author Events Oregon Battle of the Books Audio Books Visit Our Stores Powells Books 14 Gift Ideas From 14 of Our Favorite Authors 0 comment Every year Powells reaches out to some of our favorite authors for some muchneeded giftgiving inspiration Below are 14 writerapproved recommendations to help you find the perfect book for even your mostdifficulttobuyfor loved one Read More  Powells Staff Best Books of 2022 Fiction 1 comment Kelsey Ford 6 Haunting Native American Horror Books 1 comment 1 LOCOK 1 LOCOK LOCCancel 1 LOCOK LOCCancel Homo Deus A Brief History of Tomorrow by Yuval Noah Harari Comment on this title Synopses  Reviews ISBN13 9780062464316 ISBN10 0062464310 Condition Standard DustJacket Standard All Product Details View Larger Image View Larger Images 2600 List Price 3750 Used Hardcover Ships in 1 to 3 days Qty Store 2 Burnside From Powellscom Powells Picks of the Month Hot new releases and undertheradar gems for adults and kids Staff Pick A followup to Sapiens  Homo Deus takes a look into the speculative future of mankind and the potential trials and tribulations our species may face in the millennia to come Recommended By Sarah No Powellscom Once man has conquered plague famine and war what will the next quest be New York Times bestselling author Yuval Noah Harari tackles this question deftly painting a fascinating insightful and frankly downright scary picture of the future of the species that strives to be gods of the earth Recommended By Gigi L Powellscom Synopses  Reviews Publisher Comments Yuval Noah Harari author of the criticallyacclaimed New York Times bestseller and international phenomenon Sapiens  returns with an equally original compelling and provocative book turning his focus toward humanitys future and our quest to upgrade humans into gods Over the past century humankind has managed to do the impossible and rein in famine plague and war This may seem hard to accept but as Harari explains in his trademark style  thorough yet riveting  famine plague and war have been transformed from incomprehensible and uncontrollable forces of nature into manageable challenges For the first time ever more people die from eating too much than from eating too little more people die from old age than from infectious diseases and more people commit suicide than are killed by soldiers terrorists and criminals put together The average American is a thousand times more likely to die from binging at McDonalds than from being blown up by Al Qaeda What then will replace famine plague and war at the top of the human agenda As the selfmade gods of planet earth what destinies will we set ourselves and which quests will we undertake Homo Deus explores the projects dreams and nightmares that will shape the twentyfirst century  from overcoming death to creating artificial life It asks the fundamental questions Where do we go from here And how will we protect this fragile world from our own destructive powers This is the next stage of evolution This is Homo Deus With the same insight and clarity that made Sapiens an international hit and a New York Times bestseller Harari maps out our future Review Provocativethe handiwork of a a gifted thinker Jennifer Senior New York Times Review Thrilling to watch such a talented author trample so freely across so many disciplines Harraris skill lies in the way he tilts the prism in all these fields and looks at the world in different ways providing fresh angles on what we thought we knew scintillating The Financial Times Review Spellbinding This is a very intelligent book full of sharp insights and mordant wit It is a quirky and cool book with a sliver of ice at its heart It is hard to imagine anyone could read this book without getting an occasional vertiginous thrill The Guardian Review  Homo Deus will shock you It will entertain you Above all it will make you think in ways you had not thought before Daniel Kahneman author of Thinking Fast and Slow About the Author Yuval Noah Harari has a PhD in history from the University of Oxford and now lectures at the Department of History the Hebrew University of Jerusalem specializing in world history Sapiens has been translated into 26 languages and has already become an international bestseller in the UK Spain Slovenia Taiwan and Israel What Our Readers Are Saying Be the first to share your thoughts on this title Product Details ISBN 9780062464316 Binding Hardcover Publication date 02212017 Publisher HARPER Pages 464 Author Yuval Noah Harari Media Run Time B 2600 List Price 3750 Used Hardcover Ships in 1 to 3 days Qty Store 2 Burnside More copies of this ISBN New Hardcover 3750 Used Hardcover 1650 This title in other editions New Trade Paperback 2499 Used Trade Paperback Starting from 1750 1 LOCOK 1 LOCOK LOCCancel 1 LOCOK LOCCancel 1 LOCOK 1 LOCOK LOCCancel 1 LOCOK LOCCancel 1 LOCOK 1 LOCOK LOCCancel 1 LOCOK LOCCancel 1 LOCOK 1 LOCOK LOCCancel 1 LOCOK LOCCancel Help Guarantee My Account Careers About Us Security Wish List Partners Contact Us Shipping Transparency ACT MRF Sitemap  2022 POWELLSCOM Terms 1 LOCOK 1 LOCOK LOCCancel 1 LOCOK LOCCancel 1 LOCOK 1 LOCOK LOCCancel 1 LOCOK LOCCancel 1 LOCOK 1 LOCOK LOCCancel 1 LOCOK LOCCancel 1 LOCOK 1 LOCOK LOCCancel 1 LOCOK LOCCancel",
    "page_rank": 2.38317343676122e-05
}