{
    "Title": " From the Desk of Zoe Washington ",
    "Author": "Janae Marks",
    "Cover Page": "https://powells-covers-2.s3.amazonaws.com/9780062875860.jpg",
    "ISBN10": "0062875868  \n",
    "ISBN13": "9780062875860",
    "Page URL": "https://powells.com/book/from-the-desk-of-zoe-washington-9780062875860",
    "raw_text": "From the Desk of Zoe Washington Janae Marks Trade Paperback 9780062875860 Powells Books Cart   my account  wish list  help  8008787323 Hello\n Login MENU Browse New Arrivals Bestsellers Featured Preorders Award Winners Audio Books See All Subjects Used Staff Picks Staff Picks Picks of the Month Bookseller Displays 50 Books for 50 Years 25 Best 21st Century SciFi  Fantasy 25 PNW Books to Read Before You Die 25 Books From the 21st Century 25 Memoirs to Read Before You Die 25 Global Books to Read Before You Die 25 Women to Read Before You Die 25 Books to Read Before You Die Gifts Gift Cards  eGift Cards Powells Souvenirs Journals and Notebooks socks Games Sell Books Blog Events Find A Store Dont Miss BIG SALE 20 off sitewide Picks of the Season What Im Giving Great Gifts Under 25 Best Books of 2022 Powells Author Events Oregon Battle of the Books Audio Books Visit Our Stores Powells Books 14 Gift Ideas From 14 of Our Favorite Authors 0 comment Every year Powells reaches out to some of our favorite authors for some muchneeded giftgiving inspiration Below are 14 writerapproved recommendations to help you find the perfect book for even your mostdifficulttobuyfor loved one Read More  Powells Staff Best Books of 2022 Fiction 1 comment Kelsey Ford 6 Haunting Native American Horror Books 1 comment 1 LOCOK 1 LOCOK LOCCancel 1 LOCOK LOCCancel From the Desk of Zoe Washington by Janae Marks Comment on this title Synopses  Reviews ISBN13 9780062875860 ISBN10 0062875868 All Product Details View Larger Image View Larger Images 639 List Price 799 Sale New Trade Paperback Ships in 1 to 3 days Qty Store 40 Burnside 2 Cedar Hills 19 Hawthorne 20 Local Warehouse Synopses  Reviews Publisher Comments From debut author Janae Marks comes a captivating story full of heart as one courageous girl questions assumptions searches for the truth and does what she believes is right  even in the face of great opposition Zoe Washington isnt sure what to write What does a girl say to the father shes never met hadnt heard from until his letter arrived on her twelfth birthday and whos been in prison for a terrible crime A crime he says he never committed Could Marcus really be innocent Zoe is determined to uncover the truth Even if it means hiding his letters and her investigation from the rest of her family Everyone else thinks Zoes worrying about doing a good job at her bakery internship and proving to her parents that shes worthy of auditioning for Food Networks Kids Bake Challenge  But with bakery confections on one part of her mind and Marcuss conviction weighing heavily on the other this is one recipe Zoe doesnt know how to balance The only thing she knows to be true Everyone lies When Marcus tells Zoe he is innocent and her grandmother agrees Zoe begins to learn about inequality in the criminal justice system and she sets out to find the alibi witness who can prove his innocence Publishers Weekly An AntiRacist Childrens and YA Reading List Plus dont miss Janae Markss A Soft Place to Land Review This exceptionally sweet debut from Marks illustrates profound cracks in the American criminal justice system while telling an affecting story grounded in the middlegrade experience Booklist Starred Review Review Debut author Marks seamlessly weaves timely discussions about institutionalized racism into this uplifting and engaging story that packs an emotional punch Publishers Weekly Starred Review Review A smart necessary and hopeful middle grade debut that expertly balances a gentle heartwarming tone with searing insight into systemic racism School Library Journal Starred Review Review This powerful debut packs both depth and sweetness tackling a tough topic in a sensitive compelling way An extraordinary timely mustread debut about love family friendship and justice Kirkus Reviews Starred Review About the Author Janae Marks graduated from the New School with an MFA in writing for children When she isnt writing fiction shes spending time with her husband and daughter at home in Connecticut From the Desk of Zoe Washington is her debut novel Visit Janae online at wwwjanaemarkscom What Our Readers Are Saying Be the first to share your thoughts on this title Product Details ISBN 9780062875860 Binding Trade Paperback Publication date 01052021 Publisher HARPERCOLLINS PUBLISHERS Pages 320 Height 80IN Width 510IN Age Range 8 to 12 Grade Range 3 to 7 Author Janae Marks 639 List Price 799 Sale New Trade Paperback Ships in 1 to 3 days Qty Store 40 Burnside 2 Cedar Hills 19 Hawthorne 20 Local Warehouse Receive an email when this ISBN is available used This title in other editions New Hardcover 1699 Used Hardcover Starting from 898 1 LOCOK 1 LOCOK LOCCancel 1 LOCOK LOCCancel 1 LOCOK 1 LOCOK LOCCancel 1 LOCOK LOCCancel 1 LOCOK 1 LOCOK LOCCancel 1 LOCOK LOCCancel 1 LOCOK 1 LOCOK LOCCancel 1 LOCOK LOCCancel Help Guarantee My Account Careers About Us Security Wish List Partners Contact Us Shipping Transparency ACT MRF Sitemap  2022 POWELLSCOM Terms 1 LOCOK 1 LOCOK LOCCancel 1 LOCOK LOCCancel 1 LOCOK 1 LOCOK LOCCancel 1 LOCOK LOCCancel 1 LOCOK 1 LOCOK LOCCancel 1 LOCOK LOCCancel 1 LOCOK 1 LOCOK LOCCancel 1 LOCOK LOCCancel",
    "page_rank": 3.966976221317578e-05
}