{
    "Title": " HarperCollins German College Dictionary 3rd Edition ",
    "Author": "Harpercollins",
    "Cover Page": "https://covers.powells.com/9780060515324.jpg",
    "ISBN10": "0060515325  \n",
    "ISBN13": "9780060515324",
    "Page URL": "https://powells.com/book/harpercollins-german-college-dictionary-3rd-edition-9780060515324",
    "raw_text": "HarperCollins German College Dictionary 3rd Edition Harpercollins Hardcover 9780060515324 Powells Books Cart   my account  wish list  help  8008787323 Hello\n Login MENU Browse New Arrivals Bestsellers Featured Preorders Award Winners Audio Books See All Subjects Used Staff Picks Staff Picks Picks of the Month Bookseller Displays 50 Books for 50 Years 25 Best 21st Century SciFi  Fantasy 25 PNW Books to Read Before You Die 25 Books From the 21st Century 25 Memoirs to Read Before You Die 25 Global Books to Read Before You Die 25 Women to Read Before You Die 25 Books to Read Before You Die Gifts Gift Cards  eGift Cards Powells Souvenirs Journals and Notebooks socks Games Sell Books Blog Events Find A Store Dont Miss BIG SALE 20 off sitewide Picks of the Season What Im Giving Great Gifts Under 25 Best Books of 2022 Powells Author Events Oregon Battle of the Books Audio Books Visit Our Stores Powells Books 14 Gift Ideas From 14 of Our Favorite Authors 0 comment Every year Powells reaches out to some of our favorite authors for some muchneeded giftgiving inspiration Below are 14 writerapproved recommendations to help you find the perfect book for even your mostdifficulttobuyfor loved one Read More  Powells Staff Best Books of 2022 Fiction 1 comment Kelsey Ford 6 Haunting Native American Horror Books 1 comment 1 LOCOK 1 LOCOK LOCCancel 1 LOCOK LOCCancel HarperCollins German College Dictionary 3rd Edition by Harpercollins Comment on this title Synopses  Reviews ISBN13 9780060515324 ISBN10 0060515325 Condition Standard DustJacket Standard All Product Details View Larger Image View Larger Images 995 List Price 2995 Used Hardcover Ships in 1 to 3 days Qty Store 1 Local Warehouse Synopses  Reviews Publisher Comments The HarperCollins German College Dictionary is a standout  youre holding the best buy on the shelf in your hands right now Heres why Easiest to use This fully revised and updated edition of the HarperCollins German College Dictionary offers indepth treatment of all areas of language dealing with modern life with particular emphasis given to fields such as business computing and new technology where language developments are most evident The new edition shows German and English exactly as they are written and spoken today Idiomatic expressions are highlighted helping the user to find what he or she is looking for as quickly as possible In addition this new edition includes all the latest German spelling Consistently updated HarperCollins dictionaries are updated on a regular basis giving you the edge in reading writing and understanding the language German in Action supplement Invaluable advice on how to express yourself in correct and idiomatic German as well as special entries on Germany and the Germanspeaking world Synopsis The HarperCollins German College Dictionary is a standout  youre holding the best buy on the shelf in your hands right now Heres why Easiest to use This fully revised and updated edition of the HarperCollins German College Dictionary offers indepth treatment of all areas of language dealing with modern life with particular emphasis given to fields such as business computing and new technology where language developments are most evident The new edition shows German and English exactly as they are written and spoken today Idiomatic expressions are highlighted helping the user to find what he or she is looking for as quickly as possible In addition this new edition includes all the latest German spelling Consistently updated HarperCollins dictionaries are updated on a regular basis giving you the edge in reading writing and understanding the language German in Action supplement Invaluable advice on how to express yourself in correct and idiomatic German as well as special entries on Germany and the Germanspeaking world About the Author HarperCollins Publishers is one of the worlds leading Englishlanguage publishers with headquarters in New York The company is part of News America Publishing Group a division of News Corporation The house of Mark Twain the Bronte Sisters Thackeray Dickens John F Kennedy Martin Luther King Jr and Maurice Sendak HarperCollins was founded in New York City in 1817 by the brothers James and John Harper The worldwide book group which was formed following News Corporations acquisition of the British publisher William Collins in January 1990 has significant publishing interests in the US Canada the UK and Australia What Our Readers Are Saying Be the first to share your thoughts on this title Product Details ISBN 9780060515324 Binding Hardcover Publication date 08012003 Publisher HARPERCOLLINS PUBLISHERS Edition 3ED Height 950 Width 625 Thickness 250 Grade Range Generaltrade Number of Units 1 Copyright Year 2003 UPC Code 2800060515326 Author HarperCollins Subject German language  English Subject English language  German Subject German language Subject English language 995 List Price 2995 Used Hardcover Ships in 1 to 3 days Qty Store 1 Local Warehouse More copies of this ISBN Used Hardcover 1395 1 LOCOK 1 LOCOK LOCCancel 1 LOCOK LOCCancel 1 LOCOK 1 LOCOK LOCCancel 1 LOCOK LOCCancel 1 LOCOK 1 LOCOK LOCCancel 1 LOCOK LOCCancel 1 LOCOK 1 LOCOK LOCCancel 1 LOCOK LOCCancel Help Guarantee My Account Careers About Us Security Wish List Partners Contact Us Shipping Transparency ACT MRF Sitemap  2022 POWELLSCOM Terms 1 LOCOK 1 LOCOK LOCCancel 1 LOCOK LOCCancel 1 LOCOK 1 LOCOK LOCCancel 1 LOCOK LOCCancel 1 LOCOK 1 LOCOK LOCCancel 1 LOCOK LOCCancel 1 LOCOK 1 LOCOK LOCCancel 1 LOCOK LOCCancel",
    "page_rank": 4.157852459868113e-05
}