{
    "Title": " Wildwood Chronicles 03 Wildwood Imperium ",
    "Author": "Colin Meloy, Carson Ellis",
    "Cover Page": "https://covers.powells.com/9780062024763.jpg",
    "ISBN10": "0062024760  \n",
    "ISBN13": "9780062024763",
    "Page URL": "https://powells.com/book/wildwood-chronicles-03-wildwood-imperium-9780062024763",
    "raw_text": "Wildwood Chronicles 03 Wildwood Imperium Colin Meloy Carson Ellis Trade Paperback 9780062024763 Powells Books Cart   my account  wish list  help  8008787323 Hello\n Login MENU Browse New Arrivals Bestsellers Featured Preorders Award Winners Audio Books See All Subjects Used Staff Picks Staff Picks Picks of the Month Bookseller Displays 50 Books for 50 Years 25 Best 21st Century SciFi  Fantasy 25 PNW Books to Read Before You Die 25 Books From the 21st Century 25 Memoirs to Read Before You Die 25 Global Books to Read Before You Die 25 Women to Read Before You Die 25 Books to Read Before You Die Gifts Gift Cards  eGift Cards Powells Souvenirs Journals and Notebooks socks Games Sell Books Blog Events Find A Store Dont Miss BIG SALE 20 off sitewide Picks of the Season What Im Giving Great Gifts Under 25 Best Books of 2022 Powells Author Events Oregon Battle of the Books Audio Books Visit Our Stores Powells Books 14 Gift Ideas From 14 of Our Favorite Authors 0 comment Every year Powells reaches out to some of our favorite authors for some muchneeded giftgiving inspiration Below are 14 writerapproved recommendations to help you find the perfect book for even your mostdifficulttobuyfor loved one Read More  Powells Staff Best Books of 2022 Fiction 1 comment Kelsey Ford 6 Haunting Native American Horror Books 1 comment 1 LOCOK 1 LOCOK LOCCancel 1 LOCOK LOCCancel Wildwood Chronicles 03 Wildwood Imperium by Colin Meloy Carson Ellis Comment on this title Synopses  Reviews ISBN13 9780062024763 ISBN10 0062024760 Condition Standard All Product Details View Larger Image View Larger Images 695 List Price 999 Used Trade Paperback Ships in 1 to 3 days Qty Store 1 Burnside Synopses  Reviews Publisher Comments From Colin Meloy lead singer of the Decemberists and Carson Ellis acclaimed illustrator of The Mysterious Benedict Society  comes the stunning third book in the New York Times bestselling fantasyadventure series the Wildwood Chronicles A young girls midnight s\u00e9ance awakens a longslumbering malevolent spirit A band of runaway orphans allies with an underground collective of saboteurs and plans a daring rescue of their friends imprisoned in the belly of an industrial wasteland Two old friends draw closer to their goal of bringing together a pair of exiled toy makers in order to reanimate a mechanical boy prince As the fate of Wildwood hangs in the balance The Wildwood Chronicles is a mesmerizing and epic tale at once firmly steeped in the classics of childrens literature and completely fresh at the same time In this book Colin Meloy continues to expand and enrich the magical world and cast of characters he created in Wildwood  while Carson Ellis once again brings that world to life with her gorgeous artwork including six fullcolor plates Review Meloy gives his antic imagination full rein to produce work thatis brilliantly sui generis Kirkus Reviews starred review Synopsis A young girls midnight s\u00e9ance awakens a longslumbering malevolent spirit    A band of runaway orphans allies with an underground collective of saboteurs and plans a daring rescue of their friends imprisoned in the belly of an industrial wasteland    Two old friends draw closer to their goal of bringing together a pair of exiled toy makers in order to reanimate a mechanical boy prince    As the fate of Wildwood hangs in the balance The third book in the Wildwood Chronicles is a rich moving and dazzling story by turns funny and profound Both Colin Meloy and Carson Ellis are at the height of their gifts with Wildwood Imperium  About the Author Colin Meloy once wrote Ray Bradbury a letter informing him that he considered himself an author too He was ten Since then Colin has gone on to be the singer and songwriter for the band the Decemberists where he channels all of his weird ideas into weird songs With the Wildwood Chronicles he is now channeling those ideas into novels As a kid Carson Ellis loved exploring the woods drawing and nursing wounded animals back to health As an adult little has changedexcept she is now the acclaimed illustrator of several books for children including Lemony Snickets The Composer Is Dead  Dillweeds Revenge by Florence Parry Heide and The Mysterious Benedict Society by Trenton Lee Stewart Colin and Carson live with their sons Hank and Milo in Oregon Colin Meloy once wrote Ray Bradbury a letter informing him that he considered himself an author too He was ten Since then Colin has gone on to be the singer and songwriter for the band the Decemberists where he channels all of his weird ideas into weird songs With the Wildwood Chronicles he is now channeling those ideas into novels As a kid Carson Ellis loved exploring the woods drawing and nursing wounded animals back to health As an adult little has changedexcept she is now the acclaimed illustrator of several books for children including Lemony Snickets The Composer Is Dead  Dillweeds Revenge by Florence Parry Heide and The Mysterious Benedict Society by Trenton Lee Stewart Colin and Carson live with their sons Hank and Milo in Oregon 5 1 What Our Readers Are Saying Share your thoughts on this title Average customer rating 5 1 comments  Wildwood Rocks  February 10 2015 I have not read this book yet but have read the others and they were GREATI suspect this will be a 5 too Also I love the decemberists greatband Was this comment helpful  Yes  No 0 of 1 readers found this comment helpful report this\ncomment Product Details ISBN 9780062024763 Binding Trade Paperback Publication date 02032015 Publisher HARPERCOLLINS PUBLISHERS Series info Wildwood Chronicles Pages 592 Height 170IN Width 610IN Thickness 200 Series Number 3 Age Range 8 and up Grade Range 3 and up Copyright Year 2015 Author Colin Meloy Author Carson Ellis Subject Children sScience Fiction and Fantasy 695 List Price 999 Used Trade Paperback Ships in 1 to 3 days Qty Store 1 Burnside More copies of this ISBN New Trade Paperback 999 This title in other editions Used Compact Disc 2600 Used Hardcover 1395 1 LOCOK 1 LOCOK LOCCancel 1 LOCOK LOCCancel 1 LOCOK 1 LOCOK LOCCancel 1 LOCOK LOCCancel 1 LOCOK 1 LOCOK LOCCancel 1 LOCOK LOCCancel 1 LOCOK 1 LOCOK LOCCancel 1 LOCOK LOCCancel Help Guarantee My Account Careers About Us Security Wish List Partners Contact Us Shipping Transparency ACT MRF Sitemap  2022 POWELLSCOM Terms 1 LOCOK 1 LOCOK LOCCancel 1 LOCOK LOCCancel 1 LOCOK 1 LOCOK LOCCancel 1 LOCOK LOCCancel 1 LOCOK 1 LOCOK LOCCancel 1 LOCOK LOCCancel 1 LOCOK 1 LOCOK LOCCancel 1 LOCOK LOCCancel",
    "page_rank": 3.850283228309672e-05
}