{
    "Title": " Radio Silence ",
    "Author": "Alice Oseman",
    "Cover Page": "https://powells-covers-2.s3.amazonaws.com/9780062335722.jpg",
    "ISBN10": "0062335723  \n",
    "ISBN13": "9780062335722",
    "Page URL": "https://powells.com/book/radio-silence-9780062335722",
    "raw_text": "Radio Silence Alice Oseman Trade Paperback 9780062335722 Powells Books Cart   my account  wish list  help  8008787323 Hello\n Login MENU Browse New Arrivals Bestsellers Featured Preorders Award Winners Audio Books See All Subjects Used Staff Picks Staff Picks Picks of the Month Bookseller Displays 50 Books for 50 Years 25 Best 21st Century SciFi  Fantasy 25 PNW Books to Read Before You Die 25 Books From the 21st Century 25 Memoirs to Read Before You Die 25 Global Books to Read Before You Die 25 Women to Read Before You Die 25 Books to Read Before You Die Gifts Gift Cards  eGift Cards Powells Souvenirs Journals and Notebooks socks Games Sell Books Blog Events Find A Store Dont Miss BIG SALE 20 off sitewide Picks of the Season What Im Giving Great Gifts Under 25 Best Books of 2022 Powells Author Events Oregon Battle of the Books Audio Books Visit Our Stores Powells Books 14 Gift Ideas From 14 of Our Favorite Authors 0 comment Every year Powells reaches out to some of our favorite authors for some muchneeded giftgiving inspiration Below are 14 writerapproved recommendations to help you find the perfect book for even your mostdifficulttobuyfor loved one Read More  Powells Staff Best Books of 2022 Fiction 1 comment Kelsey Ford 6 Haunting Native American Horror Books 1 comment 1 LOCOK 1 LOCOK LOCCancel 1 LOCOK LOCCancel Radio Silence by Alice Oseman Comment on this title Synopses  Reviews ISBN13 9780062335722 ISBN10 0062335723 Condition Standard All Product Details View Larger Image View Larger Images 850 List Price 1199 Used Trade Paperback Ships in 1 to 3 days Qty Store 1 Cedar Hills Synopses  Reviews Synopsis From critically acclaimed author Alice Oseman comes a smartly crafted contemporary YA novel perfect for readers who love Rainbow Rowells Fangirl  This is an utterly captivating and authentic teen novel from the author of Solitaire  which VOYA said could put her among the great young adult fiction authors Frances Janvier spends most of her time studying Everyone knows Aled Last as that quiet boy who gets straight As You probably think that they are going to fall in love or something Since he is a boy and she is a girl They dont They make a podcast In a world determined to shut them up knock them down and set them on a cookie cutter life path Frances and Aled struggle to find their voices over the course of one lifechanging year Will they have the courage to show everyone who they really are Or will they be met with radio silence The Times London Synopsis The second novel by the phenomenally talented Alice Oseman the author of the millioncopy bestselling Heartstopper booksnow a major Netflix series What if everything you set yourself up to be was wrong Frances has always been a study machine with one goal elite university Nothing will stand in her way Not friends not a guilty secretnot even the person she is on the inside But when Frances meets Aled the shy genius behind her favorite podcast she discovers a new freedom He unlocks the door to Real Frances and for the first time she experiences true friendship unafraid to be herself Then the podcast goes viral and the fragile trust between them is broken Caught between who she was and who she longs to be Francess dreams come crashing down Suffocating with guilt she knows that she has to confront her past She has to confess why Carys disappeared Meanwhile at university Aled is alone fighting even darker secrets Its only by facing up to your fears that you can overcome them And its only by being your true self that you can find happiness Frances is going to need every bit of courage she has A comingofage read that tackles issues of identity the pressure to succeed diversity and freedom to choose Radio Silence is a tour de force by the most exciting writer of her generation What Our Readers Are Saying Be the first to share your thoughts on this title Product Details ISBN 9780062335722 Binding Trade Paperback Publication date 04232019 Publisher HARPERCOLLINS PUBLISHERS Pages 496 Height 120IN Width 520IN Age Range 13 to 17 Grade Range 8 to 12 Author Alice Oseman 850 List Price 1199 Used Trade Paperback Ships in 1 to 3 days Qty Store 1 Cedar Hills More copies of this ISBN New Trade Paperback 1199 This title in other editions New Hardcover 1799 1 LOCOK 1 LOCOK LOCCancel 1 LOCOK LOCCancel 1 LOCOK 1 LOCOK LOCCancel 1 LOCOK LOCCancel 1 LOCOK 1 LOCOK LOCCancel 1 LOCOK LOCCancel 1 LOCOK 1 LOCOK LOCCancel 1 LOCOK LOCCancel Help Guarantee My Account Careers About Us Security Wish List Partners Contact Us Shipping Transparency ACT MRF Sitemap  2022 POWELLSCOM Terms 1 LOCOK 1 LOCOK LOCCancel 1 LOCOK LOCCancel 1 LOCOK 1 LOCOK LOCCancel 1 LOCOK LOCCancel 1 LOCOK 1 LOCOK LOCCancel 1 LOCOK LOCCancel 1 LOCOK 1 LOCOK LOCCancel 1 LOCOK LOCCancel",
    "page_rank": 3.9528401675968005e-05
}