{
    "Title": " American Sign Language Dictionary 3rd Edition ",
    "Author": "Martin L Sternberg",
    "Cover Page": "https://covers.powells.com/9780062736345.jpg",
    "ISBN10": "0062736345  \n",
    "ISBN13": "9780062736345",
    "Page URL": "https://powells.com/book/american-sign-language-dictionary-3rd-edition-9780062736345",
    "raw_text": "American Sign Language Dictionary 3rd Edition Martin L Sternberg Flexible 9780062736345 Powells Books Cart   my account  wish list  help  8008787323 Hello\n Login MENU Browse New Arrivals Bestsellers Featured Preorders Award Winners Audio Books See All Subjects Used Staff Picks Staff Picks Picks of the Month Bookseller Displays 50 Books for 50 Years 25 Best 21st Century SciFi  Fantasy 25 PNW Books to Read Before You Die 25 Books From the 21st Century 25 Memoirs to Read Before You Die 25 Global Books to Read Before You Die 25 Women to Read Before You Die 25 Books to Read Before You Die Gifts Gift Cards  eGift Cards Powells Souvenirs Journals and Notebooks socks Games Sell Books Blog Events Find A Store Dont Miss BIG SALE 20 off sitewide Picks of the Season What Im Giving Great Gifts Under 25 Best Books of 2022 Powells Author Events Oregon Battle of the Books Audio Books Visit Our Stores Powells Books 14 Gift Ideas From 14 of Our Favorite Authors 0 comment Every year Powells reaches out to some of our favorite authors for some muchneeded giftgiving inspiration Below are 14 writerapproved recommendations to help you find the perfect book for even your mostdifficulttobuyfor loved one Read More  Powells Staff Best Books of 2022 Fiction 1 comment Kelsey Ford 6 Haunting Native American Horror Books 1 comment 1 LOCOK 1 LOCOK LOCCancel 1 LOCOK LOCCancel American Sign Language Dictionary 3rd Edition by Martin L Sternberg Comment on this title Synopses  Reviews ISBN13 9780062736345 ISBN10 0062736345 Condition Standard All Product Details View Larger Image View Larger Images 1650 List Price 2499 Used Flexible Ships in 1 to 3 days Qty Store 2 Local Warehouse Synopses  Reviews Publisher Comments An illustrated abridgment of the most authoritative reference book on sign language with wellwritten and easily understood instructions for the use of each sign More than 5000 signs and 8000 illustrations And now includes more than 500 new signs and 1500 new illustrations Synopsis Deaf since the age of seven Martin L A Sternberg EdD spent most of his career working with deaf people Inspire by his sign language teacher at Gallaudet University in Washington DC he devised this vital reference to help anyone learn to speak with their hands A must for parents instructors and students American Sign Language Dictionary includes everything you need to know to communicate clearly using ASL This illustrated abridgment of the most authoritative reference book on sign language features more than 5000 signs and 8000 illustrations as well as clear detailed instructions to help you master each sign Synopsis An abridged edition of the most comprehensive and clearly written dictionary of sign language ever published  Los Angeles Times Deaf since the age of seven Martin L A Sternberg EdD spent most of his career working with deaf people Inspired by his sign language teacher at Gallaudet University in Washington DC he devised this vital reference to help anyone learn to speak with their hands A must for parents instructors and students American Sign Language Dictionary includes everything you need to know to communicate clearly using ASL This illustrated abridgment of the most authoritative reference book on sign language features more than 5000 signs and 8000 illustrations as well as clear detailed instructions to help you master each sign Synopsis An illustrated abridgment of the most authoritative reference book on sign language with wellwritten and easily understood instructions for the use of each sign More than 5000 signs and 8000 illustrations And now includes more than 500 new signs and 1500 new illustrations Synopsis Completely updated and revised this easy to use abridged version of the American Sign About the Author Martin L A Sternberg EdD is a native New Yorker Deaf since the age of seven he has spent most of his career working with deaf people The idea for this book came from Dr Elizabeth Peet Dr Sternbergs sign language teacher at Gallaudet University for the deaf in Washington DC Dr Sternberg kept Dr Peets ideas and methods but expanded the work greatly Early work on the project received a federal grant from the US Department of Health Education and Welfare to New York University the sponsoring institution A graduate of the City College of New York American University and New York University Dr Sternberg has enjoyed a distinguished career as a teacher at Gallaudet New York Hofstra and Adelphi Universities HE is currently chairman of the board of trustees of Lexington School for the Deaf and Lexington Center for the Deaf He is the author of four ASL dictionaries and a Codies Awardwinning CDROM all published by HarperCollins He also received Emmy and Peabody nominations for his ASL series by the NBC network Speaking With Your Hands as well as medals at various international film and television festivals What Our Readers Are Saying Be the first to share your thoughts on this title Product Details ISBN 9780062736345 Binding Flexible Publication date 11041998 Publisher HARPERCOLLINS PUBLISHERS Edition 3ED Pages 800 Height 220IN Width 700IN Thickness 225 Age Range 12 to 17 Grade Range 7 to 12 Number of Units 1 Abridged Edition Yes Illustration Yes Copyright Year 1998 UPC Code 2800062736347 Author Martin L A Sternberg Illustrator North Market Street Graphics Illustrator Herbert Rogoff Author Marin Sternberg Author Martin L Sternberg Author Martin L Sternberg Author Martin L A Sternberg Subject American sign language Subject American Sign Language  Dictionaries Subject Foreign LanguagesAmerican Sign Language 1650 List Price 2499 Used Flexible Ships in 1 to 3 days Qty Store 2 Local Warehouse More copies of this ISBN New Flexible 2499 1 LOCOK 1 LOCOK LOCCancel 1 LOCOK LOCCancel 1 LOCOK 1 LOCOK LOCCancel 1 LOCOK LOCCancel 1 LOCOK 1 LOCOK LOCCancel 1 LOCOK LOCCancel 1 LOCOK 1 LOCOK LOCCancel 1 LOCOK LOCCancel Help Guarantee My Account Careers About Us Security Wish List Partners Contact Us Shipping Transparency ACT MRF Sitemap  2022 POWELLSCOM Terms 1 LOCOK 1 LOCOK LOCCancel 1 LOCOK LOCCancel 1 LOCOK 1 LOCOK LOCCancel 1 LOCOK LOCCancel 1 LOCOK 1 LOCOK LOCCancel 1 LOCOK LOCCancel 1 LOCOK 1 LOCOK LOCCancel 1 LOCOK LOCCancel",
    "page_rank": 3.913272903405283e-05
}