{
    "Title": " The Graveyard Book ",
    "Author": "Neil Gaiman",
    "Cover Page": "https://powells-covers-2.s3.amazonaws.com/9780060530945.jpg",
    "ISBN10": "0060530944  \n",
    "ISBN13": "9780060530945",
    "Page URL": "https://powells.com/book/the-graveyard-book-9780060530945",
    "raw_text": "Graveyard Book Neil Gaiman Dave McKean Trade Paperback 9780060530945 Powells Books Cart   my account  wish list  help  8008787323 Hello\n Login MENU Browse New Arrivals Bestsellers Featured Preorders Award Winners Audio Books See All Subjects Used Staff Picks Staff Picks Picks of the Month Bookseller Displays 50 Books for 50 Years 25 Best 21st Century SciFi  Fantasy 25 PNW Books to Read Before You Die 25 Books From the 21st Century 25 Memoirs to Read Before You Die 25 Global Books to Read Before You Die 25 Women to Read Before You Die 25 Books to Read Before You Die Gifts Gift Cards  eGift Cards Powells Souvenirs Journals and Notebooks socks Games Sell Books Blog Events Find A Store Dont Miss BIG SALE 20 off sitewide Picks of the Season What Im Giving Great Gifts Under 25 Best Books of 2022 Powells Author Events Oregon Battle of the Books Audio Books Visit Our Stores Powells Books 14 Gift Ideas From 14 of Our Favorite Authors 0 comment Every year Powells reaches out to some of our favorite authors for some muchneeded giftgiving inspiration Below are 14 writerapproved recommendations to help you find the perfect book for even your mostdifficulttobuyfor loved one Read More  Powells Staff Best Books of 2022 Fiction 1 comment Kelsey Ford 6 Haunting Native American Horror Books 1 comment 1 LOCOK 1 LOCOK LOCCancel 1 LOCOK LOCCancel The Graveyard Book by Neil Gaiman Comment on this title Synopses  Reviews View Video Award Excerpt ISBN13 9780060530945 ISBN10 0060530944 Condition Standard All Product Details View Larger Image View Larger Images 595 List Price 899 Used Trade Paperback Ships in 1 to 3 days Qty Store 1 Burnside Awards Winner of the 2009 Newbery Medal Winner of The Hugo Award 2009 Synopses  Reviews Publisher Comments Nobody Owens known to his friends as Bod is a normal boy He would be completely normal if he didnt live in a sprawling graveyard being raised and educated by ghosts with a solitary guardian who belongs to neither the world of the living nor of the dead There are dangers and adventures in the graveyard for a boy  an ancient Indigo Man beneath the hill a gateway to a desert leading to an abandoned city of ghouls the strange and terrible menace of the Sleer But if Bod leaves the graveyard then he will come under attack from the man Jack  who has already killed Bods family Beloved master storyteller Neil Gaiman returns with a luminous new novel for the audience that embraced his New York Times bestselling modern classic Coraline  Magical terrifying and filled with breathtaking adventures The Graveyard Book is sure to enthrall readers of all ages Review This is an utterly captivating tale that is cleverly told through an entertaining cast of ghostly characters There is plenty of darkness but the novels ultimate message is strong and life affirming Booklist Starred Review Review Gaiman writes with charm and humor and again he has a real winnerThe conclusion is satisfying but it leaves room for a sequel Everyone who reads this book will hope fervently that the very busy author gets around to writing one soon VOYA Review  The Graveyard Book is everything everyone loves about Neil Gaiman only multiplied many times over a novel that showcases his effortless feel for narrative his flawless instincts for suspense and above all his dark almost silky sense of humor Joe Hill author of HeartShaped Box Review Gaimans gift for invention and wit are as present as ever The Graveyard Book lacks the scope of Gaimans bestknown efforts but some stories dont need to be epic they simply need to be Grade A  The Onion AV Club Review  The Graveyard Book is one of the most emotionally honest books Ive yet to have read this year Smart and focused touching and wry it takes the story of a boy raised by ghosts and extends it beyond the restrictive borders of the setting Great stuff A Fuse 8 Production Review Gaiman has a true gift for narrative and a delightfully light touch and there are humorous details along with spinechilling ones YAs will race through this fine tale and enjoy every magical creepy moment KLIATT Review  The Graveyard Book is one of Gaimans best novels With some notable exceptions like Stardust and Anansi Boys  I prefer Gaimans comic book writing ie the Sandman series to his prose but this book is a joy to read The scenes and characters spring vividly to life in a way that helped mark Gaimans reputation as a comic writer but doesnt always happen in his prose Dont be surprised to find yourself wishing you could trade places with Bod and grow up in a cemetery yourself Chris A Bolton Powellscom read the entire Powellscom review Synopsis In this Newbery Medalwinning novel Bod is an unusual boy who inhabits an unusual place hes the only living resident of a graveyard Raised from infancy by the ghosts werewolves and other cemetery denizens Bod has learned the antiquated customs of his guardians time as well as their ghostly teachings such as the ability to Fade so mere mortals cannot see him Can a boy raised by ghosts face the wonders and terrors of the worlds of both the living and the dead And then there are being such as ghouls that arent really one thing or the other The Graveyard Book won the Newbery Medal and the Carnegie Medal and is a Hugo Award Winner for Best Novel Supports the Common Core State Standards  Synopsis The original paperback edition of a perennial favorite The Graveyard Book by Neil Gaiman which has sold more than one million copies and is the only novel to win both the Newbery Medal and the Carnegie Medal The Graveyard Book is the winner of the Newbery Medal the Carnegie Medal the Hugo Award for best novel the Locus Award for Young Adult novel the American Bookseller Associations Best Indie Young Adult Buzz Book  a Horn Book Honor and Audio Book of the Year Bod is an unusual boy who inhabits an unusual placehes the only living resident of a graveyard Raised from infancy by the ghosts werewolves and other cemetery denizens Bod has learned the antiquated customs of his guardians time as well as their ghostly teachingssuch as the ability to Fade so mere mortals cannot see him Can a boy raised by ghosts face the wonders and terrors of the worlds of both the living and the dead Synopsis The 10th anniversary edition of The Graveyard Book includes a foreword by Margaret Atwood as well as sketches from the illustrator handwritten drafts and Neil Gaimans Newbery acceptance speech This middle grade novel is an excellent choice for tween readers in grades 5 to 6 especially during homeschooling Its a fun way to keep your child entertained and engaged while not in the classroom IT TAKES A GRAVEYARD TO RAISE A CHILD Nobody Owens known as Bod is a normal boy He would be completely normal if he didnt live in a graveyard being raised by ghosts with a guardian who belongs to neither the world of the living nor the dead There are adventures in the graveyard for a boyan ancient Indigo Man a gateway to the abandoned city of ghouls the strange and terrible Sleer But if Bod leaves the graveyard he will be in danger from the man Jackwho has already killed Bods family The Graveyard Book  a modern classic is the only work ever to win both the Newbery US and Carnegie UK medals Synopsis In his Newbery Medalwinning novel Gaiman introduces Bod a boy who is the only living resident of a graveyard Can a boy raised by ghosts face the wonders and terrors of the worlds of both the living and the dead Illustrations Synopsis It takes a graveyard to raise a child Nobody Owens known as Bod is a normal boy He would be completely normal if he didnt live in a graveyard being raised by ghosts with a guardian who belongs to neither the world of the living nor the dead There are adventures in the graveyard for a boy  an ancient Indigo Man a gateway to the abandoned city of ghouls the strange and terrible Sleer But if Bod leaves the graveyard he will be in danger from the man Jack  who has already killed Bods family Video About the Author Neil Gaiman is the New York Times bestselling author of numerous books including the novels Neverwhere  Stardust  Coraline  Anansi Boys  and The Graveyard Book  the Sandman series of graphic novels and the story collections Smoke and Mirrors  Fragile Things  and M Is for Magic  He is also the coauthor with Terry Pratchett of the novel Good Omens  and coeditor with Al Sarrantonio of the fiction anthology Stories  He is the winner of numerous literary honors including the Hugo Bram Stoker and World Fantasy awards and the Newbery Medal Originally from England Neil Gaiman now lives in America 49 14 What Our Readers Are Saying Share your thoughts on this title Average customer rating 49 14 comments  Felicia Allen  August 07 2017 view all comments by Felicia Allen This is a unique tale that only Gaiman could create When Nobody Bod Owens was a toddler his entire familiy was murdered He escaped and found refuge in a graveyard There he was raised loved and taught by the ghosts and his guardian Silas Soon Bod discovers that the reason his family was murdered had a much darker reason Was this comment helpful  Yes  No report this\ncomment  Kim S  June 04 2017 This is the first book that Ive read by Neil Gaiman It was recommend to me by a friend I thoroughly enjoyed it and would recommend it to other people It takes place in a cemetery and I love visiting cemeteries And since reading this book I look at cemeteries a whole lot differently Was this comment helpful  Yes  No report this\ncomment  PM Bradshaw  July 22 2015 view all comments by PM Bradshaw I know this book won awards and is considered one of Gaimans best books but I disagree I think its just okay I could never get invested in any of the characters so when things got dire I just didnt care what happened to them Its fun just not Real Fun Was this comment helpful  Yes  No 0 of 2 readers found this comment helpful report this\ncomment  Kay Tucker  November 09 2014 view all comments by Kay Tucker Im enjoy a lot of Neil Gaimans work but this one is by far my favorite What a wonderful story on how a graveyard raises a child Even better theres another plot as why they raising the child I was worried there would be unanswered questions at the end but they were all answered Such a great story from start to end I wish this was a movie Was this comment helpful  Yes  No 2 of 3 readers found this comment helpful report this\ncomment  Angela McGreevey  March 11 2014 view all comments by Angela McGreevey This is a wonderfully bittersweet coming of age story about a boy named Bod He is hastily taken in by a graveyard of ghosts after Bods family is murdered This book is engrossing and you wont be able to out it down The characters brilliantly come to life and the writing allows you to feel as if your in the graveyard with Bod While Bods life is anything but ordinary he is well lived by his ghostly adopted parents and the other members of the graveyard The story takes you on a journey of his adventures while growing up all the triumphs and sadness I absolutely loved this book would recommend it for people of all ages and will definitely read if again Was this comment helpful  Yes  No 4 of 8 readers found this comment helpful report this\ncomment  Courtesy of Mother Daughter Book Club com  December 11 2013 view all comments by Courtesy of Mother Daughter Book Club com A man named Jack murders Bods family when Bod is just a toddler Bod toddled to escape unaware he was escaping or that he was toddling into a graveyard where the permanent occupants decide to raise him with the help of a guardian who can come and go and bring food and clothing\nAs Bod grows he has the run of the graveyard he even masters some of the skills usually not shared with the living But eventually he becomes curious about the world outside the gates and seeks to learn more about the land of the living What he doesnt know is that the man named Jack never forgets about the baby who got away and Jack is certain that one day he will find what hes looking for to finish the job he started\nThe Graveyard Book by Neil Gaiman has an unlikely start for a childrens book a family killed for unknown reasons But this Newbery winning story doesnt dwell on the details that lead to Bods childhood in the graveyard Instead it tells the tale of a child raised unconventionally by parents and guardians who are by definition not normal yet he knows hes loved and cared for unconditionally\nBods adventures both inside and outside the graveyards iron gates and stone walls are inventive and intriguing And his foray into the school system will certainly have some readers wishing they had his skills in dealing with bullies The action while somewhat dark and creepy stays appropriate for young readers without an undue amount of anxiety and tension as the story builds to a climax\nPen and ink illustrations in black and white capture the feeling of the graveyard and its inhabitants Theres even a bit of history woven into the stories that Bod learns from those who died at different times over the past century Gaimans mastery of storytelling including some elements of fantasy involving ghouls ancient creatures and a longlived criminal society makes The Graveyard Book a great choice for motherdaughter book clubs with girls aged 9 to 12 I highly recommend it Was this comment helpful  Yes  No 5 of 9 readers found this comment helpful report this\ncomment  emilyfox14  November 18 2013 i like ms lupesci beacause she is the dog and she is tring to help bod she likes to take care are of bod and she is very very nice she seemso reepy the first time i read about her it said that she is giving him a thing of foosd and then she says that it looks that she is tring to poision him and it is so os lveere amd it sounds rwallly cool and i just was like is she giong to turn ito the man jack and i ne andut we dont know that she is really tring to help the bod buis why and what i am giving this book and that is wsh y\nhing that he tt that is why it is a 5 book to me and then the book keeps the readers attention well to the people who listen to it ansd the people who listen to it is left on the edge on somje of t Was this comment helpful  Yes  No 3 of 8 readers found this comment helpful report this\ncomment  nrlymrtl  October 26 2012 view all comments by nrlymrtl Miss Lupescu shape shifter Scarlett Bods first live friend and Liza Hempstock deceased witch are some of my favorite characters As Bod ages he learns about ghouls school bullies and eventually the man who killed his first family\nI love this book for many reasons Neil Gaiman does an excellent job of showing that not all scary things are inherently evil Each chapter shows yet another facet of the world of the graveyard and those experiences shape Bod as he grows into a young man I would jump for joy if Gaiman wrote a follow up novel exploring Bods life after this book Was this comment helpful  Yes  No 3 of 4 readers found this comment helpful report this\ncomment  Heather Sturgill  August 06 2012 view all comments by Heather Sturgill This is a wonderful book of death intrigue love and life Neil Gaiman writes like a watercolor the edges of murder and horrors sit at the edge of the story just out of focus rather than bludgeoning the reader in the way of so many horror writers Though much of this story is sad it is truly about being loved and growing up to face your demons Was this comment helpful  Yes  No 2 of 3 readers found this comment helpful report this\ncomment  Andrew Karcs  May 13 2012 What an amazing book Neil Gaiman outdoes himself once again I must say with this heartwrenching tale of what happens to a boy whose parents were killed by a mysterious man and who is raised by ghosts in a graveyard A great book and one you wont forget Was this comment helpful  Yes  No 2 of 3 readers found this comment helpful report this\ncomment  clairepiper  January 19 2012 Hands down the best book Ive read this year Probably in my top ten of best books ever Even better is to listen to it as an audiobook read by Neil himself Was this comment helpful  Yes  No report this\ncomment  Firiel  September 29 2011 A great work from a great writer this story is everything a childrens book should beSad magical sweet It makes you aware of how hard it is to always know good from bad Was this comment helpful  Yes  No report this\ncomment  Dina  January 25 2011 view all comments by Dina I read this book to my son and thoroughly enjoyed it An orphaned baby crawls into a graveyard and is promptly adopted by the ghostly inhabitants The babys adventures as he learns all the ways of the graveyard are wonderful as are all of the interesting characters he encounters As the little one grows up he learns the differences between living the ghost life and actually being alive This is a great great story Was this comment helpful  Yes  No report this\ncomment  Patty Jungk  January 01 2011 Neil Gaiman is simply a master storyteller who has the gift of making the grotesque and macabre poignant and funny Never miss a chance to hear him read his works its magical Was this comment helpful  Yes  No 0 of 1 readers found this comment helpful report this\ncomment View all 14 comments Product Details ISBN 9780060530945 Binding Trade Paperback Publication date 12242018 Publisher HarperCollins Publishers Pages 368 Height 110IN Width 510IN Age Range 10 and up Grade Range 5 and up Illustration Yes UPC Code 4294967295 Author Neil Gaiman Illustrator Dave McKean Subject General Music Subject Children sScary Stories 595 List Price 899 Used Trade Paperback Ships in 1 to 3 days Qty Store 1 Burnside More copies of this ISBN New Trade Paperback 899 Used Trade Paperback Starting from 495 This title in other editions New Hardcover 1799 New Trade Paperback 999 Used Hardcover Starting from 995 1 LOCOK 1 LOCOK LOCCancel 1 LOCOK LOCCancel 1 LOCOK 1 LOCOK LOCCancel 1 LOCOK LOCCancel 1 LOCOK 1 LOCOK LOCCancel 1 LOCOK LOCCancel 1 LOCOK 1 LOCOK LOCCancel 1 LOCOK LOCCancel Help Guarantee My Account Careers About Us Security Wish List Partners Contact Us Shipping Transparency ACT MRF Sitemap  2022 POWELLSCOM Terms 1 LOCOK 1 LOCOK LOCCancel 1 LOCOK LOCCancel 1 LOCOK 1 LOCOK LOCCancel 1 LOCOK LOCCancel 1 LOCOK 1 LOCOK LOCCancel 1 LOCOK LOCCancel 1 LOCOK 1 LOCOK LOCCancel 1 LOCOK LOCCancel",
    "page_rank": 4.074365989497706e-05
}