{
    "Title": " Hello Molly ",
    "Author": "Molly Shannon, Sean Wilsey",
    "Cover Page": "https://powells-covers-2.s3.amazonaws.com/9780063056237.jpg",
    "ISBN10": "0063056232  \n",
    "ISBN13": "9780063056237",
    "Page URL": "https://powells.com/book/hello-molly-9780063056237",
    "raw_text": "Hello Molly Molly Shannon Sean Wilsey Hardcover 9780063056237 Powells Books Cart   my account  wish list  help  8008787323 Hello\n Login MENU Browse New Arrivals Bestsellers Featured Preorders Award Winners Audio Books See All Subjects Used Staff Picks Staff Picks Picks of the Month Bookseller Displays 50 Books for 50 Years 25 Best 21st Century SciFi  Fantasy 25 PNW Books to Read Before You Die 25 Books From the 21st Century 25 Memoirs to Read Before You Die 25 Global Books to Read Before You Die 25 Women to Read Before You Die 25 Books to Read Before You Die Gifts Gift Cards  eGift Cards Powells Souvenirs Journals and Notebooks socks Games Sell Books Blog Events Find A Store Dont Miss BIG SALE 20 off sitewide Picks of the Season What Im Giving Great Gifts Under 25 Best Books of 2022 Powells Author Events Oregon Battle of the Books Audio Books Visit Our Stores Powells Books 14 Gift Ideas From 14 of Our Favorite Authors 0 comment Every year Powells reaches out to some of our favorite authors for some muchneeded giftgiving inspiration Below are 14 writerapproved recommendations to help you find the perfect book for even your mostdifficulttobuyfor loved one Read More  Powells Staff Best Books of 2022 Fiction 1 comment Kelsey Ford 6 Haunting Native American Horror Books 1 comment 1 LOCOK 1 LOCOK LOCCancel 1 LOCOK LOCCancel Hello Molly by Molly Shannon Sean Wilsey Comment on this title Synopses  Reviews ISBN13 9780063056237 ISBN10 0063056232 Condition Like New All Product Details View Larger Image View Larger Images 1298 List Price 2799 Used Hardcover Ships in 1 to 3 days Qty Store 20 Local Warehouse Synopses  Reviews Synopsis A New York Times bestseller A candid compulsively readable hilarious and heartbreaking memoir of resilience and redemption by comedic genius Molly Shannon At age four Molly Shannons world was shattered when she lost her mother baby sister and cousin in a car accident with her father at the wheel Held together by her tender and complicated relationship with her grieving father Molly was raised in a permissive household where her gift for improvising and roleplaying blossomed alongside the fearlessness that would lead her to become a celebrated actress From there Molly ventured into the wider world of New York and Los Angeles show business where she created her own opportunities and developed her daring and empathetic comedy Filled with behindthescenes stories involving everyone from Whitney Houston to Adam Sandler to Monica Lewinsky many told for the first time here Hello Molly spans Mollys time on Saturday Night Live where she starred alongside Will Ferrell Adam Sandler Cheri Oteri Tracy Morgan and Jimmy Fallon among many others At the same time it explores with humor and candor her struggle to come to terms with the legacy of her father a man who both fostered her gifts and drive and was left with the impossible task of raising his kids alone after the loss of her mother Witty winning and told with tremendous energy and heart Hello Molly  written with Sean Wilsey sheds new and revelatory light on the life and work of one of our most talented and freespirited performers What Our Readers Are Saying Be the first to share your thoughts on this title Product Details ISBN 9780063056237 Binding Hardcover Publication date 04122022 Publisher HARPERCOLLINS PUBLISHERS Pages 304 Height 130IN Width 600IN Illustration Yes Author Molly Shannon Author Sean Wilsey 1298 List Price 2799 Used Hardcover Ships in 1 to 3 days Qty Store 20 Local Warehouse More copies of this ISBN New Hardcover 2799 Used Hardcover 1950 1 LOCOK 1 LOCOK LOCCancel 1 LOCOK LOCCancel 1 LOCOK 1 LOCOK LOCCancel 1 LOCOK LOCCancel 1 LOCOK 1 LOCOK LOCCancel 1 LOCOK LOCCancel 1 LOCOK 1 LOCOK LOCCancel 1 LOCOK LOCCancel Help Guarantee My Account Careers About Us Security Wish List Partners Contact Us Shipping Transparency ACT MRF Sitemap  2022 POWELLSCOM Terms 1 LOCOK 1 LOCOK LOCCancel 1 LOCOK LOCCancel 1 LOCOK 1 LOCOK LOCCancel 1 LOCOK LOCCancel 1 LOCOK 1 LOCOK LOCCancel 1 LOCOK LOCCancel 1 LOCOK 1 LOCOK LOCCancel 1 LOCOK LOCCancel",
    "page_rank": 3.8669979400473264e-05
}