{
    "Title": " These Precious Days - Large Print Edition ",
    "Author": "Ann Patchett",
    "Cover Page": "https://powells-covers-2.s3.amazonaws.com/9780063118034.jpg",
    "ISBN10": "0063118033  \n",
    "ISBN13": "9780063118034",
    "Page URL": "https://powells.com/book/these-precious-days-large-print-edition-9780063118034",
    "raw_text": "These Precious Days Essays Ann Patchett Trade Paperback 9780063118034 Powells Books Cart   my account  wish list  help  8008787323 Hello\n Login MENU Browse New Arrivals Bestsellers Featured Preorders Award Winners Audio Books See All Subjects Used Staff Picks Staff Picks Picks of the Month Bookseller Displays 50 Books for 50 Years 25 Best 21st Century SciFi  Fantasy 25 PNW Books to Read Before You Die 25 Books From the 21st Century 25 Memoirs to Read Before You Die 25 Global Books to Read Before You Die 25 Women to Read Before You Die 25 Books to Read Before You Die Gifts Gift Cards  eGift Cards Powells Souvenirs Journals and Notebooks socks Games Sell Books Blog Events Find A Store Dont Miss BIG SALE 20 off sitewide Picks of the Season What Im Giving Great Gifts Under 25 Best Books of 2022 Powells Author Events Oregon Battle of the Books Audio Books Visit Our Stores Powells Books 14 Gift Ideas From 14 of Our Favorite Authors 0 comment Every year Powells reaches out to some of our favorite authors for some muchneeded giftgiving inspiration Below are 14 writerapproved recommendations to help you find the perfect book for even your mostdifficulttobuyfor loved one Read More  Powells Staff Best Books of 2022 Fiction 1 comment Kelsey Ford 6 Haunting Native American Horror Books 1 comment 1 LOCOK 1 LOCOK LOCCancel 1 LOCOK LOCCancel These Precious Days  Large Print Edition by Ann Patchett Comment on this title Synopses  Reviews ISBN13 9780063118034 ISBN10 0063118033 All Product Details View Larger Image View Larger Images 2899 New Trade Paperback Ships in 1 to 3 days Qty Store 8 Local Warehouse Synopses  Reviews Synopsis The beloved New York Times bestselling author reflects on home family friendships and writing in this deeply personal collection of essays Any story that starts will also end As a writer Ann Patchett knows what the outcome of her fiction will be Life however often takes turns we do not see coming Patchett ponders this truth in these wise essays that afford a fresh and intimate look into her mind and heart At the center of These Precious Days is the title essay a suprising and moving meditation on an unexpected friendship that explores what it means to be seen to find someone with whom you can be your best and most complete self When Patchett chose an early galley of actor and producer Tom Hanks short story collection to read one night before bed she had no idea that this single choice would be life changing It would introduce her to a remarkable womanToms brilliant assistant Sookiwith whom she would form a profound bond that held monumental consequences for them both A literary alchemist Patchett plumbs the depths of her experiences to create gold engaging and moving pieces that are both selfportrait and landscape each vibrant with emotion and rich in insight Turning her writers eye on her own experiences she transforms the private into the universal providing us all a way to look at our own worlds anew and reminds how fleeting and enigmatic life can be From the enchantments of Kate di Camilos childrens books to youthful memories of Paris the cherished life gifts given by her three fathers to the unexpected influence of Charles Schultzs Snoopy the expansive vision of Eudora Welty to the importance of knitting Patchett connects life and art as she illuminates what matters most Infused with the authors grace wit and warmth the pieces in These Precious Days resonate deep in the soul leaving an indelible markand demonstrate why Ann Patchett is one of the most celebrated writers of our time Synopsis The beloved New York Times bestselling author reflects on home family friendships and writing in this deeply personal collection of essays The elegance of Patchetts prose is seductive and inviting with Patchett as a guide readers will really get to grips with the power of struggles failures and triumphs alike  Publishers Weekly Any story that starts will also end As a writer Ann Patchett knows what the outcome of her fiction will be Life however often takes turns we do not see coming Patchett ponders this truth in these wise essays that afford a fresh and intimate look into her mind and heart At the center of These Precious Days is the title essay a surprising and moving meditation on an unexpected friendship that explores what it means to be seen to find someone with whom you can be your best and most complete self When Patchett chose an early galley of actor and producer Tom Hanks short story collection to read one night before bed she had no idea that this single choice would be life changing It would introduce her to a remarkable womanToms brilliant assistant Sookiwith whom she would form a profound bond that held monumental consequences for them both A literary alchemist Patchett plumbs the depths of her experiences to create gold engaging and moving pieces that are both selfportrait and landscape each vibrant with emotion and rich in insight Turning her writers eye on her own experiences she transforms the private into the universal providing us all a way to look at our own worlds anew and reminds how fleeting and enigmatic life can be From the enchantments of Kate DiCamillos childrens books author of The Beatryce Prophecy  to youthful memories of Paris the cherished life gifts given by her three fathers to the unexpected influence of Charles Schultzs Snoopy the expansive vision of Eudora Welty to the importance of knitting Patchett connects life and art as she illuminates what matters most Infused with the authors grace wit and warmth the pieces in These Precious Days resonate deep in the soul leaving an indelible markand demonstrate why Ann Patchett is one of the most celebrated writers of our time What Our Readers Are Saying Be the first to share your thoughts on this title Product Details ISBN 9780063118034 Binding Trade Paperback Publication date 11232021 Publisher Harperluxe Pages 432 Height 99IN Width 623IN Illustration Yes Large print Yes Author Ann Patchett 2899 New Trade Paperback Ships in 1 to 3 days Qty Store 8 Local Warehouse Receive an email when this ISBN is available used 1 LOCOK 1 LOCOK LOCCancel 1 LOCOK LOCCancel 1 LOCOK 1 LOCOK LOCCancel 1 LOCOK LOCCancel 1 LOCOK 1 LOCOK LOCCancel 1 LOCOK LOCCancel 1 LOCOK 1 LOCOK LOCCancel 1 LOCOK LOCCancel Help Guarantee My Account Careers About Us Security Wish List Partners Contact Us Shipping Transparency ACT MRF Sitemap  2022 POWELLSCOM Terms 1 LOCOK 1 LOCOK LOCCancel 1 LOCOK LOCCancel 1 LOCOK 1 LOCOK LOCCancel 1 LOCOK LOCCancel 1 LOCOK 1 LOCOK LOCCancel 1 LOCOK LOCCancel 1 LOCOK 1 LOCOK LOCCancel 1 LOCOK LOCCancel",
    "page_rank": 3.7747874787349726e-05
}