{
    "Title": " Dont Retire Rewire ",
    "Author": "Jeri Sedlar",
    "Cover Page": "https://covers.powells.com/9780028642284.jpg",
    "ISBN10": "0028642287  \n",
    "ISBN13": "9780028642284",
    "Page URL": "https://powells.com/book/dont-retire-rewire-9780028642284",
    "raw_text": "Dont Retire Rewire Jeri Sedlar Trade Paperback 9780028642284 Powells Books Cart   my account  wish list  help  8008787323 Hello\n Login MENU Browse New Arrivals Bestsellers Featured Preorders Award Winners Audio Books See All Subjects Used Staff Picks Staff Picks Picks of the Month Bookseller Displays 50 Books for 50 Years 25 Best 21st Century SciFi  Fantasy 25 PNW Books to Read Before You Die 25 Books From the 21st Century 25 Memoirs to Read Before You Die 25 Global Books to Read Before You Die 25 Women to Read Before You Die 25 Books to Read Before You Die Gifts Gift Cards  eGift Cards Powells Souvenirs Journals and Notebooks socks Games Sell Books Blog Events Find A Store Dont Miss BIG SALE 20 off sitewide Picks of the Season What Im Giving Great Gifts Under 25 Best Books of 2022 Powells Author Events Oregon Battle of the Books Audio Books Visit Our Stores Powells Books 14 Gift Ideas From 14 of Our Favorite Authors 0 comment Every year Powells reaches out to some of our favorite authors for some muchneeded giftgiving inspiration Below are 14 writerapproved recommendations to help you find the perfect book for even your mostdifficulttobuyfor loved one Read More  Powells Staff Best Books of 2022 Fiction 1 comment Kelsey Ford 6 Haunting Native American Horror Books 1 comment 1 LOCOK 1 LOCOK LOCCancel 1 LOCOK LOCCancel Dont Retire Rewire by Jeri Sedlar Comment on this title Synopses  Reviews ISBN13 9780028642284 ISBN10 0028642287 Condition UnderlinedHighlighted All Product Details View Larger Image View Larger Images 495 List Price 1895 Used Trade Paperback Ships in 1 to 3 days Qty Store 1 Burnside Synopses  Reviews Publisher Comments 80 plan to work after retirement heres the guide you need A recent AARP survey found that 80 of baby boomers plan to continue working in some form past the age of 65either for the money or for the fun of it Todays retirees are looking for work situations that are mentally and emotionally rewarding The problem is that many are not sure how to find them This new edition helps you define what kind of work is best suited for your passions and interests and guides them through the process of obtaining such workwhether its a parttime job volunteer work or a second career Combines practical advice with stories and lessons of reallife retirees Covers hotbutton topics that have become closely intertwined with the idea of rewiringnon work activities financial planning workplace flexibility work and family balance and the nurturing of professional and personal relationships About the Author  Jeri Sedlar and Rick Miners husband and wife founded an executive search and transition guidance firm in 1994 the same year they coauthored their first book On Target  They are acknowledged experts in dealing effectively with work transitions and life planning for public and private organizations and individuals Jeri is senior advisor to the conference board on the Mature Workforce Rick is the cofounder of FlexCorp Systems which in 2005 was named by INC magazine as one of the Fastest Growing Privately Held Companies in America 5 1 What Our Readers Are Saying Share your thoughts on this title Average customer rating 5 1 comments  JDemakos  March 13 2007 How helpful to find practical advice on how to develop and implement an action plan This book uses storytelling and examples to illustrate the step by step process The steps can be applied to any life transition not just retirement Was this comment helpful  Yes  No report this\ncomment Product Details ISBN 9780028642284 Binding Trade Paperback Publication date 08012002 Publisher PEARSON PTR Pages 272 Height 898 in Width 602 in Thickness 61 in Age Range from 18 and up Grade Range from 12 Number of Units 1 Series Volume 603 UPC Code 2800028642286 Author Rick Miners Author Jeri Sedlar Foreword Howard Fillit Subject Retirees Subject Aged Subject Older people Subject Career changes 495 List Price 1895 Used Trade Paperback Ships in 1 to 3 days Qty Store 1 Burnside 1 LOCOK 1 LOCOK LOCCancel 1 LOCOK LOCCancel 1 LOCOK 1 LOCOK LOCCancel 1 LOCOK LOCCancel 1 LOCOK 1 LOCOK LOCCancel 1 LOCOK LOCCancel 1 LOCOK 1 LOCOK LOCCancel 1 LOCOK LOCCancel Help Guarantee My Account Careers About Us Security Wish List Partners Contact Us Shipping Transparency ACT MRF Sitemap  2022 POWELLSCOM Terms 1 LOCOK 1 LOCOK LOCCancel 1 LOCOK LOCCancel 1 LOCOK 1 LOCOK LOCCancel 1 LOCOK LOCCancel 1 LOCOK 1 LOCOK LOCCancel 1 LOCOK LOCCancel 1 LOCOK 1 LOCOK LOCCancel 1 LOCOK LOCCancel",
    "page_rank": 2.984189623103318e-05
}