{
    "Title": " Fall of Numenor & Other Tales from the Second Age of Middle Earth ",
    "Author": "J R R Tolkien",
    "Cover Page": "https://powells-covers-2.s3.amazonaws.com/9780063280687.jpg",
    "ISBN10": "006328068X  \n",
    "ISBN13": "9780063280687",
    "Page URL": "https://powells.com/book/fall-of-numenor-other-tales-from-the-second-age-of-middle-earth-9780063280687",
    "raw_text": "Tolkien Collection J R R Tolkien Hardcover 9780063280687 Powells Books Cart   my account  wish list  help  8008787323 Hello\n Login MENU Browse New Arrivals Bestsellers Featured Preorders Award Winners Audio Books See All Subjects Used Staff Picks Staff Picks Picks of the Month Bookseller Displays 50 Books for 50 Years 25 Best 21st Century SciFi  Fantasy 25 PNW Books to Read Before You Die 25 Books From the 21st Century 25 Memoirs to Read Before You Die 25 Global Books to Read Before You Die 25 Women to Read Before You Die 25 Books to Read Before You Die Gifts Gift Cards  eGift Cards Powells Souvenirs Journals and Notebooks socks Games Sell Books Blog Events Find A Store Dont Miss BIG SALE 20 off sitewide Picks of the Season What Im Giving Great Gifts Under 25 Best Books of 2022 Powells Author Events Oregon Battle of the Books Audio Books Visit Our Stores Powells Books 14 Gift Ideas From 14 of Our Favorite Authors 0 comment Every year Powells reaches out to some of our favorite authors for some muchneeded giftgiving inspiration Below are 14 writerapproved recommendations to help you find the perfect book for even your mostdifficulttobuyfor loved one Read More  Powells Staff Best Books of 2022 Fiction 1 comment Kelsey Ford 6 Haunting Native American Horror Books 1 comment 1 LOCOK 1 LOCOK LOCCancel 1 LOCOK LOCCancel Fall of Numenor  Other Tales from the Second Age of Middle Earth by J R R Tolkien Comment on this title Synopses  Reviews ISBN13 9780063280687 ISBN10 006328068X All Product Details View Larger Image View Larger Images 4000 New Hardcover Ships in 1 to 3 days Qty Store 19 Burnside 6 Cedar Hills 6 Hawthorne 20 Local Warehouse Synopses  Reviews Synopsis JRR Tolkiens writings on the Second Age of Middleearth collected for the first time in one volume JRR Tolkien famously described the Second Age of Middleearth as a dark age and not very much of its history is or need be told And for many years readers would need to be content with the tantalizing glimpses of it found within the pages of The Lord of the Rings and its appendices including the forging of the Rings of Power the building of the Baradd r and the rise of Sauron It was not until Christopher Tolkien published The Silmarillion after his fathers death that a fuller story could be told Although much of the books content concerned the First Age of Middleearth there were at its close two key works that revealed the tumultuous events concerning the rise and fall of the island of N menor Raised out of the Great Sea and gifted to the Men of Middleearth as a reward for aiding the angelic Valar and the Elves in the defeat and capture of the Dark Lord Morgoth the kingdom became a seat of influence and wealth but as the N men reans power increased the seed of their downfall would inevitably be sown culminating in the Last Alliance of Elves and Men Even greater insight into the Second Age would be revealed in subsequent publications first in Unfinished Tales of N menor and Middleearth  then expanded upon in Christopher Tolkiens magisterial twelvevolume The History of Middleearth  in which he presented and discussed a wealth of further tales written by his father many in draft form Now adhering to the timeline of The Tale of Years in the appendices to The Lord of the Rings  editor Brian Sibley has assembled into one comprehensive volume a new chronicle of the Second Age of Middleearth told substantially in the words of JRR Tolkien from the various published texts with new illustrations in watercolor and pencil by the doyen of Tolkien art Alan Lee Synopsis JRR Tolkiens writings on the Second Age of Middleearth collected for the first time in one volume complete with new illustrations in watercolor and pencil by renowned artist Alan Lee JRR Tolkien famously described the Second Age of Middleearth as a dark age and not very much of its history is or need be told And for many years readers would need to be content with the tantalizing glimpses of it found within the pages of The Lord of the Rings and its appendices including the forging of the Rings of Power the building of the Baradd r and the rise of Sauron It was not until Christopher Tolkien published The Silmarillion after his fathers death that a fuller story could be told Although much of the books content concerned the First Age of Middleearth there were at its close two key works that revealed the tumultuous events concerning the rise and fall of the island of N menor Raised out of the Great Sea and gifted to the Men of Middleearth as a reward for aiding the angelic Valar and the Elves in the defeat and capture of the Dark Lord Morgoth the kingdom became a seat of influence and wealth but as the N men reans power increased the seed of their downfall would inevitably be sown culminating in the Last Alliance of Elves and Men Even greater insight into the Second Age would be revealed in subsequent publications first in Unfinished Tales of N menor and Middleearth  then expanded upon in Christopher Tolkiens magisterial twelvevolume The History of Middleearth  in which he presented and discussed a wealth of further tales written by his father many in draft form Now adhering to the timeline of The Tale of Years in the appendices to The Lord of the Rings  editor Brian Sibley has assembled into one comprehensive volume a new chronicle of the Second Age of Middleearth told substantially in the words of Tolkien from the various published texts with new illustrations in watercolor and pencil by the doyen of Tolkien art Alan Lee What Our Readers Are Saying Be the first to share your thoughts on this title Product Details ISBN 9780063280687 Binding Hardcover Publication date 11152022 Publisher WILLIAM MORROW  COMPANY INC Pages 320 Height 134IN Width 567IN Series Middle Earth Illustration Yes Author J R R Tolkien Author J R R Tolkien 4000 New Hardcover Ships in 1 to 3 days Qty Store 19 Burnside 6 Cedar Hills 6 Hawthorne 20 Local Warehouse Receive an email when this ISBN is available used 1 LOCOK 1 LOCOK LOCCancel 1 LOCOK LOCCancel 1 LOCOK 1 LOCOK LOCCancel 1 LOCOK LOCCancel 1 LOCOK 1 LOCOK LOCCancel 1 LOCOK LOCCancel 1 LOCOK 1 LOCOK LOCCancel 1 LOCOK LOCCancel Help Guarantee My Account Careers About Us Security Wish List Partners Contact Us Shipping Transparency ACT MRF Sitemap  2022 POWELLSCOM Terms 1 LOCOK 1 LOCOK LOCCancel 1 LOCOK LOCCancel 1 LOCOK 1 LOCOK LOCCancel 1 LOCOK LOCCancel 1 LOCOK 1 LOCOK LOCCancel 1 LOCOK LOCCancel 1 LOCOK 1 LOCOK LOCCancel 1 LOCOK LOCCancel",
    "page_rank": 0
}