{
    "Title": " Small Gods: Discworld 13 ",
    "Author": "Terry Pratchett",
    "Cover Page": "https://covers.powells.com/9780062237378.jpg",
    "ISBN10": "0062237373  \n",
    "ISBN13": "9780062237378",
    "Page URL": "https://powells.com/book/small-gods-9780062237378",
    "raw_text": "Small Gods Discworld 13 Terry Pratchett Mass Market 9780062237378 Powells Books Cart   my account  wish list  help  8008787323 Hello\n Login MENU Browse New Arrivals Bestsellers Featured Preorders Award Winners Audio Books See All Subjects Used Staff Picks Staff Picks Picks of the Month Bookseller Displays 50 Books for 50 Years 25 Best 21st Century SciFi  Fantasy 25 PNW Books to Read Before You Die 25 Books From the 21st Century 25 Memoirs to Read Before You Die 25 Global Books to Read Before You Die 25 Women to Read Before You Die 25 Books to Read Before You Die Gifts Gift Cards  eGift Cards Powells Souvenirs Journals and Notebooks socks Games Sell Books Blog Events Find A Store Dont Miss BIG SALE 20 off sitewide Picks of the Season What Im Giving Great Gifts Under 25 Best Books of 2022 Powells Author Events Oregon Battle of the Books Audio Books Visit Our Stores Powells Books 14 Gift Ideas From 14 of Our Favorite Authors 0 comment Every year Powells reaches out to some of our favorite authors for some muchneeded giftgiving inspiration Below are 14 writerapproved recommendations to help you find the perfect book for even your mostdifficulttobuyfor loved one Read More  Powells Staff Best Books of 2022 Fiction 1 comment Kelsey Ford 6 Haunting Native American Horror Books 1 comment 1 LOCOK 1 LOCOK LOCCancel 1 LOCOK LOCCancel Small Gods Discworld 13 by Terry Pratchett Comment on this title Synopses  Reviews ISBN13 9780062237378 ISBN10 0062237373 Condition Standard All Product Details View Larger Image View Larger Images 695 List Price 999 Used Mass Market Ships in 1 to 3 days Qty Store 1 Burnside Synopses  Reviews Publisher Comments Lost in the chill deeps of space between the galaxies it sails on forever a flat circular world carried on the back of a giant turtle  Discworld  a land where the unexpected can be expected Where the strangest things happen to the nicest people Like Brutha a simple lad who only wants to tend his melon patch Until one day he hears the voice of a god calling his name A small god to be sure But bossy as Hell About the Author Sir Terry Pratchetts many honors include the Los Angeles Times Book Prize a Printz Honor the Boston GlobeHorn Book Award Britains Carnegie Medal the American Library Associations Margaret A Edwards Award for lasting contribution to young adult literature and the World Fantasy Lifetime Achievement Award His books have sold more than 75 million copies worldwide Knighted for his services to literature Sir Terry lives in England with his wife and many cats What Our Readers Are Saying Be the first to share your thoughts on this title Product Details ISBN 9780062237378 Binding Mass Market Publication date 10292013 Publisher HARPER Pages 400 Height 110IN Width 410IN Series Discworld Series Number 13 Author Terry Pratchett Author Terry Pratchett Subject General Fiction Subject Science Fiction and FantasyFantasy 695 List Price 999 Used Mass Market Ships in 1 to 3 days Qty Store 1 Burnside More copies of this ISBN New Mass Market 999 This title in other editions Used Mass Market 695 1 LOCOK 1 LOCOK LOCCancel 1 LOCOK LOCCancel 1 LOCOK 1 LOCOK LOCCancel 1 LOCOK LOCCancel 1 LOCOK 1 LOCOK LOCCancel 1 LOCOK LOCCancel 1 LOCOK 1 LOCOK LOCCancel 1 LOCOK LOCCancel Help Guarantee My Account Careers About Us Security Wish List Partners Contact Us Shipping Transparency ACT MRF Sitemap  2022 POWELLSCOM Terms 1 LOCOK 1 LOCOK LOCCancel 1 LOCOK LOCCancel 1 LOCOK 1 LOCOK LOCCancel 1 LOCOK LOCCancel 1 LOCOK 1 LOCOK LOCCancel 1 LOCOK LOCCancel 1 LOCOK 1 LOCOK LOCCancel 1 LOCOK LOCCancel",
    "page_rank": 0
}