{
    "Title": " Mere Christianity ",
    "Author": "C S Lewis",
    "Cover Page": "https://powells-covers-2.s3.amazonaws.com/9780060652920.jpg",
    "ISBN10": "0060652926  \n",
    "ISBN13": "9780060652920",
    "Page URL": "https://powells.com/book/mere-christianity-9780060652920",
    "raw_text": "Mere Christianity C S Lewis Trade Paperback 9780060652920 Powells Books Cart   my account  wish list  help  8008787323 Hello\n Login MENU Browse New Arrivals Bestsellers Featured Preorders Award Winners Audio Books See All Subjects Used Staff Picks Staff Picks Picks of the Month Bookseller Displays 50 Books for 50 Years 25 Best 21st Century SciFi  Fantasy 25 PNW Books to Read Before You Die 25 Books From the 21st Century 25 Memoirs to Read Before You Die 25 Global Books to Read Before You Die 25 Women to Read Before You Die 25 Books to Read Before You Die Gifts Gift Cards  eGift Cards Powells Souvenirs Journals and Notebooks socks Games Sell Books Blog Events Find A Store Dont Miss BIG SALE 20 off sitewide Picks of the Season What Im Giving Great Gifts Under 25 Best Books of 2022 Powells Author Events Oregon Battle of the Books Audio Books Visit Our Stores Powells Books 14 Gift Ideas From 14 of Our Favorite Authors 0 comment Every year Powells reaches out to some of our favorite authors for some muchneeded giftgiving inspiration Below are 14 writerapproved recommendations to help you find the perfect book for even your mostdifficulttobuyfor loved one Read More  Powells Staff Best Books of 2022 Fiction 1 comment Kelsey Ford 6 Haunting Native American Horror Books 1 comment 1 LOCOK 1 LOCOK LOCCancel 1 LOCOK LOCCancel Mere Christianity by C S Lewis Comment on this title Synopses  Reviews Reading Group Guide ISBN13 9780060652920 ISBN10 0060652926 Condition Standard All Product Details View Larger Image View Larger Images 895 List Price 1599 Used Trade Paperback Ships in 1 to 3 days Qty Store 1 Burnside 1 Local Warehouse Synopses  Reviews Publisher Comments In 1941 England when all hope was threatened by the inhumanity of war C S Lewis was invited to give a series of radio lectures addressing the central issues of Christianity More than half a century later these talks continue to retain their poignancy First heard as informal radio broadcasts on the BBC the lectures were published as three books and subsequently combined as Mere Christianity  C S Lewis proves that at the center of each there is something or a Someone who against all divergences of belief all differences of temperament all memories of mutual persecution speaks with the same voice rejecting the boundaries that divide Christianitys many denominations This twentieth century masterpiece provides an unequaled opportunity for believers and nonbelievers alike to hear a powerful rational case for the Christian faith With a new foreword by Lewiss stepson Douglas Gresham this illustrated gift edition evokes the historic time and place of the books creation Review I read Lewis for comfort and pleasure many years ago and a glance into the books revives my old admiration John Updike Review As we witness Lewis develop we find that these volumes are working as a kind of unconscious autobiography Books  Culture Review C S Lewis understood like few in the past century just how deeply faith is both imaginative and rational Christianity Today Synopsis One of the most popular and beloved introductions to the concept of faith ever written Mere Christianity has sold millions of copies worldwide The book brings together C S Lewiss legendary radio broadcasts during the war years in which he set out simply to explain and defend the belief that has been common to nearly all Christians at all times Rejecting the boundaries that divide Christianitys many denominations Mere Christianity provides an unequalled opportunity for believers and nonbelievers alike to absorb a powerful rational case for the Christian faith Synopsis A forceful and accessible discussion of Christian belief that has become one of the most popular introductions to Christianity and one of the most popular of Lewiss books Uncovers common ground upon which all Christians can stand together Synopsis This is a forceful and accessible discussion of Christian belief that has become one of the most popular introductions into Christianity and the most popular among CS Lewis books Mere Christianity is a book that uncovers common ground upon which all those who have Christian faith can stand together Heard first as radio addresses and then published as three separate books The Case for Christianity Christian Behavior and Beyond Personalitythis book brings together Lewiss legendary broadcast talks of the war years talks in which he set out simply to explain and defend the belief that has been common to nearly all Christians at all times Mere Christianity is a collection of scintillating brilliance which remains strikingly fresh for the modern reader and which confirms C S Lewiss reputation as one of the leading Christian writers and thinkers of our age C S Lewis is the ideal persuader for the halfconvinced for the good man who would like to be a Christian but finds his intellect getting in the wayAnthony Burgess New York Times Book Review Books  Culture Synopsis A forceful and accessible discussion of Christian belief that has become one of the most popular introductions to Christianity and one of the most popular of Lewiss books Uncovers common ground upon which all Christians can stand together Synopsis In the classic Mere Christianity  CS Lewis the most important writer of the 20th century explores the common ground upon which all of those of Christian faith stand together Bringing together Lewis legendary broadcast talks during World War Two from his three previous books The Case for Christianity  Christian Behavior  and Beyond Personality  Mere Christianity provides an unequaled opportunity for believers and nonbelievers alike to hear this powerful apologetic for the Christian faith About the Author Clive Staples Lewis 18981963 was one of the intellectual giants of the twentieth century and arguably one of the most influential writers of his day He was a Fellow and Tutor in English Literature at Oxford University until 1954 when he was unanimously elected to the Chair of Medieval and Renaissance Literature at Cambridge University a position he held until his retirement He wrote more than thirty books allowing him to reach a vast audience and his works continue to attract thousands of new readers every year His most distinguished and popular accomplishments include Mere Christianity  Out of the Silent Planet  The Great Divorce  The Screwtape Letters  and the universally acknowledged classics The Chronicles of Narnia To date the Narnia books have sold over one hundred million copies and have been transformed into three major motion pictures Clive Staples Lewis 18981963 fue uno de los intelectuales m\u00e1s importantes del siglo veinte y podr\u00eda decirse que fue el escritor cristiano m\u00e1s influyente de su tiempo Fue profesor particular de literatura inglesa y miembro de la junta de gobierno en la Universidad Oxford hasta 1954 cuando fue nombrado profesor de literatura medieval y renacentista en la Universidad Cambridge cargo que desempe\u00f1\u00f3 hasta que se jubil\u00f3 Sus contribuciones a la cr\u00edtica literaria literatura infantil literatura fant\u00e1stica y teolog\u00eda popular le trajeron fama y aclamaci\u00f3n a nivel internacional C S Lewis escribi\u00f3 m\u00e1s de treinta libros lo cual le permiti\u00f3 alcanzar una enorme audiencia y sus obras a\u00fan atraen a miles de nuevos lectores cada a\u00f1o Sus m\u00e1s distinguidas y populares obras incluyen Las Cr\u00f3nicas de Narnia Los Cuatro Amores Cartas del Diablo a Su Sobrino y Mero Cristianismo  Reading Group Guide Questions for Discussion 1 At the end of the first chapter in Mere Christianity Lewis lays out the scope of his argument First that human beings all over the earth have this curious idea that they ought to behave in a certain way and cannot really get rid of it Secondly that they do not in fact behave in that way They know the Law of Nature they break it These two facts are the foundation of all clear thinking about ourselves and the universe we live in p 21 All cultures he says have a moral code and those codes are remarkably similar Is he correct in inferring from this observation the existence of a Universal Law of Human Nature an innate sense of right and wrong How do you think Lewis would respond to contemporary proponents of moral relativism 2 Lewis first delivered the chapters that make up Mere Christianity as live radio addresses for the BBC beginning in 1941 In what ways does the writing reflect the fact that it was originally intended to be heard rather than read What qualities of Lewiss speaking voice come through in the book How do these qualities affect your receptivity to Lewiss ideas What pains has Lewis evidently taken to make himself clear to an audience who had to absorb his ideas on first hearing 3 Lewis argues that repentance means unlearning all the selfconceit and selfwill that we have been training ourselves into for thousands of years It means killing part of yourself undergoing a kind of death p 60 In what ways have we trained ourselves to be conceited and willful In what ways has Western culture contributed to this willfulness Why does Lewis insist that part of the self must die in order to truly repent How is this interior death related to Christs death on the cross 4 In explaining the way Christians see good Lewis offers a vivid analogy the Christian thinks any good he does comes from the Christlife within him He does not think God will love us because we are good but that God will make us good because He loves us just as the roof of a greenhouse does not attract the sun because it is bright but becomes bright because the sun shines on it p 64 Such analogies appear throughout Mere Christianity Why are they so effective in making complex ideas accessible In what ways does this particular analogy reinforce and clarify the statement that precedes it 5 Lewis ends the chapter Sexual Morality with a remarkable assertion a cold selfrighteous prig who goes regularly to church may be far nearer to hell than a prostitute p 95 Why does Lewis consider spiritual sins to be worse than sins of the flesh What is Lewiss view of the proper role of sexuality pleasure and chastity for Christians 6 Why does Lewis see Pride as the greatest sin the utmost evil in comparison with which unchastity anger greed drunkenness and all that are mere fleabites p 110 How does he define Pride and its opposite Humility What effect does Pride have on ones relation to other people to oneself and to God What is the relationship between Pride and the other vices Lewis cites other Christian teachers who share his perspective but does not name them Who might he be thinking of 7 In an introduction to a broadcast given on 11 January 1942 which was later deleted from the published text Lewis explains why he was chosen to give the talks first of all because Im a layman and not a parson and consequently it was thought I might understand the ordinary persons point of view a bit better Secondly I think they asked me because it was known that Id been an atheist for many years and only became a Christian quite fairly recently They thought that would mean Id be able to see the difficultiesable to remember what Christianity looks like from the outside Do you think Lewis has succeeded in representing the ordinary persons view of Christianity In what ways might his atheism and later conversion have affected his relationship to Christian beliefs Do his convictions gain weight because he struggled to arrive at them 8 Lewis wants his theology to have practical uses In discussing Charity he says Do not waste time bothering whether you love your neighbor act as if you did When you are behaving as if you loved someone you will presently come to love him p 116 The reverse he says is also true The Germans perhaps at first illtreated the Jews because they hated them afterwards they hated them much more because they had illtreated them p 117 Why would behavior influence feeling in this way Why would pretending to feel something lead to actually feeling it Do you think this principle applies both to individuals and as Lewis implies to larger political groups and nations Have you ever witnessed or experienced this phenomenon yourself 9 In the chapter on Hope Lewis makes fun on those who reject the Christian idea of Heaven because they dont want to spend eternity playing harps The answer to such people he says is that if they cannot understand books written for grownups they should not talk about them p 121 What is Lewiss conception of Heaven What is his view on the right relation between this world and the next Why does he feel we should we aim at Heaven rather than at earth p 119 10 Why does Lewis so vehemently reject the view that treats Jesus as a historical rather than a divine figure Why does he find the notion of some who regard Jesus merely as a great moral teacher to be absurd Why does he assert that If Christianity only means one more bit of good advice then Christianity is of no importance p 157 11 In Counting the Cost Lewis says that God will make the feeblest and filthiest of us into a god or a goddess a dazzling radiant immortal creature pulsating all through with such energy and joy and wisdom and love as we cannot now imagine a bright stainless mirror which reflects back to God perfectlyHis own boundless power and delight and goodness p 176 What is required to become such a creature Why do you think Lewis has chosen to describe this apotheosis with these images 12 How appealing is Lewiss conception of Christianity as he presents it here Has it clarified any theological confusions you may have had or changed your own beliefs about how to live as a Christian Do you think Lewiss ideas about virtue and morality can be valuable for nonChristians 5 3 What Our Readers Are Saying Share your thoughts on this title Average customer rating 5 3 comments  Danny Matthews  September 02 2011 This book is not an easy read unless you are highly educated and have a vocabulary that is beyond the average individual The book is wonderful in the logic and intelligent thought CS Lewis projects to the reader The metaphors abound with wise applications for those who might doubt their faith This is a book I will read over and over again over the years Was this comment helpful  Yes  No 3 of 4 readers found this comment helpful report this\ncomment  Andrew Wade  January 01 2011 Very enjoyable read Deep meaningful and even funny at times Everyone should give this book a chance Was this comment helpful  Yes  No 2 of 3 readers found this comment helpful report this\ncomment  daniellybelle  October 23 2006 view all comments by daniellybelle Practical understanding of the work of Christ on earth on the cross in His death burial and resurection And also His work now seated at the right hand of the Father interceding on our behalf Was this comment helpful  Yes  No 12 of 21 readers found this comment helpful report this\ncomment Product Details ISBN 9780060652920 Binding Trade Paperback Publication date 02062001 Publisher HARPERCOLLINS PUBLISHERS Series info CS Lewis Signature Classics Pages 256 Height 65IN Width 550IN Thickness 75 Series CS Lewis Signature Classics Number of Units 1 Copyright Year 2001 UPC Code 2800060652922 Author CS Lewis Author C S Lewis Author C S Lewis Author C S Lewis Subject Theology  Apologetics Subject Religion WesternTheology Subject Theology doctrinal Subject Christianity Subject Apologetics 895 List Price 1599 Used Trade Paperback Ships in 1 to 3 days Qty Store 1 Burnside 1 Local Warehouse More copies of this ISBN New Trade Paperback 1699 Used Trade Paperback Starting from 595 This title in other editions New Trade Paperback 2695 Used Mass Market Starting from 450 Used Trade Paperback Starting from 495 1 LOCOK 1 LOCOK LOCCancel 1 LOCOK LOCCancel 1 LOCOK 1 LOCOK LOCCancel 1 LOCOK LOCCancel 1 LOCOK 1 LOCOK LOCCancel 1 LOCOK LOCCancel 1 LOCOK 1 LOCOK LOCCancel 1 LOCOK LOCCancel Help Guarantee My Account Careers About Us Security Wish List Partners Contact Us Shipping Transparency ACT MRF Sitemap  2022 POWELLSCOM Terms 1 LOCOK 1 LOCOK LOCCancel 1 LOCOK LOCCancel 1 LOCOK 1 LOCOK LOCCancel 1 LOCOK LOCCancel 1 LOCOK 1 LOCOK LOCCancel 1 LOCOK LOCCancel 1 LOCOK 1 LOCOK LOCCancel 1 LOCOK LOCCancel",
    "page_rank": 3.873185017316509e-05
}