{
    "Title": " Second Acts Creating the Life You Really Want Building the Career You Truly Desire ",
    "Author": "Stephen M Pollan",
    "Cover Page": "https://powells-covers-2.s3.amazonaws.com/9780060514884.jpg",
    "ISBN10": "0060514884  \n",
    "ISBN13": "9780060514884",
    "Page URL": "https://powells.com/book/second-acts-creating-the-life-you-really-want-building-the-career-you-truly-desire-9780060514884",
    "raw_text": "Second Acts Creating the Life You Really Want Building the Career You Truly Desire Stephen M Pollan Trade Paperback 9780060514884 Powells Books Cart   my account  wish list  help  8008787323 Hello\n Login MENU Browse New Arrivals Bestsellers Featured Preorders Award Winners Audio Books See All Subjects Used Staff Picks Staff Picks Picks of the Month Bookseller Displays 50 Books for 50 Years 25 Best 21st Century SciFi  Fantasy 25 PNW Books to Read Before You Die 25 Books From the 21st Century 25 Memoirs to Read Before You Die 25 Global Books to Read Before You Die 25 Women to Read Before You Die 25 Books to Read Before You Die Gifts Gift Cards  eGift Cards Powells Souvenirs Journals and Notebooks socks Games Sell Books Blog Events Find A Store Dont Miss BIG SALE 20 off sitewide Picks of the Season What Im Giving Great Gifts Under 25 Best Books of 2022 Powells Author Events Oregon Battle of the Books Audio Books Visit Our Stores Powells Books 14 Gift Ideas From 14 of Our Favorite Authors 0 comment Every year Powells reaches out to some of our favorite authors for some muchneeded giftgiving inspiration Below are 14 writerapproved recommendations to help you find the perfect book for even your mostdifficulttobuyfor loved one Read More  Powells Staff Best Books of 2022 Fiction 1 comment Kelsey Ford 6 Haunting Native American Horror Books 1 comment 1 LOCOK 1 LOCOK LOCCancel 1 LOCOK LOCCancel Second Acts Creating the Life You Really Want Building the Career You Truly Desire by Stephen M Pollan Comment on this title Synopses  Reviews ISBN13 9780060514884 ISBN10 0060514884 Condition Standard All Product Details View Larger Image View Larger Images 150 List Price 1499 Used Trade Paperback Ships in 1 to 3 days Qty Store 1 Local Warehouse Synopses  Reviews Publisher Comments Second Acts is a guide to reinventing your life Whether you wish to change careers move to a more desirable part of the country start a business write a novel or drop everything to pursue a life dream Stephen Pollan offers a powerful message ofhope and guidance that has benefited his own clients Through a series of exercises you will develop a comprehensive script for your second acta stepbystep action plan that will lead you to the life youve always wanted Review For anyone looking for motivation encouragement and help in creating dynamic life changes this book is a must read Keith Harrell Life CoachAuthor of Attitude is Everything Review Equal parts inspiration and explanation Second Acts is a road map for the journey to a better life David Nivin author of The 100 Simple Secrets of Happy People Review SECOND ACTS captures the changed career paths many of us will have and shares the strategies needed to do it Susan RoAne author of How to Work a Room Review Making your life significant during the Second Act can really make a difference for you and the lives of others Ken Blanchard coauthor The One Minute Manager Review Stephen Pollan and Mark Levine show us that its never too late to stage a heckuva comeback Al Roker Review Second Acts teaches how to achieve what others think or say is impossible Christopher Reeve Review Your life need not be the same You can have a second act Pollan shows you how Joan Lunden Review Pollans encouragement helped me convert my own fear and uncertainty into optimism and enthusiasm for continued personal growth Michael J Fox About the Author Stephen M Pollan is a New York Citybased attorney financial advisor and life coach Mark Levine has been Stephen Pollans collaborator for more than eighteen years Together they have authored numerous books including the national bestsellers Lifescripts  Live Rich and Die Broke  and most recently Second Acts  They have been nominated for three National Magazine Awards What Our Readers Are Saying Be the first to share your thoughts on this title Product Details ISBN 9780060514884 Binding Trade Paperback Publication date 12232003 Publisher HARPERCOLLINS PUBLISHERS Pages 272 Height 70IN Width 540IN Thickness 50 Number of Units 1 Copyright Year 2004 UPC Code 2800060514886 Author Stephen M Pollan Author Stephen M Pollan and Mark Levine Author Stephen M Pollan Author Mark Levine Author Mark Levine Author Stephen M Pollan Subject BusinessCareers 150 List Price 1499 Used Trade Paperback Ships in 1 to 3 days Qty Store 1 Local Warehouse More copies of this ISBN New Trade Paperback 1895 Used Trade Paperback 795 1 LOCOK 1 LOCOK LOCCancel 1 LOCOK LOCCancel 1 LOCOK 1 LOCOK LOCCancel 1 LOCOK LOCCancel 1 LOCOK 1 LOCOK LOCCancel 1 LOCOK LOCCancel 1 LOCOK 1 LOCOK LOCCancel 1 LOCOK LOCCancel Help Guarantee My Account Careers About Us Security Wish List Partners Contact Us Shipping Transparency ACT MRF Sitemap  2022 POWELLSCOM Terms 1 LOCOK 1 LOCOK LOCCancel 1 LOCOK LOCCancel 1 LOCOK 1 LOCOK LOCCancel 1 LOCOK LOCCancel 1 LOCOK 1 LOCOK LOCCancel 1 LOCOK LOCCancel 1 LOCOK 1 LOCOK LOCCancel 1 LOCOK LOCCancel",
    "page_rank": 3.374941049021262e-05
}