{
    "Title": " Pride, Prejudice, and Other Flavors ",
    "Author": "Sonali Dev",
    "Cover Page": "https://powells-covers-2.s3.amazonaws.com/9780062839053.jpg",
    "ISBN10": "0062839055  \n",
    "ISBN13": "9780062839053",
    "Page URL": "https://powells.com/book/-9780062839053",
    "raw_text": "Pride Prejudice and Other Flavors Sonali Dev Trade Paperback 9780062839053 Powells Books Cart   my account  wish list  help  8008787323 Hello\n Login MENU Browse New Arrivals Bestsellers Featured Preorders Award Winners Audio Books See All Subjects Used Staff Picks Staff Picks Picks of the Month Bookseller Displays 50 Books for 50 Years 25 Best 21st Century SciFi  Fantasy 25 PNW Books to Read Before You Die 25 Books From the 21st Century 25 Memoirs to Read Before You Die 25 Global Books to Read Before You Die 25 Women to Read Before You Die 25 Books to Read Before You Die Gifts Gift Cards  eGift Cards Powells Souvenirs Journals and Notebooks socks Games Sell Books Blog Events Find A Store Dont Miss BIG SALE 20 off sitewide Picks of the Season What Im Giving Great Gifts Under 25 Best Books of 2022 Powells Author Events Oregon Battle of the Books Audio Books Visit Our Stores Powells Books 14 Gift Ideas From 14 of Our Favorite Authors 0 comment Every year Powells reaches out to some of our favorite authors for some muchneeded giftgiving inspiration Below are 14 writerapproved recommendations to help you find the perfect book for even your mostdifficulttobuyfor loved one Read More  Powells Staff Best Books of 2022 Fiction 1 comment Kelsey Ford 6 Haunting Native American Horror Books 1 comment 1 LOCOK 1 LOCOK LOCCancel 1 LOCOK LOCCancel Pride Prejudice and Other Flavors by Sonali Dev Comment on this title Synopses  Reviews ISBN13 9780062839053 ISBN10 0062839055 Condition Standard All Product Details View Larger Image View Larger Images 1095 List Price 1599 Used Trade Paperback Ships in 1 to 3 days Qty Store 2 Cedar Hills 1 Hawthorne 1 Local Warehouse Staff Pick Im late to the party but gosh I loved this book Just like everyone said I would This is a beautiful faithful retelling of one of the most beloved romances of all time Do yourself a favor and get your Indian takeout delivered before you read Chapter 13 Recommended By McKenzie W Powellscom Synopses  Reviews Publisher Comments Awardwinning author Sonali Dev launches a new series about the Rajes an immigrant Indian family descended from royalty who have built their lives in San Francisco It is a truth universally acknowledged that only in an overachieving Indian American family can a genius daughter be considered a black sheep Dr Trisha Raje is San Franciscos most acclaimed neurosurgeon But thats not enough for the Rajes her influential immigrant family whos achieved power by making its own nonnegotiable rules  Never trust an outsider  Never do anything to jeopardize your brothers political aspirations  And never ever defy your family Trisha is guilty of breaking all three rules But now she has a chance to redeem herself So long as she doesnt repeat old mistakes Upandcoming chef DJ Caine has known people like Trisha before people who judge him by his rough beginnings and place pedigree above character He needs the lucrative job the Rajes offer but he values his pride too much to indulge Trishas arrogance And then he discovers that shes the only surgeon who can save his sisters life As the two clash their assumptions crumble like the spun sugar on one of DJs stunning desserts But before a future can be savored theres a past to be reckoned with A family trying to build home in a new land A man who has never felt at home anywhere And a choice to be made between the two Review  Pride Prejudice and Other Flavors is a vibrant multicultural feast written with a taste for the true nature of the American stewnot a mush of indecipherable flavors but a celebration of its many ingredients Sonali Dev is a fresh unique and wise voice in womens fiction Barbara ONeal The Art of Inheriting Secrets Review A truly wonderful and joyous book Jasmine Guillory New York Times bestselling author Review A profound unique talent Sonali Dev grabs the reader by the heart Kristan Higgins New York Times bestselling author About the Author USA Today Bestselling author Sonali Dev writes Bollywoodstyle love stories that explore issues faced by women around the world Sonalis novels have been on Library Journal NPR  Washington Post  and Kirkuss Best Books of the year lists She has won the American Library Associations award for best romance the RT Reviewer Choice Award for best contemporary romance multiple RT Seals of Excellence is a RITAR finalist and has been listed for the Dublin Literary Award Shelf Awareness calls her Not only one of the best but one of the bravest romance novelists working today\nShe lives in Chicagoland with her husband two visiting adult children and the worlds most perfect dog\nFind more at sonalidevcom What Our Readers Are Saying Be the first to share your thoughts on this title Product Details ISBN 9780062839053 Binding Trade Paperback Publication date 05072019 Publisher WILLIAM MORROW  COMPANY INC Pages 496 Height 80IN Width 530IN Author Sonali Dev 1095 List Price 1599 Used Trade Paperback Ships in 1 to 3 days Qty Store 2 Cedar Hills 1 Hawthorne 1 Local Warehouse More copies of this ISBN New Trade Paperback 1599 1 LOCOK 1 LOCOK LOCCancel 1 LOCOK LOCCancel 1 LOCOK 1 LOCOK LOCCancel 1 LOCOK LOCCancel 1 LOCOK 1 LOCOK LOCCancel 1 LOCOK LOCCancel 1 LOCOK 1 LOCOK LOCCancel 1 LOCOK LOCCancel Help Guarantee My Account Careers About Us Security Wish List Partners Contact Us Shipping Transparency ACT MRF Sitemap  2022 POWELLSCOM Terms 1 LOCOK 1 LOCOK LOCCancel 1 LOCOK LOCCancel 1 LOCOK 1 LOCOK LOCCancel 1 LOCOK LOCCancel 1 LOCOK 1 LOCOK LOCCancel 1 LOCOK LOCCancel 1 LOCOK 1 LOCOK LOCCancel 1 LOCOK LOCCancel",
    "page_rank": 6.016067544233863e-05
}