{
    "Title": " Penguin Russian Course ",
    "Author": "Penguin",
    "Cover Page": "/Portals/0/Images/NoImageAvailable.gif",
    "ISBN10": "0140070532  \n",
    "ISBN13": "9780140070538",
    "Page URL": "https://powells.com/book/penguin-russian-course-9780140070538",
    "raw_text": "Penguin Russian Course Penguin Trade Paperback 9780140070538 Powells Books Cart   my account  wish list  help  8008787323 Hello\n Login MENU Browse New Arrivals Bestsellers Featured Preorders Award Winners Audio Books See All Subjects Used Staff Picks Staff Picks Picks of the Month Bookseller Displays 50 Books for 50 Years 25 Best 21st Century SciFi  Fantasy 25 PNW Books to Read Before You Die 25 Books From the 21st Century 25 Memoirs to Read Before You Die 25 Global Books to Read Before You Die 25 Women to Read Before You Die 25 Books to Read Before You Die Gifts Gift Cards  eGift Cards Powells Souvenirs Journals and Notebooks socks Games Sell Books Blog Events Find A Store Dont Miss BIG SALE 20 off sitewide Picks of the Season What Im Giving Great Gifts Under 25 Best Books of 2022 Powells Author Events Oregon Battle of the Books Audio Books Visit Our Stores Powells Books 14 Gift Ideas From 14 of Our Favorite Authors 0 comment Every year Powells reaches out to some of our favorite authors for some muchneeded giftgiving inspiration Below are 14 writerapproved recommendations to help you find the perfect book for even your mostdifficulttobuyfor loved one Read More  Powells Staff Best Books of 2022 Fiction 1 comment Kelsey Ford 6 Haunting Native American Horror Books 1 comment 1 LOCOK 1 LOCOK LOCCancel 1 LOCOK LOCCancel Penguin Russian Course by Penguin Comment on this title ISBN13 9780140070538 ISBN10 0140070532 Condition Standard All Product Details View Larger Image View Larger Images 650 Used Trade Paperback Ships in 1 to 3 days Qty Store 1 Burnside What Our Readers Are Saying Be the first to share your thoughts on this title Product Details ISBN 9780140070538 Binding Trade Paperback Publication date 09011984 Publisher PENGUIN PUTNAM TRADE Pages 384 Height 5 in Width 7 in Thickness 1 in Grade Range Generaltrade Number of Units 1 Copyright Year 1961 Series Volume 486 UPC Code 2800140070530 Author JL I Fennell Author Nicholas J Brown Author Penguin Subject Self instruction Subject Russian language  Grammar Subject Conversation and phrase books Subject Russian language 650 Used Trade Paperback Ships in 1 to 3 days Qty Store 1 Burnside More copies of this ISBN Used Trade Paperback 850 1 LOCOK 1 LOCOK LOCCancel 1 LOCOK LOCCancel 1 LOCOK 1 LOCOK LOCCancel 1 LOCOK LOCCancel 1 LOCOK 1 LOCOK LOCCancel 1 LOCOK LOCCancel 1 LOCOK 1 LOCOK LOCCancel 1 LOCOK LOCCancel Help Guarantee My Account Careers About Us Security Wish List Partners Contact Us Shipping Transparency ACT MRF Sitemap  2022 POWELLSCOM Terms 1 LOCOK 1 LOCOK LOCCancel 1 LOCOK LOCCancel 1 LOCOK 1 LOCOK LOCCancel 1 LOCOK LOCCancel 1 LOCOK 1 LOCOK LOCCancel 1 LOCOK LOCCancel 1 LOCOK 1 LOCOK LOCCancel 1 LOCOK LOCCancel",
    "page_rank": 3.913272903405283e-05
}