{
    "Title": " Penny & Her Marble ",
    "Author": "Kevin Henkes",
    "Cover Page": "https://covers.powells.com/9780062082053.jpg",
    "ISBN10": "0062082051  \n",
    "ISBN13": "9780062082053",
    "Page URL": "https://powells.com/book/penny-her-marble-9780062082053",
    "raw_text": "Penny  Her Marble Kevin Henkes Trade Paperback 9780062082053 Powells Books Cart   my account  wish list  help  8008787323 Hello\n Login MENU Browse New Arrivals Bestsellers Featured Preorders Award Winners Audio Books See All Subjects Used Staff Picks Staff Picks Picks of the Month Bookseller Displays 50 Books for 50 Years 25 Best 21st Century SciFi  Fantasy 25 PNW Books to Read Before You Die 25 Books From the 21st Century 25 Memoirs to Read Before You Die 25 Global Books to Read Before You Die 25 Women to Read Before You Die 25 Books to Read Before You Die Gifts Gift Cards  eGift Cards Powells Souvenirs Journals and Notebooks socks Games Sell Books Blog Events Find A Store Dont Miss BIG SALE 20 off sitewide Picks of the Season What Im Giving Great Gifts Under 25 Best Books of 2022 Powells Author Events Oregon Battle of the Books Audio Books Visit Our Stores Powells Books 14 Gift Ideas From 14 of Our Favorite Authors 0 comment Every year Powells reaches out to some of our favorite authors for some muchneeded giftgiving inspiration Below are 14 writerapproved recommendations to help you find the perfect book for even your mostdifficulttobuyfor loved one Read More  Powells Staff Best Books of 2022 Fiction 1 comment Kelsey Ford 6 Haunting Native American Horror Books 1 comment 1 LOCOK 1 LOCOK LOCCancel 1 LOCOK LOCCancel Penny  Her Marble by Kevin Henkes Comment on this title Synopses  Reviews ISBN13 9780062082053 ISBN10 0062082051 Condition Standard All Product Details View Larger Image View Larger Images 350 List Price 499 Used Trade Paperback Ships in 1 to 3 days Qty Store 3 Burnside 1 Cedar Hills 5 Hawthorne Synopses  Reviews Publisher Comments In the third easytoread book about Penny the mouse written by Caldecott Medalist and bestselling author Kevin Henkes Penny finds a beautiful marble on her neighbors lawn and must decide whether or not to keep it With ageappropriate vocabulary compelling characters and a memorable storyline Penny and her Marble is just right for beginning readers and was named a 2014 Geisel Honor book by the American Library Association This annual award given to the most distinguished books for beginning readers is named for the worldrenowned childrens author Theodor Geisel also known as Dr Seuss Kevin Henkes is known for his mouse characters including Lilly Owen Chrysanthemum Wemberly and now Penny In Penny and her Marble  the third book in the Penny series Penny finds a marble on Mrs Goodwins yard and takes it home But does the marble really belong to Penny Kevin Henkes is a master at creating beautifully illustrated books that resonate with young children The Penny books are new classics for beginning readers and will appeal to fans of Frog and Toad Little Bear and Henry and Mudge Review Henkes continues to plumb the emotional world of childhood as few authorillustrators can    Another gem Kirkus Reviews starred review Review Impeccable    Respect for the beginning readers emerging skills beautifully matches Henkess respect for Penny  Horn Book starred review Review Henkes ups the emotional stakes in his third book starring Penny Publishers Weekly starred review Review Praise for Penny and Her SongHenkes strikes all the right notes    Language art characterization and plot are all executed like Pennys song beautifully Horn Book starred review Review The text    is perfect for new readers and Henkess familiar artwork has its share of warm moments This early reader captures the way families make memories at unexpected moments Welcome Penny to the cast Booklist starred review Review Much as he did in Lillys Purple Plastic Purse Henkes presents an irrepressible heroine who struggles to compromise Publishers Weekly starred review Review Carefully sequenced panels expressive lines and gentle pastels lead the reader to the storys joyous resolution Washington Post Review Perfect for beginning readers A treasure School Library Journal starred review Review Henkes conveys shades of emotions that are common to human experience yet hard to express in words Its particularly impressive that he can do so in a book for beginning readers    This smallscale yet immensely satisfying drama is a fine addition to the Penny series Booklist starred review Review Splendid    Henkes so completely understands the minds of small children    His vivacious panels always seem to burst with springtime Its hard to imagine anything ever going too wrong in one of his sensitive generous portrayals Everything here ends just right New York Times Book Review Review and160andquotA lovely and comforting addition to a charming seriesandquot Kirkus andquotEvery child and parent will feel that Dunrea has written these books for and about themselvesandquot Horn Book Review A pitchperfect tale of friends as different as different can be and8212 Kirkus Dunreas expressive vignettes capture the innocence and adventure of toddlerhood and imbue the tilt of a beak or the curve of a feather with humor and personality and8212 School Library Journal Synopsis Caldecott Medalist Kevin Henkess awardwinning Penny returns in the third I Can Read story about a sweet and curious mouse perfect for fans Lillys Purple Plastic Purse Owen  and Chrysanthemum  When Penny spots a marble in Mrs Goodwins front yard she picks it up puts it in her pocket and takes it home Its a beautiful marbleits big shiny blue smooth and fast and Penny loves it But does the marble really belong to Penny Penny and Her Marble was named a 2014 Geisel Honor book by the American Library Association This annual award given to the most distinguished books for beginning readers is named for the worldrenowned childrens author Theodor Geisel also known as Dr Seuss Kevin Henkes is a master at creating beautifully illustrated books that resonate with young children The Penny books are new classics for beginning readers and will appeal to fans of Frog and Toad Little Bear and Henry and Mudge Penny and Her Marble is a Level One I Can Read book which means its perfect for children learning to sound out words and sentences Dont miss Pennys newest adventures in Penny and Her Sled  coming this fall Synopsis One day Penny finds a marble Its pretty and blue and she loves it right away So Penny takes the marble home But does the marble really belong to Penny Synopsis Otto a stuffed octopus is Gideonand8217s favorite friendand160 He brings Otto everywhere But one day Otto doesnand8217t stay right where Gideon put him An irresistible story about friendship now a Green Light Reader Includes bonus audio download Synopsis andquotDunreaand39s keen awareness of young childrenand39s concerns and quirks translates into charmingly simple illustrations and textandquot andmdash Kirkus Reviews Gideon has a favorite friend his toy octopus He brings Otto with him everywhere But one day Otto doesnand39t stay right where Gideon put him    and160and160and160and160and160and160and160 This charming romp with an irrepressible adorableand160gosling shines as a new Level 1 Greenand160Light Reader Just right for young readers who are beginning to decode stories on their own this edition features a bonus audio book download so kids can listen and read along Look for the rest of the GossieandFriends early reader editions Synopsis A spunky story about another of Dunreas darling goslings who wants to assert his independence Perfect for the beginning readers crowd this lovable GossieandFriendsand160installment isand160now a level 1 Green Light Reader Includes bonus audio download Synopsis andldquoWith diminuitive heroes who assert a budding independence these tales demonstrate once again how well their creator knows his audienceandrdquo andmdash Publishers Weekly starred review Gideon likes to splash with the ducklings hop with the frogs play chasethepiglets and scamper all over the farmyard But one thing busy Gideon does not want to do is take his nap no matter how many times his mother asks    until he gets tired of courseand160This Level 1 Green Light Reader is perfect for new readers and features a bonus audio book download so kids can listen and read along Look for the rest of the GossieandFriends early reader editions Synopsis In this Level 1 Green Light Reader we meet Jasper and Joop two very good friends who happen to be very different from one another Includes bonus audio download with pageturn signals to help guide emerging readers Synopsis andldquoA pitchperfect tale of friends as different as different can beandrdquo andmdash Kirkus Reviews Jasper likes to be neat Each morningand160he tidies his nest and puts on his cap and bow tie Joop likes to be messy Each morningand160he rumples his nest and musses his feathers Despite their differences Jasper and Joop are best friendsandmdashand birds of a featherand160But what will happen when one friend getsand160into trouble withand160some busyand160beesand160 and160and160and160and160and160and160and160 Another pair of darling goslings make a splash in this Level 1 early reader with Olivier Dunreaandrsquos simple storytelling style and expressive illustrations that Gossie and Friends fans have come to cherish Includes bonus downloadable readalong audioand160 About the Author Kevin Henkes is the author and illustrator of close to fifty critically acclaimed and awardwinning picture books beginning readers and novels He received the Caldecott Medal for Kittens First Full Moon in 2005 Kevin Henkes is also the creator of a number of picture books featuring his mouse characters including the 1 New York Times bestsellers Lillys Big Day and Wemberly Worried  the Caldecott Honor Book Owen  and the beloved Lillys Purple Plastic Purse  His most recent mouse character Penny was introduced in Penny and Her Song 2012 her story continued in Penny and Her Doll and Penny and Her Marble a Geisel Honor Book Bruce Handy in a New York Times Book Review piece about A Good Day  wrote It should be said Kevin Henkes is a genius Kevin Henkes received two Newbery Honors for novelsone for his newest novel for young readers The Year of Billy Miller  and the other for Olives Ocean  Also among his fiction for older readers are the novels Junonia  Bird Lake Moon  The Birthday Room  and Sun  Spoon  He lives with his family in Madison Wisconsin Kevin Henkes is the author and illustrator of close to fifty critically acclaimed and awardwinning picture books beginning readers and novels He received the Caldecott Medal for Kittens First Full Moon in 2005 Kevin Henkes is also the creator of a number of picture books featuring his mouse characters including the 1 New York Times bestsellers Lillys Big Day and Wemberly Worried  the Caldecott Honor Book Owen  and the beloved Lillys Purple Plastic Purse  His most recent mouse character Penny was introduced in Penny and Her Song 2012 her story continued in Penny and Her Doll and Penny and Her Marble a Geisel Honor Book Bruce Handy in a New York Times Book Review piece about A Good Day  wrote It should be said Kevin Henkes is a genius Kevin Henkes received two Newbery Honors for novelsone for his newest novel for young readers The Year of Billy Miller  and the other for Olives Ocean  Also among his fiction for older readers are the novels Junonia  Bird Lake Moon  The Birthday Room  and Sun  Spoon  He lives with his family in Madison Wisconsin What Our Readers Are Saying Be the first to share your thoughts on this title Product Details ISBN 9780062082053 Binding Trade Paperback Publication date 08272013 Publisher GREENWILLOW BOOKS Series info I Can Read Books Level 1 Pages 48 Height 20IN Width 580IN Thickness 25 Age Range 4 to 8 Grade Range P to 3 Illustration Yes Author Olivier Dunrea Author Kevin Henkes Author Kevin Henkes Subject Children sGeneral Subject Children s Young AdultSocial Issue Fiction 350 List Price 499 Used Trade Paperback Ships in 1 to 3 days Qty Store 3 Burnside 1 Cedar Hills 5 Hawthorne More copies of this ISBN New Trade Paperback 499 This title in other editions New Hardcover 1299 1 LOCOK 1 LOCOK LOCCancel 1 LOCOK LOCCancel 1 LOCOK 1 LOCOK LOCCancel 1 LOCOK LOCCancel 1 LOCOK 1 LOCOK LOCCancel 1 LOCOK LOCCancel 1 LOCOK 1 LOCOK LOCCancel 1 LOCOK LOCCancel Help Guarantee My Account Careers About Us Security Wish List Partners Contact Us Shipping Transparency ACT MRF Sitemap  2022 POWELLSCOM Terms 1 LOCOK 1 LOCOK LOCCancel 1 LOCOK LOCCancel 1 LOCOK 1 LOCOK LOCCancel 1 LOCOK LOCCancel 1 LOCOK 1 LOCOK LOCCancel 1 LOCOK LOCCancel 1 LOCOK 1 LOCOK LOCCancel 1 LOCOK LOCCancel",
    "page_rank": 3.5383582654505545e-05
}