{
    "Title": " Rise & Reign of the Mammals A New History from the Shadow of the Dinosaurs to Us ",
    "Author": "Steve Brusatte",
    "Cover Page": "https://powells-covers-2.s3.amazonaws.com/9780062951519.jpg",
    "ISBN10": "0062951513  \n",
    "ISBN13": "9780062951519",
    "Page URL": "https://powells.com/book/rise-reign-of-the-mammals-a-new-history-from-the-shadow-of-the-dinosaurs-to-us-9780062951519",
    "raw_text": "The Rise and Fall of the Mammals A New History Steve Brusatte Hardcover 9780062951519 Powells Books Cart   my account  wish list  help  8008787323 Hello\n Login MENU Browse New Arrivals Bestsellers Featured Preorders Award Winners Audio Books See All Subjects Used Staff Picks Staff Picks Picks of the Month Bookseller Displays 50 Books for 50 Years 25 Best 21st Century SciFi  Fantasy 25 PNW Books to Read Before You Die 25 Books From the 21st Century 25 Memoirs to Read Before You Die 25 Global Books to Read Before You Die 25 Women to Read Before You Die 25 Books to Read Before You Die Gifts Gift Cards  eGift Cards Powells Souvenirs Journals and Notebooks socks Games Sell Books Blog Events Find A Store Dont Miss BIG SALE 20 off sitewide Picks of the Season What Im Giving Great Gifts Under 25 Best Books of 2022 Powells Author Events Oregon Battle of the Books Audio Books Visit Our Stores Powells Books 14 Gift Ideas From 14 of Our Favorite Authors 0 comment Every year Powells reaches out to some of our favorite authors for some muchneeded giftgiving inspiration Below are 14 writerapproved recommendations to help you find the perfect book for even your mostdifficulttobuyfor loved one Read More  Powells Staff Best Books of 2022 Fiction 1 comment Kelsey Ford 6 Haunting Native American Horror Books 1 comment 1 LOCOK 1 LOCOK LOCCancel 1 LOCOK LOCCancel Rise  Reign of the Mammals A New History from the Shadow of the Dinosaurs to Us by Steve Brusatte Comment on this title Synopses  Reviews ISBN13 9780062951519 ISBN10 0062951513 All Product Details View Larger Image View Larger Images 2999 New Hardcover Ships in 1 to 3 days Qty Store 4 Burnside 2 Cedar Hills 1 Hawthorne 20 Local Warehouse Synopses  Reviews Synopsis Renowned paleontologist and New York Times bestselling author of The Rise and Fall of the Dinosaurs Steve Brusatte charts the extraordinary story of the dinosaurs successor mammals which emerged from the shadows to rule the Earth In his acclaimed and bestselling The Rise and Fall of the Dinosaurs A masterpiece of science writing Washington Post   Steve Brusatte one of the stars of modern paleontology  National Geographic  enchanted readers with his definitive history of the dinosaurs Now picking up the story in the ashes of the extinction event that doomed Trex and his kind Brusatte explores the remarkable story of the family of animals that inherited the Earth mammals Though mammals are seemingly familiar to us Brusatte brilliantly reveals that their story is as fascinating and complex as dinosaurs Beginning with the earliest days of the mammal lineage some 200 million years ago Brusatte charts how mammals survived the asteroid that claimed the dinosaurs and made the world their own becoming the furry animals that we know love and sometimes fear The mammals we share the planet with today though are simply the few survivors of a onceverdant family tree which has been pruned by time and mass extinctions Sabertoothed cats wooly mammoths armadillos the size of a car and bears three times the weight of a grizzly are but a few of the creatures we learn about along the way The story concludes of course with us human beingsa mammal species that has so thoroughly dominated the Earth that we ourselves have triggered an extinction event that has claimed an estimated 80 of wild mammals in the last century Brusatte also brings alive the lost worlds mammals inhabited over the past 66 million years from ice ages to volcanic cataclysms Entwined in this story is the detective work he and other scientists have done to piece together our understanding using fossil clues and cuttingedge technology A sterling example of scientific storytelling that is sure to be an instant classic The Rise and Fall of the Mammals illustrates how this incredible history laid the foundation for todays world for us and our future Synopsis By one of the stars of modern paleontology  National Geographic  a sweeping and revelatory new history of mammals illuminating the lost story of the extraordinary family tree that led to us Though humans claim to rule the Earth we are the inheritors of a dynasty that has reigned over the planet for nearly 66 million years through fiery cataclysm and ice ages the mammals  Our lineage includes sabertoothed tigers woolly mammoths armadillos the size of a car cave bears three times the weight of a grizzly clever scurriers that outlasted Tyrannosaurus rex and even other types of humans like Neanderthals Indeed humankind and many of the beloved fellow mammals we share the planet with todaylions whales dogsrepresent only the few survivors of a sprawling and astonishing family tree that has been pruned by time and mass extinctions How did we get here In his acclaimed bestseller The Rise and Fall of the Dinosaurs hailed as a masterpiece of science writing by the Washington Post American paleontologist Steve Brusatte enchanted readers with his definitive his  tory of the dinosaurs Now picking up the narrative in the ashes of the extinction event that doomed Trex and its kind Brusatte explores the remarkable story of the family of animals that inherited the Earthmammals and brilliantly reveals that their story is every bit as fascinating and complex as that of the dinosaurs Beginning with the earliest days of our lineage some 325 million years ago Brusatte charts how mammals survived the asteroid that claimed the dinosaurs and made the world their own becoming the astonishingly diverse range of animals that dominate todays Earth Brusatte also brings alive the lost worlds mammals inhabited through time from ice ages to volcanic catastrophes Entwined in this story is the detective work he and other scientists have done to piece together our understanding using fossil clues and cuttingedge technology A sterling example of scientific storytelling by one of our finest young researchers The Rise and Reign of the Mammals illustrates how this incredible history laid the foundation for todays world for us and our future Synopsis New from the author of the acclaimed bestseller The Rise and Fall of the Dinosaurs A masterpiece of science writing  Washington Post  and one of the stars of modern paleontology  National Geographic  a sweeping and revelatory history of mammals illuminating the lost story of the extraordinary family tree that led to us We humans are the inheritors of a dynasty that has reigned over the planet for nearly 66 million years through fiery cataclysm and ice ages the mammals  Our lineage includes sabertoothed tigers woolly mammoths armadillos the size of a car cave bears three times the weight of a grizzly clever scurriers that outlasted Tyrannosaurus rex and even other types of humans like Neanderthals Indeed humankind and many of the beloved fellow mammals we share the planet with todaylions whales dogsrepresent only the few survivors of a sprawling and astonishing family tree that has been pruned by time and mass extinctions How did we get here In his acclaimed bestseller The Rise and Fall of the Dinosaurs hailed as the ultimate dinosaur biography by Scientific American American paleontologist Steve Brusatte enchanted readers with his definitive his  tory of the dinosaurs Now picking up the narrative in the ashes of the extinction event that doomed Trex and its kind Brusatte explores the remarkable story of the family of animals that inherited the Earthmammals and brilliantly reveals that their story is every bit as fascinating and complex as that of the dinosaurs Beginning with the earliest days of our lineage some 325 million years ago Brusatte charts how mammals survived the asteroid that claimed the dinosaurs and made the world their own becoming the astonishingly diverse range of animals that dominate todays Earth Brusatte also brings alive the lost worlds mammals inhabited through time from ice ages to volcanic catastrophes Entwined in this story is the detective work he and other scientists have done to piece together our understanding using fossil clues and cuttingedge technology A sterling example of scientific storytelling by one of our finest young researchers The Rise and Reign of the Mammals illustrates how this incredible history laid the foundation for todays world for us and our future What Our Readers Are Saying Be the first to share your thoughts on this title Product Details ISBN 9780062951519 Binding Hardcover Publication date 06072022 Publisher MARINER BOOKS Pages 528 Height 147IN Width 625IN Illustration Yes Author Steve Brusatte 2999 New Hardcover Ships in 1 to 3 days Qty Store 4 Burnside 2 Cedar Hills 1 Hawthorne 20 Local Warehouse Receive an email when this ISBN is available used 1 LOCOK 1 LOCOK LOCCancel 1 LOCOK LOCCancel 1 LOCOK 1 LOCOK LOCCancel 1 LOCOK LOCCancel 1 LOCOK 1 LOCOK LOCCancel 1 LOCOK LOCCancel 1 LOCOK 1 LOCOK LOCCancel 1 LOCOK LOCCancel Help Guarantee My Account Careers About Us Security Wish List Partners Contact Us Shipping Transparency ACT MRF Sitemap  2022 POWELLSCOM Terms 1 LOCOK 1 LOCOK LOCCancel 1 LOCOK LOCCancel 1 LOCOK 1 LOCOK LOCCancel 1 LOCOK LOCCancel 1 LOCOK 1 LOCOK LOCCancel 1 LOCOK LOCCancel 1 LOCOK 1 LOCOK LOCCancel 1 LOCOK LOCCancel",
    "page_rank": 2.4256684405959026e-05
}