{
    "Title": " Doors of Perception & Heaven & Hell ",
    "Author": "Aldous Huxley",
    "Cover Page": "https://covers.powells.com/9780061729072.jpg",
    "ISBN10": "0061729078  \n",
    "ISBN13": "9780061729072",
    "Page URL": "https://powells.com/book/doors-of-perception-heaven-hell-9780061729072",
    "raw_text": "Doors of Perception  Heaven  Hell Aldous Huxley Trade Paperback 9780061729072 Powells Books Cart   my account  wish list  help  8008787323 Hello\n Login MENU Browse New Arrivals Bestsellers Featured Preorders Award Winners Audio Books See All Subjects Used Staff Picks Staff Picks Picks of the Month Bookseller Displays 50 Books for 50 Years 25 Best 21st Century SciFi  Fantasy 25 PNW Books to Read Before You Die 25 Books From the 21st Century 25 Memoirs to Read Before You Die 25 Global Books to Read Before You Die 25 Women to Read Before You Die 25 Books to Read Before You Die Gifts Gift Cards  eGift Cards Powells Souvenirs Journals and Notebooks socks Games Sell Books Blog Events Find A Store Dont Miss BIG SALE 20 off sitewide Picks of the Season What Im Giving Great Gifts Under 25 Best Books of 2022 Powells Author Events Oregon Battle of the Books Audio Books Visit Our Stores Powells Books 14 Gift Ideas From 14 of Our Favorite Authors 0 comment Every year Powells reaches out to some of our favorite authors for some muchneeded giftgiving inspiration Below are 14 writerapproved recommendations to help you find the perfect book for even your mostdifficulttobuyfor loved one Read More  Powells Staff Best Books of 2022 Fiction 1 comment Kelsey Ford 6 Haunting Native American Horror Books 1 comment 1 LOCOK 1 LOCOK LOCCancel 1 LOCOK LOCCancel Doors of Perception  Heaven  Hell by Aldous Huxley Comment on this title Synopses  Reviews ISBN13 9780061729072 ISBN10 0061729078 All Product Details View Larger Image View Larger Images 1699 New Trade Paperback Ships in 1 to 3 days Qty Store 9 Burnside 3 Cedar Hills 1 Hawthorne 20 Local Warehouse Synopses  Reviews Publisher Comments Half an hour after swallowing the drug I became aware of a slow dance of golden lights    Among the most profound explorations of the effects of mindexpanding drugs ever written here are two complete classic books The Doors of Perception and Heaven and Hell in which Aldous Huxley author of the bestselling Brave New World  reveals the minds remote frontiers and the unmapped areas of human consciousness This new edition also features an additional essay Drugs That Shape Mens Minds which is now included for the first time Synopsis Among the most profound and influential explorations of mindexpanding psychadelic drugs ever written here are two complete classic books The Doors of Perception and Heaven and Hell in which Aldous Huxley author of Brave New World  reveals the minds remote frontiers and the unmapped areas of human consciousness This new edition also features an additional essay Drugs That Shape Mens Minds which is now included for the first time A genuine spiritual quest  Extraordinary  New York Times Synopsis Two classic complete booksThe Doors of Perception originally published in 1954 and Heaven and Hell originally published in 1956in which Aldous Huxley author of Brave New World explores as only he can the minds remote frontiers and the unmapped areas of human consciousness These two astounding books are among the most profound studies of the effects of mindexpanding drugs written in the 20th centuryand they were essential for the counterculture during the 1960s influencing a generations perception of life A genuine spiritual quest    ExtraordinaryNew York Times  Heaven and Hell not only appears to be scientifically sound but is wonderfully entertainingThe New Yorker The New Yorker Synopsis A genuine spiritual quest    Extraordinary  New York Times Among the most profound and influential explorations of mindexpanding psychedelic drugs ever written here are two complete classic books The Doors of Perception and Heaven and Hell in which Aldous Huxley author of Brave New World  reveals the minds remote frontiers and the unmapped areas of human consciousness This edition also features an additional essay Drugs That Shape Mens Minds now included for the first time Synopsis The Doors of perception originally published in 1954 and Heaven and hell originally published in 1956 About the Author Aldous Huxley 18941963 is the author of the classic novels Brave New World  Island  Eyeless in Gaza  and The Genius and the Goddess  as well as such critically acclaimed nonfiction works as The Perennial Philosophy and The Doors of Perception  Born in Surrey England and educated at Oxford he died in Los Angeles California What Our Readers Are Saying Be the first to share your thoughts on this title Product Details ISBN 9780061729072 Binding Trade Paperback Publication date 07282009 Publisher HARPERCOLLINS PUBLISHERS Series info PS Pages 208 Height 50IN Width 540IN Thickness 50 Series PS Number of Units 1 Copyright Year 2009 UPC Code 2800061729074 Author Aldous Huxley Subject Visions Subject Consciousness Subject General Philosophy 1699 New Trade Paperback Ships in 1 to 3 days Qty Store 9 Burnside 3 Cedar Hills 1 Hawthorne 20 Local Warehouse Receive an email when this ISBN is available used 1 LOCOK 1 LOCOK LOCCancel 1 LOCOK LOCCancel 1 LOCOK 1 LOCOK LOCCancel 1 LOCOK LOCCancel 1 LOCOK 1 LOCOK LOCCancel 1 LOCOK LOCCancel 1 LOCOK 1 LOCOK LOCCancel 1 LOCOK LOCCancel Help Guarantee My Account Careers About Us Security Wish List Partners Contact Us Shipping Transparency ACT MRF Sitemap  2022 POWELLSCOM Terms 1 LOCOK 1 LOCOK LOCCancel 1 LOCOK LOCCancel 1 LOCOK 1 LOCOK LOCCancel 1 LOCOK LOCCancel 1 LOCOK 1 LOCOK LOCCancel 1 LOCOK LOCCancel 1 LOCOK 1 LOCOK LOCCancel 1 LOCOK LOCCancel",
    "page_rank": 3.873185017316509e-05
}