{
    "Title": " Essential Labor: Mothering as Social Change ",
    "Author": "Angela Garbes",
    "Cover Page": "https://powells-covers-2.s3.amazonaws.com/9780062937360.jpg",
    "ISBN10": "0062937367  \n",
    "ISBN13": "9780062937360",
    "Page URL": "https://powells.com/book/essential-labor-9780062937360",
    "raw_text": "Essential Labor Mothering as Social Change Angela Garbes Hardcover 9780062937360 Powells Books Cart   my account  wish list  help  8008787323 Hello\n Login MENU Browse New Arrivals Bestsellers Featured Preorders Award Winners Audio Books See All Subjects Used Staff Picks Staff Picks Picks of the Month Bookseller Displays 50 Books for 50 Years 25 Best 21st Century SciFi  Fantasy 25 PNW Books to Read Before You Die 25 Books From the 21st Century 25 Memoirs to Read Before You Die 25 Global Books to Read Before You Die 25 Women to Read Before You Die 25 Books to Read Before You Die Gifts Gift Cards  eGift Cards Powells Souvenirs Journals and Notebooks socks Games Sell Books Blog Events Find A Store Dont Miss BIG SALE 20 off sitewide Picks of the Season What Im Giving Great Gifts Under 25 Best Books of 2022 Powells Author Events Oregon Battle of the Books Audio Books Visit Our Stores Powells Books 14 Gift Ideas From 14 of Our Favorite Authors 0 comment Every year Powells reaches out to some of our favorite authors for some muchneeded giftgiving inspiration Below are 14 writerapproved recommendations to help you find the perfect book for even your mostdifficulttobuyfor loved one Read More  Powells Staff Best Books of 2022 Fiction 1 comment Kelsey Ford 6 Haunting Native American Horror Books 1 comment 1 LOCOK 1 LOCOK LOCCancel 1 LOCOK LOCCancel Essential Labor Mothering as Social Change by Angela Garbes Comment on this title Synopses  Reviews ISBN13 9780062937360 ISBN10 0062937367 All Product Details View Larger Image View Larger Images 2599 New Hardcover Ships in 1 to 3 days Qty Store 4 Burnside 5 Cedar Hills 5 Hawthorne 20 Local Warehouse Synopses  Reviews Publisher Comments From the acclaimed author of Like a Mother comes a reflection on the state of caregiving in America and an exploration of mothering as a means of social change The Covid19 pandemic shed fresh light on a longoverlooked truth mothering is among the only essential work humans do In response to the increasing weight placed on mothers and caregivers  and the lack of a social safety net to support them  writer Angela Garbes found herself pondering a vital question How under our current circumstances that leave us lonely exhausted and financially strained might we demand more from American family life In Essential Labor Garbes explores assumptions about care work and deservedness offering a deeply personal and rigorously reported look at what mothering is and can be A firstgeneration FilipinoAmerican Garbes shares the perspective of her familys complicated relationship to care work placing mothering in a global context  the invisible economic engine that has been historically demanded of women of color Garbes contends that while the labor of raising children is devalued in America the act of mothering offers the radical potential to create a more equitable society In Essential Labor Garbes reframes the physically and mentally draining work of meeting a childs bodily and emotional needs as opportunities to find meaning to nurture a deeper sense of self pleasure and belonging This is highly skilled labor work that impacts society at its most foundational level Part galvanizing manifesto part poignant narrative Essential Labor is a beautifully rendered reflection on care that reminds us of the irrefutable power and beauty of mothering Review Garbess call for care work to be more valued in American culture is persuasive and well rendered This encomium to mothers and caregivers hits home Publishers Weekly Review  Essential Labor is exactly the right book written by exactly the right author at exactly the right moment Garbess work will help us put ourselves our families and our communities back together in a way that is more compassionate more embodied and more alive than before Emily Nagoski PhD New York Times bestselling author of Come As You Are and Burnout Review Angela Garbes has given us the definitive explanation for something we all share the sense that something is not right about our societys treatment of parenting Essential Labor is a beautifully written painstakingly researched and courageously personal book Garbes reveals the way systems exploit caregiving and shows us how the essential work of mothering can fix not just family life but society A timely and unforgettable book Heather McGhee New York Times bestselling author of The Sum of Us Review Mothering is an invisible form of labor that is too rarely given its due as skilled multidimensional work Through historical analysis personal narrative and expert storytelling Garbes illuminates the ways in which this essential work is devalued under compensated and inequitably distributed while also offering a vision for a better future Essential Labor is a rigorous heartfelt and deeply hopeful book Eve Rodsky New York Times bestselling author of Fair Play and Find Your Unicorn Space About the Author Angela Garbes is the author of Like a Mother  an NPR Best Book of the Year and finalist for the Washington State Book Award in Nonfiction Her work has appeared in The New York Times The Cut New York Bon App\u00e9tit  and featured on NPRs Fresh Air  She lives with her family in Seattle What Our Readers Are Saying Be the first to share your thoughts on this title Product Details ISBN 9780062937360 Binding Hardcover Publication date 05102022 Publisher Harper Wave Pages 256 Author Angela Garbes 2599 New Hardcover Ships in 1 to 3 days Qty Store 4 Burnside 5 Cedar Hills 5 Hawthorne 20 Local Warehouse Receive an email when this ISBN is available used This title in other editions New Compact Disc 3699 1 LOCOK 1 LOCOK LOCCancel 1 LOCOK LOCCancel 1 LOCOK 1 LOCOK LOCCancel 1 LOCOK LOCCancel 1 LOCOK 1 LOCOK LOCCancel 1 LOCOK LOCCancel 1 LOCOK 1 LOCOK LOCCancel 1 LOCOK LOCCancel Help Guarantee My Account Careers About Us Security Wish List Partners Contact Us Shipping Transparency ACT MRF Sitemap  2022 POWELLSCOM Terms 1 LOCOK 1 LOCOK LOCCancel 1 LOCOK LOCCancel 1 LOCOK 1 LOCOK LOCCancel 1 LOCOK LOCCancel 1 LOCOK 1 LOCOK LOCCancel 1 LOCOK LOCCancel 1 LOCOK 1 LOCOK LOCCancel 1 LOCOK LOCCancel",
    "page_rank": 3.381244302144323e-05
}