{
    "Title": " Metabolic Engineering: Principles and Methodologies ",
    "Author": "George Stephanopoulos",
    "Cover Page": "https://covers.powells.com/9780126662603.jpg",
    "ISBN10": "0126662606  \n",
    "ISBN13": "9780126662603",
    "Page URL": "https://powells.com/book/metabolic-engineering-9780126662603",
    "raw_text": "Metabolic Engineering Principles and Methodologies Stephanopoulos Gregory and Nielsen Jens and Stephanopoulos G Hardcover 9780126662603 Powells Books Cart   my account  wish list  help  8008787323 Hello\n Login MENU Browse New Arrivals Bestsellers Featured Preorders Award Winners Audio Books See All Subjects Used Staff Picks Staff Picks Picks of the Month Bookseller Displays 50 Books for 50 Years 25 Best 21st Century SciFi  Fantasy 25 PNW Books to Read Before You Die 25 Books From the 21st Century 25 Memoirs to Read Before You Die 25 Global Books to Read Before You Die 25 Women to Read Before You Die 25 Books to Read Before You Die Gifts Gift Cards  eGift Cards Powells Souvenirs Journals and Notebooks socks Games Sell Books Blog Events Find A Store Dont Miss BIG SALE 20 off sitewide Picks of the Season What Im Giving Great Gifts Under 25 Best Books of 2022 Powells Author Events Oregon Battle of the Books Audio Books Visit Our Stores Powells Books 14 Gift Ideas From 14 of Our Favorite Authors 0 comment Every year Powells reaches out to some of our favorite authors for some muchneeded giftgiving inspiration Below are 14 writerapproved recommendations to help you find the perfect book for even your mostdifficulttobuyfor loved one Read More  Powells Staff Best Books of 2022 Fiction 1 comment Kelsey Ford 6 Haunting Native American Horror Books 1 comment 1 LOCOK 1 LOCOK LOCCancel 1 LOCOK LOCCancel Metabolic Engineering Principles and Methodologies by George Stephanopoulos and Aristos A Aristidou and Jens Nielsen Comment on this title Synopses  Reviews ISBN13 9780126662603 ISBN10 0126662606 All Product Details View Larger Image View Larger Images 29333 New Hardcover Available at a Remote Warehouse Ships separately from other items Additional shipping charges may apply Not available for In Store Pickup More Info Qty Store 20 Remote Warehouse Synopses  Reviews Publisher Comments Metabolic engineering is a new field with applications in the production of chemicals fuels materials pharmaceuticals and medicine at the genetic level The field\u00e2s novelty is in the synthesis of molecular biology techniques and the tools of mathematical analysis which allow rational selection of targets for genetic modification through measurements and control of metabolic fluxes The objective is to identify specific genetics or environmental manipulations that result in improvements in yield and productivities of biotechnological processes Key features of the book are pathway integration and the focus on metabolic flux as a fundamental determinant of cell physiology The book keeps mathematical complexity to a minimum and provides a glossary of biological terms to facilitate use of the book by a broader spectrum of readers A web page exists to communicate updates of the codes and homework problems Key Features x Demonstrates metabolic engineering in action with numerous examples of pathway modification x Includes methods for identifying key enzymes in metabolic networks x Contains a comprehensive review of metabolic biochemistry x Discusses metabolic regulation at the gene enzyme operon and cell levels x Explains concepts of stoichiometry kinetics and thermodynamics of metabolic pathways x Minimizes mathematical complexity x Links to a Web page to communicate updates of the software code and homework problems Synopsis Metabolic engineering is a new field with applications in the production of chemicals fuels materials pharmaceuticals and medicine at the genetic level The fields novelty is in the synthesis of molecular biology techniques and the tools of mathematical analysis which allow rational selection of targets for genetic modification through measurements and control of metabolic fluxes The objective is to identify specific genetics or environmental manipulations that result in improvements in yield and productivities of biotechnological processes Key features of the book are pathway integration and the focus on metabolic flux as a fundamental determinant of cell physiology The book keeps mathematical complexity to a minimum and provides a glossary of biological terms to facilitate use of the book by a broader spectrum of readers A web page exists to communicate updates of the codes and homework problems Key Features  Demonstrates metabolic engineering in action with numerous examples of pathway modification  Includes methods for identifying key enzymes in metabolic networks  Contains a comprehensive review of metabolic biochemistry  Discusses metabolic regulation at the gene enzyme operon and cell levels  Explains concepts of stoichiometry kinetics and thermodynamics of metabolic pathways  Minimizes mathematical complexity  Links to a Web page to communicate updates of the software code and homework problems Synopsis Metabolic engineering is an emerging interdisciplinary field with applications to the production of chemicals fuels materials and pharmaceuticals The fields novelty lies in the integration of the techniques of molecular biology with the tools of mathematical analysis to help elucidate metabolic flux control and rational selection of targets for genetic modification By providing a rigorous description of cell physiology metabolic engineering also facilitates functional genomics Its primary objective is to identify specific genetic and environmental manipulations that lead to enhancement of yield and productivity of biotechnological processes or the overall improvement of cellular properties Key elements of the book include pathway integration and consideration of metabolic flux as a fundamental determinant of cell physiology Metabolic Engineering keeps mathematical complexity to a minimum and provides sidebars as additional background on various mathematical operations Computational tools for pathway analysis are described and a glossary of biological terms facilitates use of the book by a broad audience of biochemists molecular biologists microbiologists and biochemicalbiomedical engineers Synopsis pathway analysis are described and a glossary of biological terms facilitates use of the book by a broad audience of biochemists molecular biologists microbiologists and biochemicalbiomedical engineers Synopsis logists and biochemicalbiomedical engineers Synopsis  microbiologists and biochemicalbiomedical engineers Synopsis of yield and productivity of biotechnological processes or the overall improvement of cellular properties Key elements of the book include pathway integration and consideration of metabolic flux as a fundamental determinant of cell physiology Metabolic Engineering keeps mathematical complexity to a minimum and provides sidebars as additional background on various mathematical operations Computational tools for pathway analysis are described and a glossary of biological terms facilitates use of the book by a broad audience of biochemists molecular biologists microbiologists and biochemicalbiomedical engineers Synopsis oad audience of biochemists molecular biologists microbiologists and biochemicalbiomedical engineers About the Author Gregory Stephanopoulos is a Professor of Chemical Engineering at MIT He received his BS from the National Technical University of Athens his MS from the University of Florida and his PhD from the University of Minnesota all in Chemical Engineering Upon graduation he joined the Chemical Engineering Faculty of the California Institute of Technology where he served as Assistant and Associate Professor until 1985 In 1985 he was appointed Professor of Chemical Engineering at MIT where he has been ever sinceStephanopoulos work has appeared in more than 150 publications and 7 patents He has been recognized with the Dreyfus Foundation Teacher Scholar Award 1982 Excellence in Teaching Award 1984 and Technical Achievement Award of the AIChE 1984 He has been a Presidential Young Investigator and the Chairman of the Food Pharmaceutical  Bioengineering Division of the American Institute of Chemical Engineers 1992 In 1992 he was a Visiting Professor at the International Research Center for Biotechnology at Osaka University and was elected a Founding Fellow of the American Institute for Medical and Biological Engineering In 1996 he chaired the first Conference on Metabolic Engineering and gave the inaugural Bayer Lecture on Biochemical Engineering at the University of California at Berkeley He was honored with the FPBE Division Award at AIChE in 1997 Tech University of Denmark Table of Contents The Essence of Metabolic Engineering Review of Cellular Metabolism Comprehensive Models for Cellular Reactions Material Balances and Data Consistency Regulation of Metabolic Pathways Examples of Pathway Manipulations Metabolic Engineering in Practice Metabolic Pathway Synthesis Metabolic Flux Analysis Methods for the Experimental Determination of Metabolic Fluxes by Isotope Labeling Applications of Metabolic Flux Analysis Metabolic Control Analysis Analysis of Structure of Metabolic Networks Flux Analysis of Metabolic Networks Thermodynamics of Cellular Processes Glossary Subject Index What Our Readers Are Saying Be the first to share your thoughts on this title Product Details ISBN 9780126662603 Binding Hardcover Publication date 10021998 Publisher Academic Press Language English Pages 725 Height 152IN Width 622IN LCCN 9884372 Number of Units 1 Illustration Yes Copyright Year 1998 UPC Code 2800126662605 Author Greg Stephanopoulos Author Aristos A Aristidou Author George Stephanopoulos Author G Stephanopoulos Author Gregory Stephanopoulos Author Jens Nielsen Subject Metabolism Subject Engenharia quimica Subject Biochemical engineering Subject Bioquimica Subject ChemistryChemical Engineering Subject Metabolismo 29333 New Hardcover Available at a Remote Warehouse Ships separately from other items Additional shipping charges may apply Not available for In Store Pickup More Info Qty Store 20 Remote Warehouse Receive an email when this ISBN is available used 1 LOCOK 1 LOCOK LOCCancel 1 LOCOK LOCCancel 1 LOCOK 1 LOCOK LOCCancel 1 LOCOK LOCCancel 1 LOCOK 1 LOCOK LOCCancel 1 LOCOK LOCCancel 1 LOCOK 1 LOCOK LOCCancel 1 LOCOK LOCCancel Help Guarantee My Account Careers About Us Security Wish List Partners Contact Us Shipping Transparency ACT MRF Sitemap  2022 POWELLSCOM Terms 1 LOCOK 1 LOCOK LOCCancel 1 LOCOK LOCCancel 1 LOCOK 1 LOCOK LOCCancel 1 LOCOK LOCCancel 1 LOCOK 1 LOCOK LOCCancel 1 LOCOK LOCCancel 1 LOCOK 1 LOCOK LOCCancel 1 LOCOK LOCCancel",
    "page_rank": 2.726413378665219e-05
}