{
    "Title": " The Girl With the Make Believe Husband: A Bridgertons Prequel ",
    "Author": "Julia Quinn",
    "Cover Page": "https://powells-covers-2.s3.amazonaws.com/9780062388179.jpg",
    "ISBN10": "0062388177  \n",
    "ISBN13": "9780062388179",
    "Page URL": "https://powells.com/book/-9780062388179",
    "raw_text": "The Girl with the MakeBelieve Husband A Bridgertons Prequel Quinn Julia Mass Market 9780062388179 Powells Books Cart   my account  wish list  help  8008787323 Hello\n Login MENU Browse New Arrivals Bestsellers Featured Preorders Award Winners Audio Books See All Subjects Used Staff Picks Staff Picks Picks of the Month Bookseller Displays 50 Books for 50 Years 25 Best 21st Century SciFi  Fantasy 25 PNW Books to Read Before You Die 25 Books From the 21st Century 25 Memoirs to Read Before You Die 25 Global Books to Read Before You Die 25 Women to Read Before You Die 25 Books to Read Before You Die Gifts Gift Cards  eGift Cards Powells Souvenirs Journals and Notebooks socks Games Sell Books Blog Events Find A Store Dont Miss BIG SALE 20 off sitewide Picks of the Season What Im Giving Great Gifts Under 25 Best Books of 2022 Powells Author Events Oregon Battle of the Books Audio Books Visit Our Stores Powells Books 14 Gift Ideas From 14 of Our Favorite Authors 0 comment Every year Powells reaches out to some of our favorite authors for some muchneeded giftgiving inspiration Below are 14 writerapproved recommendations to help you find the perfect book for even your mostdifficulttobuyfor loved one Read More  Powells Staff Best Books of 2022 Fiction 1 comment Kelsey Ford 6 Haunting Native American Horror Books 1 comment 1 LOCOK 1 LOCOK LOCCancel 1 LOCOK LOCCancel The Girl With the Make Believe Husband A Bridgertons Prequel by Julia Quinn Comment on this title Synopses  Reviews ISBN13 9780062388179 ISBN10 0062388177 Condition Standard All Product Details View Larger Image View Larger Images 695 List Price 999 Used Mass Market Ships in 1 to 3 days Qty Store 2 Burnside Staff Pick I typically hate the lying to an amnesiac trope and have a hard time imagining a HEA for someone who starts a relationship with a lie but this book has turned my bias upside down Julia Quinn found a masterful way to make me fall in love with Cecilia  despite her deception  and especially with Edward Edwards essential goodness and good humor even when he felt betrayed by the woman he loves puts him in the running for Hero of the Year These two were so in love and so heartbroken I was in thrall to their story and found myself crying for the last few chapters Recommended By McKenzie W Powellscom Synopses  Reviews Publisher Comments While you were sleeping With her brother Thomas injured on the battlefront in the Colonies orphaned Cecilia Harcourt has two unbearable choices move in with a maiden aunt or marry a scheming cousin Instead she chooses option three and travels across the Atlantic determined to nurse her brother back to health But after a week of searching she finds not her brother but his best friend the handsome officer Edward Rokesby Hes unconscious and in desperate need of her care and Cecilia vows that she will save this soldiers life even if staying by his side means telling one little lie I told everyone I was your wife When Edward comes to hes more than a little confused The blow to his head knocked out six months of his memory but surely he would recall getting married  He knows who Cecilia Harcourt is even if he does not recall her face and with everyone calling her his wife he decides it must be true even though hed always assumed hed marry his neighbor back in England If only it were true Cecilia risks her entire future by giving herself  completely  to the man she loves But when the truth comes out Edward may have a few surprises of his own for the new Mrs Rokesby Review This is one of those novels where the reader longs to shout at the characters to tell each other the truth already but it is a great read nevertheless with mystery and adventure and yes romance Kirkus Reviews Review Quinn keeps things fresh by switching up her customary English setting with that of Revolutionaryera Manhattan while at the same time retaining the abundance of dry wit and swoonworthy romance for which she is best known and loved Booklist Starred Review Review Funny spicy and fastpaced this spirited Bridgertons prequel is sure to be a fanpleaser and may gain Quinn some new devotees as well Library Journal About the Author Julia Quinn started writing her first book one month after finishing college and has been tapping away at her keyboard ever since The 1 New York Times bestselling author of more than two dozen novels for Avon Books she is a graduate of Harvard and Radcliffe Colleges and is one of only sixteen authors ever to be inducted in the Romance Writers of America Hall of Fame She lives in the Pacific Northwest with her family Please visit her on the web at wwwjuliaquinncom What Our Readers Are Saying Be the first to share your thoughts on this title Product Details ISBN 9780062388179 Binding Mass Market Publication date 06282022 Publisher Avon Books Series info Rokesbys Pages 384 Height 96IN Width 419IN Series Number 2 Author Julia Quinn Media Run Time B 695 List Price 999 Used Mass Market Ships in 1 to 3 days Qty Store 2 Burnside More copies of this ISBN New Mass Market 999 Used Mass Market 495 1 LOCOK 1 LOCOK LOCCancel 1 LOCOK LOCCancel 1 LOCOK 1 LOCOK LOCCancel 1 LOCOK LOCCancel 1 LOCOK 1 LOCOK LOCCancel 1 LOCOK LOCCancel 1 LOCOK 1 LOCOK LOCCancel 1 LOCOK LOCCancel Help Guarantee My Account Careers About Us Security Wish List Partners Contact Us Shipping Transparency ACT MRF Sitemap  2022 POWELLSCOM Terms 1 LOCOK 1 LOCOK LOCCancel 1 LOCOK LOCCancel 1 LOCOK 1 LOCOK LOCCancel 1 LOCOK LOCCancel 1 LOCOK 1 LOCOK LOCCancel 1 LOCOK LOCCancel 1 LOCOK 1 LOCOK LOCCancel 1 LOCOK LOCCancel",
    "page_rank": 6.016067544233863e-05
}