{
    "Title": " Animal, Vegetable, Miracle: A Year of Food Life ",
    "Author": "Kingsolver, Barbara",
    "Cover Page": "https://covers.powells.com/9780060852566.jpg",
    "ISBN10": "0060852569  \n",
    "ISBN13": "9780060852566",
    "Page URL": "https://powells.com/book/animal-vegetable-miracle-9780060852566",
    "raw_text": "Animal Vegetable Miracle A Year of Food Life Barbara Kingsolver Trade Paperback 9780060852566 Powells Books Cart   my account  wish list  help  8008787323 Hello\n Login MENU Browse New Arrivals Bestsellers Featured Preorders Award Winners Audio Books See All Subjects Used Staff Picks Staff Picks Picks of the Month Bookseller Displays 50 Books for 50 Years 25 Best 21st Century SciFi  Fantasy 25 PNW Books to Read Before You Die 25 Books From the 21st Century 25 Memoirs to Read Before You Die 25 Global Books to Read Before You Die 25 Women to Read Before You Die 25 Books to Read Before You Die Gifts Gift Cards  eGift Cards Powells Souvenirs Journals and Notebooks socks Games Sell Books Blog Events Find A Store Dont Miss BIG SALE 20 off sitewide Picks of the Season What Im Giving Great Gifts Under 25 Best Books of 2022 Powells Author Events Oregon Battle of the Books Audio Books Visit Our Stores Powells Books 14 Gift Ideas From 14 of Our Favorite Authors 0 comment Every year Powells reaches out to some of our favorite authors for some muchneeded giftgiving inspiration Below are 14 writerapproved recommendations to help you find the perfect book for even your mostdifficulttobuyfor loved one Read More  Powells Staff Best Books of 2022 Fiction 1 comment Kelsey Ford 6 Haunting Native American Horror Books 1 comment 1 LOCOK 1 LOCOK LOCCancel 1 LOCOK LOCCancel Animal Vegetable Miracle A Year of Food Life by Kingsolver Barbara and Kingsolver Camille and Hopp Steven L Comment on this title Synopses  Reviews ISBN13 9780060852566 ISBN10 0060852569 Condition Standard All Product Details View Larger Image View Larger Images 1095 List Price 1599 Used Trade Paperback Ships in 1 to 3 days Qty Store 20 Burnside 11 Cedar Hills 6 Hawthorne 4 Local Warehouse Synopses  Reviews Publisher Comments Bestselling author Barbara Kingsolver returns with her first nonfiction narrative that will open your eyes in a hundred new ways to an old truth You are what you eat As the US population made an unprecedented mad dash for the Sun Belt one carload of us paddled against the tide heading for the Promised Land where water falls from the sky and green stuff grows all around We were about to begin the adventure of realigning our lives with our food chain Naturally our first stop was to buy junk food and fossil fuel Hang on for the ride With characteristic poetry and pluck Barbara Kingsolver and her family sweep readers along on their journey away from the industrialfood pipeline to a rural life in which they vow to buy only food raised in their own neighborhood grow it themselves or learn to live without it Their goodhumored search yields surprising discoveries about turkey sex life and overly zealous zucchini plants en route to a food culture thats better for the neighborhood and also better on the table Part memoir part journalistic investigation Animal Vegetable Miracle makes a passionate case for putting the kitchen back at the center of family life and diversified farms at the center of the American diet This is the story of a year in which we made every attempt to feed ourselves animals and vegetables whose provenance we really knew    and of how our family was changed by our first year of deliberately eating food produced from the same place where we worked went to school loved our neighbors drank the water and breathed the air Review Kingsolvers passionate new tome records in detail a year lived in sync with the seasons ebb and flowWriting with her usual sharp eye for irony she urges readers to follow her example Booklist Review Withassistance from her husband Steven and 19yearold daughter Camille Kingsolver elegantly chronicles a year of backtotheland living with her family in AppalachiaReaders frustrated with the unhealthy artificial food chain will take heart and inspiration here Kirkus Reviews Review Part memoirpart call to action part education part recipe collection Animal Vegetable Miracle makes an important contribution to the chorus of voices calling for change Chicago Tribune Review If you are what you eat then surely you are also what you read and so this book offers real nourishment for the soul San Francisco Chronicle Review This is largely an informational bookYet Kingsolveradds enough texture and zest to stir wistful yearnings in all of us who have lost the soul of cooking from our routines Christian Science Monitor Review A profound graceful and literary workTimelessIt can change who you are Rick Bass Boston Globe Review A terrific effort The delight for readersis the chance to experience the rediscovery of community through food The Oregonian Portland Review Every bit as transporting asand more ecologically relevant thanany Year In Provencestyle escapismEarthyinformativeand englightened Washington Post Review Charming zestful funny and poetica serious book about important problems Washington Post Book World Review Kingsolver dresses down the American food complexThese downonthefarm sections are inspiring andcompelling Outside magazine Review Lessons learned in sustainability are worth feasting onand taking to heart Self Review Faithful funny and thoughtprovokingReaderswhether vegetarian or carnivorewill not go hungry literally or literarily BookPage Review EngagingAbsorbingLovely food writingKingsolver succeeds at adopting the warm tone of a confiding friend Corby Kummer New York Times Book Review Review CharmingLiterary magicIf you love the narrative voice of Barbara Kingsolver you will be thrilled Houston Chronicle Review Kingsolver who writes evocatively about our connection to place does so here with characteristic glowing prose She provides the rapture Miami Herald About the Author Barbara Kingsolvers twelve books of fiction poetry and creative nonfiction include the novels The Bean Trees and The Poisonwood Bible  Translated into nineteen languages her work has won a devoted worldwide readership and many awards including the National Humanities Medal Her most recent book is the highly praised New York Times bestselling Animal Vegetable Miracle  published in May 2007 She lives with her family on a farm in southwestern Virginia 50 21 What Our Readers Are Saying Share your thoughts on this title Average customer rating 50 21 comments  Frenchie  January 14 2013 Barbara Kingsolver is one of my favorite authors She speaks to the consciousness we all share Was this comment helpful  Yes  No 5 of 10 readers found this comment helpful report this\ncomment  RSR  January 02 2013 view all comments by RSR Animal Vegetable Miracle inspired me to change how I relate to food and I have tailored my diet in a way that is much healthier for me and the planet Not only was it informative and interesting but also included entertaining stories of the trials of growing your own food as wells as the many rewards Was this comment helpful  Yes  No 6 of 13 readers found this comment helpful report this\ncomment  Rachel Oftedahl  August 04 2012 view all comments by Rachel Oftedahl Barbara Kingsolver has to be my favorite author hands down both fiction and nonfiction Her book of essays Small Wonders fueled my interest in sustainable food and mindful thought about where the things on my plate come from and this book just cranked that into overdrive While I do not have a farm or even a yard being a city dweller in a small apartment I started making my own yogurt after this book Never went back I shared this book with my mother well I bought her a copy of her very own so I could be selfish with mine and now she is starting to make cheese Read this book and then I dare you to not make your own cultured or fermented dairy product or grow a garden Go on Was this comment helpful  Yes  No 8 of 17 readers found this comment helpful report this\ncomment  taffy  January 19 2012 Barbara Kingsolver is inspiring and enlightening in this narrative She sheds light on our food system her beliefs life in Appalachia Virginia and the trials and successes of living locally It was truly a family effort as evidenced by the insights of her daughter and husband within the book as well Hooray Locavores Was this comment helpful  Yes  No 10 of 20 readers found this comment helpful report this\ncomment  GameGhanger  September 20 2011 view all comments by GameGhanger This book is the very reason I grew tomatoes squash jalapenos herbs lettuce garlic onions and cucumbers The writing is surprisingly funny interesting and worthwhile to anyone in food politics I cant wait to read it again Was this comment helpful  Yes  No 10 of 19 readers found this comment helpful report this\ncomment  patrickyeakey  January 03 2011 Beautiful Fun Vibrant Life Was this comment helpful  Yes  No 19 of 39 readers found this comment helpful report this\ncomment  auburngus  January 01 2011 inspirational made my first cheese at home yesterday Makes you want to eat locally and responsibly Was this comment helpful  Yes  No 15 of 29 readers found this comment helpful report this\ncomment  Inga  March 13 2010 view all comments by Inga I thought this book would be old news by the time I got around to reading it Not so Entertaining educational and inspiring I was inspired to plant cilantro Baby steps\nMakes a great case for eating local sustainable and making your own food from seed in most cases The story of their year is more of a vehicle to address different food economy issues like bananas and birds Was this comment helpful  Yes  No 23 of 42 readers found this comment helpful report this\ncomment  Josephine  January 19 2010 view all comments by Josephine I read this book on vacation in Vermont which was a perfect spot to put into practice everything I was reading An important book read at the right time helping me make changes in the way my family eats and purchases food Was this comment helpful  Yes  No 8 of 14 readers found this comment helpful report this\ncomment  Stacy Tessier  January 15 2010 view all comments by Stacy Tessier This book really changed the way I think about food production I was already vegan when I read this but it really made me think about the food that I do choose to put into my body I think the locavore movement is great even if it isnt realistic for everyone to produce enough food for themselves The book inspired me to attempt a garden again which failed but I still hope to one day grow at least something that I can eat There were a lot of great ideas in the book as well as some great recipes I enjoyed reading about the familys successes and blunders Was this comment helpful  Yes  No 8 of 15 readers found this comment helpful report this\ncomment  Theresa Bush  January 06 2010 view all comments by Theresa Bush Great Wonderful information great gardening ideas and great recipes And a fun read Something for everyone The book that got me to grow asparagus and to bake zucchini chocolate chip cookies  and eating more locally Barbara Kingsolver is a wonderful and amazing author and her nonfiction is as good as her fiction I keep buying used copies every time I see them just to pass out to other people Was this comment helpful  Yes  No 5 of 10 readers found this comment helpful report this\ncomment  margishindler  January 04 2010 If you care about your health and wonder how to eat what is local and fresh read this book If you wonder how we could all live more simply think about what Kingsolver suggests It is worth our efforts to pursue a new path which is also an old path eating what is close and fresh prepared and raised with care Was this comment helpful  Yes  No 4 of 9 readers found this comment helpful report this\ncomment  polka dot  January 02 2010 view all comments by polka dot Loved this book A 2008 Christmas gift from my gardening son that simply captured me Very different from Barbara Kingsolvers acclaimed novels it combines her voice with that of her daughters and husband to tell the story of their first year deliberately eating only food they could grow themselves or buy in their neighborhood It is unsentimental hilariously funny provides scientific exploration of a serious subject and even includes some great recipes I grew up on a small family farm on Oregons McKenzie River and this could have been my story  except we didnt PLAN to be so healthy or environmentally correct We just didnt have much money and needed to eat Later I realized how delicious our fresh eggs and vegetables homemade butter and organic meats had been  and how many screamingly funny adventures my brothers and I had had while simply doing our chores This book brought back all those memories for me but it is a thoroughly enjoyable read for anyone even those who dont believe they are particularly interested in organic farming local eating or any other kind of food book  Its much much more than that Was this comment helpful  Yes  No 3 of 7 readers found this comment helpful report this\ncomment  Margaret Pusch  January 01 2010 This book should be required reading for college students i have used quotes from it in several keynote speeches for conferences and workshops all in higher education this not just a story but investigative reporting on food production in the USA Another similar book is MY YEAR OF MEATS with an obvious focus on animals and meats which is also intercultural and funny Was this comment helpful  Yes  No 3 of 5 readers found this comment helpful report this\ncomment  dheald  January 01 2010 In ANIMAL VEGETABLE MIRACLE Barbara Kingsolver aims her brilliant mind at the heart of what ails the modern world and what particularly ails those of us living on the North American continent Food as it existed throughout all of recorded human history has largely vanished In its place we buy and eat pseudofood filled with contaminants disease and a deadly overload of salt sugar and fat Worse even the sugar and the fat have been tampered with and anyone attempting to raise actual food is the target of big business from the Cattlemens Association to the pharmaceutical industry Against this gut wrenching if you care to take notice background of current human existence Kingsolver presents the story of a year in the life of her family dedicated to producing buying and eating home and locally grown food straight from the turkey pen to the family roaster and straight from the ground to their mouths If you have an appreciation for fine food for your health for the future of human existence on this world read this lovely haunting funny practical tale of how we all can increase the chance that we or at least our children might survive might even live long rich joyful lives Was this comment helpful  Yes  No 2 of 5 readers found this comment helpful report this\ncomment  bookieBarbara  January 01 2010 view all comments by bookieBarbara Youll laugh youll learn about the hidden costs and politics of food youll laugh some more and maybe youll think about our planet when you grocery shop Was this comment helpful  Yes  No 4 of 7 readers found this comment helpful report this\ncomment  kcaryl  January 01 2010 view all comments by kcaryl I really enjoyed Kingsolvers look at how to live locally for a year Part of what I truly like was that she was doing it with kids in tow Yes one daughter was in college but the other was 9 So it made her project feel doable unlike when I read This Organic Lifegreat book but an older couple with no kids And I loved the recipes she included with each month Ill admit that Kingsolver is my favorite author Period But this was an excellent look at a timely question Was this comment helpful  Yes  No 3 of 4 readers found this comment helpful report this\ncomment  livysmom27  January 01 2010 This book really opened my eyes to the importance of eating locally grown organic foods I was very inspired by the Kingsolver familys effort to eat only what they could grow themselves or obtain locally and fairly So much so that our family decided to take on chicken keeping expand our garden and resolve to purchase on fairtraded and sustainably made products\nReading Animal Vegetable Miracle was a turning point in my life as a consumer  100 for the better Was this comment helpful  Yes  No report this\ncomment  bevula  November 22 2009 view all comments by bevula Not many authors could make moving to the country and eating almost nothing but local food sound like a fun family project As we spend a crazy year with her family we learn tons of useful and surprising information about the food the rest of us are buying at the supermarket While theres no chance Ill be butchering my own turkeys anytime soon this book almost makes me wish I had the option Almost Was this comment helpful  Yes  No 1 of 1 readers found this comment helpful report this\ncomment  Edward  April 17 2009 view all comments by Edward We are converting our backyard into a communal garden My wife whom only recently began eating vegetables that werent canned supports this venture You are what you eat We should all support locally grown producers and farms I support the Peoples Market Vive le local farm Was this comment helpful  Yes  No 7 of 15 readers found this comment helpful report this\ncomment  dawn bettsgreen  August 10 2008 view all comments by dawn bettsgreen While all things Kingsolver are inherently fabulous this has quickly become my favorite one of her books second only to the Bean Trees She and her family spend a year living not just on the land but with the land and discover a few things along the way that wed all be better for knowing Anyone concerned about just what future or even or own generations are going to do in the next few decades must read this one Was this comment helpful  Yes  No 20 of 38 readers found this comment helpful report this\ncomment View all 21 comments Product Details ISBN 9780060852566 Binding Trade Paperback Publication date 04292008 Publisher HARPERCOLLINS PUBLISHERS Series info PS Pages 370 Height 130IN Width 520IN Thickness 100 Series PS Number of Units 1 Illustration Yes Copyright Year 2008 UPC Code 2800060852568 Author Camille Kingsolver Author Barbara Kingsolver Author Steven L Hopp Subject Biography  General Subject Personal Memoirs 1095 List Price 1599 Used Trade Paperback Ships in 1 to 3 days Qty Store 20 Burnside 11 Cedar Hills 6 Hawthorne 4 Local Warehouse More copies of this ISBN Used Trade Paperback 750 1 LOCOK 1 LOCOK LOCCancel 1 LOCOK LOCCancel 1 LOCOK 1 LOCOK LOCCancel 1 LOCOK LOCCancel 1 LOCOK 1 LOCOK LOCCancel 1 LOCOK LOCCancel 1 LOCOK 1 LOCOK LOCCancel 1 LOCOK LOCCancel Help Guarantee My Account Careers About Us Security Wish List Partners Contact Us Shipping Transparency ACT MRF Sitemap  2022 POWELLSCOM Terms 1 LOCOK 1 LOCOK LOCCancel 1 LOCOK LOCCancel 1 LOCOK 1 LOCOK LOCCancel 1 LOCOK LOCCancel 1 LOCOK 1 LOCOK LOCCancel 1 LOCOK LOCCancel 1 LOCOK 1 LOCOK LOCCancel 1 LOCOK LOCCancel",
    "page_rank": 5.682494665468304e-05
}