{
    "Title": " Meditations ",
    "Author": "Marcus Aurelius, Hammond",
    "Cover Page": "https://powells-covers-2.s3.amazonaws.com/9780140449334.jpg",
    "ISBN10": "0140449337  \n",
    "ISBN13": "9780140449334",
    "Page URL": "https://powells.com/book/meditations-9780140449334",
    "raw_text": "Meditations Marcus Aurelius  Hammond Trade Paperback 9780140449334 Powells Books Cart   my account  wish list  help  8008787323 Hello\n Login MENU Browse New Arrivals Bestsellers Featured Preorders Award Winners Audio Books See All Subjects Used Staff Picks Staff Picks Picks of the Month Bookseller Displays 50 Books for 50 Years 25 Best 21st Century SciFi  Fantasy 25 PNW Books to Read Before You Die 25 Books From the 21st Century 25 Memoirs to Read Before You Die 25 Global Books to Read Before You Die 25 Women to Read Before You Die 25 Books to Read Before You Die Gifts Gift Cards  eGift Cards Powells Souvenirs Journals and Notebooks socks Games Sell Books Blog Events Find A Store Dont Miss BIG SALE 20 off sitewide Picks of the Season What Im Giving Great Gifts Under 25 Best Books of 2022 Powells Author Events Oregon Battle of the Books Audio Books Visit Our Stores Powells Books 14 Gift Ideas From 14 of Our Favorite Authors 0 comment Every year Powells reaches out to some of our favorite authors for some muchneeded giftgiving inspiration Below are 14 writerapproved recommendations to help you find the perfect book for even your mostdifficulttobuyfor loved one Read More  Powells Staff Best Books of 2022 Fiction 1 comment Kelsey Ford 6 Haunting Native American Horror Books 1 comment 1 LOCOK 1 LOCOK LOCCancel 1 LOCOK LOCCancel Meditations by Marcus Aurelius Hammond Comment on this title Synopses  Reviews ISBN13 9780140449334 ISBN10 0140449337 Condition Standard All Product Details View Larger Image View Larger Images 750 List Price 1100 Used Trade Paperback Ships in 1 to 3 days Qty Store 1 Burnside 1 Cedar Hills Synopses  Reviews Publisher Comments A new translation of the philosophical journey that has inspired luminaries from Matthew Arnold to Bill Clinton Written by an intellectual Roman emperor the Meditations offer a wide range of spiritual reflections developed as the leader struggled to understand himself and the universe Marcus Aurelius covers topics as diverse as the question of virtue human rationality the nature of the gods and his own emotions spanning from doubt and despair to conviction and exaltation  Includes an introduction chronology explanatory notes general index index of quotations and index of names Synopsis Written in Greek without any intention of publication this book offers spiritual reflections and exercises developed by the author as the leader who struggled to understand himself and make sense of the universe It covers topics such as the question of virtue human rationality the nature of the gods and Aureliuss own emotions Synopsis A leading translation of Stoic philosophy in wise and practical aphorisms that have inspired Bill Clinton Ryan Holiday Anna Kendrick and many more Written in Greek by an intellectual Roman emperor without any intention of publication the Meditations of Marcus Aurelius offer a wide range of fascinating spiritual reflections and exercises developed as the leader struggled to understand himself and make sense of the universe Spanning from doubt and despair to conviction and exaltation they cover such diverse topics as the question of virtue human rationality the nature of the gods and the values of leadership But while the Meditations were composed to provide personal consolation in developing his beliefs Marcus also created one of the greatest of all works of philosophy a series of wise and practical aphorisms that have been consulted and admired by statesmen thinkers and ordinary readers for almost two thousand years To provide a full understanding of Aureliuss seminal work this edition includesexplanatory notes a general index an index of quotations an index of names andan introduction by Diskin Clay putting the work in its biographical historical and literary context a chronology of Marcus Aureliuss life and career For more than seventy years Penguin has been the leading publisher of classic literature in the Englishspeaking world With more than 1700titles Penguin Classics represents a global bookshelf of the best works throughout history and across genres and disciplines Readers trust theseries to provide authoritative texts enhanced by introductions and notes by distinguished scholars and contemporary authors as well as uptodatetranslations by awardwinning translators Synopsis A new series of beautiful hardcover nonfiction classics with covers designed by Coralie BickfordSmith Worldchanging ideas meet eyecatching design the best titles of the extraordinarily successful Great Ideas series are now packaged in Coralie BickfordSmiths distinctive awardwinning covers Whether on a wellcurated shelf or in your back pocket these timeless works of philosophical political and psychological thought are absolute musthaves for book collectors as well as design enthusiasts About the Author Marcus Aelius Aurelius Antoninus 121180 CE was adopted by the emperor Antoninus Pius and succeeded him in 161 as joint emperor with adoptive brother Lucius Verus The last of the socalled Five Good Emperors he ruled alone from 169\u00a0 Presiding over a changing Rome he spent much of his reign in putting down variou rebellions Today he is bestknow for his Meditations a series of reflections strongly influenced by Epictetus which cemented his place as one of the greatest Stoic Philosophers He died in 180 and was succeed by his natural son thus ending the period of the adoptive emperors Diskin Clay is Professor Emeritus of Classical Studies at Duke University and has published widely in the area of Ancient Greek Philosophy Martin Hammond was Head Master of Tonbridge School and has translated many works of classic literature including Homers Iliad for Penguin Classics What Our Readers Are Saying Be the first to share your thoughts on this title Product Details ISBN 9780140449334 Binding Trade Paperback Publication date 11012006 Publisher PENGUIN PUTNAM TRADE Series info Penguin Classics Pages 304 Height 70IN Width 500IN Thickness 75 Series Penguin Classics Age Range 18 and up Grade Range 13 and up Number of Units 1 Copyright Year 2006 UPC Code 2800140449336 Author Marcus Aurelius Author Hammond Ed Martin Hammond Subject Philosophy Subject Philosophy ancient Subject General Philosophy Subject Stoics 750 List Price 1100 Used Trade Paperback Ships in 1 to 3 days Qty Store 1 Burnside 1 Cedar Hills More copies of this ISBN New Trade Paperback 1100 1 LOCOK 1 LOCOK LOCCancel 1 LOCOK LOCCancel 1 LOCOK 1 LOCOK LOCCancel 1 LOCOK LOCCancel 1 LOCOK 1 LOCOK LOCCancel 1 LOCOK LOCCancel 1 LOCOK 1 LOCOK LOCCancel 1 LOCOK LOCCancel Help Guarantee My Account Careers About Us Security Wish List Partners Contact Us Shipping Transparency ACT MRF Sitemap  2022 POWELLSCOM Terms 1 LOCOK 1 LOCOK LOCCancel 1 LOCOK LOCCancel 1 LOCOK 1 LOCOK LOCCancel 1 LOCOK LOCCancel 1 LOCOK 1 LOCOK LOCCancel 1 LOCOK LOCCancel 1 LOCOK 1 LOCOK LOCCancel 1 LOCOK LOCCancel",
    "page_rank": 3.873185017316509e-05
}