{
    "Title": " Complete Idiots Guide To Ballroom Dancing ",
    "Author": "Jeff Allen",
    "Cover Page": "https://covers.powells.com/9780028643458.jpg",
    "ISBN10": "0028643453  \n",
    "ISBN13": "9780028643458",
    "Page URL": "https://powells.com/book/complete-idiots-guide-to-ballroom-dancing-9780028643458",
    "raw_text": "Complete Idiots Guide To Ballroom Dancing Jeff Allen Trade Paperback 9780028643458 Powells Books Cart   my account  wish list  help  8008787323 Hello\n Login MENU Browse New Arrivals Bestsellers Featured Preorders Award Winners Audio Books See All Subjects Used Staff Picks Staff Picks Picks of the Month Bookseller Displays 50 Books for 50 Years 25 Best 21st Century SciFi  Fantasy 25 PNW Books to Read Before You Die 25 Books From the 21st Century 25 Memoirs to Read Before You Die 25 Global Books to Read Before You Die 25 Women to Read Before You Die 25 Books to Read Before You Die Gifts Gift Cards  eGift Cards Powells Souvenirs Journals and Notebooks socks Games Sell Books Blog Events Find A Store Dont Miss BIG SALE 20 off sitewide Picks of the Season What Im Giving Great Gifts Under 25 Best Books of 2022 Powells Author Events Oregon Battle of the Books Audio Books Visit Our Stores Powells Books 14 Gift Ideas From 14 of Our Favorite Authors 0 comment Every year Powells reaches out to some of our favorite authors for some muchneeded giftgiving inspiration Below are 14 writerapproved recommendations to help you find the perfect book for even your mostdifficulttobuyfor loved one Read More  Powells Staff Best Books of 2022 Fiction 1 comment Kelsey Ford 6 Haunting Native American Horror Books 1 comment 1 LOCOK 1 LOCOK LOCCancel 1 LOCOK LOCCancel Complete Idiots Guide To Ballroom Dancing by Jeff Allen Comment on this title Synopses  Reviews ISBN13 9780028643458 ISBN10 0028643453 Condition Standard All Product Details View Larger Image View Larger Images 1250 List Price 1995 Used Trade Paperback Ships in 1 to 3 days Qty Store 2 Cedar Hills Synopses  Reviews Publisher Comments Ballroom dancing is back And now anyone can move like a pro DVD included In addition to the stepbystep photos footwork illustrations and instruction covering all the common ballroom dances this new edition of the bestselling Complete Idiots Guideto Ballroom Dancing includes a 90minute instructional DVD featuring awardwinning dancer and dance instructor Jeff Allen It corresponds with the text seamlessly giving readers the next best thing to oneonone instruction at a fraction of the cost The 1 selling ballroom dancing book Includes a fantastic new instructional DVD and hundreds of illustrations and instructions Allen is a renowned awardwinning ballroomdance teacher About the Author  Jeff Allen is a columnist for Dancing USA magazine and the author of four books on social and ballroom dancing and holds membership credentials with the North American Dance Teachers Association Inc and the Pan American Teachers Association He has won more than 30 Top Teacher awards and is considered one of the top 25 dance instructors What Our Readers Are Saying Be the first to share your thoughts on this title Product Details ISBN 9780028643458 Binding Trade Paperback Publication date 04012002 Publisher ALPHA BOOKS Accompanying Material CD ROM Pages 304 Grade Range Generaltrade Number of Units 1 Publication Country United States Copyright Year 2002 Series Volume bd 58 nr 2 UPC Code 2800028643450 Author Jeff Allen Author Jeffrey Allen Subject Ballroom dancing 1250 List Price 1995 Used Trade Paperback Ships in 1 to 3 days Qty Store 2 Cedar Hills 1 LOCOK 1 LOCOK LOCCancel 1 LOCOK LOCCancel 1 LOCOK 1 LOCOK LOCCancel 1 LOCOK LOCCancel 1 LOCOK 1 LOCOK LOCCancel 1 LOCOK LOCCancel 1 LOCOK 1 LOCOK LOCCancel 1 LOCOK LOCCancel Help Guarantee My Account Careers About Us Security Wish List Partners Contact Us Shipping Transparency ACT MRF Sitemap  2022 POWELLSCOM Terms 1 LOCOK 1 LOCOK LOCCancel 1 LOCOK LOCCancel 1 LOCOK 1 LOCOK LOCCancel 1 LOCOK LOCCancel 1 LOCOK 1 LOCOK LOCCancel 1 LOCOK LOCCancel 1 LOCOK 1 LOCOK LOCCancel 1 LOCOK LOCCancel",
    "page_rank": 3.6453356616381714e-05
}