{
    "Title": " Sour Grape ",
    "Author": "Jory John, Pete Oswald",
    "Cover Page": "https://powells-covers-2.s3.amazonaws.com/9780063045415.jpg",
    "ISBN10": "0063045419  \n",
    "ISBN13": "9780063045415",
    "Page URL": "https://powells.com/book/sour-grape-9780063045415",
    "raw_text": "The Sour Grape Jory John Hardcover 9780063045415 Powells Books Cart   my account  wish list  help  8008787323 Hello\n Login MENU Browse New Arrivals Bestsellers Featured Preorders Award Winners Audio Books See All Subjects Used Staff Picks Staff Picks Picks of the Month Bookseller Displays 50 Books for 50 Years 25 Best 21st Century SciFi  Fantasy 25 PNW Books to Read Before You Die 25 Books From the 21st Century 25 Memoirs to Read Before You Die 25 Global Books to Read Before You Die 25 Women to Read Before You Die 25 Books to Read Before You Die Gifts Gift Cards  eGift Cards Powells Souvenirs Journals and Notebooks socks Games Sell Books Blog Events Find A Store Dont Miss BIG SALE 20 off sitewide Picks of the Season What Im Giving Great Gifts Under 25 Best Books of 2022 Powells Author Events Oregon Battle of the Books Audio Books Visit Our Stores Powells Books 14 Gift Ideas From 14 of Our Favorite Authors 0 comment Every year Powells reaches out to some of our favorite authors for some muchneeded giftgiving inspiration Below are 14 writerapproved recommendations to help you find the perfect book for even your mostdifficulttobuyfor loved one Read More  Powells Staff Best Books of 2022 Fiction 1 comment Kelsey Ford 6 Haunting Native American Horror Books 1 comment 1 LOCOK 1 LOCOK LOCCancel 1 LOCOK LOCCancel Sour Grape by Jory John Pete Oswald Comment on this title Synopses  Reviews ISBN13 9780063045415 ISBN10 0063045419 All Product Details View Larger Image View Larger Images 1999 New Hardcover Ships in 1 to 3 days Qty Store 15 Burnside 8 Cedar Hills 3 Hawthorne 20 Local Warehouse Synopses  Reviews Synopsis Dont miss the sixth picture book in the 1 New York Times bestselling Food Group series thats ripe with humor from Jory John and Pete Oswald The Sour Grape holds grudges for every reason under the sun Lime never returned a scarf they borrowed Grudge Orange never called back Grudge But when a friend holds a grudge against the Sour Grape without listening to an explanation the Sour Grape realizes how unfair grudges can be Could a bunch of forgiveness and compassion be enough to turn a sour grape sweet Jory John and Pete Oswald serve up another heaping plate of laughs and lessons with this empowering witty and charming addition to their 1 New York Times bestselling series Check Out Jory John and Pete Oswalds other funny bestselling books for kids 48 and anyone who wants a laugh The Bad Seed The Good Egg The Cool Bean The Couch Potato The Smart Cookie The Good Egg Presents The Great Eggscape The Bad Seed Presents The Good the Bad the Spooky The Cool Bean Presents As Cool As It Gets Thats What Dinosaurs Do Synopsis The Instant 1 New York Times Bestseller Dont miss the sixth picture book in the 1 New York Times bestselling Food Group series thats ripe with humor from Jory John and Pete Oswald The Sour Grape holds grudges for every reason under the sun Lime never returned a scarf they borrowed Grudge Orange never called back Grudge But when a friend holds a grudge against the Sour Grape without listening to an explanation the Sour Grape realizes how unfair grudges can be Could a bunch of forgiveness and compassion be enough to turn a sour grape sweet Jory John and Pete Oswald serve up another heaping plate of laughs and lessons with this empowering witty and charming addition to their 1 New York Times bestselling series Check Out Jory John and Pete Oswalds other funny bestselling books for kids 48 and anyone who wants a laugh The Bad Seed The Good Egg The Cool Bean The Couch Potato The Smart Cookie The Good Egg Presents The Great Eggscape The Bad Seed Presents The Good the Bad the Spooky The Cool Bean Presents As Cool As It Gets Thats What Dinosaurs Do What Our Readers Are Saying Be the first to share your thoughts on this title Product Details ISBN 9780063045415 Binding Hardcover Publication date 11012022 Publisher HARPERCOLLINS PUBLISHERS Pages 40 Height 40IN Width 934IN Age Range 4 to 8 Grade Range P to 3 Illustration Yes Author Jory John  Pete Oswald Author Pete Oswald 1999 New Hardcover Ships in 1 to 3 days Qty Store 15 Burnside 8 Cedar Hills 3 Hawthorne 20 Local Warehouse Receive an email when this ISBN is available used 1 LOCOK 1 LOCOK LOCCancel 1 LOCOK LOCCancel 1 LOCOK 1 LOCOK LOCCancel 1 LOCOK LOCCancel 1 LOCOK 1 LOCOK LOCCancel 1 LOCOK LOCCancel 1 LOCOK 1 LOCOK LOCCancel 1 LOCOK LOCCancel Help Guarantee My Account Careers About Us Security Wish List Partners Contact Us Shipping Transparency ACT MRF Sitemap  2022 POWELLSCOM Terms 1 LOCOK 1 LOCOK LOCCancel 1 LOCOK LOCCancel 1 LOCOK 1 LOCOK LOCCancel 1 LOCOK LOCCancel 1 LOCOK 1 LOCOK LOCCancel 1 LOCOK LOCCancel 1 LOCOK 1 LOCOK LOCCancel 1 LOCOK LOCCancel",
    "page_rank": 3.89219409199561e-05
}