{
    "Title": " Nutcracker ",
    "Author": "Susan Jeffers",
    "Cover Page": "https://covers.powells.com/9780060743864.jpg",
    "ISBN10": "0060743867  \n",
    "ISBN13": "9780060743864",
    "Page URL": "https://powells.com/book/nutcracker-9780060743864",
    "raw_text": "Nutcracker E T A Hoffmann Susan Jeffers Hardcover 9780060743864 Powells Books Cart   my account  wish list  help  8008787323 Hello\n Login MENU Browse New Arrivals Bestsellers Featured Preorders Award Winners Audio Books See All Subjects Used Staff Picks Staff Picks Picks of the Month Bookseller Displays 50 Books for 50 Years 25 Best 21st Century SciFi  Fantasy 25 PNW Books to Read Before You Die 25 Books From the 21st Century 25 Memoirs to Read Before You Die 25 Global Books to Read Before You Die 25 Women to Read Before You Die 25 Books to Read Before You Die Gifts Gift Cards  eGift Cards Powells Souvenirs Journals and Notebooks socks Games Sell Books Blog Events Find A Store Dont Miss BIG SALE 20 off sitewide Picks of the Season What Im Giving Great Gifts Under 25 Best Books of 2022 Powells Author Events Oregon Battle of the Books Audio Books Visit Our Stores Powells Books 14 Gift Ideas From 14 of Our Favorite Authors 0 comment Every year Powells reaches out to some of our favorite authors for some muchneeded giftgiving inspiration Below are 14 writerapproved recommendations to help you find the perfect book for even your mostdifficulttobuyfor loved one Read More  Powells Staff Best Books of 2022 Fiction 1 comment Kelsey Ford 6 Haunting Native American Horror Books 1 comment 1 LOCOK 1 LOCOK LOCCancel 1 LOCOK LOCCancel Nutcracker by Susan Jeffers Comment on this title Synopses  Reviews ISBN13 9780060743864 ISBN10 0060743867 Condition Standard DustJacket Standard All Product Details View Larger Image View Larger Images 1295 List Price 1899 Used Hardcover Ships in 1 to 3 days Qty Store 1 Cedar Hills Synopses  Reviews Publisher Comments Itand8217s Christmastime and Tallulah finally gets what sheand8217s been wishing forand8212a part in a realand160 ballet a professional production of The Nutcracker Sheand8217s only a mouse but she works as hard as if sheand160had beenand160castand160as the Sugar Plum Fairy On the night of the show everything is perfect But then disaster strikes Does Tallulah have what it takes to become a real ballerina A welltold story gorgeous illustrations and a beloved character conspire to make a positivelyand160magical Christmas book Review Jefferss romantic detailrich illustrations are based on the Balanchine balletJeffers offers a satisfying extension The Horn Book Review Jeffers lush watercolorswill wholly satisfy familiesthis treatment will earn curtain calls galore ALA Booklist Review Energetic and childfriendlyJefferss soft watercolorscapture both the drama of the classic story and the elegance of choreography Publishers Weekly Review Skillfully retold with just a few lines of text per pagean excellent introduction to the ballet for younger children Kirkus Reviews starred review Review A 2013and160Oppenheim Toy Portfolioand160Platinum Award Winner and160 and160 Tallulah shines as a real little dancer with her own distinct style learning step by step and8212 Kirkus With expressive insouciant watercolor illustrations ballet terms like sissone sprinkled sparingly throughout the text and the obligatory glitterheavy jacket art this is a charming holiday choice and8212 School Library Journal As in the previous Tallulah books Boigers muted watercolors offer understated elegance while Singer gingerly addresses how the wisdom of caring adults and role models can bring valuable perspective to a moment of humiliation and8212 Publishers Weekly An unsugarcoated but humorous portrayal of life in the theater for young dancersand an encouraging example for any reader and8212 The Horn Book Magazine Synopsis New York Times bestselling artist Susan Jeffers has created a Nutcracker unlike any that has gone before with a lovely spare text based on the ballet This is the perfect gift to share with children before they see The Nutcracker  Everyone who has seen the ballet will cherish itas will anyone who enjoys stories where love triumphs Come take a frontrow seat The worlds most beloved holiday fairy tale is about to begin Synopsis Caldecott Honor and New York Times bestselling artist Susan Jeffers has created a Nutcracker as only she canwith lavish illustrations magnificent detail and enchanting holiday scenes on every page This is the Nutcracker as youve never seen it before Join Marie Fritz and the intriguing Nutcracker himself on a magical adventure only possible on a night like Christmas Eve Behold the frightful Mouse King the elegant Sugar Plum fairies and the entire Land of Sweets in this dazzling gorgeouslyillustrated holiday classic With spare text based on the story in the ballet this book offers a frontrow seat to the charming tale that is a perennial favorite of children and adults alike Synopsis Just in time for Christmas Tallulah is about to get her fondest wisha starring role in a real production of The Nutcracker  About the Author Susan Jeffers a New York Times bestselling artist has won the ABBY from the American Booksellers Association a Caldecott Honor from the American Library Association and the Pomme dOr de Bratislava Her work has been exhibited in the Metropolitan Museum of Art the Brooklyn Museum and the Norman Rockwell Museum Her books including Brother Eagle Sister Sky and the perennial bestsellers The Nutcracker and Robert Frosts Stopping by Woods on a Snowy Evening  have sold millions of copies and have been published around the world Susan Jeffers lives in Westchester County New York Susan Jeffers a New York Times bestselling artist has won the ABBY from the American Booksellers Association a Caldecott Honor from the American Library Association and the Pomme dOr de Bratislava Her work has been exhibited in the Metropolitan Museum of Art the Brooklyn Museum and the Norman Rockwell Museum Her books including Brother Eagle Sister Sky and the perennial bestsellers The Nutcracker and Robert Frosts Stopping by Woods on a Snowy Evening  have sold millions of copies and have been published around the world Susan Jeffers lives in Westchester County New York What Our Readers Are Saying Be the first to share your thoughts on this title Product Details ISBN 9780060743864 Binding Hardcover Publication date 09252007 Publisher HARPERCOLLINS PUBLISHERS Pages 40 Height 40IN Width 980IN Thickness 25 Age Range 4 to 8 Grade Range P to 3 Number of Units 1 Illustration Yes Copyright Year 2007 UPC Code 2800060743866 Author Susan Jeffers Author E T A Hoffmann Author MaryClaire Helldorfer Author Susan Jeffers Subject Children s HolidayChristmas Subject Christmas Subject Fairy tales 1295 List Price 1899 Used Hardcover Ships in 1 to 3 days Qty Store 1 Cedar Hills More copies of this ISBN New Hardcover 1799 Used Hardcover 1250 1 LOCOK 1 LOCOK LOCCancel 1 LOCOK LOCCancel 1 LOCOK 1 LOCOK LOCCancel 1 LOCOK LOCCancel 1 LOCOK 1 LOCOK LOCCancel 1 LOCOK LOCCancel 1 LOCOK 1 LOCOK LOCCancel 1 LOCOK LOCCancel Help Guarantee My Account Careers About Us Security Wish List Partners Contact Us Shipping Transparency ACT MRF Sitemap  2022 POWELLSCOM Terms 1 LOCOK 1 LOCOK LOCCancel 1 LOCOK LOCCancel 1 LOCOK 1 LOCOK LOCCancel 1 LOCOK LOCCancel 1 LOCOK 1 LOCOK LOCCancel 1 LOCOK LOCCancel 1 LOCOK 1 LOCOK LOCCancel 1 LOCOK LOCCancel",
    "page_rank": 3.6453356616381714e-05
}