{
    "Title": " Codependent No More How To Stop Controlling Others & Start Caring for Yourself ",
    "Author": "Melody Beattie",
    "Cover Page": "https://covers.powells.com/9780062554468.jpg",
    "ISBN10": "0062554468  \n",
    "ISBN13": "9780062554468",
    "Page URL": "https://powells.com/book/codependent-no-more-how-to-stop-controlling-others-start-caring-for-yourself-9780062554468",
    "raw_text": "Codependent No More How To Stop Controlling Others  Start Caring for Yourself Melody Beattie Trade Paperback 9780062554468 Powells Books Cart   my account  wish list  help  8008787323 Hello\n Login MENU Browse New Arrivals Bestsellers Featured Preorders Award Winners Audio Books See All Subjects Used Staff Picks Staff Picks Picks of the Month Bookseller Displays 50 Books for 50 Years 25 Best 21st Century SciFi  Fantasy 25 PNW Books to Read Before You Die 25 Books From the 21st Century 25 Memoirs to Read Before You Die 25 Global Books to Read Before You Die 25 Women to Read Before You Die 25 Books to Read Before You Die Gifts Gift Cards  eGift Cards Powells Souvenirs Journals and Notebooks socks Games Sell Books Blog Events Find A Store Dont Miss BIG SALE 20 off sitewide Picks of the Season What Im Giving Great Gifts Under 25 Best Books of 2022 Powells Author Events Oregon Battle of the Books Audio Books Visit Our Stores Powells Books 14 Gift Ideas From 14 of Our Favorite Authors 0 comment Every year Powells reaches out to some of our favorite authors for some muchneeded giftgiving inspiration Below are 14 writerapproved recommendations to help you find the perfect book for even your mostdifficulttobuyfor loved one Read More  Powells Staff Best Books of 2022 Fiction 1 comment Kelsey Ford 6 Haunting Native American Horror Books 1 comment 1 LOCOK 1 LOCOK LOCCancel 1 LOCOK LOCCancel Codependent No More How To Stop Controlling Others  Start Caring for Yourself by Melody Beattie Comment on this title ISBN13 9780062554468 ISBN10 0062554468 Condition Standard All Product Details View Larger Image View Larger Images 695 List Price 1000 Used Trade Paperback Ships in 1 to 3 days Qty Store 3 Hawthorne 2 Local Warehouse Description Includes bibliographical references p 243248 5 2 What Our Readers Are Saying Share your thoughts on this title Average customer rating 5 2 comments  KAREN MONROE  November 18 2008 An amazing book An amazing awareness to have Wow Was this comment helpful  Yes  No 6 of 9 readers found this comment helpful report this\ncomment  Elaine Lawrence  August 14 2008 A friend found this book for me when I was trying to find alanon books\nI would highly recommend this book I wish I had had it 35 years ago when I was struggling for answers If I had found this information it would have made my live so much better for me and my children I am getting copies for myself and my kids Was this comment helpful  Yes  No 7 of 10 readers found this comment helpful report this\ncomment Product Details ISBN 9780062554468 Binding Trade Paperback Publication date 11011992 Publisher HARPERCOLLINS PUBLISHERS Series info 32 Chemistry section Pages 248 p Copyright Year 1987 Series Volume 184 UPC Code 2800062554460 Author Melody Beattie Subject Self Care Subject Selfcare health Subject Family 695 List Price 1000 Used Trade Paperback Ships in 1 to 3 days Qty Store 3 Hawthorne 2 Local Warehouse More copies of this ISBN Used Trade Paperback Starting from 550 This title in other editions New Trade Paperback 1800 Used Trade Paperback Starting from 795 1 LOCOK 1 LOCOK LOCCancel 1 LOCOK LOCCancel 1 LOCOK 1 LOCOK LOCCancel 1 LOCOK LOCCancel 1 LOCOK 1 LOCOK LOCCancel 1 LOCOK LOCCancel 1 LOCOK 1 LOCOK LOCCancel 1 LOCOK LOCCancel Help Guarantee My Account Careers About Us Security Wish List Partners Contact Us Shipping Transparency ACT MRF Sitemap  2022 POWELLSCOM Terms 1 LOCOK 1 LOCOK LOCCancel 1 LOCOK LOCCancel 1 LOCOK 1 LOCOK LOCCancel 1 LOCOK LOCCancel 1 LOCOK 1 LOCOK LOCCancel 1 LOCOK LOCCancel 1 LOCOK 1 LOCOK LOCCancel 1 LOCOK LOCCancel",
    "page_rank": 3.884761198326101e-05
}