{
    "Title": " Pax CD ",
    "Author": "Sara Pennypacker, Michael Curran Dorsano",
    "Cover Page": "https://powells-covers-2.s3.amazonaws.com/9780062443960.jpg",
    "ISBN10": "0062443968  \n",
    "ISBN13": "9780062443960",
    "Page URL": "https://powells.com/book/pax-cd-9780062443960",
    "raw_text": "Pax Pennypacker Sara Compact Disc 9780062443960 Powells Books Cart   my account  wish list  help  8008787323 Hello\n Login MENU Browse New Arrivals Bestsellers Featured Preorders Award Winners Audio Books See All Subjects Used Staff Picks Staff Picks Picks of the Month Bookseller Displays 50 Books for 50 Years 25 Best 21st Century SciFi  Fantasy 25 PNW Books to Read Before You Die 25 Books From the 21st Century 25 Memoirs to Read Before You Die 25 Global Books to Read Before You Die 25 Women to Read Before You Die 25 Books to Read Before You Die Gifts Gift Cards  eGift Cards Powells Souvenirs Journals and Notebooks socks Games Sell Books Blog Events Find A Store Dont Miss BIG SALE 20 off sitewide Picks of the Season What Im Giving Great Gifts Under 25 Best Books of 2022 Powells Author Events Oregon Battle of the Books Audio Books Visit Our Stores Powells Books 14 Gift Ideas From 14 of Our Favorite Authors 0 comment Every year Powells reaches out to some of our favorite authors for some muchneeded giftgiving inspiration Below are 14 writerapproved recommendations to help you find the perfect book for even your mostdifficulttobuyfor loved one Read More  Powells Staff Best Books of 2022 Fiction 1 comment Kelsey Ford 6 Haunting Native American Horror Books 1 comment 1 LOCOK 1 LOCOK LOCCancel 1 LOCOK LOCCancel Pax CD by Sara Pennypacker Michael Curran Dorsano Comment on this title Synopses  Reviews ISBN13 9780062443960 ISBN10 0062443968 All Product Details View Larger Image View Larger Images 1195 List Price 2599 New Compact Disc Ships in 1 to 3 days Qty Store 1 Burnside Synopses  Reviews Synopsis Pax and Peter have been inseparable ever since Peter rescued him as a kit But one day the unimaginable happens Peters dad enlists in the military and makes him return the fox to the wild At his grandfathers house three hundred miles away from home Peter knows he isnt where he should bewith Pax He strikes out on his own despite the encroaching war spurred by love loyalty and grief to be reunited with his fox Meanwhile Pax steadfastly waiting for his boy embarks on adventures and discoveries of his own    From bestselling and awardwinning author Sara Pennypacker comes a beautifully wrought utterly compelling novel about the essential truths that define us and the devastating costs of war Pax is destined to become a beloved classic About the Author When Sara Pennypacker was a kid she thought her parents job was to keep life dull She is very much afraid her own children felt the same way about her Now that shes grown up she is the author of the acclaimed middle grade novel Summer of the Gypsy Moths  the awardwinning New York Times bestselling Clementine chapter book series and the picture books Pierre in Love and Sparrow Girl  She divides her time between Cape Cod and Florida What Our Readers Are Saying Be the first to share your thoughts on this title Product Details ISBN 9780062443960 Binding Compact Disc Publication date 02022016 Publisher HARPERCOLLINS PUBLISHERS Height 80IN Width 520IN Age Range 8 to 12 Grade Range 3 to 7 Author Sara Pennypacker Author Michael Curran Dorsano Oth Michael CurranDorsano 1195 List Price 2599 New Compact Disc Ships in 1 to 3 days Qty Store 1 Burnside Receive an email when this ISBN is available used 1 LOCOK 1 LOCOK LOCCancel 1 LOCOK LOCCancel 1 LOCOK 1 LOCOK LOCCancel 1 LOCOK LOCCancel 1 LOCOK 1 LOCOK LOCCancel 1 LOCOK LOCCancel 1 LOCOK 1 LOCOK LOCCancel 1 LOCOK LOCCancel Help Guarantee My Account Careers About Us Security Wish List Partners Contact Us Shipping Transparency ACT MRF Sitemap  2022 POWELLSCOM Terms 1 LOCOK 1 LOCOK LOCCancel 1 LOCOK LOCCancel 1 LOCOK 1 LOCOK LOCCancel 1 LOCOK LOCCancel 1 LOCOK 1 LOCOK LOCCancel 1 LOCOK LOCCancel 1 LOCOK 1 LOCOK LOCCancel 1 LOCOK LOCCancel",
    "page_rank": 3.276202328858832e-05
}