{
    "Title": " Once Upon a Time in Hollywood ",
    "Author": "Quentin Tarantino",
    "Cover Page": "https://covers.powells.com/9780063112520.jpg",
    "ISBN10": "dition:  Like",
    "ISBN13": "9780063112520",
    "Page URL": "https://powells.com/book/once-upon-a-time-in-hollywood-9780063112520",
    "raw_text": "ONCE UPON A TIME IN HOLLYWOOD Quentin Tarantino Mass Market 9780063112520 Powells Books Cart   my account  wish list  help  8008787323 Hello\n Login MENU Browse New Arrivals Bestsellers Featured Preorders Award Winners Audio Books See All Subjects Used Staff Picks Staff Picks Picks of the Month Bookseller Displays 50 Books for 50 Years 25 Best 21st Century SciFi  Fantasy 25 PNW Books to Read Before You Die 25 Books From the 21st Century 25 Memoirs to Read Before You Die 25 Global Books to Read Before You Die 25 Women to Read Before You Die 25 Books to Read Before You Die Gifts Gift Cards  eGift Cards Powells Souvenirs Journals and Notebooks socks Games Sell Books Blog Events Find A Store Dont Miss BIG SALE 20 off sitewide Picks of the Season What Im Giving Great Gifts Under 25 Best Books of 2022 Powells Author Events Oregon Battle of the Books Audio Books Visit Our Stores Powells Books 14 Gift Ideas From 14 of Our Favorite Authors 0 comment Every year Powells reaches out to some of our favorite authors for some muchneeded giftgiving inspiration Below are 14 writerapproved recommendations to help you find the perfect book for even your mostdifficulttobuyfor loved one Read More  Powells Staff Best Books of 2022 Fiction 1 comment Kelsey Ford 6 Haunting Native American Horror Books 1 comment 1 LOCOK 1 LOCOK LOCCancel 1 LOCOK LOCCancel Once Upon a Time in Hollywood by Quentin Tarantino Comment on this title Synopses  Reviews ISBN13 9780063112520 Condition Like New All Product Details View Larger Image View Larger Images 498 List Price 999 Used Mass Market Ships in 1 to 3 days Qty Store 23 Burnside 9 Cedar Hills 8 Hawthorne 20 Local Warehouse Synopses  Reviews Publisher Comments Quentin Tarantinos longawaited first work of fiction  at once hilarious delicious and brutal  is the always surprising sometimes shocking new novel based on his Academy Awardwinning film RICK DALTON  Once he had his own TV series but now Ricks a washedup villainofthe week drowning his sorrows in whiskey sours Will a phone call from Rome save his fate or seal it CLIFF BOOTH  Ricks stunt double and the most infamous man on any movie set because hes the only one there who might have gotten away with murder SHARON TATE  She left Texas to chase a moviestar dream and found it Sharons salad days are now spent on Cielo Drive high in the Hollywood Hills CHARLES MANSON  The excons got a bunch of zonkedout hippies thinking hes their spiritual leader but hed trade it all to be a rock n roll star HOLLYWOOD 1969  YOU SHOULDA BEEN THERE What Our Readers Are Saying Be the first to share your thoughts on this title Product Details ISBN 9780063112520 Binding Mass Market Publication date 06292021 Publisher Harper Perennial Author Quentin Tarantino 498 List Price 999 Used Mass Market Ships in 1 to 3 days Qty Store 23 Burnside 9 Cedar Hills 8 Hawthorne 20 Local Warehouse More copies of this ISBN New Mass Market 999 Used Mass Market Starting from 495 1 LOCOK 1 LOCOK LOCCancel 1 LOCOK LOCCancel 1 LOCOK 1 LOCOK LOCCancel 1 LOCOK LOCCancel 1 LOCOK 1 LOCOK LOCCancel 1 LOCOK LOCCancel 1 LOCOK 1 LOCOK LOCCancel 1 LOCOK LOCCancel Help Guarantee My Account Careers About Us Security Wish List Partners Contact Us Shipping Transparency ACT MRF Sitemap  2022 POWELLSCOM Terms 1 LOCOK 1 LOCOK LOCCancel 1 LOCOK LOCCancel 1 LOCOK 1 LOCOK LOCCancel 1 LOCOK LOCCancel 1 LOCOK 1 LOCOK LOCCancel 1 LOCOK LOCCancel 1 LOCOK 1 LOCOK LOCCancel 1 LOCOK LOCCancel",
    "page_rank": 4.074629616275574e-05
}