{
    "Title": " Warriors 01 Into the Wild ",
    "Author": "Erin Hunter, Dave Stevenson",
    "Cover Page": "https://covers.powells.com/9780062366962.jpg",
    "ISBN10": "0062366963  \n",
    "ISBN13": "9780062366962",
    "Page URL": "https://powells.com/book/warriors-01-into-the-wild-9780062366962",
    "raw_text": "Warriors 01 Into the Wild Erin Hunter Dave Stevenson Trade Paperback 9780062366962 Powells Books Cart   my account  wish list  help  8008787323 Hello\n Login MENU Browse New Arrivals Bestsellers Featured Preorders Award Winners Audio Books See All Subjects Used Staff Picks Staff Picks Picks of the Month Bookseller Displays 50 Books for 50 Years 25 Best 21st Century SciFi  Fantasy 25 PNW Books to Read Before You Die 25 Books From the 21st Century 25 Memoirs to Read Before You Die 25 Global Books to Read Before You Die 25 Women to Read Before You Die 25 Books to Read Before You Die Gifts Gift Cards  eGift Cards Powells Souvenirs Journals and Notebooks socks Games Sell Books Blog Events Find A Store Dont Miss BIG SALE 20 off sitewide Picks of the Season What Im Giving Great Gifts Under 25 Best Books of 2022 Powells Author Events Oregon Battle of the Books Audio Books Visit Our Stores Powells Books 14 Gift Ideas From 14 of Our Favorite Authors 0 comment Every year Powells reaches out to some of our favorite authors for some muchneeded giftgiving inspiration Below are 14 writerapproved recommendations to help you find the perfect book for even your mostdifficulttobuyfor loved one Read More  Powells Staff Best Books of 2022 Fiction 1 comment Kelsey Ford 6 Haunting Native American Horror Books 1 comment 1 LOCOK 1 LOCOK LOCCancel 1 LOCOK LOCCancel Warriors 01 Into the Wild by Erin Hunter Dave Stevenson Comment on this title Synopses  Reviews ISBN13 9780062366962 ISBN10 0062366963 Condition Standard All Product Details View Larger Image View Larger Images 550 List Price 899 Used Trade Paperback Ships in 1 to 3 days Qty Store 1 Burnside Synopses  Reviews Publisher Comments Join the legion of fans who have made Erin Hunters Warriors series a 1 national bestseller  with new editions featuring a striking new look Epic adventures Fierce warrior cats A thrilling fantasy world It all begins here with Warriors 1 Into the Wild  For generations four Clans of wild cats have shared the forest according to the laws laid down by their ancestors But the warrior code is threatened and the ThunderClan cats are in grave danger The sinister ShadowClan grows stronger every day Noble warriors are dying  and some deaths are more mysterious than others In the midst of this turmoil appears an ordinary housecat named Rusty who may turn out to be the bravest warrior of them all Supports the Common Core State Standards Review Actionpacked adventure Certain to please any young reader who has ever wondered what dreams of grandeur may haunt the family cat Publishers Weekly Review The first spinetingling episode in the planned Warriors series Sure to appeal tofollowers of Brian Jacques ongoing Redwall series ALA Booklist Review The cat characters are true to their feline nature making this sure to appeal to fans of Clare Bells long popular Rathas Creature and its sequels and to followers of Brian Jacques ongoing Redwall series Booklist Synopsis Epic adventures Fierce warrior cats A thrilling fantasy world It all begins here Read the book that began a phenomenonand join the legion of fans who have made Erin Hunters Warriors series a 1 national bestseller For generations four Clans of wild cats have shared the forest according to the laws laid down by their ancestors But the warrior code has been threatened and the ThunderClan cats are in grave danger The sinister ShadowClan grows stronger every day Noble warriors are dyingand some deaths are more mysterious than others In the midst of this turmoil appears an ordinary housecat named Rusty who may turn out to be the bravest warrior of them all Synopsis Epic adventures Fierce warrior cats A thrilling fantasy world It all begins here This middle grade novel is an excellent choice for tween readers in grades 4 to 6 especially during homeschooling Its a fun way to keep your child entertained and engaged while not in the classroom Read the book that began a phenomenonand join the legion of fans who have made Erin Hunters Warriors series a 1 national bestseller For generations four Clans of wild cats have shared the forest according to the laws laid down by their ancestors But the warrior code has been threatened and the ThunderClan cats are in grave danger The sinister ShadowClan grows stronger every day Noble warriors are dyingand some deaths are more mysterious than others In the midst of this turmoil appears an ordinary housecat named Rusty who may turn out to be the bravest warrior of them all About the Author Erin Hunter is inspired by a fascination with the ferocity of the natural world As well as having great respect for nature in all its forms Erin enjoys creating rich mythical explanations for animal behavior She is also the author of the bestselling Warriors and Seekers series What Our Readers Are Saying Be the first to share your thoughts on this title Product Details ISBN 9780062366962 Binding Trade Paperback Publication date 03172015 Publisher HARPERCOLLINS PUBLISHERS Series info Warriors Pages 320 Height 70IN Width 517IN Thickness 100 Series Number 1 Age Range 8 to 12 Grade Range 3 to 7 Illustration Yes Series Volume 1 Author Erin Hunter Author Dave Stevenson Subject Children sScience Fiction and Fantasy 550 List Price 899 Used Trade Paperback Ships in 1 to 3 days Qty Store 1 Burnside More copies of this ISBN New Trade Paperback 899 Used Trade Paperback Starting from 450 1 LOCOK 1 LOCOK LOCCancel 1 LOCOK LOCCancel 1 LOCOK 1 LOCOK LOCCancel 1 LOCOK LOCCancel 1 LOCOK 1 LOCOK LOCCancel 1 LOCOK LOCCancel 1 LOCOK 1 LOCOK LOCCancel 1 LOCOK LOCCancel Help Guarantee My Account Careers About Us Security Wish List Partners Contact Us Shipping Transparency ACT MRF Sitemap  2022 POWELLSCOM Terms 1 LOCOK 1 LOCOK LOCCancel 1 LOCOK LOCCancel 1 LOCOK 1 LOCOK LOCCancel 1 LOCOK LOCCancel 1 LOCOK 1 LOCOK LOCCancel 1 LOCOK LOCCancel 1 LOCOK 1 LOCOK LOCCancel 1 LOCOK LOCCancel",
    "page_rank": 3.850283228309672e-05
}