{
    "Title": " On the Road ",
    "Author": "Jack Kerouac",
    "Cover Page": "https://powells-covers-2.s3.amazonaws.com/9780140283297.jpg",
    "ISBN10": "0140283293  \n",
    "ISBN13": "9780140283297",
    "Page URL": "https://powells.com/book/-9780140283297",
    "raw_text": "On The Road Jack Kerouac Trade Paperback 9780140283297 Powells Books Cart   my account  wish list  help  8008787323 Hello\n Login MENU Browse New Arrivals Bestsellers Featured Preorders Award Winners Audio Books See All Subjects Used Staff Picks Staff Picks Picks of the Month Bookseller Displays 50 Books for 50 Years 25 Best 21st Century SciFi  Fantasy 25 PNW Books to Read Before You Die 25 Books From the 21st Century 25 Memoirs to Read Before You Die 25 Global Books to Read Before You Die 25 Women to Read Before You Die 25 Books to Read Before You Die Gifts Gift Cards  eGift Cards Powells Souvenirs Journals and Notebooks socks Games Sell Books Blog Events Find A Store Dont Miss BIG SALE 20 off sitewide Picks of the Season What Im Giving Great Gifts Under 25 Best Books of 2022 Powells Author Events Oregon Battle of the Books Audio Books Visit Our Stores Powells Books 14 Gift Ideas From 14 of Our Favorite Authors 0 comment Every year Powells reaches out to some of our favorite authors for some muchneeded giftgiving inspiration Below are 14 writerapproved recommendations to help you find the perfect book for even your mostdifficulttobuyfor loved one Read More  Powells Staff Best Books of 2022 Fiction 1 comment Kelsey Ford 6 Haunting Native American Horror Books 1 comment 1 LOCOK 1 LOCOK LOCCancel 1 LOCOK LOCCancel On the Road by Jack Kerouac Comment on this title Synopses  Reviews ISBN13 9780140283297 ISBN10 0140283293 Condition Standard All Product Details View Larger Image View Larger Images 995 List Price 1800 Used Trade Paperback Ships in 1 to 3 days Qty Store 3 Local Warehouse Synopses  Reviews Publisher Comments In its time Jack Kerouacs masterpiece was the bible of the Beat Generation the essential prose accompaniment to Allen Ginsbergs Howl  While it stunned the public and literary establishment when it was published in 1957 it is now recognized as an American classic With On the Road  Kerouac discovered his voice and his true subjectthe search for a place as an outsider in America On the Road swings to the rhythms of fifties underground America jazz sex generosity chill dawns and drugs with Sal Paradise and his hero Dean Moriarty traveler and mystic the living epitome of Beat Life is great and few can put the zest and wonder and sadness and humor of it on paper more interestingly than Kerouac Luther Nichols San Francisco Examiner Just as more than any other novel of the Twenties The Sun Also Rises came to be regarded as the testament of the Lost Generation so it seems certain that On the Road will come to be known as that of the Beat Generation Gilbert Millstein The New York Times Review The most beautifully executed the clearest and the most important utterance yet made by the generation Kerouac himself named years ago as beat The New York Times Synopsis On the Road chronicles Jack Kerouacs years traveling the North American continent with his friend Neal Cassady a sideburned hero of the snowy West As Sal Paradise and Dean Moriarty the two roam the country in a quest for selfknowledge and experience Kerouacs love of America his compassion for humanity and his sense of language as jazz combine to make On the Road an inspirational work of lasting importance Kerouacs classic novel of freedom and longing defined what it meant to be Beat and has inspired every generation since its initial publication more than forty years ago Synopsis The classic novel of freedom and the search for authenticity that defined a generation Inspired by Jack Kerouacs adventures with Neal Cassady On the Road tells the story of two friends whose crosscountry road trips are a quest for meaning and true experience Written with a mixture of sadeyed naivete and wild ambition and imbued with Kerouacs love of America his compassion for humanity and his sense of language as jazz On the Road is the quintessential American vision of freedom and hope a book that changed American literature and changed anyone who has ever picked it up An authentic work of art    the most beautifully executed the clearest and the most important utterance yet made by the generation Kerouac himself named years ago as beat  and whose principal avatar he is Gilbert Millstein The New York Times  On the Road has the kind of drive that blasts through to a large public    What makes the novel really important what gives it that drive is a genuine new engaging and exciting prose style    What keeps the book going is the power and beauty of the writing Kenneth Rexroth San Francisco Chronicle One of the finest novels of recent years   a highly euphoric and intensely readable story about a group of wandering young hedonists who cross the country in endless search of kicks Leonard Feather Downbeat  Synopsis The classic novel of freedom and the search for authenticity that defined a generation September 5th 2017 marks the 60th anniversary of the publication of On the Road Inspired by Jack Kerouacs adventures with Neal Cassady On the Road tells the story of two friends whose crosscountry road trips are a quest for meaning and true experience Written with a mixture of sadeyed naivet and wild ambition and imbued with Kerouacs love of America his compassion for humanity and his sense of language as jazz On the Road is the quintessential American vision of freedom and hope a book that changed American literature and changed anyone who has ever picked it up Synopsis The legendary novel of freedom and the search for authenticity that defined a generation now in a striking new Pengiun Classics Deluxe Edition Inspired by Jack Kerouacs adventures with Neal Cassady On the Road tells the story of two friends whose crosscountry road trips are a quest for meaning and true experience Written with a mixture of sadeyed naivet and wild ambition and imbued with Kerouacs love of America his compassion for humanity and his sense of language as jazz On the Road is the quintessential American vision of freedom and hope a book that changed American literature and changed anyone who has ever picked it up About the Author Jack Kerouacs 19221969 On the Road was published in 1957 six years after its completion It went on to become a bestseller and is considered the quintessential statement of the 1950s literary movement known as the Beat Generation Born in Lowell Massachusetts Kerouac did stints at Columbia University in the Navy and in the Merchant Marine before meeting Allen Ginsberg William Burroughs and Neal Cassady who would influence the rest of his life and his writing Kerouac died in St Petersburg Florida at the age of fortyseven What Our Readers Are Saying Be the first to share your thoughts on this title Product Details ISBN 9780140283297 Binding Trade Paperback Publication date 06011999 Publisher PENGUIN PUTNAM TRADE Series info Penguin Great Books of the 20th Century Pages 304 Height 82IN Width 562IN Thickness 100 Series Penguin Great Books of the 20th Century Age Range 18 and up Grade Range 13 and up Number of Units 1 Copyright Year 1985 Series Volume no 9810 UPC Code 2800140283299 Author Jack Kerouac Author Jack Kerouac Subject Beat generation Subject Beat generation  Fiction Subject American fiction fictional works by one author Subject Kerouac jack 19221969 Subject Autobiographical fiction Subject LiteratureA to Z 995 List Price 1800 Used Trade Paperback Ships in 1 to 3 days Qty Store 3 Local Warehouse More copies of this ISBN New Trade Paperback 1800 Used Trade Paperback Starting from 1095 This title in other editions New Trade Paperback 1700 Used Hardcover 1395 Used Mass Market Starting from 550 Used Trade Paperback Starting from 495 1 LOCOK 1 LOCOK LOCCancel 1 LOCOK LOCCancel 1 LOCOK 1 LOCOK LOCCancel 1 LOCOK LOCCancel 1 LOCOK 1 LOCOK LOCCancel 1 LOCOK LOCCancel 1 LOCOK 1 LOCOK LOCCancel 1 LOCOK LOCCancel Help Guarantee My Account Careers About Us Security Wish List Partners Contact Us Shipping Transparency ACT MRF Sitemap  2022 POWELLSCOM Terms 1 LOCOK 1 LOCOK LOCCancel 1 LOCOK LOCCancel 1 LOCOK 1 LOCOK LOCCancel 1 LOCOK LOCCancel 1 LOCOK 1 LOCOK LOCCancel 1 LOCOK LOCCancel 1 LOCOK 1 LOCOK LOCCancel 1 LOCOK LOCCancel",
    "page_rank": 7.130154126499393e-05
}