{
    "Title": " Career Warfare: 10 Rules for Building a Sucessful Personal Brand on the Business Battlefield ",
    "Author": "David D'Alessandro",
    "Cover Page": "https://covers.powells.com/9780071597296.jpg",
    "ISBN10": "0071597298  \n",
    "ISBN13": "9780071597296",
    "Page URL": "https://powells.com/book/career-warfare-9780071597296",
    "raw_text": "Career Warfare  David F DAlessandro Trade Paperback 9780071597296 Powells Books Cart   my account  wish list  help  8008787323 Hello\n Login MENU Browse New Arrivals Bestsellers Featured Preorders Award Winners Audio Books See All Subjects Used Staff Picks Staff Picks Picks of the Month Bookseller Displays 50 Books for 50 Years 25 Best 21st Century SciFi  Fantasy 25 PNW Books to Read Before You Die 25 Books From the 21st Century 25 Memoirs to Read Before You Die 25 Global Books to Read Before You Die 25 Women to Read Before You Die 25 Books to Read Before You Die Gifts Gift Cards  eGift Cards Powells Souvenirs Journals and Notebooks socks Games Sell Books Blog Events Find A Store Dont Miss BIG SALE 20 off sitewide Picks of the Season What Im Giving Great Gifts Under 25 Best Books of 2022 Powells Author Events Oregon Battle of the Books Audio Books Visit Our Stores Powells Books 14 Gift Ideas From 14 of Our Favorite Authors 0 comment Every year Powells reaches out to some of our favorite authors for some muchneeded giftgiving inspiration Below are 14 writerapproved recommendations to help you find the perfect book for even your mostdifficulttobuyfor loved one Read More  Powells Staff Best Books of 2022 Fiction 1 comment Kelsey Ford 6 Haunting Native American Horror Books 1 comment 1 LOCOK 1 LOCOK LOCCancel 1 LOCOK LOCCancel Career Warfare 10 Rules for Building a Sucessful Personal Brand on the Business Battlefield by David DAlessandro Comment on this title Synopses  Reviews ISBN13 9780071597296 ISBN10 0071597298 All Product Details View Larger Image View Larger Images 2000 New Trade Paperback Available at a Remote Warehouse Ships separately from other items Additional shipping charges may apply Not available for In Store Pickup More Info Qty Store 20 Remote Warehouse Synopses  Reviews Publisher Comments A refreshing message    from someonewho has fought many corporate warsThe New York Times With the latest stories from DAlessandros neverendingcollection of corporate derringdo and newinsight on the global battlefield the nationally bestselling Career Warfare is more essential than ever whennavigating your way to success DAlessandro dares to speak the truth If you dontmanage your own reputation those around you willThis is no theoretical exercise In corporate Americapeople talk about you every day You can affect whatthey say With a cutthecrap sharp eye for the passionsyearnings and follies that drive every organizationDAlessandro draws apart the drapes and revealswhat it really takes to get ahead in businessJames Carville author and Democratic Strategist With good jobs becoming harder to findDAlessandros sage advice is more timely andimportant than ever especially for those who aretrying to build their personal brands and enhancetheir careers at the same timeTom Neff Chairman US Spencer StuartSmart strategic and useful career advice fromsomeone who has actually achieved success in thereal worldHarvey Mackay author of the1 New York Times bestseller Swim With TheSharks Without Being Eaten Alive About the Author David F DAlessandro former Chairman and CEO of John Hancock Financial Services serves as an advisor and guest speaker on a variety of issues facing business today What Our Readers Are Saying Be the first to share your thoughts on this title Product Details ISBN 9780071597296 Binding Trade Paperback Publication date 08012008 Publisher McGrawHill Companies Language English Pages 224 Height 54IN Width 599IN Thickness 50 LCCN 2008019263 Number of Units 1 Copyright Year 2008 UPC Code 2800071597298 Author David Dalessandro Author David F DAlessandro Author David F DAlessandro Author David DAlessandro Subject BusinessCareers Subject Brand Warfare Executive Warfare John Hancock corporate global reputation organization business personal brand success Subject Career development Subject Success in business 2000 New Trade Paperback Available at a Remote Warehouse Ships separately from other items Additional shipping charges may apply Not available for In Store Pickup More Info Qty Store 20 Remote Warehouse Receive an email when this ISBN is available used 1 LOCOK 1 LOCOK LOCCancel 1 LOCOK LOCCancel 1 LOCOK 1 LOCOK LOCCancel 1 LOCOK LOCCancel 1 LOCOK 1 LOCOK LOCCancel 1 LOCOK LOCCancel 1 LOCOK 1 LOCOK LOCCancel 1 LOCOK LOCCancel Help Guarantee My Account Careers About Us Security Wish List Partners Contact Us Shipping Transparency ACT MRF Sitemap  2022 POWELLSCOM Terms 1 LOCOK 1 LOCOK LOCCancel 1 LOCOK LOCCancel 1 LOCOK 1 LOCOK LOCCancel 1 LOCOK LOCCancel 1 LOCOK 1 LOCOK LOCCancel 1 LOCOK LOCCancel 1 LOCOK 1 LOCOK LOCCancel 1 LOCOK LOCCancel",
    "page_rank": 2.999707881931275e-05
}