{
    "Title": " Essential Rilke ",
    "Author": "Rainer Maria Rilke",
    "Cover Page": "https://covers.powells.com/9780060956547.jpg",
    "ISBN10": "0060956542  \n",
    "ISBN13": "9780060956547",
    "Page URL": "https://powells.com/book/essential-rilke-9780060956547",
    "raw_text": "Essential Rilke Rainer Maria Rilke Trade Paperback 9780060956547 Powells Books Cart   my account  wish list  help  8008787323 Hello\n Login MENU Browse New Arrivals Bestsellers Featured Preorders Award Winners Audio Books See All Subjects Used Staff Picks Staff Picks Picks of the Month Bookseller Displays 50 Books for 50 Years 25 Best 21st Century SciFi  Fantasy 25 PNW Books to Read Before You Die 25 Books From the 21st Century 25 Memoirs to Read Before You Die 25 Global Books to Read Before You Die 25 Women to Read Before You Die 25 Books to Read Before You Die Gifts Gift Cards  eGift Cards Powells Souvenirs Journals and Notebooks socks Games Sell Books Blog Events Find A Store Dont Miss BIG SALE 20 off sitewide Picks of the Season What Im Giving Great Gifts Under 25 Best Books of 2022 Powells Author Events Oregon Battle of the Books Audio Books Visit Our Stores Powells Books 14 Gift Ideas From 14 of Our Favorite Authors 0 comment Every year Powells reaches out to some of our favorite authors for some muchneeded giftgiving inspiration Below are 14 writerapproved recommendations to help you find the perfect book for even your mostdifficulttobuyfor loved one Read More  Powells Staff Best Books of 2022 Fiction 1 comment Kelsey Ford 6 Haunting Native American Horror Books 1 comment 1 LOCOK 1 LOCOK LOCCancel 1 LOCOK LOCCancel Essential Rilke by Rainer Maria Rilke Comment on this title Synopses  Reviews ISBN13 9780060956547 ISBN10 0060956542 Condition Standard All Product Details View Larger Image View Larger Images 1050 List Price 1499 Used Trade Paperback Ships in 1 to 3 days Qty Store 1 Local Warehouse Synopses  Reviews Publisher Comments German poet Rainer Maria Rilke18751926 enjoys everincreasing popularity\u00a0 His Duino Elegies is considered on of the greatest long poems of the twentieth century\u00a0 Yet translations from his native German have always presented challenges the elusiveness of Rilkes imagery the playful way he both distorts and subverts his own language and the depth and complexity of his poetry make it difficult for translators to preserve the beauty and meaning of the original text\u00a0 In his stunning bilingual selection that includes the entire Duino Elegies as well as a number of favorite and less familiar shorter poems Galway Kinnell and Hannah Liebmann manage to retain power and grace of Rilkes words\u00a0 Throughout his poetry Rilke addresses questions of how to live in and relate to a world in a voice\u00a0 that is simultaneoulsy prophetic and intensely personel\u00a0 These translations offer new insight into this enigmatic German poet whose work will continue to be read and admired throughout the world About the Author Galway Kinnell is the Erich Maria Remarque Professor of Creative Writing at New York University His Selected Poems won the Pultizer Prize and the National Book Award in 1982 His most recent volume of peoms is Imperfect Thirst  What Our Readers Are Saying Be the first to share your thoughts on this title Product Details ISBN 9780060956547 Binding Trade Paperback Publication date 09052000 Publisher HARPERCOLLINS PUBLISHERS Language German English Pages 176 Height 41IN Width 527IN Thickness 50 Number of Units 1 Copyright Year 2000 Series Volume 00R12 UPC Code 2800060956549 Author William E Leuchtenburg Author Rainer Maria Rilke Author Galway Kinnell Translator Hannah Liebmann Subject Continental european Subject Rilke Rainer Maria Subject AnthologiesMiscellaneous International Poetry Subject Rilke rainer maria 18751926 1050 List Price 1499 Used Trade Paperback Ships in 1 to 3 days Qty Store 1 Local Warehouse More copies of this ISBN New Trade Paperback 1499 1 LOCOK 1 LOCOK LOCCancel 1 LOCOK LOCCancel 1 LOCOK 1 LOCOK LOCCancel 1 LOCOK LOCCancel 1 LOCOK 1 LOCOK LOCCancel 1 LOCOK LOCCancel 1 LOCOK 1 LOCOK LOCCancel 1 LOCOK LOCCancel Help Guarantee My Account Careers About Us Security Wish List Partners Contact Us Shipping Transparency ACT MRF Sitemap  2022 POWELLSCOM Terms 1 LOCOK 1 LOCOK LOCCancel 1 LOCOK LOCCancel 1 LOCOK 1 LOCOK LOCCancel 1 LOCOK LOCCancel 1 LOCOK 1 LOCOK LOCCancel 1 LOCOK LOCCancel 1 LOCOK 1 LOCOK LOCCancel 1 LOCOK LOCCancel",
    "page_rank": 4.157852459868113e-05
}