{
    "Title": " The Color of Magic: Discworld 1 ",
    "Author": "Terry Pratchett",
    "Cover Page": "https://covers.powells.com/9780062225672.jpg",
    "ISBN10": "0062225677  \n",
    "ISBN13": "9780062225672",
    "Page URL": "https://powells.com/book/the-color-of-magic-9780062225672",
    "raw_text": "Color of Magic Discworld 01 Terry Pratchett Mass Market 9780062225672 Powells Books Cart   my account  wish list  help  8008787323 Hello\n Login MENU Browse New Arrivals Bestsellers Featured Preorders Award Winners Audio Books See All Subjects Used Staff Picks Staff Picks Picks of the Month Bookseller Displays 50 Books for 50 Years 25 Best 21st Century SciFi  Fantasy 25 PNW Books to Read Before You Die 25 Books From the 21st Century 25 Memoirs to Read Before You Die 25 Global Books to Read Before You Die 25 Women to Read Before You Die 25 Books to Read Before You Die Gifts Gift Cards  eGift Cards Powells Souvenirs Journals and Notebooks socks Games Sell Books Blog Events Find A Store Dont Miss BIG SALE 20 off sitewide Picks of the Season What Im Giving Great Gifts Under 25 Best Books of 2022 Powells Author Events Oregon Battle of the Books Audio Books Visit Our Stores Powells Books 14 Gift Ideas From 14 of Our Favorite Authors 0 comment Every year Powells reaches out to some of our favorite authors for some muchneeded giftgiving inspiration Below are 14 writerapproved recommendations to help you find the perfect book for even your mostdifficulttobuyfor loved one Read More  Powells Staff Best Books of 2022 Fiction 1 comment Kelsey Ford 6 Haunting Native American Horror Books 1 comment 1 LOCOK 1 LOCOK LOCCancel 1 LOCOK LOCCancel The Color of Magic Discworld 1 by Terry Pratchett Comment on this title Synopses  Reviews ISBN13 9780062225672 ISBN10 0062225677 All Product Details View Larger Image View Larger Images 999 New Mass Market Ships in 1 to 3 days Qty Store 17 Burnside 8 Cedar Hills 5 Hawthorne 20 Local Warehouse Synopses  Reviews Publisher Comments Imagine if you will    a flat world sitting on the backs of four elephants who hurtle through space balanced on a giant turtle In truth the Discworld is not so different from our own Yet at the same time very different    but not so much In this the maiden voyage through Terry Pratchetts divinely and recognizably twisted alternate dimension the wellmeaning but remarkably inept wizard Rincewind encounters something hitherto unknown in the Discworld a tourist Twoflower has arrived Luggage by his side to take in the sights and unfortunately has cast his lot with a most inappropriate tour guide  a decision that could result in Twoflowers becoming not only Discworlds first visitor from elsewhere    but quite possibly portentously its very last And of course hes brought Luggage along which has a mind of its own And teeth Review Ingenious brilliant and hilarious Washington Post Synopsis The first novel in the hilarious and irreverent Discworld series from New York Times bestselling author Terry Pratchett A writer who has been compared to Mark Twain Kurt Vonnegut and Douglas Adams Sir Terry Pratchett has created a complex yet zany world filled with a host of unforgettable characters who navigate around a profound fantasy universe complete with its own set of cultures and rules Imagine if you will    a flat world sitting on the backs of four elephants who hurtle through space balanced on a giant turtle In truth the Discworld is not so different from our own Yet at the same time very different    but not so much In this the maiden voyage through Terry Pratchetts divinely and recognizably twisted alternate dimension the wellmeaning but remarkably inept wizard Rincewind encounters something hitherto unknown in the Discworld a tourist Twoflower has arrived Luggage by his side to take in the sights and unfortunately has cast his lot with a most inappropriate tour guidea decision that could result in Twoflowers becoming not only Discworlds first visitor from elsewhere    but quite possibly portentously its very last And of course hes brought Luggage along which has a mind of its own And teeth Synopsis The beginning of the hilarious and irreverent series that has more than 80 million copies worldwide The Color of Magic is where we meet tourist Twoflower and wizard guide Ricewind and follow them on their alwaysbizarre journeys A writer who has been compared to Mark Twain Kurt Vonnegut and Douglas Adams Sir Terry Pratchett has created a complex yet zany world filled with a host of unforgettable characters who navigate around a profound fantasy universe complete with its own set of cultures and rules About the Author Sir Terry Pratchetts many honors include the Los Angeles Times Book Prize a Printz Honor the Boston GlobeHorn Book Award Britains Carnegie Medal the American Library Associations Margaret A Edwards Award for lasting contribution to young adult literature and the World Fantasy Lifetime Achievement Award His books have sold more than 75 million copies worldwide Knighted for his services to literature Sir Terry lives in England with his wife and many cats What Our Readers Are Saying Be the first to share your thoughts on this title Product Details ISBN 9780062225672 Binding Mass Market Publication date 01292013 Publisher HARPERCOLLINS PUBLISHERS Pages 288 Height 80IN Width 410IN Series Discworld 1 Series Number 1 Author Terry Pratchett Author Terry Pratchett Subject General Fiction Subject Science Fiction and FantasyFantasyEpic 999 New Mass Market Ships in 1 to 3 days Qty Store 17 Burnside 8 Cedar Hills 5 Hawthorne 20 Local Warehouse Receive an email when this ISBN is available used This title in other editions Used Mass Market 695 1 LOCOK 1 LOCOK LOCCancel 1 LOCOK LOCCancel 1 LOCOK 1 LOCOK LOCCancel 1 LOCOK LOCCancel 1 LOCOK 1 LOCOK LOCCancel 1 LOCOK LOCCancel 1 LOCOK 1 LOCOK LOCCancel 1 LOCOK LOCCancel Help Guarantee My Account Careers About Us Security Wish List Partners Contact Us Shipping Transparency ACT MRF Sitemap  2022 POWELLSCOM Terms 1 LOCOK 1 LOCOK LOCCancel 1 LOCOK LOCCancel 1 LOCOK 1 LOCOK LOCCancel 1 LOCOK LOCCancel 1 LOCOK 1 LOCOK LOCCancel 1 LOCOK LOCCancel 1 LOCOK 1 LOCOK LOCCancel 1 LOCOK LOCCancel",
    "page_rank": 0
}