{
    "Title": " Wyrd Sisters: Discworld 6 ",
    "Author": "Terry Pratchett",
    "Cover Page": "https://covers.powells.com/9780062225733.jpg",
    "ISBN10": "0062225731  \n",
    "ISBN13": "9780062225733",
    "Page URL": "https://powells.com/book/wyrd-sisters-9780062225733",
    "raw_text": "Wyrd Sisters Discworld 06 Terry Pratchett Mass Market 9780062225733 Powells Books Cart   my account  wish list  help  8008787323 Hello\n Login MENU Browse New Arrivals Bestsellers Featured Preorders Award Winners Audio Books See All Subjects Used Staff Picks Staff Picks Picks of the Month Bookseller Displays 50 Books for 50 Years 25 Best 21st Century SciFi  Fantasy 25 PNW Books to Read Before You Die 25 Books From the 21st Century 25 Memoirs to Read Before You Die 25 Global Books to Read Before You Die 25 Women to Read Before You Die 25 Books to Read Before You Die Gifts Gift Cards  eGift Cards Powells Souvenirs Journals and Notebooks socks Games Sell Books Blog Events Find A Store Dont Miss BIG SALE 20 off sitewide Picks of the Season What Im Giving Great Gifts Under 25 Best Books of 2022 Powells Author Events Oregon Battle of the Books Audio Books Visit Our Stores Powells Books 14 Gift Ideas From 14 of Our Favorite Authors 0 comment Every year Powells reaches out to some of our favorite authors for some muchneeded giftgiving inspiration Below are 14 writerapproved recommendations to help you find the perfect book for even your mostdifficulttobuyfor loved one Read More  Powells Staff Best Books of 2022 Fiction 1 comment Kelsey Ford 6 Haunting Native American Horror Books 1 comment 1 LOCOK 1 LOCOK LOCCancel 1 LOCOK LOCCancel Wyrd Sisters Discworld 6 by Terry Pratchett Comment on this title Synopses  Reviews ISBN13 9780062225733 ISBN10 0062225731 All Product Details View Larger Image View Larger Images 999 New Mass Market Ships in 1 to 3 days Qty Store 14 Burnside 1 Hawthorne 20 Local Warehouse Synopses  Reviews Publisher Comments Terry Pratchetts fantasy classic Wyrd Sisters  a novel in the Discworld series is the story of Granny Weatherwax the most highly regarded nonleader a coven of nonsocial witches could ever have Generally these loners dont get involved in anything mush less royal intrigue but then there are those times they cant help it As Granny Weatherwax is about to discover though its a lot harder to stir up trouble in the castle than some theatrical types would have you think Even when youve got a few unexpected spells up your sleeve Granny Weatherwax teams with two other witches  Nanny Ogg and Margat Garlick  as an unlikely alliance to save a prince and restore him to the throne of Lancre in a tale that borrows  or is it parodies  some of William Shakespeares bestloved works Synopsis Meet Granny Weatherwax the most highly regarded nonleader a coven of nonsocial witches could ever have Generallythese loners dont get involved in anything much less royal intrigue But then there are those times they cant help it As Granny Weatherwax is about to discover thoughits a lot harder to stir up trouble in the castle than some theatrical types would haveyou think Even when youve got a few unexpected spells up your sleeve About the Author Sir Terry Pratchetts many honors include the Los Angeles Times Book Prize a Printz Honor the Boston GlobeHorn Book Award Britains Carnegie Medal the American Library Associations Margaret A Edwards Award for lasting contribution to young adult literature and the World Fantasy Lifetime Achievement Award His books have sold more than 75 million copies worldwide Knighted for his services to literature Sir Terry lives in England with his wife and many cats What Our Readers Are Saying Be the first to share your thoughts on this title Product Details ISBN 9780062225733 Binding Mass Market Publication date 04302013 Publisher HARPER Pages 360 Height 91IN Width 432IN Series a Novel of Discworld 6 Copyright Year 2013 UPC Code 9780062225733 Author Terry Pratchett Subject Science Fiction and FantasyFantasy Subject General Fiction 999 New Mass Market Ships in 1 to 3 days Qty Store 14 Burnside 1 Hawthorne 20 Local Warehouse Receive an email when this ISBN is available used 1 LOCOK 1 LOCOK LOCCancel 1 LOCOK LOCCancel 1 LOCOK 1 LOCOK LOCCancel 1 LOCOK LOCCancel 1 LOCOK 1 LOCOK LOCCancel 1 LOCOK LOCCancel 1 LOCOK 1 LOCOK LOCCancel 1 LOCOK LOCCancel Help Guarantee My Account Careers About Us Security Wish List Partners Contact Us Shipping Transparency ACT MRF Sitemap  2022 POWELLSCOM Terms 1 LOCOK 1 LOCOK LOCCancel 1 LOCOK LOCCancel 1 LOCOK 1 LOCOK LOCCancel 1 LOCOK LOCCancel 1 LOCOK 1 LOCOK LOCCancel 1 LOCOK LOCCancel 1 LOCOK 1 LOCOK LOCCancel 1 LOCOK LOCCancel",
    "page_rank": 0
}