{
    "Title": " Orange for the Sunsets ",
    "Author": "Tina Athaide",
    "Cover Page": "https://powells-covers-2.s3.amazonaws.com/9780062795298.jpg",
    "ISBN10": "0062795295  \n",
    "ISBN13": "9780062795298",
    "Page URL": "https://powells.com/book/-9780062795298",
    "raw_text": "Orange for the Sunsets Tina Athaide Hardcover 9780062795298 Powells Books Cart   my account  wish list  help  8008787323 Hello\n Login MENU Browse New Arrivals Bestsellers Featured Preorders Award Winners Audio Books See All Subjects Used Staff Picks Staff Picks Picks of the Month Bookseller Displays 50 Books for 50 Years 25 Best 21st Century SciFi  Fantasy 25 PNW Books to Read Before You Die 25 Books From the 21st Century 25 Memoirs to Read Before You Die 25 Global Books to Read Before You Die 25 Women to Read Before You Die 25 Books to Read Before You Die Gifts Gift Cards  eGift Cards Powells Souvenirs Journals and Notebooks socks Games Sell Books Blog Events Find A Store Dont Miss BIG SALE 20 off sitewide Picks of the Season What Im Giving Great Gifts Under 25 Best Books of 2022 Powells Author Events Oregon Battle of the Books Audio Books Visit Our Stores Powells Books 14 Gift Ideas From 14 of Our Favorite Authors 0 comment Every year Powells reaches out to some of our favorite authors for some muchneeded giftgiving inspiration Below are 14 writerapproved recommendations to help you find the perfect book for even your mostdifficulttobuyfor loved one Read More  Powells Staff Best Books of 2022 Fiction 1 comment Kelsey Ford 6 Haunting Native American Horror Books 1 comment 1 LOCOK 1 LOCOK LOCCancel 1 LOCOK LOCCancel Orange for the Sunsets by Tina Athaide Comment on this title Synopses  Reviews ISBN13 9780062795298 ISBN10 0062795295 Condition Standard All Product Details View Larger Image View Larger Images 895 List Price 1699 Used Hardcover Ships in 1 to 3 days Qty Store 1 Burnside Synopses  Reviews Synopsis From debut author Tina Athaide comes a soaring tale of empathy hope and resilience as two best friends living under Ugandan President Amins divisive rule must examine whereand whothey call home Perfect for fans of Half from the East and Inside Out and Back Again  Asha and her best friend Yesofu never cared about the differences between them Indian African Girl Boy Short Tall But when Idi Amin announces that Indians have ninety days to leave the country suddenly those differences are the only things that people in Entebbe can seenot the shared afterschool samosas or Asha cheering for Yesofu at every cricket game Determined for her life to stay the same Asha clings to her world tighter than ever before But Yesofu is torn pulled between his friends his family and a promise of a better future Now as neighbors leave and soldiers line the streets the two friends find that nothing seems surenot even their friendship Tensions between Indians and Africans intensify and the deadline to leave is fast approaching Could the bravest thing of all be to let each other go Synopsis  A Chicago Public Librarys Best of the Best Books of 2019 Selection  A Canadian Childrens Book Center Best Books for Kids  Teens Pick  From debut author Tina Athaide comes a soaring tale of empathy hope and resilience as two best friends living under Ugandan President Amins divisive rule must examine whereand whothey call home Perfect for fans of Half from the East and Inside Out and Back Again  Asha and her best friend Yesofu never cared about the differences between them Indian African Girl Boy Short Tall But when Idi Amin announces that Indians have ninety days to leave the country suddenly those differences are the only things that people in Entebbe can seenot the shared afterschool samosas or Asha cheering for Yesofu at every cricket game Determined for her life to stay the same Asha clings to her world tighter than ever before But Yesofu is torn pulled between his friends his family and a promise of a better future Now as neighbors leave and soldiers line the streets the two friends find that nothing seems surenot even their friendship Tensions between Indians and Africans intensify and the deadline to leave is fast approaching Could the bravest thing of all be to let each other go What Our Readers Are Saying Be the first to share your thoughts on this title Product Details ISBN 9780062795298 Binding Hardcover Publication date 04022019 Publisher HARPERCOLLINS PUBLISHERS Pages 336 Height 130IN Width 580IN Age Range 9 to 12 Grade Range 4 to 7 Author Tina Athaide 895 List Price 1699 Used Hardcover Ships in 1 to 3 days Qty Store 1 Burnside More copies of this ISBN New Hardcover 1699 This title in other editions New Trade Paperback 799 1 LOCOK 1 LOCOK LOCCancel 1 LOCOK LOCCancel 1 LOCOK 1 LOCOK LOCCancel 1 LOCOK LOCCancel 1 LOCOK 1 LOCOK LOCCancel 1 LOCOK LOCCancel 1 LOCOK 1 LOCOK LOCCancel 1 LOCOK LOCCancel Help Guarantee My Account Careers About Us Security Wish List Partners Contact Us Shipping Transparency ACT MRF Sitemap  2022 POWELLSCOM Terms 1 LOCOK 1 LOCOK LOCCancel 1 LOCOK LOCCancel 1 LOCOK 1 LOCOK LOCCancel 1 LOCOK LOCCancel 1 LOCOK 1 LOCOK LOCCancel 1 LOCOK LOCCancel 1 LOCOK 1 LOCOK LOCCancel 1 LOCOK LOCCancel",
    "page_rank": 2.115540235334985e-05
}