{
    "Title": " Nation ",
    "Author": "Terry Pratchett",
    "Cover Page": "https://covers.powells.com/9780061433030.jpg",
    "ISBN10": "0061433039  \n",
    "ISBN13": "9780061433030",
    "Page URL": "https://powells.com/book/nation-9780061433030",
    "raw_text": "Nation Terry Pratchett Trade Paperback 9780061433030 Powells Books Cart   my account  wish list  help  8008787323 Hello\n Login MENU Browse New Arrivals Bestsellers Featured Preorders Award Winners Audio Books See All Subjects Used Staff Picks Staff Picks Picks of the Month Bookseller Displays 50 Books for 50 Years 25 Best 21st Century SciFi  Fantasy 25 PNW Books to Read Before You Die 25 Books From the 21st Century 25 Memoirs to Read Before You Die 25 Global Books to Read Before You Die 25 Women to Read Before You Die 25 Books to Read Before You Die Gifts Gift Cards  eGift Cards Powells Souvenirs Journals and Notebooks socks Games Sell Books Blog Events Find A Store Dont Miss BIG SALE 20 off sitewide Picks of the Season What Im Giving Great Gifts Under 25 Best Books of 2022 Powells Author Events Oregon Battle of the Books Audio Books Visit Our Stores Powells Books 14 Gift Ideas From 14 of Our Favorite Authors 0 comment Every year Powells reaches out to some of our favorite authors for some muchneeded giftgiving inspiration Below are 14 writerapproved recommendations to help you find the perfect book for even your mostdifficulttobuyfor loved one Read More  Powells Staff Best Books of 2022 Fiction 1 comment Kelsey Ford 6 Haunting Native American Horror Books 1 comment 1 LOCOK 1 LOCOK LOCCancel 1 LOCOK LOCCancel Nation by Terry Pratchett Comment on this title Synopses  Reviews ISBN13 9780061433030 ISBN10 0061433039 Condition Standard All Product Details View Larger Image View Larger Images 695 List Price 1099 Used Trade Paperback Ships in 1 to 3 days Qty Store 1 Cedar Hills Staff Pick When a devastating tsunami leaves behind only two survivors they must survive sharks starvation mutineers and cannibals to rebuild the Nation Beautifully written and filled with both action and philosophy this comingofage story explores the intersection of society with history religion science and sacrifice Terry Pratchetts standalone novel is my alltime favorite book  Ive lost track of how many times Ive reread it Recommended By Carrie L Powellscom Synopses  Reviews Publisher Comments Alone on a desert island  everything and everyone he knows and loves has been washed away in a storm  Mau is the last surviving member of his nation Hes completely alone  or so he thinks until he finds the ghost girl She has no toes wears strange lacy trousers like the grandfather bird and gives him a stick that can make fire Daphne sole survivor of the wreck of the Sweet Judy almost immediately regrets trying to shoot the native boy Thank goodness the powder was wet and the gun only produced a spark Shes certain her father distant cousin of the Royal family will come and rescue her but it seems for now that all she has for company is the boy and the foulmouthed ships parrot until other survivors arrive to take refuge on the island Together Mau and Daphne discover some remarkable things including how to milk a pig and why spitting in beer is a good thing and start to forge a new nation Encompassing themes of death and nationhood Terry Pratchetts new novel is as can be expected extremely funny witty and wise Maus ancestors have something to teach us all Mau just wishes they would shut up about it and let him get on with saving everyones lives From the Hardcover edition Review  a wonderful story by turns harrowing and triumphantA book that can be read with great pleasureas both a highspirited yarn and a subtle examination of the risks and virtues of faith New York Times Review Its a terrific thoughtprovoking book and it ends wonderfully Washington Post Review Dark and sometimes funny this complex tale asks the reader to consider a variety of issues from identity and tradition to faith and prejudice VOYA Review The main characters are engaging and interesting and are the perfect medium for the authors sly humor A rich and thoughtprovoking read School Library Journal Review Pratchett offers a vision of a deeply humane world Bookmarks About the Author Terry Pratchetts novels have sold more than 65 million give or take a few million copies worldwide In January 2009 Queen Elizabeth II made Pratchett a knight in recognition of his services to literature Sir Terry lives in England with his wife 5 1 What Our Readers Are Saying Share your thoughts on this title Average customer rating 5 1 comments  Katy Yarlott  December 22 2009 This is one of the most wonderful Terry Pratchett books ever written I recommend it to adults as well as young people Was this comment helpful  Yes  No 1 of 1 readers found this comment helpful report this\ncomment Product Details ISBN 9780061433030 Binding Trade Paperback Publication date 09222009 Publisher HARPERCOLLINS PUBLISHERS Pages 384 Height 94IN Width 525IN Thickness 100 Age Range 12 to 17 Grade Range 7 to 12 Number of Units 1 Illustration Yes Copyright Year 2009 UPC Code 2800061433032 Author Terence David John Pratchett Author Terry Pratchett Author Terry Pratchett Subject Children sAdventure Stories 695 List Price 1099 Used Trade Paperback Ships in 1 to 3 days Qty Store 1 Cedar Hills More copies of this ISBN New Trade Paperback 1099 Used Trade Paperback Starting from 698 1 LOCOK 1 LOCOK LOCCancel 1 LOCOK LOCCancel 1 LOCOK 1 LOCOK LOCCancel 1 LOCOK LOCCancel 1 LOCOK 1 LOCOK LOCCancel 1 LOCOK LOCCancel 1 LOCOK 1 LOCOK LOCCancel 1 LOCOK LOCCancel Help Guarantee My Account Careers About Us Security Wish List Partners Contact Us Shipping Transparency ACT MRF Sitemap  2022 POWELLSCOM Terms 1 LOCOK 1 LOCOK LOCCancel 1 LOCOK LOCCancel 1 LOCOK 1 LOCOK LOCCancel 1 LOCOK LOCCancel 1 LOCOK 1 LOCOK LOCCancel 1 LOCOK LOCCancel 1 LOCOK 1 LOCOK LOCCancel 1 LOCOK LOCCancel",
    "page_rank": 0
}