{
    "Title": " The Truth (Discworld #25) ",
    "Author": "Terry Pratchett",
    "Cover Page": "https://covers.powells.com/9780062307361.jpg",
    "ISBN10": "0062307363  \n",
    "ISBN13": "9780062307361",
    "Page URL": "https://www.powells.com/book/the-truth-discworld-25-9780062307361#SR",
    "raw_text": "Truth Discworld 25 Terry Pratchett Mass Market 9780062307361 Powells Books Cart   my account  wish list  help  8008787323 Hello\n Login MENU Browse New Arrivals Bestsellers Featured Preorders Award Winners Audio Books See All Subjects Used Staff Picks Staff Picks Picks of the Month Bookseller Displays 50 Books for 50 Years 25 Best 21st Century SciFi  Fantasy 25 PNW Books to Read Before You Die 25 Books From the 21st Century 25 Memoirs to Read Before You Die 25 Global Books to Read Before You Die 25 Women to Read Before You Die 25 Books to Read Before You Die Gifts Gift Cards  eGift Cards Powells Souvenirs Journals and Notebooks socks Games Sell Books Blog Events Find A Store Dont Miss BIG SALE 20 off sitewide Picks of the Season What Im Giving Great Gifts Under 25 Best Books of 2022 Powells Author Events Oregon Battle of the Books Audio Books Visit Our Stores Powells Books 14 Gift Ideas From 14 of Our Favorite Authors 0 comment Every year Powells reaches out to some of our favorite authors for some muchneeded giftgiving inspiration Below are 14 writerapproved recommendations to help you find the perfect book for even your mostdifficulttobuyfor loved one Read More  Powells Staff Best Books of 2022 Fiction 1 comment Kelsey Ford 6 Haunting Native American Horror Books 1 comment 1 LOCOK 1 LOCOK LOCCancel 1 LOCOK LOCCancel The Truth Discworld 25 by Terry Pratchett Comment on this title Synopses  Reviews ISBN13 9780062307361 ISBN10 0062307363 All Product Details View Larger Image View Larger Images 999 New Mass Market Ships in 1 to 3 days Qty Store 5 Burnside 2 Cedar Hills 2 Hawthorne 20 Local Warehouse Synopses  Reviews Publisher Comments A war of words and a battle for the truth in Terry Pratchetts bestselling Discworld series The denizens of AnkhMorpork fancy theyve seen just about everything But then comes the AnkhMorpork Times  struggling scribe William de Wordes uppercrust newsletter turned Discworlds first paper of record An ethical journalist de Worde has a proclivity for investigating storiesa nasty habit that soon creates powerful enemies eager to stop his presses And what better way than to start the Inquirer  a titillating well what else would it be tabloid that conveniently interchanges whats real for what sells But de Wordes got an inside line on the hot story concerning AnkhMorporks leading patrician Lord Vetinari The facts say Vetinari is guilty But as William de Worde learns facts dont always tell the whole story Theres that pesky little thing called    the truth  About the Author Sir Terry Pratchett OBE was the author of more than 70 books including the internationally bestselling Discworld series of novels His books have been adapted for stage and screen and he was the winner of multiple prizes including the Carnegie Medal In January 2009 Pratchett was knighted by Queen Elizabeth II in recognition of his services to literature Sir Terry who lived in England died in March 2015 at the age of 66 What Our Readers Are Saying Be the first to share your thoughts on this title Product Details ISBN 9780062307361 Binding Mass Market Publication date 07292014 Publisher HARPER Series info Discworld Pages 435 Height 110IN Width 410IN Thickness 100 Series Discworld Series Number 25 Series Volume 25 Author Terence David John Pratchett Author Terry Pratchett Author Terry Pratchett Subject General Fiction Subject Science Fiction and FantasyFantasy 999 New Mass Market Ships in 1 to 3 days Qty Store 5 Burnside 2 Cedar Hills 2 Hawthorne 20 Local Warehouse Receive an email when this ISBN is available used 1 LOCOK 1 LOCOK LOCCancel 1 LOCOK LOCCancel 1 LOCOK 1 LOCOK LOCCancel 1 LOCOK LOCCancel 1 LOCOK 1 LOCOK LOCCancel 1 LOCOK LOCCancel 1 LOCOK 1 LOCOK LOCCancel 1 LOCOK LOCCancel Help Guarantee My Account Careers About Us Security Wish List Partners Contact Us Shipping Transparency ACT MRF Sitemap  2022 POWELLSCOM Terms 1 LOCOK 1 LOCOK LOCCancel 1 LOCOK LOCCancel 1 LOCOK 1 LOCOK LOCCancel 1 LOCOK LOCCancel 1 LOCOK 1 LOCOK LOCCancel 1 LOCOK LOCCancel 1 LOCOK 1 LOCOK LOCCancel 1 LOCOK LOCCancel",
    "page_rank": 4.23997186886853e-05
}