{
    "Title": " Say It Right In Chinese 2nd Edition ",
    "Author": "Language Systems Easily Pronounced",
    "Cover Page": "https://powells-covers-2.s3.amazonaws.com/9780071767736.jpg",
    "ISBN10": "0071767738  \n",
    "ISBN13": "9780071767736",
    "Page URL": "https://powells.com/book/say-it-right-in-chinese-2nd-edition-9780071767736",
    "raw_text": "Say It Right in Chinese  Clyde Peters Trade Paperback 9780071767736 Powells Books Cart   my account  wish list  help  8008787323 Hello\n Login MENU Browse New Arrivals Bestsellers Featured Preorders Award Winners Audio Books See All Subjects Used Staff Picks Staff Picks Picks of the Month Bookseller Displays 50 Books for 50 Years 25 Best 21st Century SciFi  Fantasy 25 PNW Books to Read Before You Die 25 Books From the 21st Century 25 Memoirs to Read Before You Die 25 Global Books to Read Before You Die 25 Women to Read Before You Die 25 Books to Read Before You Die Gifts Gift Cards  eGift Cards Powells Souvenirs Journals and Notebooks socks Games Sell Books Blog Events Find A Store Dont Miss BIG SALE 20 off sitewide Picks of the Season What Im Giving Great Gifts Under 25 Best Books of 2022 Powells Author Events Oregon Battle of the Books Audio Books Visit Our Stores Powells Books 14 Gift Ideas From 14 of Our Favorite Authors 0 comment Every year Powells reaches out to some of our favorite authors for some muchneeded giftgiving inspiration Below are 14 writerapproved recommendations to help you find the perfect book for even your mostdifficulttobuyfor loved one Read More  Powells Staff Best Books of 2022 Fiction 1 comment Kelsey Ford 6 Haunting Native American Horror Books 1 comment 1 LOCOK 1 LOCOK LOCCancel 1 LOCOK LOCCancel Say It Right In Chinese 2nd Edition by Language Systems Easily Pronounced Comment on this title Synopses  Reviews ISBN13 9780071767736 ISBN10 0071767738 Condition Standard All Product Details View Larger Image View Larger Images 750 List Price 1300 Used Trade Paperback Ships in 1 to 3 days Qty Store 1 Local Warehouse Synopses  Reviews Publisher Comments Say farewell to language faux pas forever Based on the revolutionary Easily Pronounced Language Systems approach Say It Right in Chinese makes mastering correct Chinese pronunciation simple With Say It Right youll learn how to use hundreds of Chinese words and phrases in everyday conversation This amazing guide gives you easytoread vowel symbols that when combined with consonants make pronunciation easy This second edition is enhanced by a new chapter that applies the Say It Right PhraseMaker approach to common verbs With Say It Right in Chinese you will Learn more than 500 essential Chinese words and phrases Easily create sentences using Phrasemakers Get a quick reference to more than 500 word pronunciations in the Say It Right travel dictionary What Our Readers Are Saying Be the first to share your thoughts on this title Product Details ISBN 9780071767736 Binding Trade Paperback Publication date 07082011 Publisher MCGRAW HILL COMPANIES Series info Say It Right Edition 2ED Pages 192 Height 53IN Width 456IN Thickness 50 Copyright Year 2011 Author Language Systems Easily Pronounced Subject Foreign LanguagesChinese 750 List Price 1300 Used Trade Paperback Ships in 1 to 3 days Qty Store 1 Local Warehouse More copies of this ISBN New Trade Paperback 1300 Used Trade Paperback 795 1 LOCOK 1 LOCOK LOCCancel 1 LOCOK LOCCancel 1 LOCOK 1 LOCOK LOCCancel 1 LOCOK LOCCancel 1 LOCOK 1 LOCOK LOCCancel 1 LOCOK LOCCancel 1 LOCOK 1 LOCOK LOCCancel 1 LOCOK LOCCancel Help Guarantee My Account Careers About Us Security Wish List Partners Contact Us Shipping Transparency ACT MRF Sitemap  2022 POWELLSCOM Terms 1 LOCOK 1 LOCOK LOCCancel 1 LOCOK LOCCancel 1 LOCOK 1 LOCOK LOCCancel 1 LOCOK LOCCancel 1 LOCOK 1 LOCOK LOCCancel 1 LOCOK LOCCancel 1 LOCOK 1 LOCOK LOCCancel 1 LOCOK LOCCancel",
    "page_rank": 3.9405679192411256e-05
}