{
    "Title": " The Haunting Of Hill House ",
    "Author": "Shirley Jackson",
    "Cover Page": "https://powells-covers-2.s3.amazonaws.com/9780143039983.jpg",
    "ISBN10": "0143039989  \n",
    "ISBN13": "9780143039983",
    "Page URL": "https://powells.com/book/-9780143039983",
    "raw_text": "Haunting Of Hill House Shirley Jackson Trade Paperback 9780143039983 Powells Books Cart   my account  wish list  help  8008787323 Hello\n Login MENU Browse New Arrivals Bestsellers Featured Preorders Award Winners Audio Books See All Subjects Used Staff Picks Staff Picks Picks of the Month Bookseller Displays 50 Books for 50 Years 25 Best 21st Century SciFi  Fantasy 25 PNW Books to Read Before You Die 25 Books From the 21st Century 25 Memoirs to Read Before You Die 25 Global Books to Read Before You Die 25 Women to Read Before You Die 25 Books to Read Before You Die Gifts Gift Cards  eGift Cards Powells Souvenirs Journals and Notebooks socks Games Sell Books Blog Events Find A Store Dont Miss BIG SALE 20 off sitewide Picks of the Season What Im Giving Great Gifts Under 25 Best Books of 2022 Powells Author Events Oregon Battle of the Books Audio Books Visit Our Stores Powells Books 14 Gift Ideas From 14 of Our Favorite Authors 0 comment Every year Powells reaches out to some of our favorite authors for some muchneeded giftgiving inspiration Below are 14 writerapproved recommendations to help you find the perfect book for even your mostdifficulttobuyfor loved one Read More  Powells Staff Best Books of 2022 Fiction 1 comment Kelsey Ford 6 Haunting Native American Horror Books 1 comment 1 LOCOK 1 LOCOK LOCCancel 1 LOCOK LOCCancel The Haunting Of Hill House by Shirley Jackson Comment on this title Synopses  Reviews ISBN13 9780143039983 ISBN10 0143039989 Condition Standard All Product Details View Larger Image View Larger Images 1095 List Price 1600 Used Trade Paperback Ships in 1 to 3 days Qty Store 2 Burnside Staff Pick When a book so poetically written as The Haunting of Hill House can so deeply disturb unsettle and live inside of you like an invading yet welcome organism you know true literary magic has been created Such is the case with Hill House  You will not soon forget its odd angled walls and illfitting door frames those ghastly noises that wake you the malicious presence next to you Not to mention that such a novel was written by a woman in the 1950s A pioneer for women in horror literature Shirley Jackson remains as relevant as ever just like Hill House she has stood for 100 years and will stand for 100 more Recommended By Heather A Powellscom Synopses  Reviews Publisher Comments The classic supernatural thriller by an author who helped define the genre First published in 1959 Shirley Jacksons The Haunting of Hill House has been hailed as a perfect work of unnerving terror It is the story of four seekers who arrive at a notoriously unfriendly pile called Hill House Dr Montague an occult scholar looking for solid evidence of a haunting Theodora his lighthearted assistant Eleanor a friendless fragile young woman well acquainted with poltergeists and Luke the future heir of Hill House At first their stay seems destined to be merely a spooky encounter with inexplicable phenomena But Hill House is gathering its powers  and soon it will choose one of them to make its own About the Author Shirley Jackson 19161965 received wide critical acclaim for her short story The Lottery which was first published in the New Yorker in 1948 Her novels include We Have Always Lived in the Castle  The Sundial  and The Haunting of Hill House  Laura Miller is a cofounder of Saloncom where she is a senior writer She is the editor of The Saloncom Readers Guide to Contemporary Authors and the introducer of the Penguin Classics edition of The Haunting of Hill House  5 3 What Our Readers Are Saying Share your thoughts on this title Average customer rating 5 3 comments  Darcy J  October 23 2014 view all comments by Darcy J If you enjoy a really good ghost story as Halloween approaches The Haunting of Hill House by Shirley Jackson is hard to beat Probably best known for her eerie short story The Lottery Jacksons haunted house novel is a classic of horror If you think you know the story from having seen the dreadful 1999 movie The Haunting or even the much better 1963 version of the same name you havent Quiet yet terrifying Jackson gives the house unearthly life from the first paragraph Hill House not sane stood by itself against its hillsand whatever walked there walked alone In a story with no gore lovesick adolescent vampires or even profanity Jackson manages to draw you in and then scare the pants off you over and over again Immerse yourself in Jacksons story and then sleep with the light on if you need to It will be worth it Was this comment helpful  Yes  No 2 of 4 readers found this comment helpful report this\ncomment  LyndaT  September 01 2011 view all comments by LyndaT This novel like the tall and eerie spires of Hill House towers above all other haunted house novels and from the opening paragraph the reader knows that they are in for a spooky treat\nLest you think this book is for horror fans only far from it  this is a thinking persons novel of suspense mystery humor and a wellwritten treatise on relationships married strangers friends or lovers both straight and lesbian depending on the mindset of the reader Im proof of how each reading can give you a different experience Was this comment helpful  Yes  No 4 of 6 readers found this comment helpful report this\ncomment  David Gerstle  July 31 2009 view all comments by David Gerstle Though seemingly an innocuous haunted house tale Jacksons novel has left an imprint unlike any other horror story If I can say nothing else after multiple reads sometimes even on warm and sunny summer days this book still gives me the creeps\nHer novel succeeds so well because Jackson locates its horrors in places most of us could agree that they can and would be found  in our loneliness selfdoubt awkwardness and regret In this sense The Haunting of Hill House is a ghost story taking place inside the heart and mind of its main character Eleanor who we find ourselves alternately pitying loathing loving and praying for as things fall apart around and inside her The result is a horror novel that engages its readers emotions and intellects even as Jackson works to scare us stupid Was this comment helpful  Yes  No 2 of 4 readers found this comment helpful report this\ncomment Product Details ISBN 9780143039983 Binding Trade Paperback Publication date 12012006 Publisher PENGUIN PUTNAM TRADE Series info Penguin Classics Pages 182 Height 56IN Width 518IN Thickness 50 LCCN False Series Penguin Classics Age Range 18 and up Grade Range 13 and up Number of Units 1 Copyright Year 2006 UPC Code 2800143039985 Author Shirley Jackson Intropreface Laura Miller Media Run Time B Subject General Fiction Subject Haunted houses Subject Horror fiction Subject Psychological fiction 1095 List Price 1600 Used Trade Paperback Ships in 1 to 3 days Qty Store 2 Burnside More copies of this ISBN New Trade Paperback 1600 1 LOCOK 1 LOCOK LOCCancel 1 LOCOK LOCCancel 1 LOCOK 1 LOCOK LOCCancel 1 LOCOK LOCCancel 1 LOCOK 1 LOCOK LOCCancel 1 LOCOK LOCCancel 1 LOCOK 1 LOCOK LOCCancel 1 LOCOK LOCCancel Help Guarantee My Account Careers About Us Security Wish List Partners Contact Us Shipping Transparency ACT MRF Sitemap  2022 POWELLSCOM Terms 1 LOCOK 1 LOCOK LOCCancel 1 LOCOK LOCCancel 1 LOCOK 1 LOCOK LOCCancel 1 LOCOK LOCCancel 1 LOCOK 1 LOCOK LOCCancel 1 LOCOK LOCCancel 1 LOCOK 1 LOCOK LOCCancel 1 LOCOK LOCCancel",
    "page_rank": 0.00016042846784623634
}