{
    "Title": " Wrong to Need You: Forbidden Hearts (Forbidden Hearts #2) ",
    "Author": "Alisha Rai",
    "Cover Page": "https://powells-covers-2.s3.amazonaws.com/9780062566751.jpg",
    "ISBN10": "006256675X  \n",
    "ISBN13": "9780062566751",
    "Page URL": "https://powells.com/book/-9780062566751",
    "raw_text": "Wrong to Need You Forbidden Hearts Alisha Rai Mass Market 9780062566751 Powells Books Cart   my account  wish list  help  8008787323 Hello\n Login MENU Browse New Arrivals Bestsellers Featured Preorders Award Winners Audio Books See All Subjects Used Staff Picks Staff Picks Picks of the Month Bookseller Displays 50 Books for 50 Years 25 Best 21st Century SciFi  Fantasy 25 PNW Books to Read Before You Die 25 Books From the 21st Century 25 Memoirs to Read Before You Die 25 Global Books to Read Before You Die 25 Women to Read Before You Die 25 Books to Read Before You Die Gifts Gift Cards  eGift Cards Powells Souvenirs Journals and Notebooks socks Games Sell Books Blog Events Find A Store Dont Miss BIG SALE 20 off sitewide Picks of the Season What Im Giving Great Gifts Under 25 Best Books of 2022 Powells Author Events Oregon Battle of the Books Audio Books Visit Our Stores Powells Books 14 Gift Ideas From 14 of Our Favorite Authors 0 comment Every year Powells reaches out to some of our favorite authors for some muchneeded giftgiving inspiration Below are 14 writerapproved recommendations to help you find the perfect book for even your mostdifficulttobuyfor loved one Read More  Powells Staff Best Books of 2022 Fiction 1 comment Kelsey Ford 6 Haunting Native American Horror Books 1 comment 1 LOCOK 1 LOCOK LOCCancel 1 LOCOK LOCCancel Wrong to Need You Forbidden Hearts Forbidden Hearts 2 by Alisha Rai Comment on this title Synopses  Reviews ISBN13 9780062566751 ISBN10 006256675X All Product Details View Larger Image View Larger Images 000 Mass Market Ships in 1 to 3 days Staff Pick The Forbidden Hearts series by Alisha Rai is astonishing in its intensity My favorite book is the second in the series Wrong to Need You  I love the mix of family history and sexy characters I read a lot of romance books and this one definitely stands out as one of my favorites Recommended By Jennifer V Powellscom Synopses  Reviews Publisher Comments A Cosmopolitan Best Book of 2017 Alisha Rai returns with the second novel in her sizzling Forbidden Hearts series He wasnt supposed to fall in love with his brothers widow Accused of a crime he didnt commit Jackson Kane fled his home his name and his family Ten years later hes come back to town older wiser richer tougher  and still helpless to turn away the one woman he could never stop loving even after she married his brother Sadia Ahmed cant deal with the feelings her mysterious former brotherinlaw stirs but she also cant turn down his offer of help with the cafe shes inherited While he heats up her kitchen she slowly discovers that the boy she adored has grown into a man shes simply unable to resist An affair is unthinkable but their desire is undeniable As secrets and lies are stripped away Sadia and Jackson must decide if theyre strong enough to face the pastand step into a future together Review Risingstar Rais  Hate to Want You  2017 excellent contemporary smalltown Forbidden Heart series radiates intelligence and chemistry Booklist Review Another emotional passionate and psychologically complex love story in a gripping series that follows the fates of two warring families Kirkus Reviews Starred Review Review As deliciously soapy as a CW drama with a far more diverse cast and a heartfelt sensitive eye for issues With her inclusive multicultural supporting characters smoking hot love scenes and keen eye for plotting and family dynamics Rai crafts some of the best romance writing of the year here Entertainment Weekly Review Welldrawn characters and a plot that heats up with the mutual attraction This is addictive reading for fans of family sagas and romance Publishers Weekly About the Author Alisha Rai pens awardwinning contemporary romances and her novels have been named Best Books of the Year by Washington Post NPR  Amazon Entertainment Weekly Kirkus  and Cosmopolitan Magazine  When shes not writing Alisha is traveling or tweeting To find out more about her books or to sign up for her newsletter visit wwwalisharaicom 4 2 What Our Readers Are Saying Share your thoughts on this title Average customer rating 4 2 comments  MustInvolveEggs  February 07 2019 view all comments by MustInvolveEggs Wrong To Need You was the first book I read in this series and now that Ive read all three its still my favorite Starting it without context wasnt actually a problem for me Then again Ive been known to start fourbook series on Book Three so I might just be weird I love Sadias pride and how it gets in her way her comfort with her sexuality heck yeah bi heroine and her fierce and thorny love for her family I love Jacksons shyness his compassion and the way he passiveaggressively breaks into peoples houses Both Jackson and Sadia deal with a complicated sort of grief as they mourn a man they loved their shattered relationships with him and the impossibility of closure Watching them find their way to each other in spite of and because of that pain was deeply moving Just dont read if youre hungry Jackson makes really nice meals Was this comment helpful  Yes  No report this\ncomment  Book Fairy  December 05 2017 view all comments by Book Fairy Wrong to Need You was just an OK book for me I made the mistake of reading it without reading the first book in the series because I thought it could be read as a standalone I was wrong Complicated family dynamics that were introduced in the first book play a major part in book two Both Jackson and Sadia have big families with complex relationships that I found hard to untangle and care for The very large number of secondary characters took away the focus from Jackson and Sadia I was not interested in all the family drama and was bored a lot while reading Wrong to Need You\nJackson and Sadia were an OK couple I didnt find them particularly interesting and didnt connect with them We didnt really get to see their relationship develop because too much time was spent on other characters I do have to give credit to the author for giving us a very diverse cast\nRead Wrong to Need You if youve already read and enjoyed the first book and are invested in the characters Was this comment helpful  Yes  No report this\ncomment Product Details ISBN 9780062566751 Binding Mass Market Publication date 11282017 Publisher Avon Books Series info Forbidden Hearts Pages 368 Height 110IN Width 410IN Series Number 2 Author Alisha Rai 000 Mass Market Ships in 1 to 3 days Receive an email when this ISBN is available used 1 LOCOK 1 LOCOK LOCCancel 1 LOCOK LOCCancel 1 LOCOK 1 LOCOK LOCCancel 1 LOCOK LOCCancel 1 LOCOK 1 LOCOK LOCCancel 1 LOCOK LOCCancel 1 LOCOK 1 LOCOK LOCCancel 1 LOCOK LOCCancel Help Guarantee My Account Careers About Us Security Wish List Partners Contact Us Shipping Transparency ACT MRF Sitemap  2022 POWELLSCOM Terms 1 LOCOK 1 LOCOK LOCCancel 1 LOCOK LOCCancel 1 LOCOK 1 LOCOK LOCCancel 1 LOCOK LOCCancel 1 LOCOK 1 LOCOK LOCCancel 1 LOCOK LOCCancel 1 LOCOK 1 LOCOK LOCCancel 1 LOCOK LOCCancel",
    "page_rank": 6.016067544233863e-05
}