{
    "Title": " I Love Crab Cakes 50 Recipes for an American Classic ",
    "Author": "Tom Douglas",
    "Cover Page": "https://covers.powells.com/9780060881962.jpg",
    "ISBN10": "0060881968  \n",
    "ISBN13": "9780060881962",
    "Page URL": "https://powells.com/book/i-love-crab-cakes-50-recipes-for-an-american-classic-9780060881962",
    "raw_text": "I Love Crab Cakes 50 Recipes for an American Classic Tom Douglas Hardcover 9780060881962 Powells Books Cart   my account  wish list  help  8008787323 Hello\n Login MENU Browse New Arrivals Bestsellers Featured Preorders Award Winners Audio Books See All Subjects Used Staff Picks Staff Picks Picks of the Month Bookseller Displays 50 Books for 50 Years 25 Best 21st Century SciFi  Fantasy 25 PNW Books to Read Before You Die 25 Books From the 21st Century 25 Memoirs to Read Before You Die 25 Global Books to Read Before You Die 25 Women to Read Before You Die 25 Books to Read Before You Die Gifts Gift Cards  eGift Cards Powells Souvenirs Journals and Notebooks socks Games Sell Books Blog Events Find A Store Dont Miss BIG SALE 20 off sitewide Picks of the Season What Im Giving Great Gifts Under 25 Best Books of 2022 Powells Author Events Oregon Battle of the Books Audio Books Visit Our Stores Powells Books 14 Gift Ideas From 14 of Our Favorite Authors 0 comment Every year Powells reaches out to some of our favorite authors for some muchneeded giftgiving inspiration Below are 14 writerapproved recommendations to help you find the perfect book for even your mostdifficulttobuyfor loved one Read More  Powells Staff Best Books of 2022 Fiction 1 comment Kelsey Ford 6 Haunting Native American Horror Books 1 comment 1 LOCOK 1 LOCOK LOCCancel 1 LOCOK LOCCancel I Love Crab Cakes 50 Recipes for an American Classic by Tom Douglas Comment on this title Synopses  Reviews ISBN13 9780060881962 ISBN10 0060881968 Condition Like New All Product Details View Larger Image View Larger Images 1098 List Price 2199 Used Hardcover Ships in 1 to 3 days Qty Store 3 Burnside 1 Cedar Hills Synopses  Reviews Publisher Comments Where do you get the best crab cakes Ask one hundred different people and youll likely get one hundred different answers Some swear by classic Chesapeake Bay crab cakes and some by spicy Creole crab cakes while others maintain that Pacific Northwest crab cakes cant be beat In I Love Crab Cakes  awardwinning chef and cookbook author Tom Douglas brings the best of East West and Gulf coasts to the table and proves that the most delicious crab cakes of all come straight from your home kitchen Tom thoroughly examines every thorny crab cakerelated issue Bread crumbs cracker crumbs panko or no crumbs at all What kind of crabmeat Dungeness king or Peeky Toe Are the best crab cakes panfried deepfried or not even cooked Tom offers up dozens of his famous crab cake recipes including classic crab cakes from East and West North and South plus newer innovations such as Wild Ginger Crab Cakes Pesto Risotto Crab Cakes and Crab Louie Cheesecakes There are crab cake sandwiches breakfast crab cakes and crab cake sauces and salsas About the Author Tom Douglas a Delaware native grew up on blue crabs steamed with loads of Old Bay spice but he later moved to Seattle where Dungeness is king For the last twenty years Toms Dungeness crab cakes have been one of the topselling dishes in his popular restaurants Along with his wife and business partner Jackie Cross Tom owns four of Seattles most exciting restaurants Dahlia Lounge Ettas Palace Kitchen and Lola as well as Dahlia Bakery and a catering business Tom Douglas Catering and Events Tom is the author of Tom Douglas Seattle Kitchen  which won a James Beard Award and Toms Big Dinners  Tom and Jackie live in Seattle Washington with their daughter Loretta What Our Readers Are Saying Be the first to share your thoughts on this title Product Details ISBN 9780060881962 Binding Hardcover Publication date 05092006 Publisher HARPERCOLLINS PUBLISHERS Pages 160 Height 63IN Width 703IN Thickness 75 Number of Units 1 Illustration Yes Copyright Year 2006 UPC Code 2800060881964 Author Shelly Lance Author Tom Douglas Publisher Robin Layton Subject Cookery Crabs Subject Cooking and FoodFish and Seafood 1098 List Price 2199 Used Hardcover Ships in 1 to 3 days Qty Store 3 Burnside 1 Cedar Hills 1 LOCOK 1 LOCOK LOCCancel 1 LOCOK LOCCancel 1 LOCOK 1 LOCOK LOCCancel 1 LOCOK LOCCancel 1 LOCOK 1 LOCOK LOCCancel 1 LOCOK LOCCancel 1 LOCOK 1 LOCOK LOCCancel 1 LOCOK LOCCancel Help Guarantee My Account Careers About Us Security Wish List Partners Contact Us Shipping Transparency ACT MRF Sitemap  2022 POWELLSCOM Terms 1 LOCOK 1 LOCOK LOCCancel 1 LOCOK LOCCancel 1 LOCOK 1 LOCOK LOCCancel 1 LOCOK LOCCancel 1 LOCOK 1 LOCOK LOCCancel 1 LOCOK LOCCancel 1 LOCOK 1 LOCOK LOCCancel 1 LOCOK LOCCancel",
    "page_rank": 4.0137604412460665e-05
}