{
    "Title": " When No One Is Watching ",
    "Author": "Alyssa Cole",
    "Cover Page": "https://powells-covers-2.s3.amazonaws.com/9780062982650.jpg",
    "ISBN10": "0062982656  \n",
    "ISBN13": "9780062982650",
    "Page URL": "https://powells.com/book/when-no-one-is-watching-9780062982650",
    "raw_text": "When No One Is Watching A Thriller Alyssa Cole Trade Paperback 9780062982650 Powells Books Cart   my account  wish list  help  8008787323 Hello\n Login MENU Browse New Arrivals Bestsellers Featured Preorders Award Winners Audio Books See All Subjects Used Staff Picks Staff Picks Picks of the Month Bookseller Displays 50 Books for 50 Years 25 Best 21st Century SciFi  Fantasy 25 PNW Books to Read Before You Die 25 Books From the 21st Century 25 Memoirs to Read Before You Die 25 Global Books to Read Before You Die 25 Women to Read Before You Die 25 Books to Read Before You Die Gifts Gift Cards  eGift Cards Powells Souvenirs Journals and Notebooks socks Games Sell Books Blog Events Find A Store Dont Miss BIG SALE 20 off sitewide Picks of the Season What Im Giving Great Gifts Under 25 Best Books of 2022 Powells Author Events Oregon Battle of the Books Audio Books Visit Our Stores Powells Books 14 Gift Ideas From 14 of Our Favorite Authors 0 comment Every year Powells reaches out to some of our favorite authors for some muchneeded giftgiving inspiration Below are 14 writerapproved recommendations to help you find the perfect book for even your mostdifficulttobuyfor loved one Read More  Powells Staff Best Books of 2022 Fiction 1 comment Kelsey Ford 6 Haunting Native American Horror Books 1 comment 1 LOCOK 1 LOCOK LOCCancel 1 LOCOK LOCCancel When No One Is Watching by Alyssa Cole Comment on this title Synopses  Reviews ISBN13 9780062982650 ISBN10 0062982656 Condition Standard All Product Details View Larger Image View Larger Images 1195 List Price 1699 Used Trade Paperback Ships in 1 to 3 days Qty Store 2 Burnside 9 Cedar Hills 3 Hawthorne 10 Local Warehouse Staff Pick The publisher describes this as Rear Window meets Get Out  The heartbreak of your lifelong neighborhood being lost to gentrification turns to fear paranoia and wonder What is happening to all those people who moved out of the neighborhood I cant wait to find out Recommended By Doug C Powellscom Synopses  Reviews Publisher Comments Rear Window meets Get Out in this gripping thriller from a critically acclaimed and New York Times Notable author in which the gentrification of a Brooklyn neighborhood takes on a sinister new meaning Sydney Green is Brooklyn born and raised but the neighborhood she loves is being erased before her very eyes FOR SALE signs are popping up everywhere and the neighbors shes known all her life are disappearing To preserve the past Sydney channels her frustration into a walking tour Displaced A Peoples History of Brooklyn and finds an unlikely and unwanted assistant in one of the new arrivals to the block  her neighbor Theo But Sydney and Theos deep dive into history quickly becomes a dizzying descent into paranoia and fear Their neighbors may not have moved to the suburbs after all and the efforts to revitalize the community may be more deadly than advertised When does coincidence become conspiracy Where do people go when gentrification pushes them out Can Sydney and Theo trust each other  or themselves  long enough to find out before they too disappear  permanently Review This stellar and unflinching look at racism and greed will have readers hooked til the end Publishers Weekly Starred Review Review Suspense at its bestyou arent going to be able to put it down until you finish it Book Riot Review A searing indictment of the inseparable evils of racism and gentrification wrapped in an anxietyinducing thriller with elements of romance and horrorCole expertly layers plot twists raising the stakes until the dramatic finale Booklist Starred Review About the Author Alyssa Cole is an awardwinning author of historical contemporary and scifi romance Her contemporary romcom A Princess in Theory was one of the New York Times  100 Notable Books of 2018 and her books have received critical acclaim from Library Journal BuzzFeed Kirkus Booklist Jezebel Vulture Book Riot Entertainment Weekly  and various other outlets When shes not working she can usually be found watching anime or wrangling her many pets What Our Readers Are Saying Be the first to share your thoughts on this title Product Details ISBN 9780062982650 Binding Trade Paperback Publication date 09012020 Publisher WILLIAM MORROW  COMPANY INC Pages 368 Author Alyssa Cole 1195 List Price 1699 Used Trade Paperback Ships in 1 to 3 days Qty Store 2 Burnside 9 Cedar Hills 3 Hawthorne 10 Local Warehouse More copies of this ISBN New Trade Paperback 1699 Used Trade Paperback 850 This title in other editions New Mass Market 999 Used Trade Paperback 895 1 LOCOK 1 LOCOK LOCCancel 1 LOCOK LOCCancel 1 LOCOK 1 LOCOK LOCCancel 1 LOCOK LOCCancel 1 LOCOK 1 LOCOK LOCCancel 1 LOCOK LOCCancel 1 LOCOK 1 LOCOK LOCCancel 1 LOCOK LOCCancel Help Guarantee My Account Careers About Us Security Wish List Partners Contact Us Shipping Transparency ACT MRF Sitemap  2022 POWELLSCOM Terms 1 LOCOK 1 LOCOK LOCCancel 1 LOCOK LOCCancel 1 LOCOK 1 LOCOK LOCCancel 1 LOCOK LOCCancel 1 LOCOK 1 LOCOK LOCCancel 1 LOCOK LOCCancel 1 LOCOK 1 LOCOK LOCCancel 1 LOCOK LOCCancel",
    "page_rank": 4.074629616275574e-05
}