{
    "Title": " Creative Quest ",
    "Author": "Questlove",
    "Cover Page": "https://powells-covers-2.s3.amazonaws.com/9780062670571.jpg",
    "ISBN10": "0062670573  \n",
    "ISBN13": "9780062670571",
    "Page URL": "https://powells.com/book/creative-quest-9780062670571",
    "raw_text": "Creative Quest Questlove Trade Paperback 9780062670571 Powells Books Cart   my account  wish list  help  8008787323 Hello\n Login MENU Browse New Arrivals Bestsellers Featured Preorders Award Winners Audio Books See All Subjects Used Staff Picks Staff Picks Picks of the Month Bookseller Displays 50 Books for 50 Years 25 Best 21st Century SciFi  Fantasy 25 PNW Books to Read Before You Die 25 Books From the 21st Century 25 Memoirs to Read Before You Die 25 Global Books to Read Before You Die 25 Women to Read Before You Die 25 Books to Read Before You Die Gifts Gift Cards  eGift Cards Powells Souvenirs Journals and Notebooks socks Games Sell Books Blog Events Find A Store Dont Miss BIG SALE 20 off sitewide Picks of the Season What Im Giving Great Gifts Under 25 Best Books of 2022 Powells Author Events Oregon Battle of the Books Audio Books Visit Our Stores Powells Books 14 Gift Ideas From 14 of Our Favorite Authors 0 comment Every year Powells reaches out to some of our favorite authors for some muchneeded giftgiving inspiration Below are 14 writerapproved recommendations to help you find the perfect book for even your mostdifficulttobuyfor loved one Read More  Powells Staff Best Books of 2022 Fiction 1 comment Kelsey Ford 6 Haunting Native American Horror Books 1 comment 1 LOCOK 1 LOCOK LOCCancel 1 LOCOK LOCCancel Creative Quest by Questlove Comment on this title Synopses  Reviews ISBN13 9780062670571 ISBN10 0062670573 All Product Details View Larger Image View Larger Images 1899 New Trade Paperback Ships in 1 to 3 days Qty Store 1 Hawthorne 20 Local Warehouse From Powellscom Powells Picks of the Month Hot new releases and undertheradar gems for adults and kids Staff Pick Books written by celebrities can sometimes fall flat but Creative Quest  Questloves book about the process of creativity is surprisingly terrific Its smart but readable inspirational but nononsense and chockfull of advice and stories Super practical and informative in addition to entertaining  whats not to love Recommended By Leah C Powellscom Synopses  Reviews Publisher Comments What is creativity Do you have it How can you make it work for you Questlove  musician bandleader designer producer culinary entrepreneur professor and allaround cultural omnivore  draws on a lifetime of experience to offer insights into how to build the best creative life and how to let the best creative life build you Questlove has worked with or around hundreds of other artists and engaged in dialogue with them regarding the creative process whether in person or from an appreciation of their work musicians like DAngelo and Bj\u00f6rk filmmakers like Ava DuVernay and Mike Birbiglia comedians chefs designers writers and more In Creative Quest Questlove synthesizes all the creative lessons and stories hes collected from these collaborators mentors and colleagues as well as reflecting on his own experience The result is a guide to the role of creativity in everyday life where it comes from where it goes where it leads you Whether youre curious about how to find that initial spark unsure about how to handle failure or for that matter success or unclear how to keep inspiration alive Questloves sharp wise and witty philosophy of creativity displays the candor and enthusiasm that fans have come to expect Review I read so many books and I have time for so few of them This book paid off every minute I loved keeping company with Questloves agile mind as he worked through the problems and promises of creativity Issa Rae Review Questlove never stops He doesnt set limitations or let fear guide his creativity his imagination or his dreaming When Questlove says hes going to do something he will find out how to do whatever that is and become a master at it I cant think of a person more suited to write a book about being creative Jimmy Fallon Review Creativity presents an opportunity for people from all walks of life to be heard Questlove brilliantly delivers a mustread guide for all creatives who desire to define and cultivate their own unique voice Lena Waithe Review  Creative Quest is a comprehensive funny and honest exploration of artistic process My favorite read this year Donald Glover Synopsis NAMED A MOST ANTICIPATED BOOK OF 2018 BY Esquire  PopSugar  The Huffington Post  Buzzfeed  Publishers Weekly A unique new guide to creativity from Questloveinspirations stories and lessons on how to live your best creative life Questlovemusician bandleader designer producer culinary entrepreneur professor and allaround cultural omnivoreshares his wisdom on the topics of inspiration and originality in a oneofakind guide to living your best creative life In Creative Quest Questlove synthesizes all the creative philosophies lessons and stories hes heard from the many creators and collaborators in his life and reflects on his own experience to advise readers and fans on how to consider creativity and where to find it He addresses many topicswhat it means to be creative how to find a mentor and serve as an apprentice the wisdom of maintaining a creative network coping with critics and the foibles of success and the specific pitfalls of contemporary cultureall in the service of guiding admirers who have followed his career and newcomers not yet acquainted with his story Whether discussing his own life or channeling the lessons hes learned from forefathers such as George Clinton collaborators like DAngelo or likeminded artists including Ava DuVernay David Byrne Bj rk and others Questlove speaks with the candor and enthusiasm that fans have come to expect Creative Quest is many thingsabove all a wise and wideranging conversation around the eternal mystery of creativity Hank Willis Thomas About the Author Questlove is a drummer DJ music producer executive producer for film and television culinary entrepreneur designer New York Times bestselling and James Beard Awardnominated author and cofounder of Philadelphias most influential hiphop group the Roots He serves as the musical director for the Tonight Show Starring Jimmy Fallon  where the Roots are the house band and is a fourtime Grammy Awardwinning musician Ben Greenman is a New York Times bestselling author who has written more than a dozen books of fiction and nonfiction What Our Readers Are Saying Be the first to share your thoughts on this title Product Details ISBN 9780062670571 Binding Trade Paperback Publication date 04022019 Publisher HARPERCOLLINS PUBLISHERS Pages 288 Height 70IN Width 640IN Author Questlove Author Questlove 1899 New Trade Paperback Ships in 1 to 3 days Qty Store 1 Hawthorne 20 Local Warehouse Receive an email when this ISBN is available used 1 LOCOK 1 LOCOK LOCCancel 1 LOCOK LOCCancel 1 LOCOK 1 LOCOK LOCCancel 1 LOCOK LOCCancel 1 LOCOK 1 LOCOK LOCCancel 1 LOCOK LOCCancel 1 LOCOK 1 LOCOK LOCCancel 1 LOCOK LOCCancel Help Guarantee My Account Careers About Us Security Wish List Partners Contact Us Shipping Transparency ACT MRF Sitemap  2022 POWELLSCOM Terms 1 LOCOK 1 LOCOK LOCCancel 1 LOCOK LOCCancel 1 LOCOK 1 LOCOK LOCCancel 1 LOCOK LOCCancel 1 LOCOK 1 LOCOK LOCCancel 1 LOCOK LOCCancel 1 LOCOK 1 LOCOK LOCCancel 1 LOCOK LOCCancel",
    "page_rank": 3.859767171146299e-05
}