{
    "Title": " El Alquimista Una Fabula Para Seguir Tus Suenos The Alchemist ",
    "Author": "Paulo Coelho",
    "Cover Page": "https://powells-covers-2.s3.amazonaws.com/9780062511409.jpg",
    "ISBN10": "0062511408  \n",
    "ISBN13": "9780062511409",
    "Page URL": "https://powells.com/book/el-alquimista-una-fabula-para-seguir-tus-suenos-the-alchemist-9780062511409",
    "raw_text": "El Alquimista Una Fabula Para Seguir Tus Suenos The Alchemist Paulo Coelho Trade Paperback 9780062511409 Powells Books Cart   my account  wish list  help  8008787323 Hello\n Login MENU Browse New Arrivals Bestsellers Featured Preorders Award Winners Audio Books See All Subjects Used Staff Picks Staff Picks Picks of the Month Bookseller Displays 50 Books for 50 Years 25 Best 21st Century SciFi  Fantasy 25 PNW Books to Read Before You Die 25 Books From the 21st Century 25 Memoirs to Read Before You Die 25 Global Books to Read Before You Die 25 Women to Read Before You Die 25 Books to Read Before You Die Gifts Gift Cards  eGift Cards Powells Souvenirs Journals and Notebooks socks Games Sell Books Blog Events Find A Store Dont Miss BIG SALE 20 off sitewide Picks of the Season What Im Giving Great Gifts Under 25 Best Books of 2022 Powells Author Events Oregon Battle of the Books Audio Books Visit Our Stores Powells Books 14 Gift Ideas From 14 of Our Favorite Authors 0 comment Every year Powells reaches out to some of our favorite authors for some muchneeded giftgiving inspiration Below are 14 writerapproved recommendations to help you find the perfect book for even your mostdifficulttobuyfor loved one Read More  Powells Staff Best Books of 2022 Fiction 1 comment Kelsey Ford 6 Haunting Native American Horror Books 1 comment 1 LOCOK 1 LOCOK LOCCancel 1 LOCOK LOCCancel El Alquimista Una Fabula Para Seguir Tus Suenos The Alchemist by Paulo Coelho Comment on this title Synopses  Reviews ISBN13 9780062511409 ISBN10 0062511408 Condition Standard All Product Details View Larger Image View Larger Images 950 List Price 1499 Used Trade Paperback Ships in 1 to 3 days Qty Store 1 Local Warehouse Synopses  Reviews Publisher Comments La m\u00e1gica historia de Paulo Coelho que trata sobre Santiago un ni\u00f1o pastor andaluz que viaja en busca de un tesoro material nos ense\u00f1a la importancia que tiene el saber eschuchar lo que nos dice el coraz\u00f3n a aprender a leer los presagios dispersados por el camino de nuestras vidas y sobre todo a seguir nuestros sue\u00f1os El Alquimista  ahora por primera vez disponible en Espa\u00f1a en Norte America ha sido aclamado en Espa\u00f1a y en America Latina como una de las novelas mas importantes de la d\u00e9cada Synopsis Combina la magia el misticismo la sabiduria y la maravilla en un inspirador relato de autodescubrimiento El alquimista se ha convertido en un clasico moderno vendiendo millones de copias en todo el mundo y transformando las vidas de innumerables lectores de todas las edades La obra maestra de Paulo Coelho narra la historia mistica de Santiago un joven pastor andaluz que anhela viajar en busca de un tesoro terrenal Su busqueda le conducira a encontrar riquezas muy diferentes y mucho mas gratificantes de lo que nunca imagino El viaje de Santiago nos ensena la sabiduria esencial de escuchar a nuestros corazones de reconocer las oportunidades y aprender a leer los presagios esparcidos a lo largo de la vida y lo que es mas importante a seguir nuestros suenos Synopsis El Alquimista  de Paulo Coelho sigue cambiando la vida de sus lectores para siempre Con m s de dos millones de copias vendidas alrededor del mundo El Alquimista se ha establecido como un cl sico moderno admirado universalmente La obra maestra de Paulo Coelho cuenta la m gica historia de Santiago un joven pastor andaluz que anhela viajar en busca de un tesoro valioso el m s extravagante que jam s alguien haya encontrado La historia de los tesoros que Santiago encuentra en su camino nos ense a como s lo pocas historias pueden sobre de la sabidur a esencial de escuchar nuestro coraz n aprender a leer los presagios esparcidos a lo largo del camino de la vida y sobre todo a perseguir nuestros sue os The Alchemist by Paulo Coelho continues to change the lives of its readers forever With more than two million copies sold around the world The Alchemist has established itself as a modern classic universally admired Paulo Coelhos masterpiece tells the magical story of Santiago an Andalusian shepherd boy who yearns to travel in search of a worldly treasure as extravagant as any ever found The story of the treasures Santiago finds along the way teaches us as only a few stories can about the essential wisdom of listening to our hearts learning to read the omens strewn along lifes path and above all following our dreams About the Author Paulo Coelho is one of the most beloved writers of our time With sales of over 85 million copies worldwide his books have been translated into 63 languages and published in 150 countries He is the recipient of numerous prestigious international awards and was inducted into the Brazilian Academy of Letters in 2002 Mr Coelho also writes a weekly column syndicated throughout the world Paulo Coelho naci\u00f3 en Brasil en 1947 y es uno de los autores con m\u00e1s influencia de hoy d\u00eda Conocido mundialmente por el bestseller internacional El Alquimista  ha vendido m\u00e1s de 75 millones de libros en todo el mundo que han sido traducidos a 62 idiomas y publicados en 150 pa\u00edses Asimismo ha recibido destacados premios y menciones internacionales como el Planetary Arts Award el Cristal Award concedido por el Foro Econ\u00f3mico Mundial la prestigiosa distinci\u00f3n de Chevalier de lOrdre National de la L\u00e9gion DHonneur del gobierno franc\u00e9s y el Bambi 2001 Award de Alemania En el 2002 se convirti\u00f3 en miembro de la prestigiosa Academia Brasilera de Letras A su vez Paulo Coelho escribe una columna semanal que se publica en los peri\u00f3dicos m\u00e1s importantes de todo el mundo What Our Readers Are Saying Be the first to share your thoughts on this title Product Details ISBN 9780062511409 Binding Trade Paperback Publication date 11222022 Publisher HARPERCOLLINS PUBLISHERS Language Spanish Pages 192 Height 50IN Width 510IN Thickness 50 Number of Units 1 Publication Country United States Copyright Year 1994 Series Volume 4 UPC Code 2800062511401 Author Paulo Coelho Translator Juan G Costa Translator De Juan Godo Costa Author Paulo Coelho Subject FIC502530 Subject Andaluc\u00e2ia Subject Alchemists Subject General Fiction Subject Dreams Subject Fiction Subject Shepherds Subject Fables Subject Andalusia 950 List Price 1499 Used Trade Paperback Ships in 1 to 3 days Qty Store 1 Local Warehouse More copies of this ISBN New Trade Paperback 1499 Used Trade Paperback 1050 1 LOCOK 1 LOCOK LOCCancel 1 LOCOK LOCCancel 1 LOCOK 1 LOCOK LOCCancel 1 LOCOK LOCCancel 1 LOCOK 1 LOCOK LOCCancel 1 LOCOK LOCCancel 1 LOCOK 1 LOCOK LOCCancel 1 LOCOK LOCCancel Help Guarantee My Account Careers About Us Security Wish List Partners Contact Us Shipping Transparency ACT MRF Sitemap  2022 POWELLSCOM Terms 1 LOCOK 1 LOCOK LOCCancel 1 LOCOK LOCCancel 1 LOCOK 1 LOCOK LOCCancel 1 LOCOK LOCCancel 1 LOCOK 1 LOCOK LOCCancel 1 LOCOK LOCCancel 1 LOCOK 1 LOCOK LOCCancel 1 LOCOK LOCCancel",
    "page_rank": 3.913272903405283e-05
}