{
    "Title": " Princess in Theory Reluctant Royals 01 ",
    "Author": "Alyssa Cole",
    "Cover Page": "https://powells-covers-2.s3.amazonaws.com/9780062685544.jpg",
    "ISBN10": "0062685546  \n",
    "ISBN13": "9780062685544",
    "Page URL": "https://powells.com/book/-9780062685544",
    "raw_text": "Princess in Theory Reluctant Royals Alyssa Cole Mass Market 9780062685544 Powells Books Cart   my account  wish list  help  8008787323 Hello\n Login MENU Browse New Arrivals Bestsellers Featured Preorders Award Winners Audio Books See All Subjects Used Staff Picks Staff Picks Picks of the Month Bookseller Displays 50 Books for 50 Years 25 Best 21st Century SciFi  Fantasy 25 PNW Books to Read Before You Die 25 Books From the 21st Century 25 Memoirs to Read Before You Die 25 Global Books to Read Before You Die 25 Women to Read Before You Die 25 Books to Read Before You Die Gifts Gift Cards  eGift Cards Powells Souvenirs Journals and Notebooks socks Games Sell Books Blog Events Find A Store Dont Miss BIG SALE 20 off sitewide Picks of the Season What Im Giving Great Gifts Under 25 Best Books of 2022 Powells Author Events Oregon Battle of the Books Audio Books Visit Our Stores Powells Books 14 Gift Ideas From 14 of Our Favorite Authors 0 comment Every year Powells reaches out to some of our favorite authors for some muchneeded giftgiving inspiration Below are 14 writerapproved recommendations to help you find the perfect book for even your mostdifficulttobuyfor loved one Read More  Powells Staff Best Books of 2022 Fiction 1 comment Kelsey Ford 6 Haunting Native American Horror Books 1 comment 1 LOCOK 1 LOCOK LOCCancel 1 LOCOK LOCCancel Princess in Theory Reluctant Royals 01 by Alyssa Cole Comment on this title Synopses  Reviews ISBN13 9780062685544 ISBN10 0062685546 Condition Standard All Product Details View Larger Image View Larger Images 550 List Price 899 Used Mass Market Ships in 1 to 3 days Qty Store 1 Burnside 2 Cedar Hills Synopses  Reviews Publisher Comments Between grad school and multiple jobs Naledi Smith doesnt have time for fairy tales or patience for the constant emails claiming shes betrothed to an African prince Sure Right Delete As a former foster kid shes learned that the only things she can depend on are herself and the scientific method and a silly email wont convince her otherwise Prince Thabiso is the sole heir to the throne of Thesolo shouldering the hopes of his parents and his people At the top of their list His marriage Ever dutiful he tracks down his missing betrothed When Naledi mistakes the prince for a pauper Thabiso cant resist the chance to experience life  and love  without the burden of his crown The chemistry between them is instant and irresistible and flirty friendship quickly evolves into passionate nights But when the truth is revealed can a princess in theory become a princess ever after About the Author Alyssa Cole is an awardwinning author of historical contemporary and scifi romance Her books have received critical acclaim from The New York Times  Library Journal  BuzzFeed Kirkus  Booklist  Jezebel Vulture Book Riot Entertainment Weekly  and various other outlets When shes not working she can usually be found watching anime with her husband or wrangling their menagerie of animals What Our Readers Are Saying Be the first to share your thoughts on this title Product Details ISBN 9780062685544 Binding Mass Market Publication date 02272018 Publisher AVON BOOKS Pages 384 Height 110IN Width 400IN Author Alyssa Cole 550 List Price 899 Used Mass Market Ships in 1 to 3 days Qty Store 1 Burnside 2 Cedar Hills More copies of this ISBN New Mass Market 899 1 LOCOK 1 LOCOK LOCCancel 1 LOCOK LOCCancel 1 LOCOK 1 LOCOK LOCCancel 1 LOCOK LOCCancel 1 LOCOK 1 LOCOK LOCCancel 1 LOCOK LOCCancel 1 LOCOK 1 LOCOK LOCCancel 1 LOCOK LOCCancel Help Guarantee My Account Careers About Us Security Wish List Partners Contact Us Shipping Transparency ACT MRF Sitemap  2022 POWELLSCOM Terms 1 LOCOK 1 LOCOK LOCCancel 1 LOCOK LOCCancel 1 LOCOK 1 LOCOK LOCCancel 1 LOCOK LOCCancel 1 LOCOK 1 LOCOK LOCCancel 1 LOCOK LOCCancel 1 LOCOK 1 LOCOK LOCCancel 1 LOCOK LOCCancel",
    "page_rank": 6.016067544233863e-05
}