{
    "Title": " Donde Viven los Monstruos Where the Wild Things Are ",
    "Author": "Maurice Sendak",
    "Cover Page": "https://powells-covers-2.s3.amazonaws.com/9780064434225.jpg",
    "ISBN10": "0064434222  \n",
    "ISBN13": "9780064434225",
    "Page URL": "https://powells.com/book/donde-viven-los-monstruos-where-the-wild-things-are-9780064434225",
    "raw_text": "Donde Viven los Monstruos Where the Wild Things Are Maurice Sendak Trade Paperback 9780064434225 Powells Books Cart   my account  wish list  help  8008787323 Hello\n Login MENU Browse New Arrivals Bestsellers Featured Preorders Award Winners Audio Books See All Subjects Used Staff Picks Staff Picks Picks of the Month Bookseller Displays 50 Books for 50 Years 25 Best 21st Century SciFi  Fantasy 25 PNW Books to Read Before You Die 25 Books From the 21st Century 25 Memoirs to Read Before You Die 25 Global Books to Read Before You Die 25 Women to Read Before You Die 25 Books to Read Before You Die Gifts Gift Cards  eGift Cards Powells Souvenirs Journals and Notebooks socks Games Sell Books Blog Events Find A Store Dont Miss BIG SALE 20 off sitewide Picks of the Season What Im Giving Great Gifts Under 25 Best Books of 2022 Powells Author Events Oregon Battle of the Books Audio Books Visit Our Stores Powells Books 14 Gift Ideas From 14 of Our Favorite Authors 0 comment Every year Powells reaches out to some of our favorite authors for some muchneeded giftgiving inspiration Below are 14 writerapproved recommendations to help you find the perfect book for even your mostdifficulttobuyfor loved one Read More  Powells Staff Best Books of 2022 Fiction 1 comment Kelsey Ford 6 Haunting Native American Horror Books 1 comment 1 LOCOK 1 LOCOK LOCCancel 1 LOCOK LOCCancel Donde Viven los Monstruos Where the Wild Things Are by Maurice Sendak Comment on this title Synopses  Reviews ISBN13 9780064434225 ISBN10 0064434222 All Product Details View Larger Image View Larger Images 895 New Trade Paperback Ships in 1 to 3 days Qty Store 20 Local Warehouse Synopses  Reviews Publisher Comments Maurice Sendaks beloved Where the Wild Things Are  winner of the 1964 Caldecott Medal is now available in a newly revised Spanish edition exclusive to Harper Arco Iris Spanish speakers and listeners will now be able to join Max as he sets sail and becomes king of all Wild Things Synopsis Donde viven los monstruos tiene cincuenta anos de publicacion Maurice Sendak ganador de la Medalla Caldecott por su libro de imagenes se ha convertido en uno de los libros infantiles mas queridos y aclamados de todos los tiempos Todo nino debe tener una copia Las travesuras llevan a Max a su habitacion castigado y sin cenar Encerrado entre esas cuatro paredes imagina un viaje fantastico al pais de los monstruos donde se convertira en el rey Un libro para aprender a domar monstruos en este caso de lo mas dulces y tiernos Este clasico de la literatura infantil es ideal para los primeros lectores quienes se veran identificados con Max sus juegos sus miedos y su mundo Este iconico historia ha inspirado una pelicula una opera y la imaginacion de generaciones About the Author In addition to Where the Wild Things Are  Maurice Sendaks books include Kennys Window  Very Far Away  The Sign on Rosies Door  Nutshell Library consisting of Chicken Soup with Rice  Alligators All Around  One Was Johnny  and Pierre  Higglety Pigglety Pop or There Must Be More to Life  In the Night Kitchen  Outside Over There  We Are All in the Dumps with Jack and Guy  and BumbleArdy  He received the 1964 Caldecott Medal for Where the Wild Things Are  the 1970 Hans Christian Andersen Award for Illustration the 1983 Laura Ingalls Wilder Award given by the American Library Association in recognition of his entire body of work and a 1996 National Medal of Arts in recognition of his contribution to the arts in America In 2003 he received the first Astrid Lindgren Memorial Award an international prize for childrens literature established by the Swedish government In addition to Where the Wild Things Are  Maurice Sendaks books include Kennys Window  Very Far Away  The Sign on Rosies Door  Nutshell Library consisting of Chicken Soup with Rice  Alligators All Around  One Was Johnny  and Pierre  Higglety Pigglety Pop or There Must Be More to Life  In the Night Kitchen  Outside Over There  We Are All in the Dumps with Jack and Guy  and BumbleArdy  He received the 1964 Caldecott Medal for Where the Wild Things Are  the 1970 Hans Christian Andersen Award for Illustration the 1983 Laura Ingalls Wilder Award given by the American Library Association in recognition of his entire body of work and a 1996 National Medal of Arts in recognition of his contribution to the arts in America In 2003 he received the first Astrid Lindgren Memorial Award an international prize for childrens literature established by the Swedish government What Our Readers Are Saying Be the first to share your thoughts on this title Product Details ISBN 9780064434225 Binding Trade Paperback Publication date 08071996 Publisher HARPERCOLLINS PUBLISHERS Series info Historias Para Dormir Language Spanish Pages 48 Height 30IN Width 990IN Thickness 25 Series Historias Para Dormir Age Range 4 to 8 Grade Range P to 3 Number of Units 1 Illustration Yes Copyright Year 1996 Series Volume no 77172 UPC Code 2800064434227 Authorillustrator Maurice Sendak Translator Teresa Mlawer Subject Ethnic  H for exploringChristianity important questions of career and vocation and thorny issues within the churchsuch as fundamentalism and homosexuality This imaginative excursion is handled with aplomb\u00e2A thoughtprovoking novel\u00e2  Subject Fantasy fiction Subject Spanish language edition\n Subject Monsters Subject Childrens fiction Subject Childrens 48  Picturebooks Subject Fantasy Subject Juveniles Subject Spanish language materials Subject Fantastic fiction 895 New Trade Paperback Ships in 1 to 3 days Qty Store 20 Local Warehouse More copies of this ISBN Used Trade Paperback 495 1 LOCOK 1 LOCOK LOCCancel 1 LOCOK LOCCancel 1 LOCOK 1 LOCOK LOCCancel 1 LOCOK LOCCancel 1 LOCOK 1 LOCOK LOCCancel 1 LOCOK LOCCancel 1 LOCOK 1 LOCOK LOCCancel 1 LOCOK LOCCancel Help Guarantee My Account Careers About Us Security Wish List Partners Contact Us Shipping Transparency ACT MRF Sitemap  2022 POWELLSCOM Terms 1 LOCOK 1 LOCOK LOCCancel 1 LOCOK LOCCancel 1 LOCOK 1 LOCOK LOCCancel 1 LOCOK LOCCancel 1 LOCOK 1 LOCOK LOCCancel 1 LOCOK LOCCancel 1 LOCOK 1 LOCOK LOCCancel 1 LOCOK LOCCancel",
    "page_rank": 3.913272903405283e-05
}