{
    "Title": " Perfect Phrases for American Sign Language ",
    "Author": "Lou Fant",
    "Cover Page": "https://covers.powells.com/9780071598774.jpg",
    "ISBN10": "0071598774  \n",
    "ISBN13": "9780071598774",
    "Page URL": "https://powells.com/book/perfect-phrases-for-american-sign-language-9780071598774",
    "raw_text": "Perfect Phrases for American Sign Language Lou Fant Trade Paperback 9780071598774 Powells Books Cart   my account  wish list  help  8008787323 Hello\n Login MENU Browse New Arrivals Bestsellers Featured Preorders Award Winners Audio Books See All Subjects Used Staff Picks Staff Picks Picks of the Month Bookseller Displays 50 Books for 50 Years 25 Best 21st Century SciFi  Fantasy 25 PNW Books to Read Before You Die 25 Books From the 21st Century 25 Memoirs to Read Before You Die 25 Global Books to Read Before You Die 25 Women to Read Before You Die 25 Books to Read Before You Die Gifts Gift Cards  eGift Cards Powells Souvenirs Journals and Notebooks socks Games Sell Books Blog Events Find A Store Dont Miss BIG SALE 20 off sitewide Picks of the Season What Im Giving Great Gifts Under 25 Best Books of 2022 Powells Author Events Oregon Battle of the Books Audio Books Visit Our Stores Powells Books 14 Gift Ideas From 14 of Our Favorite Authors 0 comment Every year Powells reaches out to some of our favorite authors for some muchneeded giftgiving inspiration Below are 14 writerapproved recommendations to help you find the perfect book for even your mostdifficulttobuyfor loved one Read More  Powells Staff Best Books of 2022 Fiction 1 comment Kelsey Ford 6 Haunting Native American Horror Books 1 comment 1 LOCOK 1 LOCOK LOCCancel 1 LOCOK LOCCancel Perfect Phrases for American Sign Language by Lou Fant Comment on this title Synopses  Reviews ISBN13 9780071598774 ISBN10 0071598774 All Product Details View Larger Image View Larger Images 1300 New Trade Paperback Available at a Remote Warehouse Ships separately from other items Additional shipping charges may apply Not available for In Store Pickup More Info Qty Store 20 Remote Warehouse Synopses  Reviews Publisher Comments Quick and easy phrases in ASL for daily life Perfect Phrases for American Sign Language provides 150 essential phrases for hearingimpaired users of ASL and those who interact with them ASL expert Barbara Bernstein Fantcarrying on the work of her late husband Louand illustrator Betty Miller make it easy for you to pick up key signs for everyday communication without having to have prior knowledge of signing This handy reference is perfect for comfortably and confidently communicating with loved ones coworkers patients or anyone who uses ASL Synopsis With 150 key phrases the perfect and essential way to communicate with ASL signers About the Author Lou Fant was considered a leading expert in the ASL field He was a teacher interpreter consultant sign language coach and actor He was the author of numerous articles and five books on ASL Barbara Bernstein Fant has taught beginning and advanced ASL at Seattle Central Community College sine 1990 She has served as the chairperson of the Abused Deaf Womens Advocacy Services board Table of Contents Preface 1 Basic Sentence Types 2 Question Signs 3 Greetings Introductions and Common Expressions 4 Getting Better Acquainted 5 Signing and Deafness 6 Health 7 Numbers Time Dates and Money 8 Technology 9 Holidays and Occasions 10 Additional Vocabulary Appendix The Manual Alphabet What Our Readers Are Saying Be the first to share your thoughts on this title Product Details ISBN 9780071598774 Binding Trade Paperback Publication date 09072009 Publisher MCGRAW HILL COMPANIES Series info Perfect Phrases Pages 176 Height 50IN Width 500IN Thickness 50 Series Perfect Phrases Series Number of Units 1 Copyright Year 2009 UPC Code 2800071598776 Author Betty Miller Author Lou Fant Author Barbara Bernstein Fant Illustrator Betty G Miller Illustrator Betty G Miller Author Louie J Fant Illustrator Betty G Miller Subject Numbers Dates Time and Money Subject Family Subject Manual Alphabet Subject Index of phrases ASL American Sign Language Marlee Matlin children of a lesser god Subject American sign language Subject Foreign LanguagesAmerican Sign Language Subject Everyday Life greetings introductions Subject Index of phrases ASL American Sign Language Marlee Matlin children of a lesser god Lou Fant Barbara Bernstein Fant Betty Miller signs fingerspelling Deaf hard of hearing Subject food and drink Subject Numbers Time and Money Subject Signing and Deafness 1300 New Trade Paperback Available at a Remote Warehouse Ships separately from other items Additional shipping charges may apply Not available for In Store Pickup More Info Qty Store 20 Remote Warehouse Receive an email when this ISBN is available used 1 LOCOK 1 LOCOK LOCCancel 1 LOCOK LOCCancel 1 LOCOK 1 LOCOK LOCCancel 1 LOCOK LOCCancel 1 LOCOK 1 LOCOK LOCCancel 1 LOCOK LOCCancel 1 LOCOK 1 LOCOK LOCCancel 1 LOCOK LOCCancel Help Guarantee My Account Careers About Us Security Wish List Partners Contact Us Shipping Transparency ACT MRF Sitemap  2022 POWELLSCOM Terms 1 LOCOK 1 LOCOK LOCCancel 1 LOCOK LOCCancel 1 LOCOK 1 LOCOK LOCCancel 1 LOCOK LOCCancel 1 LOCOK 1 LOCOK LOCCancel 1 LOCOK LOCCancel 1 LOCOK 1 LOCOK LOCCancel 1 LOCOK LOCCancel",
    "page_rank": 3.913272903405283e-05
}