{
    "Title": " Annotated American Gods ",
    "Author": "Neil Gaiman",
    "Cover Page": "https://powells-covers-2.s3.amazonaws.com/9780062896261.jpg",
    "ISBN10": "0062896261  \n",
    "ISBN13": "9780062896261",
    "Page URL": "https://powells.com/book/annotated-american-gods-9780062896261",
    "raw_text": "Annotated American Gods Neil Gaiman Hardcover 9780062896261 Powells Books Cart   my account  wish list  help  8008787323 Hello\n Login MENU Browse New Arrivals Bestsellers Featured Preorders Award Winners Audio Books See All Subjects Used Staff Picks Staff Picks Picks of the Month Bookseller Displays 50 Books for 50 Years 25 Best 21st Century SciFi  Fantasy 25 PNW Books to Read Before You Die 25 Books From the 21st Century 25 Memoirs to Read Before You Die 25 Global Books to Read Before You Die 25 Women to Read Before You Die 25 Books to Read Before You Die Gifts Gift Cards  eGift Cards Powells Souvenirs Journals and Notebooks socks Games Sell Books Blog Events Find A Store Dont Miss BIG SALE 20 off sitewide Picks of the Season What Im Giving Great Gifts Under 25 Best Books of 2022 Powells Author Events Oregon Battle of the Books Audio Books Visit Our Stores Powells Books 14 Gift Ideas From 14 of Our Favorite Authors 0 comment Every year Powells reaches out to some of our favorite authors for some muchneeded giftgiving inspiration Below are 14 writerapproved recommendations to help you find the perfect book for even your mostdifficulttobuyfor loved one Read More  Powells Staff Best Books of 2022 Fiction 1 comment Kelsey Ford 6 Haunting Native American Horror Books 1 comment 1 LOCOK 1 LOCOK LOCCancel 1 LOCOK LOCCancel Annotated American Gods by Neil Gaiman Comment on this title Synopses  Reviews ISBN13 9780062896261 ISBN10 0062896261 Condition Like New All Product Details View Larger Image View Larger Images 1998 List Price 5000 Used Hardcover Ships in 1 to 3 days Qty Store 4 Burnside 1 Cedar Hills 1 Hawthorne 1 Local Warehouse Synopses  Reviews Synopsis The Authors Preferred Text 10th Anniversary Edition of the New York Times bestselling tourdeforce that USA Today called a powerful searing force that makes readers confront what is real and what is not It has been a decade since 1 New York Times bestselling author Neil Gaiman  Sandman Anansi Boys The Graveyard Book  rocked the literary world with American Gods his breathtaking tale of the war on Earth between old gods and new For those who have yet to experience Gaimans bestselling tour de forcea novel USA Today called a powerful searing force that makes readers confront what is real and what is notand for those eager to enter this astonishing world again comes the Authors Preferred Text 10th Anniversary Edition Winner of the Hugo Nebula Locus and Bram Stoker Awards with a special introduction by the author this is American Gods as Neil Gaiman always meant it to be Freshman Common Read Western Michigan University Jane Lindskold author of Changer and Synopsis Destined to be a treasure for the millions of fans who made American Gods an internationally bestselling phenomenon this beautifully designed and illustrated collectible edition of Neil Gaimans revered masterpiece features enlightening and incisive notes throughout by awardwinning annotator and editor Leslie S Klinger A perennial favorite of readers worldwide American Gods tells the story of excon Shadow Moon who emerges from prison and is recruited to be bodyguard driver and errand boy for the enigmatic Mr Wednesday So begins a dark and strange road trip full of fantastical adventures and a host of eccentric characters For beneath the placid surface of everyday life a storm is brewingan epic war for the very soul of Americaand Shadow is standing squarely in its path This annotated volume of the Authors Preferred Text features analysis from Leslie S Klinger His trenchant commentary identifies gods and supernatural beings elucidates key phrases and shows how Gaiman built his awardwinning novel giving readers unparalleled insight into the story and into Gaimans creative process and authorial decisions Carefully chosen illustrations complement and illuminate the narrative What Our Readers Are Saying Be the first to share your thoughts on this title Product Details ISBN 9780062896261 Binding Hardcover Publication date 04142020 Publisher WILLIAM MORROW  COMPANY INC Pages 656 Height 170IN Width 860IN Illustration Yes Author Neil Gaiman 1998 List Price 5000 Used Hardcover Ships in 1 to 3 days Qty Store 4 Burnside 1 Cedar Hills 1 Hawthorne 1 Local Warehouse More copies of this ISBN New Hardcover 5000 Used Hardcover 3300 1 LOCOK 1 LOCOK LOCCancel 1 LOCOK LOCCancel 1 LOCOK 1 LOCOK LOCCancel 1 LOCOK LOCCancel 1 LOCOK 1 LOCOK LOCCancel 1 LOCOK LOCCancel 1 LOCOK 1 LOCOK LOCCancel 1 LOCOK LOCCancel Help Guarantee My Account Careers About Us Security Wish List Partners Contact Us Shipping Transparency ACT MRF Sitemap  2022 POWELLSCOM Terms 1 LOCOK 1 LOCOK LOCCancel 1 LOCOK LOCCancel 1 LOCOK 1 LOCOK LOCCancel 1 LOCOK LOCCancel 1 LOCOK 1 LOCOK LOCCancel 1 LOCOK LOCCancel 1 LOCOK 1 LOCOK LOCCancel 1 LOCOK LOCCancel",
    "page_rank": 0
}