{
    "Title": " Understanding Comics the Invisible Art ",
    "Author": "Scott Mccloud",
    "Cover Page": "https://powells-covers-2.s3.amazonaws.com/9780060976255.jpg",
    "ISBN10": "006097625X  \n",
    "ISBN13": "9780060976255",
    "Page URL": "https://powells.com/book/understanding-comics-the-invisible-art-9780060976255",
    "raw_text": "Understanding Comics the Invisible Art Scott Mccloud Trade Paperback 9780060976255 Powells Books Cart   my account  wish list  help  8008787323 Hello\n Login MENU Browse New Arrivals Bestsellers Featured Preorders Award Winners Audio Books See All Subjects Used Staff Picks Staff Picks Picks of the Month Bookseller Displays 50 Books for 50 Years 25 Best 21st Century SciFi  Fantasy 25 PNW Books to Read Before You Die 25 Books From the 21st Century 25 Memoirs to Read Before You Die 25 Global Books to Read Before You Die 25 Women to Read Before You Die 25 Books to Read Before You Die Gifts Gift Cards  eGift Cards Powells Souvenirs Journals and Notebooks socks Games Sell Books Blog Events Find A Store Dont Miss BIG SALE 20 off sitewide Picks of the Season What Im Giving Great Gifts Under 25 Best Books of 2022 Powells Author Events Oregon Battle of the Books Audio Books Visit Our Stores Powells Books 14 Gift Ideas From 14 of Our Favorite Authors 0 comment Every year Powells reaches out to some of our favorite authors for some muchneeded giftgiving inspiration Below are 14 writerapproved recommendations to help you find the perfect book for even your mostdifficulttobuyfor loved one Read More  Powells Staff Best Books of 2022 Fiction 1 comment Kelsey Ford 6 Haunting Native American Horror Books 1 comment 1 LOCOK 1 LOCOK LOCCancel 1 LOCOK LOCCancel Understanding Comics the Invisible Art by Scott Mccloud Comment on this title Synopses  Reviews ISBN13 9780060976255 ISBN10 006097625X Condition Standard All Product Details View Larger Image View Larger Images 1650 List Price 2599 Used Trade Paperback Ships in 1 to 3 days Qty Store 3 Cedar Hills Synopses  Reviews Publisher Comments We are living in a golden age of cartoon art Never before has graphic storytelling been so prominent or garnered such respect critics and readers alike agree that contemporary cartoonists are creating some of the most innovative and exciting work in all the artsand160 For nearly a decade Hillary L Chute has been sitting down for extensive interviews with the leading figures in comics and with Outside the Box she offers fans a chance to share her ringside seat Chuteand8217s indepth discussions with twelve of the most prominent and accomplished artists and writers in comics today reveal a creative community that is richly interconnected yet fiercely independent its members sharing many interests and approaches while working with wildly different styles and themes Chuteand8217s subjects run the gamut of contemporary comics practice from underground pioneers like Art Spiegelman and Lynda Barry to the analytic work of Scott McCloud the journalism of Joe Sacco and the extended narratives of Alison Bechdel Charles Burns and more They reflect on their experience and innovations the influence of peers and mentors the reception of their art and the growth of critical attention and the crucial place of print amid the encroachment of the digital age Beautifully illustrated in fullcolor and featuring three neverbeforepublished interviewsand151including the first published conversation between Art Spiegelman and Chris Wareand151 Outside the Box will be a landmark volume a closeup account of the rise of graphic storytelling and a testament to its vibrant creativity Review If youve ever felt bad about wasting your life reading comics then check out Scott McClouds classic book immediately You might still feel youve wasted your life but youll know why and youll be proud Matt Groening creator of The Simpsons Review In one lucid welldesigned chapter after another McCloud guides us through the elements of comics style andhow words combine with pictures to work their singular magic When the 215page journey is finally over most readers will find it difficult to look at comics in quite the same way ever again Garry Trudeau New York Times Review of Books Review BRAVO Your Understanding Comics is a landmark dissection and intellectual consideration of comics as a valid medium Its employment of comic art as its vehicle is brilliant Everyoneanyone interested in this literary form must read it Every school teacher should have one Will Eisner Review With Scott McClouds Understanding Comics the dialogue on and about what comics are and more importantly what comics can be has begun If you read write teach or draw comics if you want to or if you simply want to watch a master explainer at work you must read this book Neil Gaiman Review Cleverly disguised as an easytoread comic book Scott McClous simple looking tome deconstructs the secret language of comics while casually revealing secrets of Time Space Art and the Cosmos The most intelligent comics Ive seen in a long time Bravo Art Spiegelman Review  Understanding Comics is quite simply the best analysis of the medium that I have ever encountered With this book Scott McCloud has taken breathtaking leaps towards establishing a critical language that the comic art form can work with and build upon in the future Lucid and accessible it is an astonishing feat of perception Highly recommended Alan Moore Review A rare and exciting work that ingeniously uses comics to examine the medium itself Publishers Weekly Review A brilliant comic book discussion of what makes comics work L A Times Review  Understanding Comics  might well turn out to be the rosetta stone the secret decoder ring the lyrics sheet for petes sake to all that has gone on in comics art This 216page book is one of a kind a combination of everything funny and profound cool and quirky Chicago SunTimes Synopsis Get set for back to school with the definitive guide to comics You must read this book  Neil Gaiman The bestselling international classic on storytelling and visual communication Praised throughout the cartoon industry by such luminaries as Art Spiegelman Matt Groening and Will Eisner Scott McClouds Understanding Comics is a seminal examination of comics art its rich history surprising technical components and major cultural significance Explore the secret world between the panels through the lines and within the hidden symbols of a powerful but misunderstood art form Synopsis You must read this book  Neil Gaiman The bestselling international classic on storytelling and visual communication Praised throughout the cartoon industry by such luminaries as Art Spiegelman Matt Groening and Will Eisner Scott McClouds Understanding Comics is a seminal examination of comics art its rich history surprising technical components and major cultural significance Explore the secret world between the panels through the lines and within the hidden symbols of a powerful but misunderstood art form Will Eisner Synopsis Praised throughout the cartoon industry by such luminaries as Art Spiegelman Matt Groening and Will Eisner this innovative comic book provides a detailed look at the history meaning and art of comics and cartooning Synopsis Hillary Chute has become recognized not only as the most incisive scholar of contemporary comics but also as the most canny interlocutor with the star practitioners of this booming genre There is a sense of community among these artists and they have together taken the field of graphic narrative forward in terms of force sophistication and craftand160 But their styles and sensibilities diverge and their work represents a range of goals and desires which Chute deftly elicits in conversation Several commonalities emerge from the interviews For example art school was not for any of these cartoonists a necessary step for a career in comics Another theme running across the interviews is the enduring importance of print and the varieties of its circulation For example Lynda Barryand8217s first book collecting her series Two Sisters was entirely reproduced through Xeroxes and147Copy shops had just come outand8221 she tells Chute and147I just copied the whole collection I put it in a manila envelope and I handdecorated the top and I sold them for ten dollarsand8221 These mechanisms of reproduction Chute notes were key for the expansion of creative comics cultureand160 Synopsis A sketchbook is an essential tool for the growth of any aspiring artist but its blank pages can be daunting to even the most motivated Obsessed with perfection many wind up treating their sketchbooks more like portfolios than playgrounds In Drawing Is Magic  author John Hendrix teaches aspiring and advanced artists to find their unique visual voices and become creative daredevils Through his freeing offbeat exercises drawers learn a sophisticated philosophy of creative thinkingandmdashin a way that is totally accessible and fun Synopsis Cartoonist Edward Ross uses comics to illuminate the ideas behind our favorite movies In Filmish  Rossandrsquos cartoon alter ego guides readers through the annals of cinematic history introducing some of the strange and fascinating concepts at work in the movies Each chapter focuses on a particular themeandmdashthe body architecture languageandmdashand explores an eclectic mix of cinematic triumphs from A Trip to the Moon to Top Gun  Like other bestselling nonfiction graphic novels such as Scott McCloudandrsquos Understanding Comics  Filmish tackles serious issuesandmdashsexuality race censorship propagandaandmdashwith authority and wit throwing new light on some of the greatest films ever made Description Includes bibliographical references p 216 About the Author John Hendrix is an associate professor of art at Washington University in St Louis His illustrations have appeared in many publications including Sports Illustrated  Entertainment Weekly  Rolling Stone  the New Yorker  Esquire  and the New York Times  He is the author of Abe Lincoln Crosses a Creek and John Brown  He lives in St Louis Missouri Table of Contents List of Illustrations Introduction TwentyFirstCentury Comics 1and160Scott McCloud 2007 2and160Charles Burns 2008 3and160Lynda Barry 2008 4and160Aline KominskyCrumb 2009 5and160Daniel Clowes 2010 6and160Phoebe Gloeckner 2010 7and160Joe Sacco 2011 8and160Alison Bechdel 2006 and 2012 9and160Franand231oise Mouly 2008 and 2010 10and160Adrian Tomine 2012 11and160Art Spiegelman and Chris Ware 2008 Acknowledgments Index 5 3 What Our Readers Are Saying Share your thoughts on this title Average customer rating 5 3 comments  corabora4  September 01 2011 I bought Understanding Comics from Powellscom for a college course I am taking in Graphic Design It cost almost 20 dollars less than the bookstore version and it cost less than any other discount text book website I bought a used version and was impressed to see it seems practically new The shipping was reasonable and they sent it to my PO box at college something other websites wont do This book so far is great and Im understanding comics a lot more Scott McCloud is great Was this comment helpful  Yes  No report this\ncomment  ahah  June 20 2008 view all comments by ahah Brilliant People have noted in the past that The Elements of Style is a nearperfect example of the very qualities it espouses\nHere is another book that approaches the same perfection Absolutely essential Was this comment helpful  Yes  No 5 of 11 readers found this comment helpful report this\ncomment  Tobey  November 16 2006 view all comments by Tobey Back in the Dark Ages of college my Senior Seminar was working on PostModern and Deconstruction philosophy in a hope of understanding conflict around the world By pure chance I found this book in the New Books section of the college Library It intrigued me enough to check it out and the next thing I know \nPostModernism and Deconstruction are exactly like comics Holy smokes I recommended it to my professor for next years seminar I dont think she saw it quite as serious as I did Oh well Was this comment helpful  Yes  No 31 of 53 readers found this comment helpful report this\ncomment Product Details ISBN 9780060976255 Binding Trade Paperback Publication date 05171994 Publisher HARPERCOLLINS PUBLISHERS Pages 224 Height 50IN Width 670IN Thickness 75 Age Range 13 to 17 Grade Range 8 to 12 Number of Units 1 Illustration Yes Copyright Year 1993 Series Volume 103226 UPC Code 2800060976257 Author Hillary L Chute Author John Hendrix Author Edward Ross Author Scott McCloud Author Scott McCloud Subject Humor Subject Periodicals  Publishing Subject Comic books strips etc  Illustrations Subject Cartoons Subject Cartoons and comics Subject History and criticism Subject Comic books strips etc 1650 List Price 2599 Used Trade Paperback Ships in 1 to 3 days Qty Store 3 Cedar Hills More copies of this ISBN New Trade Paperback 2599 Used Trade Paperback Starting from 1795 1 LOCOK 1 LOCOK LOCCancel 1 LOCOK LOCCancel 1 LOCOK 1 LOCOK LOCCancel 1 LOCOK LOCCancel 1 LOCOK 1 LOCOK LOCCancel 1 LOCOK LOCCancel 1 LOCOK 1 LOCOK LOCCancel 1 LOCOK LOCCancel Help Guarantee My Account Careers About Us Security Wish List Partners Contact Us Shipping Transparency ACT MRF Sitemap  2022 POWELLSCOM Terms 1 LOCOK 1 LOCOK LOCCancel 1 LOCOK LOCCancel 1 LOCOK 1 LOCOK LOCCancel 1 LOCOK LOCCancel 1 LOCOK 1 LOCOK LOCCancel 1 LOCOK LOCCancel 1 LOCOK 1 LOCOK LOCCancel 1 LOCOK LOCCancel",
    "page_rank": 4.182141199631017e-05
}