{
    "Title": " Barbarian Days: A Surfing Life ",
    "Author": "William Finnegan",
    "Cover Page": "https://powells-covers-2.s3.amazonaws.com/9780143109396.jpg",
    "ISBN10": "0143109391  \n",
    "ISBN13": "9780143109396",
    "Page URL": "https://powells.com/book/barbarian-days-9780143109396",
    "raw_text": "Barbarian Days  William Finnegan Trade Paperback 9780143109396 Powells Books Cart   my account  wish list  help  8008787323 Hello\n Login MENU Browse New Arrivals Bestsellers Featured Preorders Award Winners Audio Books See All Subjects Used Staff Picks Staff Picks Picks of the Month Bookseller Displays 50 Books for 50 Years 25 Best 21st Century SciFi  Fantasy 25 PNW Books to Read Before You Die 25 Books From the 21st Century 25 Memoirs to Read Before You Die 25 Global Books to Read Before You Die 25 Women to Read Before You Die 25 Books to Read Before You Die Gifts Gift Cards  eGift Cards Powells Souvenirs Journals and Notebooks socks Games Sell Books Blog Events Find A Store Dont Miss BIG SALE 20 off sitewide Picks of the Season What Im Giving Great Gifts Under 25 Best Books of 2022 Powells Author Events Oregon Battle of the Books Audio Books Visit Our Stores Powells Books 14 Gift Ideas From 14 of Our Favorite Authors 0 comment Every year Powells reaches out to some of our favorite authors for some muchneeded giftgiving inspiration Below are 14 writerapproved recommendations to help you find the perfect book for even your mostdifficulttobuyfor loved one Read More  Powells Staff Best Books of 2022 Fiction 1 comment Kelsey Ford 6 Haunting Native American Horror Books 1 comment 1 LOCOK 1 LOCOK LOCCancel 1 LOCOK LOCCancel Barbarian Days A Surfing Life by William Finnegan Comment on this title Synopses  Reviews Award Excerpt ISBN13 9780143109396 ISBN10 0143109391 Condition Standard All Product Details View Larger Image View Larger Images 1195 List Price 1800 Used Trade Paperback Ships in 1 to 3 days Qty Store 2 Burnside Awards Winner of the 2016 Pulitzer Prize for Biography From Powellscom Staff Top Fives 2016 Our favorite books of the year Staff Top Fives 2015 Our favorite books of the year Staff Pick A surfers story written in witty literary prose Barbarian Days tells the honest truth about what life was like before every wave was a known commodity Finnegans ability to describe waves and the experience of surfing translates well to both those familiar with the sport and the uninitiated A cantmiss read for the lover of a great true story It won the Pulitzer Prize to boot Recommended By Angelo R Powellscom This lush and glorious ode to surfing is also an absorbing comingofage story William Finnegans memoir isnt merely a book about a sport but rather a vivid and incandescent tale of obsession selfdiscovery and transformation With writing both fluid and perceptive Finnegan transports his readers to another world Recommended By Rebekah A Powellscom William Finnegan is a lifelong surfer and a longterm staff writer for the New Yorker  Through this combination of writing talent and surfing skill he is able to explain convincingly why so many surfers become obsessed with the sport Finnegan writes especially well about the difficulty in balancing a consuming activity with the demands of work and family He also honestly conveys his struggles to keep his ego and competitive instincts in check as his physical ability declines with age You dont need to be a surfer to enjoy Barbarian Days though it may turn you into one Recommended By Shawn D Powellscom Synopses  Reviews Publisher Comments A deeply rendered selfportrait of a lifelong surfer by the acclaimed New Yorker writer Barbarian Days is William Finnegans memoir of an obsession a complex enchantment Surfing only looks like a sport To initiates it is something else entirely a beautiful addiction a demanding course of study a morally dangerous pastime a way of life Raised in California and Hawaii Finnegan started surfing as a child He has chased waves all over the world wandering for years through the South Pacific Australia Asia Africa A bookish boy and then an excessively adventurous young man he went on to become a distinguished writer and war reporter Barbarian Days takes us deep into unfamiliar worlds some of them right under our nosesoff the coasts of New York and San Francisco It immerses the reader in the edgy camaraderie of close male friendships annealed in challenging waves Finnegan shares stories of life in a whitesonly gang in a tough school in Honolulu even while his closest friend was a Hawaiian surfer He shows us a world turned upside down for kids and adults alike by the social upheavals of the 1960s He details the intricacies of famous waves and his own apprenticeships to them Youthful folly  he drops LSD while riding huge Honolua Bay on Maui  is served up with rueful humor He and a buddy their knapsacks crammed with reef charts bushwhack through Polynesia They discover while camping on an uninhabited island in Fiji one of the worlds greatest waves As Finnegans travels take him ever farther afield he becomes an improbable anthropologist unpicking the picturesque simplicity of a Samoan fishing village dissecting the sexual politics of Tongan interactions with Americans and Japanese navigating the Indonesian black market while nearly succumbing to malaria Throughout he surfs carrying readers with him on rides of harrowing unprecedented lucidity Barbarian Days is an oldschool adventure story an intellectual autobiography a social history a literary road movie and an extraordinary exploration of the gradual mastering of an exacting little understood art Today Finnegans surfing life is undiminished Frantically juggling work and family he chases his enchantment through Long Island ice storms and obscure corners of Madagascar Review Panoramic and fascinatingThe core of the book is a surfing chronicle\nand Finnegan possesses impeccable shortboard bona fidesA revealing and\nmagisterial account of a beautiful addiction Publishers Weekly starred review Review A fascinating look inside the mind of a man terminally in love with a magnificent obsession A lyrical and intense memoir Kirkus Review An upclose and personal homage to the surfing lifestyle through the\nauthors journey as a lifelong surfer Finnegans writing is polished\nand boldA highcaliber memoir Library Journal Review TerrificElegantly written and structured its a riveting adventure\nstory an intellectual autobiography and a restless searching\nmeditation on love friendship and familyA writer of rare subtlety and\nobservational gifts Finnegan explores every aspect of the sport  its\nmechanics and intoxicating thrills its culture and arcane tribal codes \nin a way that should resonate with surfers and nonsurfers alike His\ndescriptions of some of the worlds most powerful and unforgiving waves\nare hauntingly beautifulFinnegan displays an honesty that is evident\nthroughout the book parts of which have a searing unvarnished\nintensity that reminded me of Stop Time  the classic comingofage\nmemoir by Frank Conroy Washington Post About the Author William Finnegan is the author of Cold New World  A Complicated War  Dateline Soweto  and Crossing the Line  He has twice been a National Magazine Award finalist and has won numerous journalism awards including two Overseas Press Club awards since 2009 A staff writer at The New Yorker since 1987 he lives in Manhattan What Our Readers Are Saying Be the first to share your thoughts on this title Product Details ISBN 9780143109396 Binding Trade Paperback Publication date 04262016 Publisher Penguin Books Pages 464 Height 94IN Width 550IN Thickness 94 Author William Finnegan Media Run Time B 1195 List Price 1800 Used Trade Paperback Ships in 1 to 3 days Qty Store 2 Burnside More copies of this ISBN New Trade Paperback 1800 Used Trade Paperback Starting from 850 This title in other editions New Hardcover 2795 Used Hardcover 1495 1 LOCOK 1 LOCOK LOCCancel 1 LOCOK LOCCancel 1 LOCOK 1 LOCOK LOCCancel 1 LOCOK LOCCancel 1 LOCOK 1 LOCOK LOCCancel 1 LOCOK LOCCancel 1 LOCOK 1 LOCOK LOCCancel 1 LOCOK LOCCancel Help Guarantee My Account Careers About Us Security Wish List Partners Contact Us Shipping Transparency ACT MRF Sitemap  2022 POWELLSCOM Terms 1 LOCOK 1 LOCOK LOCCancel 1 LOCOK LOCCancel 1 LOCOK 1 LOCOK LOCCancel 1 LOCOK LOCCancel 1 LOCOK 1 LOCOK LOCCancel 1 LOCOK LOCCancel 1 LOCOK 1 LOCOK LOCCancel 1 LOCOK LOCCancel",
    "page_rank": 7.71007714281916e-05
}