{
    "Title": " Grief Observed ",
    "Author": "C S Lewis",
    "Cover Page": "https://powells-covers-2.s3.amazonaws.com/9780060652388.jpg",
    "ISBN10": "0060652381  \n",
    "ISBN13": "9780060652388",
    "Page URL": "https://powells.com/book/grief-observed-9780060652388",
    "raw_text": "Grief Observed C S Lewis Trade Paperback 9780060652388 Powells Books Cart   my account  wish list  help  8008787323 Hello\n Login MENU Browse New Arrivals Bestsellers Featured Preorders Award Winners Audio Books See All Subjects Used Staff Picks Staff Picks Picks of the Month Bookseller Displays 50 Books for 50 Years 25 Best 21st Century SciFi  Fantasy 25 PNW Books to Read Before You Die 25 Books From the 21st Century 25 Memoirs to Read Before You Die 25 Global Books to Read Before You Die 25 Women to Read Before You Die 25 Books to Read Before You Die Gifts Gift Cards  eGift Cards Powells Souvenirs Journals and Notebooks socks Games Sell Books Blog Events Find A Store Dont Miss BIG SALE 20 off sitewide Picks of the Season What Im Giving Great Gifts Under 25 Best Books of 2022 Powells Author Events Oregon Battle of the Books Audio Books Visit Our Stores Powells Books 14 Gift Ideas From 14 of Our Favorite Authors 0 comment Every year Powells reaches out to some of our favorite authors for some muchneeded giftgiving inspiration Below are 14 writerapproved recommendations to help you find the perfect book for even your mostdifficulttobuyfor loved one Read More  Powells Staff Best Books of 2022 Fiction 1 comment Kelsey Ford 6 Haunting Native American Horror Books 1 comment 1 LOCOK 1 LOCOK LOCCancel 1 LOCOK LOCCancel Grief Observed by C S Lewis Comment on this title Synopses  Reviews Read an Excerpt ISBN13 9780060652388 ISBN10 0060652381 Condition Standard All Product Details View Larger Image View Larger Images 1095 List Price 1499 Used Trade Paperback Ships in 1 to 3 days Qty Store 1 Burnside 3 Cedar Hills Synopses  Reviews Publisher Comments Written after his wifes tragic death as a way of surviving the mad midnight moment A Grief Observed is CS Lewiss honest reflection on the fundamental issues of life death and faith in the midst of loss This work contains his concise genuine reflections on that period Nothing will shake a man  or at any rate a man like me  out of his merely verbal thinking and his merely notional beliefs He has to be knocked silly before he comes to his senses Only torture will bring out the truth Only under torture does he discover it himself This is a beautiful and unflinchingly honest record of how even a stalwart believer can lose all sense of meaning in the universe and how he can gradually regain his bearings Review A very personal anguished luminous little book about the meaning of death marriage and religion Publishers Weekly Review Lewis faces his tortured life with unswerving honesty and writes out his conclusions or lack of them with a poetic expression which is often agony but never selfpity Kirkus Reviews Synopsis Written with love humility and faith this brief but poignant volume was first published in 1961 following the death of C S Lewiss wife the Americanborn poet Joy Davidman Written in longhand in notebooks that Lewis found in his home A Grief Observed probes the mad midnight moments of Lewiss mourning and loss moments in which he questioned what he had previously believed about life and death marriage and even God Indecision and selfpity assailed Lewis We are under the harrow and cant escape he writes I know that the thing I want is exactly the thing I can never get The old life the jokes the drinks the arguments the lovemaking the tiny heartbreaking commonplace Lewis writes his statement of faith with precision humor and grace Yet neither is Lewis reluctant to confess his continuing doubts and his awareness of his own human frailty Writing A Grief Observed as a defense against total collapse a safety valve he came to recognize that bereavement is a universal and integral part of our experience of love Clive Staples Lewis 18981963 was born in Belfast He was a fellow and tutor in English Literature at Magdalen College Oxford and was later Professor of Medieval and Renaissance Literature at Cambridge University where he remained until his death Lewiss most distinguished and popular accomplishments include The Chronicles of Narnia Out of the Silent Planet The Four Loves The Screwtape Letters and Mere Christianity A very personal anguished luminous little book about the meaning of death marriage and religion Publishers Weekly Synopsis A classic work on grief A Grief Observed is CS Lewiss honest reflection on the fundamental issues of life death and faith in the midst of loss Written after his wifes tragic death as a way of surviving the mad midnight moments A Grief Observed an unflinchingly truthful account of how loss can lead even a stalwart believer to lose all sense of meaning in the universe and the inspirational tale of how he can possibly regain his bearings About the Author Clive Staples Lewis born in Belfast Ireland in 1898 was Fellow and Tutor in English Literature at Magdalen College Oxford and later was Professor of Medieval and Renaissance Literature at Cambridge University 48 5 What Our Readers Are Saying Share your thoughts on this title Average customer rating 48 5 comments  smilesndeed  March 13 2012 view all comments by smilesndeed Absolutely the hardest book to stomach because of the nature of the book and its amazing description of what a person can go through with a significant loss\nKeep the kleenex handy because even I as tough as I think I am felt the weight of every painful admission of the grief process in these pages It makes me dread the loss of my loved ones a future event I may have to deal with one day I will keep this book tucked away just in case\nIt is well written by one of my favorite authors Two thumbs up Was this comment helpful  Yes  No 1 of 2 readers found this comment helpful report this\ncomment  Kayla Perry  September 19 2011 view all comments by Kayla Perry I always intended to read this book after my first experience of the death of a loved one but it has been six years since then that I finally sat down and read it\nFirst off Im agnostic so I expected a bit of disconnect with some of his points But on an emotional visceral level I understood Lines that especially got to me were ones in the first chapter of the book where he was more in the thick of his grief as opposed to approaching it from a philosophical standpoint\nEither way I found it cathartic to read after all these years Its hard to find something as intangible and yet so heavy as grief that is explained at all let alone compellingly The first chapter left me quite sad the rest was interesting and probably requires a second reading at least\nIn general I found it at times heartwrenching at others merely politely thoughtprovoking but in any case I found it meaningful For such a slim volume its a very multilayered read Was this comment helpful  Yes  No 1 of 2 readers found this comment helpful report this\ncomment  wolfshades  August 27 2009 This is a wonderful review Having read most of Lewis books with their unstinting thread of optimism in the face of heartache and sorrow I now realize the loss of his wife occurred after he had written those and so now Im keen to read this short book of his\nIf youve ever seen the movie Shadowlands  which is based upon the period of life on which this book expands youll recognize some of the blithe comments offered by wellwishers in his time of grief Theyll be familiar to you particularly if youve lost someone Youll understand the tremendous anger at the black and white ignorant simplicity of those meanttobehealing comments\nI dont have any answers at all to the profound agony of some of the trials some of us go through and Im keen to see what Lewis has made of his Sothank you for this review Was this comment helpful  Yes  No 3 of 5 readers found this comment helpful report this\ncomment  missbeabop  July 24 2007 I need to own many copies of this wonderful book I wish Id had it in 2002 when a brother in law killed his precious selfmy sister still cannot function And my precious stepdaughters wonderful husband fell dead of a massive coronary just 3 months ago She will get a copy of this book too Was this comment helpful  Yes  No 9 of 18 readers found this comment helpful report this\ncomment  intherain309  September 19 2006 cs lewis is the first person to describe the fear i feel associated with the loss of my sonsadness and fear and the general not caring about what the world thinks  the loss is so greathe so clearly puts his emotions into words this is a grief journal that everyone who has had a loss of a loved one should read Was this comment helpful  Yes  No 20 of 27 readers found this comment helpful report this\ncomment View all 5 comments Product Details ISBN 9780060652388 Binding Trade Paperback Publication date 04212015 Publisher HARPERCOLLINS PUBLISHERS Series info Collected Letters of CS Lewis Pages 112 Height 33IN Width 545IN Thickness 25 Number of Units 1 Series Volume 105846 UPC Code 2800060652380 Author C S Lewis Author C S Lewis Subject Bereavement Subject Consolation Subject Religion Subject ChristianityChristian Fiction Subject Christianity Subject Lewis C S  Religion 1095 List Price 1499 Used Trade Paperback Ships in 1 to 3 days Qty Store 1 Burnside 3 Cedar Hills More copies of this ISBN New Trade Paperback 1599 This title in other editions Used Mass Market 550 1 LOCOK 1 LOCOK LOCCancel 1 LOCOK LOCCancel 1 LOCOK 1 LOCOK LOCCancel 1 LOCOK LOCCancel 1 LOCOK 1 LOCOK LOCCancel 1 LOCOK LOCCancel 1 LOCOK 1 LOCOK LOCCancel 1 LOCOK LOCCancel Help Guarantee My Account Careers About Us Security Wish List Partners Contact Us Shipping Transparency ACT MRF Sitemap  2022 POWELLSCOM Terms 1 LOCOK 1 LOCOK LOCCancel 1 LOCOK LOCCancel 1 LOCOK 1 LOCOK LOCCancel 1 LOCOK LOCCancel 1 LOCOK 1 LOCOK LOCCancel 1 LOCOK LOCCancel 1 LOCOK 1 LOCOK LOCCancel 1 LOCOK LOCCancel",
    "page_rank": 3.873185017316509e-05
}