{
    "Title": " To Kill a Mockingbird - Large Print Edition ",
    "Author": "Harper Lee",
    "Cover Page": "https://powells-covers-2.s3.amazonaws.com/9780061980268.jpg",
    "ISBN10": "0061980269  \n",
    "ISBN13": "9780061980268",
    "Page URL": "https://powells.com/book/to-kill-a-mockingbird-large-print-edition-9780061980268",
    "raw_text": "To Kill a Mockingbird  Harper Lee Trade Paperback 9780061980268 Powells Books Cart   my account  wish list  help  8008787323 Hello\n Login MENU Browse New Arrivals Bestsellers Featured Preorders Award Winners Audio Books See All Subjects Used Staff Picks Staff Picks Picks of the Month Bookseller Displays 50 Books for 50 Years 25 Best 21st Century SciFi  Fantasy 25 PNW Books to Read Before You Die 25 Books From the 21st Century 25 Memoirs to Read Before You Die 25 Global Books to Read Before You Die 25 Women to Read Before You Die 25 Books to Read Before You Die Gifts Gift Cards  eGift Cards Powells Souvenirs Journals and Notebooks socks Games Sell Books Blog Events Find A Store Dont Miss BIG SALE 20 off sitewide Picks of the Season What Im Giving Great Gifts Under 25 Best Books of 2022 Powells Author Events Oregon Battle of the Books Audio Books Visit Our Stores Powells Books 14 Gift Ideas From 14 of Our Favorite Authors 0 comment Every year Powells reaches out to some of our favorite authors for some muchneeded giftgiving inspiration Below are 14 writerapproved recommendations to help you find the perfect book for even your mostdifficulttobuyfor loved one Read More  Powells Staff Best Books of 2022 Fiction 1 comment Kelsey Ford 6 Haunting Native American Horror Books 1 comment 1 LOCOK 1 LOCOK LOCCancel 1 LOCOK LOCCancel To Kill a Mockingbird  Large Print Edition by Harper Lee Comment on this title Synopses  Reviews ISBN13 9780061980268 ISBN10 0061980269 All Product Details View Larger Image View Larger Images 2999 New Trade Paperback Ships in 1 to 3 days Qty Store 1 Local Warehouse Synopses  Reviews Publisher Comments Shoot all the bluejays you want if you can hit em but remember its a sin to kill a mockingbird A lawyers advice to his children as he defends the real mockingbird of Harper Lees classic novela black man charged with the rape of a white girl Through the young eyes of Scout and Jem Finch Harper Lee explores with rich humor and unswerving honesty the irrationality of adult attitudes toward race and class in the Deep South of the 1930s The conscience of a town steeped in prejudice violence and hypocrisy is pricked by the stamina and quiet heroism of one mans struggle for justicebut the weight of history will only tolerate so much One of the bestloved classics of all time To Kill a Mockingbird has earned many distinctions since its original publication in 1960 It has won the Pulitzer Prize been translated into more than forty languages sold more than forty million copies worldwide and been made into an enormously popular movie It was also named the best novel of the twentieth century by librarians across the country  Library Journal  HarperCollins is proud to celebrate the fiftieth anniversary of the books publication Synopsis Shoot all the bluejays you want if you can hit em but remember its a sin to kill a mockingbird A lawyers advice to his children as he defends the real mockingbird of Harper Lees classic novela black man charged with the rape of a white girl Through the young eyes of Scout and Jem Finch Harper Lee explores with rich humor and unswerving honesty the irrationality of adult attitudes toward race and class in the Deep South of the 1930s The conscience of a town steeped in prejudice violence and hypocrisy is pricked by the stamina and quiet heroism of one mans struggle for justicebut the weight of history will only tolerate so much One of the bestloved classics of all time To Kill a Mockingbird has earned many distinctions since its original publication in 1960 It has won the Pulitzer Prize been translated into more than forty languages sold more than forty million copies worldwide and been made into an enormously popular movie It was also named the best novel of the twentieth century by librarians across the country  Library Journal  HarperCollins is proud to celebrate the fiftieth anniversary of the books publication About the Author Harper Lee was born in 1926 in Monroeville Alabama She attended Huntingdon College and studied law at the University of Alabama She is the author of two novels To Kill a Mockingbird and Go Set a Watchman  Harper Lee has been awarded numerous literary awards including the Pulitzer Prize and the Presidential Medal of Freedom 5 1 What Our Readers Are Saying Share your thoughts on this title Average customer rating 5 1 comments  NewbergMom  January 02 2012 In honor of the 50th anniversary of its publishing and because I recommended it to my eighthgrader I felt it was time to revisit this classic It remains one of the best novels I have ever read in this or any year I particularly love the deep vein of humor that is accentuated by and provides relief to the stark honesty of the child narrators viewpoint This book has both the complexity of writing and depth of subject matter that make up a truly great novel Was this comment helpful  Yes  No 1 of 2 readers found this comment helpful report this\ncomment Product Details ISBN 9780061980268 Binding Trade Paperback Publication date 05012010 Publisher Harperluxe Pages 480 Height 130IN Width 610IN Thickness 125 Number of Units 1 Large print Yes UPC Code 9780061980268 Author Harper Lee Author Harper Lee Subject LiteratureA to Z 2999 New Trade Paperback Ships in 1 to 3 days Qty Store 1 Local Warehouse Receive an email when this ISBN is available used 1 LOCOK 1 LOCOK LOCCancel 1 LOCOK LOCCancel 1 LOCOK 1 LOCOK LOCCancel 1 LOCOK LOCCancel 1 LOCOK 1 LOCOK LOCCancel 1 LOCOK LOCCancel 1 LOCOK 1 LOCOK LOCCancel 1 LOCOK LOCCancel Help Guarantee My Account Careers About Us Security Wish List Partners Contact Us Shipping Transparency ACT MRF Sitemap  2022 POWELLSCOM Terms 1 LOCOK 1 LOCOK LOCCancel 1 LOCOK LOCCancel 1 LOCOK 1 LOCOK LOCCancel 1 LOCOK LOCCancel 1 LOCOK 1 LOCOK LOCCancel 1 LOCOK LOCCancel 1 LOCOK 1 LOCOK LOCCancel 1 LOCOK LOCCancel",
    "page_rank": 3.7747874787349726e-05
}