{
    "Title": " Linda Goodmans Love Signs A New Approach to the Human Heart ",
    "Author": "Linda Goodman",
    "Cover Page": "https://covers.powells.com/9780060968960.jpg",
    "ISBN10": "0060968966  \n",
    "ISBN13": "9780060968960",
    "Page URL": "https://powells.com/book/linda-goodmans-love-signs-a-new-approach-to-the-human-heart-9780060968960",
    "raw_text": "Linda Goodmans Love Signs A New Approach to the Human Heart Linda Goodman Trade Paperback 9780060968960 Powells Books Cart   my account  wish list  help  8008787323 Hello\n Login MENU Browse New Arrivals Bestsellers Featured Preorders Award Winners Audio Books See All Subjects Used Staff Picks Staff Picks Picks of the Month Bookseller Displays 50 Books for 50 Years 25 Best 21st Century SciFi  Fantasy 25 PNW Books to Read Before You Die 25 Books From the 21st Century 25 Memoirs to Read Before You Die 25 Global Books to Read Before You Die 25 Women to Read Before You Die 25 Books to Read Before You Die Gifts Gift Cards  eGift Cards Powells Souvenirs Journals and Notebooks socks Games Sell Books Blog Events Find A Store Dont Miss BIG SALE 20 off sitewide Picks of the Season What Im Giving Great Gifts Under 25 Best Books of 2022 Powells Author Events Oregon Battle of the Books Audio Books Visit Our Stores Powells Books 14 Gift Ideas From 14 of Our Favorite Authors 0 comment Every year Powells reaches out to some of our favorite authors for some muchneeded giftgiving inspiration Below are 14 writerapproved recommendations to help you find the perfect book for even your mostdifficulttobuyfor loved one Read More  Powells Staff Best Books of 2022 Fiction 1 comment Kelsey Ford 6 Haunting Native American Horror Books 1 comment 1 LOCOK 1 LOCOK LOCCancel 1 LOCOK LOCCancel Linda Goodmans Love Signs A New Approach to the Human Heart by Linda Goodman Comment on this title Synopses  Reviews ISBN13 9780060968960 ISBN10 0060968966 Condition Standard All Product Details View Larger Image View Larger Images 1195 List Price 2299 Used Trade Paperback Ships in 1 to 3 days Qty Store 1 Hawthorne Synopses  Reviews Publisher Comments The Twelve Mysteries of Love Love is mans and womans deepest need Its not the threat of illness or poverty that crushes the human spirit but the fear that there is no one who truly caresno one who really understands We all reach desperately for love no matter how healthy wealthy or wise we may be because the alternative is loneliness And so love is sought both in heaven and in hell by both saints and sinners wherever the search may take them and it takes them to some strange places in the Aquarian Age through the maze of the sexual revolution Say what is this hangup about sex all those people who go to pornographic films and the ones who wont   The swingers and the idealists the puritans and prostitutes the frigid and the promiscuous the male chauvinists and the Womens Liberators whether they read Browning or Playboy whether they watch Wait Disney movies or the latest erotica from Sweden are all looking for the same thing No matter which road they travel on their pursuit of happiness the inner need that drives them on is love Not to give it Not to receive it But to share it To love and be loved in return Why is lasting mutual love so elusive  To reach a complete and permanent union with the other half the Twin Soul man and woman must learn the lessons of the twelve Sun Signs They must master the wisdom of these Twelve Mysteries of Love before they can achieve a final perfect harmony between their mental physical emotional and spiritual natures As we make the trip around the astrological or karmic wheel of life through the rebirth under the influence of the various Sun Signs sometimes progressing swiftlysometimes lingering many times returning to a certain Sun Sign experience to relearn old lessonswe evolve each at his or her own speed We are forced by our own Superconscious selves to gradually perfect the positive qualities of all twelve signs and purge our natures of their negative qualities so that we each may eventually become the refined gold of a totally evolved entity worthy to join the other half  the Twin Self In our longing for love  for our Twin Soul or Soul Mate lies our latent metaphysical wisdom The secret of life itself Esoteric truth Every Sun Sign contains a strength that can be reversed into a weakness and every Sun Sign contains a weakness that can be reversed into a strength through the law of positivenegative polarity What is Taurus stubbornness but Taurus patience turned upside down  What is Aries impulsiveness but the negative side of the Rams positive Mars courage  Will Leo choose to use the great pride and nobility of the LeonineSolar birthright for the positive purpose of protecting the helpless  or for the negative purpose of becoming an arrogant tyrant over the defenseless  Will the sensible Cancerian caution be turned into Lunar fears and phobias  Will Pisces compassion and humility be reversed to the negative Neptune aspects of deception introversion and escape  The choice of our Sun Sign polarities is always ours to take And if we make the wrong choice we must relive that Sun Sign experience repeatedly until we master the positive strength of that sign Synopsis This is a hefty guide to starcrossed loving    Each possible combination of signs is explored in general and then in detail  Book World Master astrologer Linda Goodman provides fundamental and practical insight into the power of love in this worldfamous and sensationally bestselling guide Can a Gemini man find happiness with a Virgo woman Will it be smooth sailing or perpetual fireworks for the Scorpio female and the Libra male Linda Goodmans Love Signs offers compelling insight and advice for every zodiac signand the compatibility of each with all eleven others Lively entertaining and informative this book will help you better understand your partner and your relationship From your finances to your lovers secret hopes from your quirky habits to what youll fight about from avoiding war to making peace this book will tell you what to expect and what to look out for Whether youre embarking on a first date or are seriously involved Linda Goodmans Love Signs will help you open up the lines of communication and unlock the power of your relationship Synopsis The first astrological blockbuster Newsweek A hefty guide to starcrossed loving    Each possible combination of signs is explored in general and then in detail  Book World Master astrologer Linda Goodman provides fundamental and practical insight into the power of love in this worldfamous and sensationally bestselling guide Can a Gemini man find happiness with a Virgo woman Will it be smooth sailing or perpetual fireworks for the Scorpio female and the Libra male Linda Goodmans Love Signs offers compelling insight and advice for every zodiac signand the compatibility of each with all eleven others Lively entertaining and informative this book will help you better understand your partner and your relationship From your finances to your lovers secret hopes from your quirky habits to what youll fight about from avoiding war to making peace this book will tell you what to expect and what to look out for Whether youre embarking on a first date or are seriously involved Linda Goodmans Love Signs will help you open up the lines of communication and unlock the power of your relationship Synopsis Master astrologer Linda Goodman provides fundamental and practical insight into the power of love in this worldfamous and sensationally bestselling guide Can a Gemini man find happiness with a Virgo woman Will it be smooth sailing or perpetual fireworks for the Scorpio female and the Libra male Linda Goodmans Love Signs offers compelling insight and advice for every zodiac signand the compatibility of each with all eleven others Lively entertaining and informative this book will help you better understand your mate and your relationship From your finances to your lovers secret hopes from your quirky habits to what youll fight about from avoiding war to making peace this book will tell you what to expect and what to look out for Whether youre embarking on a first date or are seriously involved Linda Goodmans Love Signs will help you open up the lines of communication and unlock the power of your relationship Synopsis Filled with hundreds of specific examples and organized into a coherent framework of practical concepts that can be applied by managers and entrepreneurs at all levels Built to Last provides a master blueprint for building organizations that will prosper in the 21st century and beyond In Good to Great the most widely anticipated management book of the year Jim Collins presents nothing less than a recipe book on how to make a good company great Following the success of his international blockbuster Built to Last where he and coauthor Jerry Porras discovered the secrets of companies that were outstanding at their founding and then sustained greatness Collins wondered what could be done for the company that is good or mediocre at best He questioned whether there have been companies that started weak and finished strong and if so what can be said about these companies that might help managers turn a mediocre organization into a great one So Collins and his research team undertook a massive five year study of every company that has made the Fortune 500 since the advent of that listing in 1965 and has crafted a book as practical and insightful as BUILT TO LAST This exclusive deluxe box set brings together the two most important business books of the last decade from Jim Collins the leader in modern business theory About the Author Linda Goodmans popular works have made her one of the most successful authors of astrological publications in the world Her classic bestseller Linda Goodmans Sun Signs  originally published in 1968 brought metaphysical consciousness to millions of readers around the world and her fan base continues to grow today 5 2 What Our Readers Are Saying Share your thoughts on this title Average customer rating 5 2 comments  rajarobin  August 21 2007 I read this book soon after I got married  just to check the veracity\nI am Cancer and my wife is Capricorn And what Linda Goodman says is so true\nIf you dont believe you can check it up yourself Was this comment helpful  Yes  No 2 of 2 readers found this comment helpful report this\ncomment  runngirl_xxl  May 16 2007 I read this book when i was 18 Im 24 now and to this day I remember everything like it was yesterday I felt like she wrote this book for me It seemed as if she knew me and everyone I knew personaly I would highly recommend everyone read this book You will not be dissapointed\nThanks\nLacey Sloan Was this comment helpful  Yes  No 3 of 3 readers found this comment helpful report this\ncomment Product Details ISBN 9780060968960 Binding Trade Paperback Publication date 12312013 Publisher HARPERCOLLINS PUBLISHERS Edition 1992 Pages 944 Height 163IN Width 599IN Thickness 150 Number of Units 1 Illustration Yes Copyright Year 1978 UPC Code 2800060968962 Author Linda Goodman Author Linda Goodman Subject MetaphysicsAstrology Subject Psychology Subject Love 1195 List Price 2299 Used Trade Paperback Ships in 1 to 3 days Qty Store 1 Hawthorne More copies of this ISBN New Trade Paperback 2299 Used Trade Paperback Starting from 1295 1 LOCOK 1 LOCOK LOCCancel 1 LOCOK LOCCancel 1 LOCOK 1 LOCOK LOCCancel 1 LOCOK LOCCancel 1 LOCOK 1 LOCOK LOCCancel 1 LOCOK LOCCancel 1 LOCOK 1 LOCOK LOCCancel 1 LOCOK LOCCancel Help Guarantee My Account Careers About Us Security Wish List Partners Contact Us Shipping Transparency ACT MRF Sitemap  2022 POWELLSCOM Terms 1 LOCOK 1 LOCOK LOCCancel 1 LOCOK LOCCancel 1 LOCOK 1 LOCOK LOCCancel 1 LOCOK LOCCancel 1 LOCOK 1 LOCOK LOCCancel 1 LOCOK LOCCancel 1 LOCOK 1 LOCOK LOCCancel 1 LOCOK LOCCancel",
    "page_rank": 2.7374132419550384e-05
}