{
    "Title": " Hillbilly Elegy: A Memoir of a Family and Culture in Crisis ",
    "Author": "J.D. Vance",
    "Cover Page": "https://powells-covers-2.s3.amazonaws.com/9780062300546.jpg",
    "ISBN10": "0062300547  \n",
    "ISBN13": "9780062300546",
    "Page URL": "https://powells.com/book/hillbilly-elegy-9780062300546",
    "raw_text": "Hillbilly Elegy A Memoir J D Vance Hardcover 9780062300546 Powells Books Cart   my account  wish list  help  8008787323 Hello\n Login MENU Browse New Arrivals Bestsellers Featured Preorders Award Winners Audio Books See All Subjects Used Staff Picks Staff Picks Picks of the Month Bookseller Displays 50 Books for 50 Years 25 Best 21st Century SciFi  Fantasy 25 PNW Books to Read Before You Die 25 Books From the 21st Century 25 Memoirs to Read Before You Die 25 Global Books to Read Before You Die 25 Women to Read Before You Die 25 Books to Read Before You Die Gifts Gift Cards  eGift Cards Powells Souvenirs Journals and Notebooks socks Games Sell Books Blog Events Find A Store Dont Miss BIG SALE 20 off sitewide Picks of the Season What Im Giving Great Gifts Under 25 Best Books of 2022 Powells Author Events Oregon Battle of the Books Audio Books Visit Our Stores Powells Books 14 Gift Ideas From 14 of Our Favorite Authors 0 comment Every year Powells reaches out to some of our favorite authors for some muchneeded giftgiving inspiration Below are 14 writerapproved recommendations to help you find the perfect book for even your mostdifficulttobuyfor loved one Read More  Powells Staff Best Books of 2022 Fiction 1 comment Kelsey Ford 6 Haunting Native American Horror Books 1 comment 1 LOCOK 1 LOCOK LOCCancel 1 LOCOK LOCCancel Hillbilly Elegy A Memoir of a Family and Culture in Crisis by JD Vance Comment on this title Synopses  Reviews ISBN13 9780062300546 ISBN10 0062300547 Condition Standard DustJacket Standard All Product Details View Larger Image View Larger Images 1595 List Price 2799 Used Hardcover Ships in 1 to 3 days Qty Store 8 Burnside 8 Cedar Hills 5 Hawthorne 20 Local Warehouse From Powellscom Staff Pick With all of the hype surrounding this book I was excited to dive in hoping for insight into a group class and region of America thats very foreign to me being a West Coast native Ultimately this book illustrates a picture of a part of America thats strikingly different than my childhood and young adulthood full of heartbreak triumph and family dynamics that are familiar to all J Ds family story is intense and he offers great understanding into how his my our generation the millennials and gen X became and are disenfranchised within the current political landscape Really theyre pissed at the government they blame the system for their woes yet as Vance brilliantly points out they are in control of their own reality and problems Their struggle is powerful and they are not empowered The system the media and the government are all feeding into the story theyre telling themselves that theyre not able to achieve the American Dream and theyre being left behind overlooked or dismissed Vances own determination to get out of his familys story and history is remarkable His focus on the hard work and drive to do better meant that he could escape It was this same gumption that ensured that his grandparents could succeed when they migrated from the holler to the suburbs While this book didnt illuminate a ton about the other in relation to the 2016 election cycle it did build understanding and compassion for a group of incredibly resilient elders and the current generations struggle to escape the trappings of materialistic aspirations and addictions that so easily befall them I recommend it Recommended By Kelly N Powellscom Drawing on his childhood spent in Appalachia and the Ohio Rust Belt J D Vance explores and contends with the despair gripping Americas white working class Both empathetic and alarmed Hillbilly Elegy s blend of family history and social criticism makes for an absorbing and timely read Recommended By Rhianna W Powellscom Synopses  Reviews Publisher Comments 1 New York Times Bestseller From a former marine and Yale Law School graduate a powerful account of growing up in a poor Rust Belt town that offers a broader probing look at the struggles of Americas white working class Hillbilly Elegy is a passionate and personal analysis of a culture in crisisthat of white workingclass Americans The decline of this group a demographic of our country that has been slowly disintegrating over forty years has been reported on with growing frequency and alarm but has never before been written about as searingly from the inside J D Vance tells the true story of what a social regional and class decline feels like when you were born with it hung around your neck\nThe Vance family story begins hopefully in postwar America J Ds grandparents were dirt poor and in love and moved north from Kentuckys Appalachia region to Ohio in the hopes of escaping the dreadful poverty around them They raised a middleclass family and eventually their grandchild the author would graduate from Yale Law School a conventional marker of their success in achieving generational upward mobility But as the family saga of Hillbilly Elegy plays out we learn that this is only the short superficial version Vances grandparents aunt uncle sister and most of all his mother struggled profoundly with the demands of their new middleclass life and were never able to fully escape the legacy of abuse alcoholism poverty and trauma so characteristic of their part of America Vance piercingly shows how he himself still carries around the demons of their chaotic family history A deeply moving memoir with its share of humor and vividly colorful figures Hillbilly Elegy is the story of how upward mobility really feels And it is an urgent and troubling meditation on the loss of the American dream for a large segment of this country Review Vance compellingly describes the terrible toll that alcoholism drug abuse and an unrelenting code of honor took on his family neither excusing the behavior nor condemning itThe portrait that emerges is a complex oneUnerringly forthright remarkably insightful and refreshingly focused Hillbilly Elegy is the cry of a community in crisis Booklist Review JD Vances memoir Hillbilly Elegy  offers a starkly honest look at what that shattering of faith feels like for a family who lived through it You will not read a more important book about America this year The Economist Review  Hillbilly Elegy  couldnt have been better timeda harrowing portrait of much that has gone wrong in America over the past two generationsan honest look at the dysfunction that afflicts too many workingclass Americans National Review Review  Hillbilly Elegy  is a beautiful memoir but it is equally a work of cultural criticism about white workingclass AmericaVance offers a compelling explanation for why its so hard for someone who grew up the way he did to make ita riveting book Wall Street Journal Review A compassionate discerning sociological analysisCombining thoughtful inquiry with firsthand experience Mr Vance has inadvertently provided a civilized reference guide for an uncivilized election and hes done so in a vocabulary intelligible to both Democrats and Republicans Imagine that Jennifer Senior New York Times About the Author JD Vance grew up in the Rust Belt city of Middletown Ohio and the Appalachian town of Jackson Kentucky He enlisted in the Marine Corps after high school and served in Iraq A graduate of the Ohio State University and Yale Law School he has contributed to the National Review and is a principal at a leading Silicon Valley investment firm Vance lives in San Francisco with his wife and two dogs 41 10 What Our Readers Are Saying Share your thoughts on this title Average customer rating 41 10 comments  techeditor  October 02 2017 view all comments by techeditor The reason fiction is often preferable to nonfiction is that nonfiction tends to read like a textbook Not so with HILLBILLY ELEGY JD Vances own story of his life as and among Appalachian hillbillies and his analysis of the hillbilly culture Vance has already received so much praise for this book it seems unnecessary to heap on more But I am\nEven though HILLBILLY ELEGY isnt like a textbook youll learn from it and take something away from it In my case this book contributes to my understanding of some of the people around me Although I am not from the South many hillbillies have migrated north and west for better jobs The people I know are their children and their childrens children in Michigan and Arizona I see some of what Vance describes\nI wont give my interpretation of what Vance says That would not be fair to what he wrote here or to your understanding of it Was this comment helpful  Yes  No 1 of 1 readers found this comment helpful report this\ncomment  techeditor  October 02 2017 view all comments by techeditor Not so with HILLBILLY ELEGY JD Vances own story of his life as and among Appalachian hillbillies and his analysis of the hillbilly culture Vance has already received so much praise for this book it seems unnecessary to heap on more But I am\nEven though HILLBILLY ELEGY isnt like a textbook youll learn from it and take something away from it In my case this book contributes to my understanding of some of the people around me Although I am not from the South many hillbillies have migrated north and west for better jobs The people I know are their children and their childrens children in Michigan and Arizona I see some of what Vance describes\nI wont give my interpretation of what Vance says That would not be fair to what he wrote here or to your understanding of it Was this comment helpful  Yes  No report this\ncomment  writermala  August 11 2017 view all comments by writermala What a poignant memoir by a person from what we perceive as a priviliged class  the white male JD Vance tells of a childhood spent amidst poverty violence and no sense of stability He is one of the fortunate men from his class the poor from Apalachia who escaped the cycle of poverty largely due to the time he spent with his grandparents  Papaw and Mamaw Lacking a male role model as his mother flitted from one husband to another JD breaks out and tells the tale beautifully\nMamaw may have been an unreformed simpleton but in her political astuteness lay great wisdom It was only after he moved in with Mamaw that JD started doing well in school This was followed by a stint as a marine  It was this experience that taught him leadership and that to be a leader one had to earn the respect of followers The experience as a marine prepared JD for college in a way nothing else could have However chaos begets chaos and forever JD had to fight anger issues\nA well told tale which should be read by all Was this comment helpful  Yes  No 3 of 3 readers found this comment helpful report this\ncomment  Kristina  July 13 2017 view all comments by Kristina I read JD Vances Hillbilly Elegy at the same time as I was reading TaNehisi Coates Between the World and Me and the two books provided a fascinating pair While Between the World and Me describes the experience of being black in America the Hillbilly Elegy provides interesting insight into the lives of poor workingclass whites in rural Appalachia Through relating the personal story of the author and his family members the Hillbilly Elegy gives powerful insight into the struggles that these people face This book is particularly valuable for middle and upperclass liberal Americans to read the people described in this book are exactly the demographic that voted overwhelmingly for Trump in the 2016 election and we need to try to understand them and their hardships Was this comment helpful  Yes  No 1 of 1 readers found this comment helpful report this\ncomment  Tisa  April 25 2017 view all comments by Tisa The moral of Vances story of growing up as a hillbilly in eastern Kentucky and rural Ohio is very evidentan individuals success often depends on the help and encouragement of others and the belief that failure can be a temporary condition Although his turbulent childhood was steeped in daily exposure to violence drugs fear a stream of his mothers men friends a lack of parental supervision and low selfesteem Vance proves that for him the American Dream was attainable with help from people like his Mamaw Papaw sister teachers friends and the US Marine Corps This is an uplifting memoir but Vance reminds the reader that hundreds of thousands of children just like him grow up in poverty even though they are part of white workingclass America He was one of the lucky ones and he makes sure his readers remember that Was this comment helpful  Yes  No 1 of 1 readers found this comment helpful report this\ncomment  Nulaanne  April 23 2017 view all comments by Nulaanne Hillbilly Elegy by JD Vance is the book that my book club decided to read this month The wait list for this at the library was astronomical I think I was number 456 for the book and 594 for the audio version The subtitle for this is A Memoir of a Family and Culture in Crisis That should give you a hint that this is going to be about a life story with a bit of the culture of that family tossed in Nope\nThere was passing mention of his family and life as a childteenyoung adult but most of this was a socioeconomic commentary on the state of what he called workingclass whites His writing primarily focuses on the steel mills and those who worked there Statistics abound in this book there are several reference notes for each chapter\nThis is not what I think of when I think of a memoir I think of the stories that people tell when they go home for Christmas Most of them start with remember when or tell me about the time There were a few of those in this book but not a lot and for myself I would rather have more of the story than of the basis of the facts\nOne thing that made me angry about this book was when he partially blamed his grandfathers alcoholism on his grandmothers behavior Could that have been a factor on why the man drank Maybe however that is not always the case nor it is always a deciding factor\nIf you are looking for facts on Hillbillies read this book if you want to know about a young hillbillys life look for another one Was this comment helpful  Yes  No report this\ncomment  Amanda L Klehr  April 09 2017 view all comments by Amanda L Klehr Hillbilly Elegy is a good memoir of a dysfunctional family and culture in crisis as the title suggests He identifies the forgotten white working class of America but he also presents his views on the issue being internal as much as it is external Without those within trying to get out of the us vs them mentality they only become poorer and more marginalized in such a divided society A good read that is ultimately one persons story but thoughtprovoking Was this comment helpful  Yes  No report this\ncomment  Rachel King  February 09 2017 view all comments by Rachel King This book works well as a memoir of a dysfunctional family and of a man who was able to rise above his circumstances enlist in the Marines attend Yale and work in finance The writing style is straightforward and accessible\nThis book does not work well as a historical or cultural analysis of the region For that Id turn to the Night Comes to the Cumberlands by Henry Caudhill a man who spent his life working and living in Appalachia and who combines a discussion of cultural temperament individual choice the raping of the land by the coal and timber companies and much more in his masterful analysis of the region Instead of looking at the communities holistically Vance  perhaps because of his family a few interactions with moochers cherrypicked statistics andor his own achievements  seems to view many in Appalachia as lazy people who need to work harder attend better universities and leave their towns and states Most troubling to me is that he has a very specific and narrow view of making it and how the world works meaning the world he entered when he attended Yale Because he has an inadequate grasp of the regions historical and cultural factors he cannot provide insight into how Appalachians might live in and better their own world  their own communities\nIf you want an enjoyable ragstoriches memoir read it If youd like nuanced insights into the people and the region read something else Was this comment helpful  Yes  No 3 of 3 readers found this comment helpful report this\ncomment  MAA  February 05 2017 view all comments by MAA One of many newer works reexamining racism from the historical perspective of white trash VERY well written in a unique style  unpretentious direct language  honest personal understanding of ones own limitations  perspectives As a YLS grad could relate to his own issues rubbing shoulders with the East Coast elite and feeling like an outsider Gives one a very different picture of these issues Highly recommended as a antidote to the current narratives of  white v black Recommend along with other similar works including more academic works like White Trash  the 400year untold history of class in America  Not quite white by Mary Wray Was this comment helpful  Yes  No 1 of 1 readers found this comment helpful report this\ncomment  Bats  November 29 2016 view all comments by Bats Im guessing that Jeanette Mary Francis de Assisi Aloysius Narcissus Garfield Bell would have basked in the title of this book My mother who knew of Jeanette as Jean Bell the Traipsin Woman would not have done so I was born and raised in Ashland Kentucky and my mother did everything she could to make sure that we never got close enough to the word hillbilly to have it appear in the same sentence with any of us The Traipsin Woman made a living in Ashland celebrating hillbilly music\nAshland is one of those steel mill towns that JD describes in Elegy its on US23 the hillbilly freeway which runs between the Big Sandy in Kentucky and Middletown Ohio the two principal locations in Elegy\nJD paints a picture that resonates with me and my recollections of the dismay and frustration so many of our friends and neighbors display We didnt expect much but we did think that ARMCO would always be there and the SemetSolvay\nPlant would turn the sky in Ashland a glowing red least once a day as it dumped a gondolafull car of coke\nWe were wrong political reporters who interviewed JD about Ohio voters before the 2016 election learned the truth before the rest of us  that sometimes anything looks better than what youve got\nJD broke free thanks to the Marine Corps I did too but my passport came from the Navy\nThis book made me realize how much remains to be done I hope it will do the same for you Was this comment helpful  Yes  No 6 of 6 readers found this comment helpful report this\ncomment View all 10 comments Product Details ISBN 9780062300546 Binding Hardcover Publication date 06282016 Publisher HARPERCOLLINS PUBLISHERS Pages 272 Height 100IN Width 630IN Author JD Vance Media Run Time B 1595 List Price 2799 Used Hardcover Ships in 1 to 3 days Qty Store 8 Burnside 8 Cedar Hills 5 Hawthorne 20 Local Warehouse More copies of this ISBN New Hardcover 2799 Used Hardcover Starting from 1050 This title in other editions New Trade Paperback Starting from 1699 Used Trade Paperback Starting from 850 1 LOCOK 1 LOCOK LOCCancel 1 LOCOK LOCCancel 1 LOCOK 1 LOCOK LOCCancel 1 LOCOK LOCCancel 1 LOCOK 1 LOCOK LOCCancel 1 LOCOK LOCCancel 1 LOCOK 1 LOCOK LOCCancel 1 LOCOK LOCCancel Help Guarantee My Account Careers About Us Security Wish List Partners Contact Us Shipping Transparency ACT MRF Sitemap  2022 POWELLSCOM Terms 1 LOCOK 1 LOCOK LOCCancel 1 LOCOK LOCCancel 1 LOCOK 1 LOCOK LOCCancel 1 LOCOK LOCCancel 1 LOCOK 1 LOCOK LOCCancel 1 LOCOK LOCCancel 1 LOCOK 1 LOCOK LOCCancel 1 LOCOK LOCCancel",
    "page_rank": 7.747559334980473e-05
}