{
    "Title": " The Diamond Eye\u00a0- Large Print Edition ",
    "Author": "Kate Quinn",
    "Cover Page": "https://powells-covers-2.s3.amazonaws.com/9780063211407.jpg",
    "ISBN10": "0063211408  \n",
    "ISBN13": "9780063211407",
    "Page URL": "https://powells.com/book/the-diamond-eye-large-print-edition-9780063211407",
    "raw_text": "The Diamond Eye Kate Quinn Trade Paperback 9780063211407 Powells Books Cart   my account  wish list  help  8008787323 Hello\n Login MENU Browse New Arrivals Bestsellers Featured Preorders Award Winners Audio Books See All Subjects Used Staff Picks Staff Picks Picks of the Month Bookseller Displays 50 Books for 50 Years 25 Best 21st Century SciFi  Fantasy 25 PNW Books to Read Before You Die 25 Books From the 21st Century 25 Memoirs to Read Before You Die 25 Global Books to Read Before You Die 25 Women to Read Before You Die 25 Books to Read Before You Die Gifts Gift Cards  eGift Cards Powells Souvenirs Journals and Notebooks socks Games Sell Books Blog Events Find A Store Dont Miss BIG SALE 20 off sitewide Picks of the Season What Im Giving Great Gifts Under 25 Best Books of 2022 Powells Author Events Oregon Battle of the Books Audio Books Visit Our Stores Powells Books 14 Gift Ideas From 14 of Our Favorite Authors 0 comment Every year Powells reaches out to some of our favorite authors for some muchneeded giftgiving inspiration Below are 14 writerapproved recommendations to help you find the perfect book for even your mostdifficulttobuyfor loved one Read More  Powells Staff Best Books of 2022 Fiction 1 comment Kelsey Ford 6 Haunting Native American Horror Books 1 comment 1 LOCOK 1 LOCOK LOCCancel 1 LOCOK LOCCancel The Diamond Eye\u00a0 Large Print Edition by Kate Quinn Comment on this title ISBN13 9780063211407 ISBN10 0063211408 All Product Details View Larger Image View Larger Images 2999 New Trade Paperback Ships in 1 to 3 days Qty Store 20 Local Warehouse What Our Readers Are Saying Be the first to share your thoughts on this title Product Details ISBN 9780063211407 Binding Trade Paperback Publication date 03292022 Publisher Harperluxe Pages 656 Height 160IN Width 590IN Large print Yes Author Kate Quinn 2999 New Trade Paperback Ships in 1 to 3 days Qty Store 20 Local Warehouse Receive an email when this ISBN is available used 1 LOCOK 1 LOCOK LOCCancel 1 LOCOK LOCCancel 1 LOCOK 1 LOCOK LOCCancel 1 LOCOK LOCCancel 1 LOCOK 1 LOCOK LOCCancel 1 LOCOK LOCCancel 1 LOCOK 1 LOCOK LOCCancel 1 LOCOK LOCCancel Help Guarantee My Account Careers About Us Security Wish List Partners Contact Us Shipping Transparency ACT MRF Sitemap  2022 POWELLSCOM Terms 1 LOCOK 1 LOCOK LOCCancel 1 LOCOK LOCCancel 1 LOCOK 1 LOCOK LOCCancel 1 LOCOK LOCCancel 1 LOCOK 1 LOCOK LOCCancel 1 LOCOK LOCCancel 1 LOCOK 1 LOCOK LOCCancel 1 LOCOK LOCCancel",
    "page_rank": 3.7747874787349726e-05
}