{
    "Title": " Map That Changed The World William Smith & the Birth of Modern Geology ",
    "Author": "Simon Winchester",
    "Cover Page": "https://covers.powells.com/9780060193614.jpg",
    "ISBN10": "0060193611  \n",
    "ISBN13": "9780060193614",
    "Page URL": "https://powells.com/book/map-that-changed-the-world-william-smith-the-birth-of-modern-geology-9780060193614",
    "raw_text": "Map That Changed The World William Smith  the Birth of Modern Geology Simon Winchester Hardcover 9780060193614 Powells Books Cart   my account  wish list  help  8008787323 Hello\n Login MENU Browse New Arrivals Bestsellers Featured Preorders Award Winners Audio Books See All Subjects Used Staff Picks Staff Picks Picks of the Month Bookseller Displays 50 Books for 50 Years 25 Best 21st Century SciFi  Fantasy 25 PNW Books to Read Before You Die 25 Books From the 21st Century 25 Memoirs to Read Before You Die 25 Global Books to Read Before You Die 25 Women to Read Before You Die 25 Books to Read Before You Die Gifts Gift Cards  eGift Cards Powells Souvenirs Journals and Notebooks socks Games Sell Books Blog Events Find A Store Dont Miss BIG SALE 20 off sitewide Picks of the Season What Im Giving Great Gifts Under 25 Best Books of 2022 Powells Author Events Oregon Battle of the Books Audio Books Visit Our Stores Powells Books 14 Gift Ideas From 14 of Our Favorite Authors 0 comment Every year Powells reaches out to some of our favorite authors for some muchneeded giftgiving inspiration Below are 14 writerapproved recommendations to help you find the perfect book for even your mostdifficulttobuyfor loved one Read More  Powells Staff Best Books of 2022 Fiction 1 comment Kelsey Ford 6 Haunting Native American Horror Books 1 comment 1 LOCOK 1 LOCOK LOCCancel 1 LOCOK LOCCancel Map That Changed The World William Smith  the Birth of Modern Geology by Simon Winchester Comment on this title Synopses  Reviews Read an Excerpt ISBN13 9780060193614 ISBN10 0060193611 Condition Standard DustJacket Standard All Product Details View Larger Image View Larger Images 795 List Price 2500 Used Hardcover Ships in 1 to 3 days Qty Store 1 Hawthorne Synopses  Reviews Publisher Comments From the author of the bestselling The Professor and the Madman comes the fascinating story of William Smith the orphaned son of an English country blacksmith who became obsessed with creating the worlds first geological map and ultimately became the father of modern geology In 1793 William Smith a canal digger made a startling discovery that was to turn the fledgling science of the history of the earth  and a central plank of established Christian religion  on its head He noticed that the rocks he was excavating were arranged in layers more important he could see quite clearly that the fossils found in one layer were very different from those found in another And out of that realization came an epiphany that by following the fossils one could trace layers of rocks as they dipped and rose and fell  clear across England and indeed clear across the world Determined to publish his profoundly important discovery by creating a map that would display the hidden underside of England he spent twenty years traveling the length and breadth of the kingdom by stagecoach and on foot studying rock outcrops and fossils piecing together the image of this unseen universe In 1815 he published his epochal and remarkably beautiful handpainted map more than eight feet tall and six feet wide But four years after its triumphant publication and with his young wife going steadily mad to the point of nymphomania Smith ended up in debtors prison a victim of plagiarism swindled out of his recognition and his profits He left London for the north of England and remained homeless for ten long years as he searched for work It wasnt until 1831 when his employer a sympathetic nobleman brought him into contact with the Geological Society of London  which had earlier denied him a fellowship  that at last this quiet genius was showered with the honors long overdue him He was summoned south to receive the societys highest award and King William IV offered him a lifetime pension The Map That Changed the World is at its foundation a very human tale of endurance and achievement of one mans dedication in the face of ruin and homelessness The worlds coal and oil industry its gold mining its highway systems and its railroad routes were all derived entirely from the creation of Smiths first map and with a keen eye and thoughtful detail Simon Winchester unfolds the poignant sacrifice behind this worldchanging discovery Review Winchesters strength is his ability to meld into compelling narrative a host of literary conventions such as foreshadowing and fictionalized internal dialogue With descriptive contemporary visitations to places significant to the story and wellchosen historical detail he makes immediate not only the magnitude and elegance of Smiths accomplishment but also the thrill of each of the moments of genius necessary to reach his ultimate conclusion Publishers Weekly Review Winchester tells Smiths story including the dramatic ups and downs of his personal life in vivid detail Like the work of Dava Sobel  Longitude  1995 and Mark Kurlansky  Cod  1997 this is just the kind of creative nonfiction that elevates a seemingly arcane topic into popular fare Booklist Review Winchester tends to moralize somewhat too much how those who disrespected Smith or worse yet tried to steal his ideas are taken down but this is nonetheless a lively book about how evolution came to be understood Adrienne Miller Esquire Click here to read the entire Esquire review Synopsis From the author of the bestselling The Professor and the Madman comes the fascinating story of William Smith the orphaned son of an English country blacksmith who became obsessed with creating the worlds first geological map and ultimately became the father of modern geology In 1793 William Smith a canal digger made a startling discovery that was to turn the fledgling science of the history of the earth  and a central plank of established Christian religion  on its head He noticed that the rocks he was excavating were arranged in layers more important he could see quite clearly that the fossils found in one layer were very different from those found in another And out of that realization came an epiphany that by following the fossils one could trace layers of rocks as they dipped and rose and fell  clear across England and indeed clear across the world Determined to publish his profoundly important discovery by creating a map that would display the hidden underside of England he spent twenty years traveling the length and breadth of the kingdom by stagecoach and on foot studying rock outcrops and fossils piecing together the image of this unseen universe In 1815 he published his epochal and remarkably beautiful handpainted map more than eight feet tall and six feet wide But four years after its triumphant publication and with his young wife going steadily mad to the point of nymphomania Smith ended up in debtors prison a victim of plagiarism swindled out of his recognition and his profits He left London for the north of England and remained homeless for ten long years as he searched for work It wasnt until 1831 when his employer a sympathetic nobleman brought him into contact with the Geological Society of London  which had earlier denied him a fellowship  that at last this quiet genius was showered with the honors long overdue him He was summoned south to receive the societys highest award and King William IV offered him a lifetime pension The Map That Changed the World is at its foundation a very human tale of endurance and achievement of one mans dedication in the face of ruin and homelessness The worlds coal and oil industry its gold mining its highway systems and its railroad routes were all derived entirely from the creation of Smiths first map and with a keen eye and thoughtful detail Simon Winchester unfolds the poignant sacrifice behind this worldchanging discovery Synopsis Includes bibliographical references p 305310 About the Author Simon Winchester is the acclaimed author of many books including The Professor and the Madman  Atlantic  The Man Who Loved China  A Crack in the Edge of the World  and Krakatoa  In 2006 Mr Winchester was made an officer of the Order of the British Empire OBE by Her Majesty the Queen He lives in western Massachusetts What Our Readers Are Saying Be the first to share your thoughts on this title Product Details ISBN 9780060193614 Binding Hardcover Publisher HARPERCOLLINS PUBLISHERS Pages 352 Height 826 in Width 568 in Thickness 118 in Number of Units 1 Copyright Year 2001 Series Volume 105708 UPC Code 2800060193616 Author Simon Winchester Subject Great britain Subject Geology Subject Geology stratigraphic Subject Geologists Subject History 795 List Price 2500 Used Hardcover Ships in 1 to 3 days Qty Store 1 Hawthorne More copies of this ISBN Used Hardcover Starting from 895 This title in other editions New Trade Paperback 1499 Used Trade Paperback Starting from 795 1 LOCOK 1 LOCOK LOCCancel 1 LOCOK LOCCancel 1 LOCOK 1 LOCOK LOCCancel 1 LOCOK LOCCancel 1 LOCOK 1 LOCOK LOCCancel 1 LOCOK LOCCancel 1 LOCOK 1 LOCOK LOCCancel 1 LOCOK LOCCancel Help Guarantee My Account Careers About Us Security Wish List Partners Contact Us Shipping Transparency ACT MRF Sitemap  2022 POWELLSCOM Terms 1 LOCOK 1 LOCOK LOCCancel 1 LOCOK LOCCancel 1 LOCOK 1 LOCOK LOCCancel 1 LOCOK LOCCancel 1 LOCOK 1 LOCOK LOCCancel 1 LOCOK LOCCancel 1 LOCOK 1 LOCOK LOCCancel 1 LOCOK LOCCancel",
    "page_rank": 3.845336657340603e-05
}