{
    "Title": " Not That Bad Dispatches from Rape Culture ",
    "Author": "Roxane Gay",
    "Cover Page": "https://powells-covers-2.s3.amazonaws.com/9780062413512.jpg",
    "ISBN10": "0062413511  \n",
    "ISBN13": "9780062413512",
    "Page URL": "https://powells.com/book/not-that-bad-dispatches-from-rape-culture-9780062413512",
    "raw_text": "Not That Bad Dispatches from Rape Culture Roxane Gay Trade Paperback 9780062413512 Powells Books Cart   my account  wish list  help  8008787323 Hello\n Login MENU Browse New Arrivals Bestsellers Featured Preorders Award Winners Audio Books See All Subjects Used Staff Picks Staff Picks Picks of the Month Bookseller Displays 50 Books for 50 Years 25 Best 21st Century SciFi  Fantasy 25 PNW Books to Read Before You Die 25 Books From the 21st Century 25 Memoirs to Read Before You Die 25 Global Books to Read Before You Die 25 Women to Read Before You Die 25 Books to Read Before You Die Gifts Gift Cards  eGift Cards Powells Souvenirs Journals and Notebooks socks Games Sell Books Blog Events Find A Store Dont Miss BIG SALE 20 off sitewide Picks of the Season What Im Giving Great Gifts Under 25 Best Books of 2022 Powells Author Events Oregon Battle of the Books Audio Books Visit Our Stores Powells Books 14 Gift Ideas From 14 of Our Favorite Authors 0 comment Every year Powells reaches out to some of our favorite authors for some muchneeded giftgiving inspiration Below are 14 writerapproved recommendations to help you find the perfect book for even your mostdifficulttobuyfor loved one Read More  Powells Staff Best Books of 2022 Fiction 1 comment Kelsey Ford 6 Haunting Native American Horror Books 1 comment 1 LOCOK 1 LOCOK LOCCancel 1 LOCOK LOCCancel Not That Bad Dispatches from Rape Culture by Roxane Gay Comment on this title Synopses  Reviews ISBN13 9780062413512 ISBN10 0062413511 Condition Standard All Product Details View Larger Image View Larger Images 1195 List Price 1699 Used Trade Paperback Ships in 1 to 3 days Qty Store 1 Hawthorne From Powellscom Powells Picks of the Month Hot new releases and undertheradar gems for adults and kids Staff Pick This moving collection of essays edited by feminist powerhouse Roxane Gay operates on the simple principle that any level of sexual harassment or assault is in fact that bad Sure someone else may have had it objectively worse but that doesnt make what weve been through okay Recommended By Madeline S Powellscom Synopses  Reviews Publisher Comments Edited and with an introduction by Roxane Gay the New York Times bestselling and deeply beloved author of Bad Feminist and Hunger this anthology of firstperson essays tackles rape assault and harassment headon Roxane Gay is the brilliant girlnextdoor your best friend and your sharpest criticshe is also required reading  People In this valuable and revealing anthology cultural critic and bestselling author Roxane Gay collects original and previously published pieces that address what it means to live in a world where women have to measure the harassment violence and aggression they face and where they are routinely secondguessed blown off discredited denigrated besmirched belittled patronized mocked shamed gaslit insulted bullied for speaking out Contributions include essays from established and upandcoming writers performers and critics including actors Ally Sheedy and Gabrielle Union and writers Amy Jo Burns Lyz Lenz and Claire Schwartz Covering a wide range of topics and experiences from an exploration of the rape epidemic embedded in the refugee crisis to firstperson accounts of child molestation this collection is often deeply personal and is always unflinchingly honest Like Rebecca Solnits Men Explain Things to Me  Not That Bad will resonate with every reader saying something in totality that we cannot say alone Searing and heartbreakingly candid this provocative collection both reflects the world we live in and offers a call to arms insisting that not that bad must no longer be good enough Synopsis New York Times Bestseller Edited and with an introduction by Roxane Gay the New York Times bestselling and deeply beloved author of Bad Feminist and Hunger this anthology of firstperson essays tackles rape assault and harassment headon Vogue 10 of the Most Anticipated Books of Spring 2018  Harpers Bazaar 10 New Books to Add to Your Reading List in 2018  Elle 21 Books Were Most Excited to Read in 2018  Boston Globe 25 books we cant wait to read in 2018  Huffington Post 60 Books We Cant Wait to Read in 2018  Hello Giggles 19 Books We Cant Wait to Read in 2018  Buzzfeed 33 Most Exciting New Books of 2018 In this valuable and revealing anthology cultural critic and bestselling author Roxane Gay collects original and previously published pieces that address what it means to live in a world where women have to measure the harassment violence and aggression they face and where they are routinely secondguessed blown off discredited denigrated besmirched belittled patronized mocked shamed gaslit insulted bullied for speaking out Contributions include essays from established and upandcoming writers performers and critics including actors Ally Sheedy and Gabrielle Union and writers Amy Jo Burns Lyz Lenz and Claire Schwartz Covering a wide range of topics and experiences from an exploration of the rape epidemic embedded in the refugee crisis to firstperson accounts of child molestation this collection is often deeply personal and is always unflinchingly honest Like Rebecca Solnits Men Explain Things to Me  Not That Bad will resonate with every reader saying something in totality that we cannot say alone Searing and heartbreakingly candid this provocative collection both reflects the world we live in and offers a call to arms insisting that not that bad must no longer be good enough Synopsis Edited and with an introduction by Roxane Gay the New York Times bestselling and deeply beloved author of Bad Feminist and Hunger this anthology of firstperson essays tackles rape assault and harassment headon Vogue 10 of the Most Anticipated Books of Spring 2018  Harpers Bazaar 10 New Books to Add to Your Reading List in 2018  Elle 21 Books Were Most Excited to Read in 2018  Boston Globe 25 books we cant wait to read in 2018  Huffington Post 60 Books We Cant Wait to Read in 2018  Hello Giggles 19 Books We Cant Wait to Read in 2018  Buzzfeed 33 Most Exciting New Books of 2018 In this valuable and revealing anthology cultural critic and bestselling author Roxane Gay collects original and previously published pieces that address what it means to live in a world where women have to measure the harassment violence and aggression they face and where they are routinely secondguessed blown off discredited denigrated besmirched belittled patronized mocked shamed gaslit insulted bullied for speaking out Contributions include essays from established and upandcoming writers performers and critics including actors Ally Sheedy and Gabrielle Union and writers Amy Jo Burns Lyz Lenz and Claire Schwartz Covering a wide range of topics and experiences from an exploration of the rape epidemic embedded in the refugee crisis to firstperson accounts of child molestation this collection is often deeply personal and is always unflinchingly honest Like Rebecca Solnits Men Explain Things to Me  Not That Bad will resonate with every reader saying something in totality that we cannot say alone Searing and heartbreakingly candid this provocative collection both reflects the world we live in and offers a call to arms insisting that not that bad must no longer be good enough About the Author Roxane Gay is the author of the essay collection Bad Feminist  which was a New York Times bestseller the novel An Untamed State  a finalist for the Dayton Peace Prize and the short story collections Difficult Women and Ayiti  A contributing opinion writer to the New York Times  she has also written for Time  McSweeneys  the Virginia Quarterly Review  the Los Angeles Times  The Nation  The Rumpus  Bookforum  and Salon  Her fiction has also been selected for The Best American Short Stories 2012  The Best American Mystery Stories 2014  and other anthologies She is the author of World of Wakanda for Marvel She lives in Lafayette Indiana and sometimes Los Angeles What Our Readers Are Saying Be the first to share your thoughts on this title Product Details ISBN 9780062413512 Binding Trade Paperback Publication date 05012018 Publisher HARPERCOLLINS PUBLISHERS Pages 368 Height 90IN Width 520IN Illustration Yes Author Roxane Gay 1195 List Price 1699 Used Trade Paperback Ships in 1 to 3 days Qty Store 1 Hawthorne More copies of this ISBN New Trade Paperback 1699 1 LOCOK 1 LOCOK LOCCancel 1 LOCOK LOCCancel 1 LOCOK 1 LOCOK LOCCancel 1 LOCOK LOCCancel 1 LOCOK 1 LOCOK LOCCancel 1 LOCOK LOCCancel 1 LOCOK 1 LOCOK LOCCancel 1 LOCOK LOCCancel Help Guarantee My Account Careers About Us Security Wish List Partners Contact Us Shipping Transparency ACT MRF Sitemap  2022 POWELLSCOM Terms 1 LOCOK 1 LOCOK LOCCancel 1 LOCOK LOCCancel 1 LOCOK 1 LOCOK LOCCancel 1 LOCOK LOCCancel 1 LOCOK 1 LOCOK LOCCancel 1 LOCOK LOCCancel 1 LOCOK 1 LOCOK LOCCancel 1 LOCOK LOCCancel",
    "page_rank": 3.381244302144323e-05
}