{
    "Title": " Story of Silence ",
    "Author": "Alex Myers",
    "Cover Page": "https://powells-covers-2.s3.amazonaws.com/9780008352721.jpg",
    "ISBN10": "0008352720  \n",
    "ISBN13": "9780008352721",
    "Page URL": "https://powells.com/book/story-of-silence-9780008352721",
    "raw_text": "Story of Silence Alex Myers Trade Paperback 9780008352721 Powells Books Cart   my account  wish list  help  8008787323 Hello\n Login MENU Browse New Arrivals Bestsellers Featured Preorders Award Winners Audio Books See All Subjects Used Staff Picks Staff Picks Picks of the Month Bookseller Displays 50 Books for 50 Years 25 Best 21st Century SciFi  Fantasy 25 PNW Books to Read Before You Die 25 Books From the 21st Century 25 Memoirs to Read Before You Die 25 Global Books to Read Before You Die 25 Women to Read Before You Die 25 Books to Read Before You Die Gifts Gift Cards  eGift Cards Powells Souvenirs Journals and Notebooks socks Games Sell Books Blog Events Find A Store Dont Miss BIG SALE 20 off sitewide Picks of the Season What Im Giving Great Gifts Under 25 Best Books of 2022 Powells Author Events Oregon Battle of the Books Audio Books Visit Our Stores Powells Books 14 Gift Ideas From 14 of Our Favorite Authors 0 comment Every year Powells reaches out to some of our favorite authors for some muchneeded giftgiving inspiration Below are 14 writerapproved recommendations to help you find the perfect book for even your mostdifficulttobuyfor loved one Read More  Powells Staff Best Books of 2022 Fiction 1 comment Kelsey Ford 6 Haunting Native American Horror Books 1 comment 1 LOCOK 1 LOCOK LOCCancel 1 LOCOK LOCCancel Story of Silence by Alex Myers Comment on this title Synopses  Reviews ISBN13 9780008352721 ISBN10 0008352720 All Product Details View Larger Image View Larger Images 1695 List Price 1699 New Trade Paperback Ships in 1 to 3 days Qty Store 20 Local Warehouse Synopses  Reviews Synopsis A knightly fairy tale of royalty and dragons of midwives with secrets and dashing strangers in dark inns Taking the original French legend as his starting point The Story of Silence is a rich multilayered new story for todays world  sure to delight fans of Uprooted and The Bear and the Nightingale  There was once long ago a foolish king who decreed that women should not and would not inherit Thus when a girlchild was born to Lord Cador  Merlinenchanted fighter of dragons and Earl of Cornwall  he secreted her away to be raised a boy so that the family land and honour would remain intact That childs name was Silence Silence must find their own place in a medieval world that is determined to place the many restrictions of gender and class upon them With dreams of knighthood and a lonely heart to answer Silence sets out to define themselves Soon their silence will be ended What Our Readers Are Saying Be the first to share your thoughts on this title Product Details ISBN 9780008352721 Binding Trade Paperback Publication date 06012021 Publisher Harper Voyager Pages 464 Height 126IN Width 504IN Author Alex Myers 1695 List Price 1699 New Trade Paperback Ships in 1 to 3 days Qty Store 20 Local Warehouse Receive an email when this ISBN is available used More copies of this ISBN New Trade Paperback 1699 1 LOCOK 1 LOCOK LOCCancel 1 LOCOK LOCCancel 1 LOCOK 1 LOCOK LOCCancel 1 LOCOK LOCCancel 1 LOCOK 1 LOCOK LOCCancel 1 LOCOK LOCCancel 1 LOCOK 1 LOCOK LOCCancel 1 LOCOK LOCCancel Help Guarantee My Account Careers About Us Security Wish List Partners Contact Us Shipping Transparency ACT MRF Sitemap  2022 POWELLSCOM Terms 1 LOCOK 1 LOCOK LOCCancel 1 LOCOK LOCCancel 1 LOCOK 1 LOCOK LOCCancel 1 LOCOK LOCCancel 1 LOCOK 1 LOCOK LOCCancel 1 LOCOK LOCCancel 1 LOCOK 1 LOCOK LOCCancel 1 LOCOK LOCCancel",
    "page_rank": 0
}