{
    "Title": " Subtle Art of Not Giving a Fck A Counterintuitive Approach to Living a Good Life ",
    "Author": "Mark Manson",
    "Cover Page": "https://powells-covers-2.s3.amazonaws.com/9780062457714.jpg",
    "ISBN10": "0062457713  \n",
    "ISBN13": "9780062457714",
    "Page URL": "https://powells.com/book/subtle-art-of-not-giving-a-fck-a-counterintuitive-approach-to-living-a-good-life-9780062457714",
    "raw_text": "Subtle Art of Not Giving a Fck A Counterintuitive Approach to Living a Good Life Mark Manson Hardcover 9780062457714 Powells Books Cart   my account  wish list  help  8008787323 Hello\n Login MENU Browse New Arrivals Bestsellers Featured Preorders Award Winners Audio Books See All Subjects Used Staff Picks Staff Picks Picks of the Month Bookseller Displays 50 Books for 50 Years 25 Best 21st Century SciFi  Fantasy 25 PNW Books to Read Before You Die 25 Books From the 21st Century 25 Memoirs to Read Before You Die 25 Global Books to Read Before You Die 25 Women to Read Before You Die 25 Books to Read Before You Die Gifts Gift Cards  eGift Cards Powells Souvenirs Journals and Notebooks socks Games Sell Books Blog Events Find A Store Dont Miss BIG SALE 20 off sitewide Picks of the Season What Im Giving Great Gifts Under 25 Best Books of 2022 Powells Author Events Oregon Battle of the Books Audio Books Visit Our Stores Powells Books 14 Gift Ideas From 14 of Our Favorite Authors 0 comment Every year Powells reaches out to some of our favorite authors for some muchneeded giftgiving inspiration Below are 14 writerapproved recommendations to help you find the perfect book for even your mostdifficulttobuyfor loved one Read More  Powells Staff Best Books of 2022 Fiction 1 comment Kelsey Ford 6 Haunting Native American Horror Books 1 comment 1 LOCOK 1 LOCOK LOCCancel 1 LOCOK LOCCancel Subtle Art of Not Giving a Fck A Counterintuitive Approach to Living a Good Life by Mark Manson Comment on this title Synopses  Reviews ISBN13 9780062457714 ISBN10 0062457713 Condition Standard DustJacket Standard All Product Details View Larger Image View Larger Images 1850 List Price 2699 Used Hardcover Ships in 1 to 3 days Qty Store 15 Burnside 4 Cedar Hills 1 Hawthorne 20 Local Warehouse Synopses  Reviews Publisher Comments 1 New York Times Bestseller Over 2 million copies sold In this generationdefining selfhelp guide a superstar blogger cuts through the crap to show us how to stop trying to be positive all the time so that we can truly become better happier people For decades weve been told that positive thinking is the key to a happy rich life Fk positivity Mark Manson says Lets be honest shit is fked and we have to live with it In his wildly popular Internet blog Manson doesnt sugarcoat or equivocate He tells it like it is  a dose of raw refreshing honest truth that is sorely lacking today The Subtle Art of Not Giving a Fk is his antidote to the coddling letsallfeelgood mindset that has infected modern society and spoiled a generation rewarding them with gold medals just for showing up Manson makes the argument backed both by academic research and welltimed poop jokes that improving our lives hinges not on our ability to turn lemons into lemonade but on learning to stomach lemons better Human beings are flawed and limited  not everybody can be extraordinary there are winners and losers in society and some of it is not fair or your fault Manson advises us to get to know our limitations and accept them Once we embrace our fears faults and uncertainties once we stop running and avoiding and start confronting painful truths we can begin to find the courage perseverance honesty responsibility curiosity and forgiveness we seek There are only so many things we can give a fk about so we need to figure out which ones really matter Manson makes clear While money is nice caring about what you do with your life is better because true wealth is about experience A muchneeded grabyoubytheshouldersandlookyouintheeye moment of realtalk filled with entertaining stories and profane ruthless humor The Subtle Art of Not Giving a Fk is a refreshing slap for a generation to help them lead contented grounded lives Review An inyourface guide to living with integrity and finding happiness in sometimespainful placesThis book full of counterintuitive suggestions that often make great sense is a pleasure to read and worthy of rereading A good yardstick by which selfimprovement books should be measured Kirkus Reviews Review The opposite of every other book Dont try Give up Be wrong Lower your standards Stop believing in yourself Follow the pain Each point is profoundly true useful and more powerful than the usual positivity Succinct but surprisingly deep I read it in one night Derek Sivers Founder of CD Baby and author of Anything You Want 40 Lessons for a New Kind of Entrepreneur Review This book hits you like a muchneeded slap in the face from your best friend hilarious vulgar and immensely thoughtprovoking Only read if youre willing to set aside all excuses and take an active role in living a fing better life Steve Kamb bestselling author of Level Up Your Life and founder of NerdFitnesscom Review Marks ability to dig deep and offer amazing yet counterintuitive insight into the challenges of life makes him one of my favorite writers and this book is his best work yet Matt Kepnes New York Times bestselling author of Travel the World on 50 a Day Travel Cheaper Longer Smarter Review Resilience happiness and freedom come from knowing what to care aboutand most importantly what not to care about This is a masterful philosophical and practical book that will give readers the wisdom to be able to do just that Ryan Holiday New York Times bestselling author of The Obstacle is the Way and Ego is the Enemy About the Author Mark Manson is a star blogger with more than two million readers He lives in New York City The Subtle Art of Not Giving a Fk is his first book What Our Readers Are Saying Be the first to share your thoughts on this title Product Details ISBN 9780062457714 Binding Hardcover Publication date 09132016 Publisher HARPERCOLLINS PUBLISHERS Pages 224 Height 80IN Width 590IN Author Mark Manson 1850 List Price 2699 Used Hardcover Ships in 1 to 3 days Qty Store 15 Burnside 4 Cedar Hills 1 Hawthorne 20 Local Warehouse More copies of this ISBN New Hardcover 2699 Used Hardcover Starting from 1495 1 LOCOK 1 LOCOK LOCCancel 1 LOCOK LOCCancel 1 LOCOK 1 LOCOK LOCCancel 1 LOCOK LOCCancel 1 LOCOK 1 LOCOK LOCCancel 1 LOCOK LOCCancel 1 LOCOK 1 LOCOK LOCCancel 1 LOCOK LOCCancel Help Guarantee My Account Careers About Us Security Wish List Partners Contact Us Shipping Transparency ACT MRF Sitemap  2022 POWELLSCOM Terms 1 LOCOK 1 LOCOK LOCCancel 1 LOCOK LOCCancel 1 LOCOK 1 LOCOK LOCCancel 1 LOCOK LOCCancel 1 LOCOK 1 LOCOK LOCCancel 1 LOCOK LOCCancel 1 LOCOK 1 LOCOK LOCCancel 1 LOCOK LOCCancel",
    "page_rank": 4.043322879890432e-05
}