{
    "Title": " Network and System Security ",
    "Author": "John R Vacca",
    "Cover Page": "https://covers.powells.com/9780124166899.jpg",
    "ISBN10": "012416689X  \n",
    "ISBN13": "9780124166899",
    "Page URL": "https://powells.com/book/network-and-system-security-9780124166899",
    "raw_text": "Network  System Security 2nd Edition John R Vacca Trade Paperback 9780124166899 Powells Books Cart   my account  wish list  help  8008787323 Hello\n Login MENU Browse New Arrivals Bestsellers Featured Preorders Award Winners Audio Books See All Subjects Used Staff Picks Staff Picks Picks of the Month Bookseller Displays 50 Books for 50 Years 25 Best 21st Century SciFi  Fantasy 25 PNW Books to Read Before You Die 25 Books From the 21st Century 25 Memoirs to Read Before You Die 25 Global Books to Read Before You Die 25 Women to Read Before You Die 25 Books to Read Before You Die Gifts Gift Cards  eGift Cards Powells Souvenirs Journals and Notebooks socks Games Sell Books Blog Events Find A Store Dont Miss BIG SALE 20 off sitewide Picks of the Season What Im Giving Great Gifts Under 25 Best Books of 2022 Powells Author Events Oregon Battle of the Books Audio Books Visit Our Stores Powells Books 14 Gift Ideas From 14 of Our Favorite Authors 0 comment Every year Powells reaches out to some of our favorite authors for some muchneeded giftgiving inspiration Below are 14 writerapproved recommendations to help you find the perfect book for even your mostdifficulttobuyfor loved one Read More  Powells Staff Best Books of 2022 Fiction 1 comment Kelsey Ford 6 Haunting Native American Horror Books 1 comment 1 LOCOK 1 LOCOK LOCCancel 1 LOCOK LOCCancel Network and System Security by John R Vacca Comment on this title Synopses  Reviews ISBN13 9780124166899 ISBN10 012416689X All Product Details View Larger Image View Larger Images 7993 New Trade Paperback Available at a Remote Warehouse Ships separately from other items Additional shipping charges may apply Not available for In Store Pickup More Info Qty Store 20 Remote Warehouse Synopses  Reviews Synopsis Network and System Security provides focused coverage of network and system security technologies It explores practical solutions to a wide range of network and systems security issues Chapters are authored by leading experts in the field and address the immediate and longterm challenges in the authors respective areas of expertise Coverage includes building a secure organization cryptography system intrusion UNIX and Linux security Internet security intranet security LAN security wireless network security cellular network security RFID security and more Chapters contributed by leaders in the field covering foundational and practical aspects of system and network security providing a new level of technical expertise not found elsewhere Comprehensive and updated coverage of the subject area allows the reader to put current technologies to work Presents methods of analysis and problem solving techniques enhancing the readers grasp of the material and ability to implement practical solutions What Our Readers Are Saying Be the first to share your thoughts on this title Product Details ISBN 9780124166899 Binding Trade Paperback Publication date 09092013 Publisher Syngress Publishing Language English Edition 2 Pages 432 Height 78IN Width 750IN Thickness 100 LCCN 2014469390 Illustration Yes Copyright Year 2014 Author John R Vacca Author John R edt Vacca Ed John Vacca Author John R Vacca Subject Personal ComputersGeneral 7993 New Trade Paperback Available at a Remote Warehouse Ships separately from other items Additional shipping charges may apply Not available for In Store Pickup More Info Qty Store 20 Remote Warehouse Receive an email when this ISBN is available used 1 LOCOK 1 LOCOK LOCCancel 1 LOCOK LOCCancel 1 LOCOK 1 LOCOK LOCCancel 1 LOCOK LOCCancel 1 LOCOK 1 LOCOK LOCCancel 1 LOCOK LOCCancel 1 LOCOK 1 LOCOK LOCCancel 1 LOCOK LOCCancel Help Guarantee My Account Careers About Us Security Wish List Partners Contact Us Shipping Transparency ACT MRF Sitemap  2022 POWELLSCOM Terms 1 LOCOK 1 LOCOK LOCCancel 1 LOCOK LOCCancel 1 LOCOK 1 LOCOK LOCCancel 1 LOCOK LOCCancel 1 LOCOK 1 LOCOK LOCCancel 1 LOCOK LOCCancel 1 LOCOK 1 LOCOK LOCCancel 1 LOCOK LOCCancel",
    "page_rank": 2.421403429390642e-05
}