{
    "Title": " Handbook of Analytical Instruments ",
    "Author": "Raghbir Singh Khandpur",
    "Cover Page": "https://covers.powells.com/9780071487467.jpg",
    "ISBN10": "0071487468  \n",
    "ISBN13": "9780071487467",
    "Page URL": "https://powells.com/book/handbook-of-analytical-instruments-9780071487467",
    "raw_text": "Handbook of Analytical Instruments Khandpur Raghbir Singh Hardcover 9780071487467 Powells Books Cart   my account  wish list  help  8008787323 Hello\n Login MENU Browse New Arrivals Bestsellers Featured Preorders Award Winners Audio Books See All Subjects Used Staff Picks Staff Picks Picks of the Month Bookseller Displays 50 Books for 50 Years 25 Best 21st Century SciFi  Fantasy 25 PNW Books to Read Before You Die 25 Books From the 21st Century 25 Memoirs to Read Before You Die 25 Global Books to Read Before You Die 25 Women to Read Before You Die 25 Books to Read Before You Die Gifts Gift Cards  eGift Cards Powells Souvenirs Journals and Notebooks socks Games Sell Books Blog Events Find A Store Dont Miss BIG SALE 20 off sitewide Picks of the Season What Im Giving Great Gifts Under 25 Best Books of 2022 Powells Author Events Oregon Battle of the Books Audio Books Visit Our Stores Powells Books 14 Gift Ideas From 14 of Our Favorite Authors 0 comment Every year Powells reaches out to some of our favorite authors for some muchneeded giftgiving inspiration Below are 14 writerapproved recommendations to help you find the perfect book for even your mostdifficulttobuyfor loved one Read More  Powells Staff Best Books of 2022 Fiction 1 comment Kelsey Ford 6 Haunting Native American Horror Books 1 comment 1 LOCOK 1 LOCOK LOCCancel 1 LOCOK LOCCancel Handbook of Analytical Instruments by Raghbir Singh Khandpur Comment on this title Synopses  Reviews ISBN13 9780071487467 ISBN10 0071487468 All Product Details View Larger Image View Larger Images 12695 New Hardcover Available at a Remote Warehouse Ships separately from other items Additional shipping charges may apply Not available for In Store Pickup More Info Qty Store 20 Remote Warehouse Synopses  Reviews Publisher Comments This resource covers the working principles and latest advances in analytical instruments Youll learn how to select and apply the correct instrument for analytical work and perform research yielding the most accurate results possible About the Author R S Khandpur is the director general Pushpa Gujral Science City He is also a consultant to the World Health Organization and holds eight patents and has written more than 50 research papers Table of Contents Chapter 1 Fundamentals of Analytical Instruments Chapter 2 Colorimeters and Spectrophotometers VisibleUltraviolet Chapter 3 Infrared spectrophotometers Chapter 4 Flame Photometers Chapter 5 Atomic Absorption Spectrophotometers Chapter 6 Fluorimeters and Phosphorimeters Chapter 7 Raman Spectrometer Chapter 8 Photoacoustic and Photothermal Spectrometers Chapter 9 Mass Spectrometer Chapter 10 Nuclear Magnetic Resonance Spectrometer Chapter 11 Electron Spin Resonance Spectrometers Chapter 12 Electron and Ion Spectrometers Chapter 13 Radiochemical Instruments Chapter 14 XRay Spectrometers Chapter 15 Automated Chemical Analysis Systems Chapter 16 Gas Chromatographs Chapter 17 Liquid Chromatographs Chapter 18 Thermoanalytical Instruments Chapter 19 Electrophoresis Apparatus and Densitometers Chapter 20 Electrochemical Instruments Chapter 21 pH Meters and Ion Analyzers Chapter 22 Blood Gas Analyzers Chapter 23 Industrial Gas Analyzers Chapter 24 Environmental Pollution Monitoring Instruments Chapter 25 Electronic Devices and Circuits Chapter 26 Digital Circuits Chapter 27 ComputerBased Analytical Instruments INDEX 4 1 What Our Readers Are Saying Share your thoughts on this title Average customer rating 4 1 comments  koyyalamudi007  October 20 2008 view all comments by koyyalamudi007 its very nice  to learn a good knowledge Was this comment helpful  Yes  No 1 of 1 readers found this comment helpful report this\ncomment Product Details ISBN 9780071487467 Binding Hardcover Publication date 12222006 Publisher McGrawHill Companies Series info McGrawHill Handbooks Language English Pages 770 Height 180IN Width 774IN Thickness 180 in Series McGrawHill Handbooks Number of Units 1 Illustration Yes Copyright Year 2007 UPC Code 2800071487469 Author Raghbir Singh Khandpur Author R S Khandpur Author R S Khandpur Subject ChemistryChemical Engineering 12695 New Hardcover Available at a Remote Warehouse Ships separately from other items Additional shipping charges may apply Not available for In Store Pickup More Info Qty Store 20 Remote Warehouse Receive an email when this ISBN is available used 1 LOCOK 1 LOCOK LOCCancel 1 LOCOK LOCCancel 1 LOCOK 1 LOCOK LOCCancel 1 LOCOK LOCCancel 1 LOCOK 1 LOCOK LOCCancel 1 LOCOK LOCCancel 1 LOCOK 1 LOCOK LOCCancel 1 LOCOK LOCCancel Help Guarantee My Account Careers About Us Security Wish List Partners Contact Us Shipping Transparency ACT MRF Sitemap  2022 POWELLSCOM Terms 1 LOCOK 1 LOCOK LOCCancel 1 LOCOK LOCCancel 1 LOCOK 1 LOCOK LOCCancel 1 LOCOK LOCCancel 1 LOCOK 1 LOCOK LOCCancel 1 LOCOK LOCCancel 1 LOCOK 1 LOCOK LOCCancel 1 LOCOK LOCCancel",
    "page_rank": 2.726413378665219e-05
}