{
    "Title": " Sapiens A Graphic History Volume 02 The Pillars of Civilization ",
    "Author": "Yuval Noah Harari",
    "Cover Page": "https://powells-covers-2.s3.amazonaws.com/9780063212237.jpg",
    "ISBN10": "0063212234  \n",
    "ISBN13": "9780063212237",
    "Page URL": "https://powells.com/book/sapiens-a-graphic-history-volume-02-the-pillars-of-civilization-9780063212237",
    "raw_text": "Sapiens A Graphic History Volume 2 The Pillars of Civilization Yuval Noah Harari Trade Paperback 9780063212237 Powells Books Cart   my account  wish list  help  8008787323 Hello\n Login MENU Browse New Arrivals Bestsellers Featured Preorders Award Winners Audio Books See All Subjects Used Staff Picks Staff Picks Picks of the Month Bookseller Displays 50 Books for 50 Years 25 Best 21st Century SciFi  Fantasy 25 PNW Books to Read Before You Die 25 Books From the 21st Century 25 Memoirs to Read Before You Die 25 Global Books to Read Before You Die 25 Women to Read Before You Die 25 Books to Read Before You Die Gifts Gift Cards  eGift Cards Powells Souvenirs Journals and Notebooks socks Games Sell Books Blog Events Find A Store Dont Miss BIG SALE 20 off sitewide Picks of the Season What Im Giving Great Gifts Under 25 Best Books of 2022 Powells Author Events Oregon Battle of the Books Audio Books Visit Our Stores Powells Books 14 Gift Ideas From 14 of Our Favorite Authors 0 comment Every year Powells reaches out to some of our favorite authors for some muchneeded giftgiving inspiration Below are 14 writerapproved recommendations to help you find the perfect book for even your mostdifficulttobuyfor loved one Read More  Powells Staff Best Books of 2022 Fiction 1 comment Kelsey Ford 6 Haunting Native American Horror Books 1 comment 1 LOCOK 1 LOCOK LOCCancel 1 LOCOK LOCCancel Sapiens A Graphic History Volume 02 The Pillars of Civilization by Yuval Noah Harari Comment on this title Synopses  Reviews ISBN13 9780063212237 ISBN10 0063212234 Condition Like New All Product Details View Larger Image View Larger Images 1498 List Price 2599 Used Trade Paperback Ships in 1 to 3 days Qty Store 5 Burnside 6 Cedar Hills 6 Hawthorne 20 Local Warehouse Synopses  Reviews Synopsis This second volume of Sapiens A Graphic History  the fullcolor graphic adaptation of Yuval Noah Hararis 1 New York Times bestseller focuses on the Agricultural Revolutionwhen humans fell into a trap weve yet to escape working harder and harder with diminishing returns What if humanitys major woeswar plague famine and inequalityoriginated 12000 years ago when Homo sapiens converted from nomads to settlers in pursuit of the fantasy of productivity and efficiency What if by seeking to control plants and animals humans ended up being controlled by kings priests and Kafkaesque bureaucracy Volume 2 of Sapiens A Graphic HistoryThe Pillars of Civilization explores a crucial chapter in human development the Agricultural Revolution This is the story of how wheat took over the world how an unlikely marriage between a god and a bureaucrat created the first empires and how war plague famine and inequality became an intractable feature of the human condition But its not all doom and gloom with this books cast of entertaining characters and colorful humorous scenes Yuval Zoe Prof Saraswati Cindy and Bill now farmers Detective Lopez and Dr Fiction all introduced in Volume 1  once again travel the length and breadth of human history this time investigating the impact the Agricultural Revolution has had on our species The cunning Mephisto shows them how to ensnare humans King Hammurabi lays down the law and Confucius explains harmonious society The origins of modern farming are introduced through Elizabethan tragedy the changing fortunes of domesticated plants and animals are tracked in the columns of the Daily Business News  the story of urbanization is portrayed as a travel brochure offering discount journeys to ancient Babylon and China and the history of inequality unfolds in a superhero detective story with guest appearances by historical and cultural personalities throughout such as Thomas Jefferson Scarlett OHara Margaret Thatcher and John Lennon Sapiens A Graphic History Volume 2 is a radical witty and colorful retelling of the story of humankind for adults and young adults and can be read on its own or in sequence with Volume I What Our Readers Are Saying Be the first to share your thoughts on this title Product Details ISBN 9780063212237 Binding Trade Paperback Publication date 10262021 Publisher HARPERCOLLINS PUBLISHERS Pages 256 Height 88IN Width 818IN Series Number 2 Illustration Yes Author Yuval Noah Harari 1498 List Price 2599 Used Trade Paperback Ships in 1 to 3 days Qty Store 5 Burnside 6 Cedar Hills 6 Hawthorne 20 Local Warehouse More copies of this ISBN New Trade Paperback 2599 This title in other editions New Hardcover 4000 1 LOCOK 1 LOCOK LOCCancel 1 LOCOK LOCCancel 1 LOCOK 1 LOCOK LOCCancel 1 LOCOK LOCCancel 1 LOCOK 1 LOCOK LOCCancel 1 LOCOK LOCCancel 1 LOCOK 1 LOCOK LOCCancel 1 LOCOK LOCCancel Help Guarantee My Account Careers About Us Security Wish List Partners Contact Us Shipping Transparency ACT MRF Sitemap  2022 POWELLSCOM Terms 1 LOCOK 1 LOCOK LOCCancel 1 LOCOK LOCCancel 1 LOCOK 1 LOCOK LOCCancel 1 LOCOK LOCCancel 1 LOCOK 1 LOCOK LOCCancel 1 LOCOK LOCCancel 1 LOCOK 1 LOCOK LOCCancel 1 LOCOK LOCCancel",
    "page_rank": 3.773564328800418e-05
}