{
    "Title": " Galatea: A Short Story ",
    "Author": "Madeline Miller",
    "Cover Page": "https://powells-covers-2.s3.amazonaws.com/9780063280519.jpg",
    "ISBN10": "0063280515  \n",
    "ISBN13": "9780063280519",
    "Page URL": "https://powells.com/book/galatea-9780063280519",
    "raw_text": "Galatea A Short Story Madeline Miller Hardcover 9780063280519 Powells Books Cart   my account  wish list  help  8008787323 Hello\n Login MENU Browse New Arrivals Bestsellers Featured Preorders Award Winners Audio Books See All Subjects Used Staff Picks Staff Picks Picks of the Month Bookseller Displays 50 Books for 50 Years 25 Best 21st Century SciFi  Fantasy 25 PNW Books to Read Before You Die 25 Books From the 21st Century 25 Memoirs to Read Before You Die 25 Global Books to Read Before You Die 25 Women to Read Before You Die 25 Books to Read Before You Die Gifts Gift Cards  eGift Cards Powells Souvenirs Journals and Notebooks socks Games Sell Books Blog Events Find A Store Dont Miss BIG SALE 20 off sitewide Picks of the Season What Im Giving Great Gifts Under 25 Best Books of 2022 Powells Author Events Oregon Battle of the Books Audio Books Visit Our Stores Powells Books 14 Gift Ideas From 14 of Our Favorite Authors 0 comment Every year Powells reaches out to some of our favorite authors for some muchneeded giftgiving inspiration Below are 14 writerapproved recommendations to help you find the perfect book for even your mostdifficulttobuyfor loved one Read More  Powells Staff Best Books of 2022 Fiction 1 comment Kelsey Ford 6 Haunting Native American Horror Books 1 comment 1 LOCOK 1 LOCOK LOCCancel 1 LOCOK LOCCancel Galatea A Short Story by Madeline Miller Comment on this title Synopses  Reviews ISBN13 9780063280519 ISBN10 0063280515 All Product Details View Larger Image View Larger Images 1200 New Hardcover Ships in 1 to 3 days Qty Store 65 Burnside 28 Cedar Hills 21 Hawthorne 20 Local Warehouse From Powellscom Great Gifts Under 25 Great books and gift items at a great price Synopses  Reviews Publisher Comments An enchanting short story from Madeline Miller that boldly reimagines the myth of Galatea and Pygmalion now in hardcover for the first time A small hardcover edition featuring a new afterword by Madeline Miller In ancient Greece a skilled marble sculptor has been blessed by a goddess who has given his masterpiece  the most beautiful woman the town has ever seen  the gift of life After marrying her he expects Galatea to please him to be obedience and humility personified But she has desires of her own and yearns for independence In a desperate bid by her obsessive husband to keep her under control Galatea is locked away under the constant supervision of doctors and nurses But with a daughter to rescue she is determined to break free whatever the cost About the Author Madeline Miller is the 1 New York Times bestselling author of two novels The Song of Achilles  which won the Orange Womens Prize for Fiction 2012 and Circe  which was shortlisted for the Womens Prize for Fiction 2019 Her books have been translated into over thirty two languages Miller holds an MA in Classics from Brown University studied in the Dramaturgy department at Yale School of Drama where she focused on the adaptation of classical texts to modern forms and taught Latin Greek and Shakespeare to high school students for over a decade What Our Readers Are Saying Be the first to share your thoughts on this title Product Details ISBN 9780063280519 Binding Hardcover Publication date 11082022 Publisher HARPERCOLLINS PUBLISHERS Pages 64 Height 40IN Width 420IN Author Madeline Miller 1200 New Hardcover Ships in 1 to 3 days Qty Store 65 Burnside 28 Cedar Hills 21 Hawthorne 20 Local Warehouse Receive an email when this ISBN is available used 1 LOCOK 1 LOCOK LOCCancel 1 LOCOK LOCCancel 1 LOCOK 1 LOCOK LOCCancel 1 LOCOK LOCCancel 1 LOCOK 1 LOCOK LOCCancel 1 LOCOK LOCCancel 1 LOCOK 1 LOCOK LOCCancel 1 LOCOK LOCCancel Help Guarantee My Account Careers About Us Security Wish List Partners Contact Us Shipping Transparency ACT MRF Sitemap  2022 POWELLSCOM Terms 1 LOCOK 1 LOCOK LOCCancel 1 LOCOK LOCCancel 1 LOCOK 1 LOCOK LOCCancel 1 LOCOK LOCCancel 1 LOCOK 1 LOCOK LOCCancel 1 LOCOK LOCCancel 1 LOCOK 1 LOCOK LOCCancel 1 LOCOK LOCCancel",
    "page_rank": 3.825315944493059e-05
}