{
    "Title": " Book of Magic From Antiquity to the Enlightenment ",
    "Author": "Brian Copenhaver",
    "Cover Page": "https://powells-covers-2.s3.amazonaws.com/9780141393148.jpg",
    "ISBN10": "0141393149  \n",
    "ISBN13": "9780141393148",
    "Page URL": "https://powells.com/book/-9780141393148",
    "raw_text": "The Book of Magic From Antiquity to the Enlightenment Copenhaver Brian Trade Paperback 9780141393148 Powells Books Cart   my account  wish list  help  8008787323 Hello\n Login MENU Browse New Arrivals Bestsellers Featured Preorders Award Winners Audio Books See All Subjects Used Staff Picks Staff Picks Picks of the Month Bookseller Displays 50 Books for 50 Years 25 Best 21st Century SciFi  Fantasy 25 PNW Books to Read Before You Die 25 Books From the 21st Century 25 Memoirs to Read Before You Die 25 Global Books to Read Before You Die 25 Women to Read Before You Die 25 Books to Read Before You Die Gifts Gift Cards  eGift Cards Powells Souvenirs Journals and Notebooks socks Games Sell Books Blog Events Find A Store Dont Miss BIG SALE 20 off sitewide Picks of the Season What Im Giving Great Gifts Under 25 Best Books of 2022 Powells Author Events Oregon Battle of the Books Audio Books Visit Our Stores Powells Books 14 Gift Ideas From 14 of Our Favorite Authors 0 comment Every year Powells reaches out to some of our favorite authors for some muchneeded giftgiving inspiration Below are 14 writerapproved recommendations to help you find the perfect book for even your mostdifficulttobuyfor loved one Read More  Powells Staff Best Books of 2022 Fiction 1 comment Kelsey Ford 6 Haunting Native American Horror Books 1 comment 1 LOCOK 1 LOCOK LOCCancel 1 LOCOK LOCCancel Book of Magic From Antiquity to the Enlightenment by Brian Copenhaver Comment on this title Synopses  Reviews ISBN13 9780141393148 ISBN10 0141393149 All Product Details View Larger Image View Larger Images 1700 New Trade Paperback Ships in 1 to 3 days Qty Store 1 Burnside 1 Cedar Hills 14 Local Warehouse Synopses  Reviews Publisher Comments A rich wondrous anthology of the Western magical tradition from the Old Testament to Doctor Faustus and Paradise Lost  now in a Penguin Classics black spine edition as when iron is drawn to a magnet camphor is sucked into hot air crystal lights up in the Sun sulfur and a volatile liquid are kindled by flame an empty eggshell filled with dew is raised towards the Sun The Bible is full of stories featuring forms of magic and possession  from Moses battling with Pharaohs wizards to the supernatural actions of Jesus and his disciples As over the following centuries the Christian church attempted to stamp out deviant practices a persistent interest in magic drew strength from this Biblical validation A strange blend of mumbojumbo fear fraud and deeply serious study magic was at the heart of the European Renaissance fascinating many of its greatest figures This is a book filled with incantations charms curses summonings cures and descriptions of extraordinary shadowy only halfunderstood happenings from long ago It features writers as various as Thomas Aquinas John Milton John Dee Ptolemy and Paracelsus along with anonymous ancient and medieval works that were in some cases viewed as simply too dangerous even to open The Book of Magic will be welcomed by everyone from those with the most casual interest in the magical tradition to anyone drawn to the Renaissance and the tangled arcane roots of the scientific tradition Review Impressive and welleditedReading this rich collection allows each of us to cut our own path through the dense snarls of the history of a body of ideas The Times Literary Supplement Review A rich anthology Tampa Bay Times About the Author Brian Copenhaver is a professor of philosophy and history at the University of California Los Angeles and is one of the worlds foremost scholars on Renaissance magic and mysticism What Our Readers Are Saying Be the first to share your thoughts on this title Product Details ISBN 9780141393148 Binding Trade Paperback Publication date 03072017 Publisher PENGUIN PUTNAM TRADE Pages 704 Height 130IN Width 510IN Illustration Yes Author Brian Copenhaver 1700 New Trade Paperback Ships in 1 to 3 days Qty Store 1 Burnside 1 Cedar Hills 14 Local Warehouse Receive an email when this ISBN is available used 1 LOCOK 1 LOCOK LOCCancel 1 LOCOK LOCCancel 1 LOCOK 1 LOCOK LOCCancel 1 LOCOK LOCCancel 1 LOCOK 1 LOCOK LOCCancel 1 LOCOK LOCCancel 1 LOCOK 1 LOCOK LOCCancel 1 LOCOK LOCCancel Help Guarantee My Account Careers About Us Security Wish List Partners Contact Us Shipping Transparency ACT MRF Sitemap  2022 POWELLSCOM Terms 1 LOCOK 1 LOCOK LOCCancel 1 LOCOK LOCCancel 1 LOCOK 1 LOCOK LOCCancel 1 LOCOK LOCCancel 1 LOCOK 1 LOCOK LOCCancel 1 LOCOK LOCCancel 1 LOCOK 1 LOCOK LOCCancel 1 LOCOK LOCCancel",
    "page_rank": 5.0661621425127266e-05
}