{
    "Title": " The Graveyard Book ",
    "Author": "Neil Gaiman",
    "Cover Page": "https://powells-covers-2.s3.amazonaws.com/9780062349187.jpg",
    "ISBN10": "006234918X  \n",
    "ISBN13": "9780062349187",
    "Page URL": "https://powells.com/book/the-graveyard-book-9780062349187",
    "raw_text": "Graveyard Book Commemorative Edition Neil Gaiman Dave McKean Trade Paperback 9780062349187 Powells Books Cart   my account  wish list  help  8008787323 Hello\n Login MENU Browse New Arrivals Bestsellers Featured Preorders Award Winners Audio Books See All Subjects Used Staff Picks Staff Picks Picks of the Month Bookseller Displays 50 Books for 50 Years 25 Best 21st Century SciFi  Fantasy 25 PNW Books to Read Before You Die 25 Books From the 21st Century 25 Memoirs to Read Before You Die 25 Global Books to Read Before You Die 25 Women to Read Before You Die 25 Books to Read Before You Die Gifts Gift Cards  eGift Cards Powells Souvenirs Journals and Notebooks socks Games Sell Books Blog Events Find A Store Dont Miss BIG SALE 20 off sitewide Picks of the Season What Im Giving Great Gifts Under 25 Best Books of 2022 Powells Author Events Oregon Battle of the Books Audio Books Visit Our Stores Powells Books 14 Gift Ideas From 14 of Our Favorite Authors 0 comment Every year Powells reaches out to some of our favorite authors for some muchneeded giftgiving inspiration Below are 14 writerapproved recommendations to help you find the perfect book for even your mostdifficulttobuyfor loved one Read More  Powells Staff Best Books of 2022 Fiction 1 comment Kelsey Ford 6 Haunting Native American Horror Books 1 comment 1 LOCOK 1 LOCOK LOCCancel 1 LOCOK LOCCancel The Graveyard Book by Neil Gaiman Comment on this title Synopses  Reviews ISBN13 9780062349187 ISBN10 006234918X All Product Details View Larger Image View Larger Images 999 New Trade Paperback Ships in 1 to 3 days Qty Store 7 Burnside 1 Cedar Hills Synopses  Reviews Publisher Comments A commemorative edition of a perennial favorite The Graveyard Book by Neil Gaiman which has sold over one million copies and is the only novel to win both the Newbery Medal and the Carnegie Medal Special content in this edition includes the story behind The Graveyard Book from Neil Gaiman and sketches by Dave McKean The Graveyard Book is the winner of the Newbery Medal the Carnegie Medal the Hugo Award for Best Novel the Locus Award for Young Adult Book the American Bookseller Associations Best Indie Young Adult Buzz Book a Horn Book Honor and Audio Book of the Year Review THE GRAVEYARD BOOK by turns exciting and witty sinister and tender shows Gaiman at the top of his form In this novel of wonder Neil Gaiman follows in the footsteps of longago storytellers weaving a tale of unforgettable enchantment New York Times Book Review Review Like a bite of dark Halloween chocolate this novel proves rich bittersweet and very satisfying Washington Post Review Wistful witty wiseand creepy This needs to be read by anyone who is or has ever been a child Kirkus Reviews starred review Review This is an utterly captivating tale that is cleverly told through an entertaining cast of ghostly characters There is plenty of darkness but the novels ultimate message is strong and life affirmingthis is a rich story with broad appeal  Booklist starred review Review Lucid evocative prose and dark fairytale motifs imbue the story with a dreamlike quality this ghoststorycumcomingofagenovel as readable as it is accomplished Horn Book starred review Review This is quite frankly the best book Neil Gaiman has ever written How he has managed to combine fascinating friendly frightening and fearsome in one fantasy I shall never know but he has pulled it off magnificently  perfect for Halloween and any other time of the year Diana Wynne Jones author of The Chronicles of Chrestomanci Review I wish my younger self could have had the opportunity to read and reread this wonderful book and my older self wishes that I had written it Garth Nix author of The Abhorsen Trilogy Review It takes a graveyard to raise a child My favorite thing about this book was watching Bod grow up in his fine crumbly graveyard with his dead and living friends The Graveyard Book is another surprising and terrific book from Neil Gaiman Audrey Niffenegger author of The Time Travelers Wife Review After finishing The Graveyard Book I had only one thought  I hope theres more I want to see more of the adventures of Nobody Owens and there is no higher praise for a book Laurell K Hamilton author of the Anita Blake Vampire Hunter novels Review The Graveyard Book is endlessly inventive masterfully told and like Bod himself too clever to fit into only one place This is a book for everyone You will love it to death Holly Black co  150creator of The Spiderwick Chronicles Review The Graveyard Book manages the remarkable feat of playing delightful jazz riffs on Kiplings classic Jungle Books One might call this book a small jewel but in fact its much bigger within than it looks from the outside Peter S Beagle author of The Last Unicorn Review The Graveyard Book is everything everyone loves about Neil Gaiman only multiplied many times over a novel that showcases his effortless feel for narrative his flawless instincts for suspense and above all his dark almost silky sense of humor Joe Hill author of Heart  150Shaped Box Synopsis It takes a graveyard to raise a child A commemorative edition of a perennial favorite The Graveyard Book  which has sold more than one million copies and is the only novel to win both the Newbery Medal and the Carnegie Medal Includes the story behind The Graveyard Book from Neil Gaiman and sketches from Dave McKean About the Author Neil Gaiman has written highly acclaimed books for both children and adults He has won many major awards including the Hugo and the Nebula and his New York Times bestselling novel The Graveyard Book is the only work ever to win both the Newbery US and Carnegie UK Medals His books for readers of all ages include the bestselling Coraline  also an Academy Awardnominated film Fortunately the Milk  Odd and the Frost Giants  and The Wolves in the Walls  Originally from England Gaiman now lives in the United States Dave McKean is best known for his work on Neil Gaimans Sandman series of graphic novels and for his CD covers for musicians from Tori Amos to Alice Cooper He also illustrated Neil Gaimans picture books The Day I Swapped My Dad for Two Goldfish  The Wolves in the Walls  and Crazy Hair  He is a cult figure in the comic book world and is also a photographer What Our Readers Are Saying Be the first to share your thoughts on this title Product Details ISBN 9780062349187 Binding Trade Paperback Publication date 09302014 Publisher HarperCollins Pages 352 Height 110IN Width 510IN Age Range 10 and up Grade Range 5 and up Illustration Yes Author Neil Gaiman Illustrator Dave McKean Foreword Margaret Atwood Subject Children sScience Fiction and Fantasy 999 New Trade Paperback Ships in 1 to 3 days Qty Store 7 Burnside 1 Cedar Hills Receive an email when this ISBN is available used This title in other editions New Hardcover 1799 New Trade Paperback 899 Used Hardcover Starting from 995 Used Trade Paperback Starting from 495 1 LOCOK 1 LOCOK LOCCancel 1 LOCOK LOCCancel 1 LOCOK 1 LOCOK LOCCancel 1 LOCOK LOCCancel 1 LOCOK 1 LOCOK LOCCancel 1 LOCOK LOCCancel 1 LOCOK 1 LOCOK LOCCancel 1 LOCOK LOCCancel Help Guarantee My Account Careers About Us Security Wish List Partners Contact Us Shipping Transparency ACT MRF Sitemap  2022 POWELLSCOM Terms 1 LOCOK 1 LOCOK LOCCancel 1 LOCOK LOCCancel 1 LOCOK 1 LOCOK LOCCancel 1 LOCOK LOCCancel 1 LOCOK 1 LOCOK LOCCancel 1 LOCOK LOCCancel 1 LOCOK 1 LOCOK LOCCancel 1 LOCOK LOCCancel",
    "page_rank": 0
}