{
    "Title": " You Had Me at Hola ",
    "Author": "Alexis Daria",
    "Cover Page": "https://powells-covers-2.s3.amazonaws.com/9780062959928.jpg",
    "ISBN10": "0062959921  \n",
    "ISBN13": "9780062959928",
    "Page URL": "https://powells.com/book/-9780062959928",
    "raw_text": "You Had Me at Hola A Novel Alexis Daria Trade Paperback 9780062959928 Powells Books Cart   my account  wish list  help  8008787323 Hello\n Login MENU Browse New Arrivals Bestsellers Featured Preorders Award Winners Audio Books See All Subjects Used Staff Picks Staff Picks Picks of the Month Bookseller Displays 50 Books for 50 Years 25 Best 21st Century SciFi  Fantasy 25 PNW Books to Read Before You Die 25 Books From the 21st Century 25 Memoirs to Read Before You Die 25 Global Books to Read Before You Die 25 Women to Read Before You Die 25 Books to Read Before You Die Gifts Gift Cards  eGift Cards Powells Souvenirs Journals and Notebooks socks Games Sell Books Blog Events Find A Store Dont Miss BIG SALE 20 off sitewide Picks of the Season What Im Giving Great Gifts Under 25 Best Books of 2022 Powells Author Events Oregon Battle of the Books Audio Books Visit Our Stores Powells Books 14 Gift Ideas From 14 of Our Favorite Authors 0 comment Every year Powells reaches out to some of our favorite authors for some muchneeded giftgiving inspiration Below are 14 writerapproved recommendations to help you find the perfect book for even your mostdifficulttobuyfor loved one Read More  Powells Staff Best Books of 2022 Fiction 1 comment Kelsey Ford 6 Haunting Native American Horror Books 1 comment 1 LOCOK 1 LOCOK LOCCancel 1 LOCOK LOCCancel You Had Me at Hola by Alexis Daria Comment on this title Synopses  Reviews ISBN13 9780062959928 ISBN10 0062959921 Condition Standard All Product Details View Larger Image View Larger Images 1095 List Price 1599 Used Trade Paperback Ships in 1 to 3 days Qty Store 4 Cedar Hills 1 Hawthorne Synopses  Reviews Publisher Comments Leading Ladies do not end up on tabloid covers After a messy public breakup soap opera darling Jasmine Lin\nRodriguez finds her face splashed across the tabloids When she returns\nto her hometown of New York City to film the starring role in a\nbilingual romantic comedy for the number one streaming service in the\ncountry Jasmine figures her new Leading Lady Plan should be easy\nenough to follow  until a casting shakeup pairs her with telenovela\nhunk Ashton Su\u00e1rez Leading Ladies don t need a man to be happy  After his last telenovela character was killed off Ashton is worried\nhis career is dead as well Joining this new cast as a lastminute\naddition will give him the chance to show off his acting chops to\nAmerican audiences and ping the radar of Hollywood casting agents To\nmake it work hell need to generate smokinghot onscreen chemistry\nwith Jasmine Easier said than done especially when a disastrous first\nimpression smothers the embers of whatever sexual heat they might have\nhad Leading Ladies do not rebound with their new costars With their careers on the line Jasmine and Ashton agree to rehearse\nin private But rehearsal leads to kissing and kissing leads to a\nbehindthescenes romance worthy of a soap opera While their onscreen\nperformance improves the media spotlight on Jasmine soon threatens to\ndestroy her new image and expose Ashtons most closely guarded secret Review Sexy compelling and complex  a terrific romance from a rising star of the genre Kirkus Reviews Starred Review Review Daria delivers a sexy\nshowbiz love affair in this steamy romcomA sense of Latinx culture and pride\nexudes from every page elevating an already entertaining story Romance\nfans wont want to miss this Publishers Weekly Review RITA Awardwinning Daria has\ncreated extremely smart and appealing characters and the scenes of\ntheir shooting the show are delicious fun Fans of Susan Elizabeth\nPhilips will enjoy the humor and chemistry Daria whips up Booklist About the Author Alexis Daria is a native New\nYorker and awardwinning author writing stories about successful Latinx\ncharacters and their occasionally messy familias Her debut Take the Lead won the 2018 RITAR Award for Best First Book and was one of the\nBest Romance Novels of 2017 in The Washington Post and Entertainment\nWeekly  Her super powers include spotting celebrities in NYC winning\nBroadway ticket lotteries and livetweeting What Our Readers Are Saying Be the first to share your thoughts on this title Product Details ISBN 9780062959928 Binding Trade Paperback Publication date 08042020 Publisher AVON BOOKS Pages 384 Height 80IN Width 520IN Author Alexis Daria 1095 List Price 1599 Used Trade Paperback Ships in 1 to 3 days Qty Store 4 Cedar Hills 1 Hawthorne More copies of this ISBN New Trade Paperback 1599 This title in other editions Used Trade Paperback 995 1 LOCOK 1 LOCOK LOCCancel 1 LOCOK LOCCancel 1 LOCOK 1 LOCOK LOCCancel 1 LOCOK LOCCancel 1 LOCOK 1 LOCOK LOCCancel 1 LOCOK LOCCancel 1 LOCOK 1 LOCOK LOCCancel 1 LOCOK LOCCancel Help Guarantee My Account Careers About Us Security Wish List Partners Contact Us Shipping Transparency ACT MRF Sitemap  2022 POWELLSCOM Terms 1 LOCOK 1 LOCOK LOCCancel 1 LOCOK LOCCancel 1 LOCOK 1 LOCOK LOCCancel 1 LOCOK LOCCancel 1 LOCOK 1 LOCOK LOCCancel 1 LOCOK LOCCancel 1 LOCOK 1 LOCOK LOCCancel 1 LOCOK LOCCancel",
    "page_rank": 6.016067544233863e-05
}