{
    "Title": " 48 Laws of Power ",
    "Author": "Robert Greene",
    "Cover Page": "https://powells-covers-2.s3.amazonaws.com/9780140280197.jpg",
    "ISBN10": "0140280197  \n",
    "ISBN13": "9780140280197",
    "Page URL": "https://powells.com/book/48-laws-of-power-9780140280197",
    "raw_text": "48 Laws of Power Robert Greene Trade Paperback 9780140280197 Powells Books Cart   my account  wish list  help  8008787323 Hello\n Login MENU Browse New Arrivals Bestsellers Featured Preorders Award Winners Audio Books See All Subjects Used Staff Picks Staff Picks Picks of the Month Bookseller Displays 50 Books for 50 Years 25 Best 21st Century SciFi  Fantasy 25 PNW Books to Read Before You Die 25 Books From the 21st Century 25 Memoirs to Read Before You Die 25 Global Books to Read Before You Die 25 Women to Read Before You Die 25 Books to Read Before You Die Gifts Gift Cards  eGift Cards Powells Souvenirs Journals and Notebooks socks Games Sell Books Blog Events Find A Store Dont Miss BIG SALE 20 off sitewide Picks of the Season What Im Giving Great Gifts Under 25 Best Books of 2022 Powells Author Events Oregon Battle of the Books Audio Books Visit Our Stores Powells Books 14 Gift Ideas From 14 of Our Favorite Authors 0 comment Every year Powells reaches out to some of our favorite authors for some muchneeded giftgiving inspiration Below are 14 writerapproved recommendations to help you find the perfect book for even your mostdifficulttobuyfor loved one Read More  Powells Staff Best Books of 2022 Fiction 1 comment Kelsey Ford 6 Haunting Native American Horror Books 1 comment 1 LOCOK 1 LOCOK LOCCancel 1 LOCOK LOCCancel 48 Laws of Power by Robert Greene Comment on this title Synopses  Reviews ISBN13 9780140280197 ISBN10 0140280197 Condition Standard All Product Details View Larger Image View Larger Images 1795 List Price 2600 Used Trade Paperback Ships in 1 to 3 days Qty Store 2 Burnside 2 Cedar Hills 1 Hawthorne Synopses  Reviews Publisher Comments Before Mastery came The 48 Laws of Power the New York Times bestseller that started it all Amoral cunning ruthless and instructive The 48 Laws of Power is the definitive manual for anyone interested in gaining observing or defending against ultimate control In the book that People magazine proclaimed beguiling and fascinating Robert Greene and Joost Elffers have distilled three thousand years of the history of power into 48 essential laws by drawing from the philosophies of Machiavelli Sun Tzu and Carl Von Clausewitz and also from the lives of figures ranging from Henry Kissinger to PT Barnum Some laws teach the need for prudence Law 1 Never Outshine the Master others teach the value of confidence Law 28 Enter Action with Boldness and many recommend absolute selfpreservation Law 15 Crush Your Enemy Totally Every law though has one thing in common an interest in total domination In a bold and arresting twocolor package The 48 Laws of Power is ideal whether your aim is conquest selfdefense or simply to understand the rules of the game Review This seasons most talked about allpurpose strategy guide and philosophical compendium Newsweek Synopsis Amoral cunning ruthless and instructive this bestselling work distills 3000 years of the history of power into 48 wellexplicated laws As attentiongrabbing in its design as it is in content this bold volume outlines the laws of power in their unvarnished essence synthesizing the philosophies of Machiavelli Suntzu Carl von Clausewitz and other great thinkers Synopsis The New York Times Bestseller Amoral cunning ruthless and instructive The 48 Laws of Power is the definitive manual for anyone interested in gaining observing or defending against ultimate control In the book that People magazine proclaimed beguiling and fascinating Robert Greene and Joost Elffers have distilled three thousand years of the history of power into 48 essential laws by drawing from the philosophies of Machiavelli Sun Tzu and Carl Von Clausewitz and also from the lives of figures ranging from Henry Kissinger to PT Barnum Some laws teach the need for prudence Law 1 Never Outshine the Master others teach the value of confidence Law 28 Enter Action with Boldness and many recommend absolute selfpreservation Law 15 Crush Your Enemy Totally Every law though has one thing in common an interest in total domination In a bold and arresting twocolor package The 48 Laws of Power is ideal whether your aim is conquest selfdefense or simply to understand the rules of the game Synopsis Amoral cunning ruthless and instructive this piercing work distills three thousand years of the history of power in to fortyeight well explicated laws As attentiongrabbing in its design as it is in its content this bold volume outlines the laws of power in their unvarnished essence synthesizing the philosophies of Machiavelli Suntzu Carl von Clausewitz and other great thinkers Some laws teach the need for prudence Law 1 Never Outshine the Master the virtue of stealth Law 3 Conceal Your Intentions and many demand the total absence of mercy Law 15 Crush Your Enemy Totally but like it or not all have applications in real life Illustrated through the tactics of Queen Elizabeth I Henry Kissinger P T Barnum and other famous figures who have wielded  or been victimized by  power these laws will fascinate any reader interested in gaining observing or defending against ultimate control Synopsis Amoral cunning ruthless and instructive this piercing work by the bestselling author of The 33 Strategies of War and Mastery distills 3000 years of the history of power in to 48 wellexplicated laws As attentiongrabbing in its design as it is in its content this bold volume outlines the laws of power in their unvarnished essence synthesizing the philosophies of Machiavelli Suntzu Carl von Clausewitz  and other great thinkers Some laws teach the need for prudence Law 1 Never Outshine the Master the virtue of stealth Law 3 Conceal Your Intentions and many demand the total absence of mercy Law 15 Crush Your Enemy Totally but like it or not all have applications in real life Illustrated through the tactics of Queen Elizabeth I Henry Kissinger P T Barnum  and other famous figures who have wieldedor been victimized bypower these laws will fascinate any reader interested in gaining observing or defending against ultimate control Also look out for Robert Greenes latest book Mastery  and discover just what it takes to be great About the Author Robert Greene has a degree in classical studies and is the author of several bestselling books including The 48 Laws of Power The 33 Strategies of War  The Art of Seduction  and Mastery  He lives in Los Angeles Joost Elffers is the packaging genius behind Viking Studios Secret Language series Play with Your Food  and How Are You Peeling  He lives in New York City Table of Contents Preface Law 1 Never outshine the master Always make those above you feel comfortably superior In your desire to please or impress them do not go too far in displaying your talents or you might accomplish the oppositeinspire fear and insecurity Make your masters appear more brilliant than they are and you will attain the heights of power Law 2 Never put too much trust in friends learn how to use enemies Be wary of friendsthey will betray you more quickly for they are easily aroused to envy They also become spoiled and tyrranical But hire a former enemy and he will be more loyal than a friend because he has more to prove In fact you have more to fear from friends than from enemies If you have no enemies find a way to make them Law 3 Conceal your intentions Keep people offbalance and in the dark by never revealing the purpose behind your actions If they have no clue what you are up to they cannot prepare a defense Guide them far enough down the wrong path envelop them in enough smoke and by the time they realize your intentions it will be too late Law 4 Always say less than necessary When you are trying to impress people with words the more you say the more common you appear and the less in control Even if you are saying something banal it will seem original if you make it vague openended and sphinxlike Powerful people impress and intimidate by saying less The more you say the more likely you are to say something foolish Law 5 So much depends on reputationguard it with your life Reputation is the cornerstone of power Through reputation alone you can intimidate and win once it slips however you are vulnerable and will be attacked on all sides Make your reputation unassailable Always be alert to potential attacks and thwart them before they happen Meanwhile learn to destroy your enemies by opening holes in their own reputations Then stand aside and let public opinion hang them Law 6 Court attention at all cost Everything is judged by its appearance what is unseen counts for nothing Never let yourself get lost in the crowd then or buried in oblivion Stand out Be conspicuous at all cost Make yourself a magnet of attention by appearing larger more colorful more mysterious than the bland and timid masses Law 7 Get others to do the work for you but always take the credit Use the wisdom knowledge and legwork of other people to further your own cause Not only will such assistance save you valuable time and energy it will give you a godlike aura of efficiency and speed In the end your helpers will be forgotten and you will be remembered Never do yourself what others can do for you Law 8 Make other people come to youuse bait if necessary When you force the other person to act you are the one in control It is always better to make your opponent come to you abandoning his own plans in the process Lure him with fabulous gainsthen attack You hold the cards Law 9 Win through your actions never through an argument Any momentary triumph you think you have gained through argument is really a Pyrrhic victory The resentment and ill will you stire up is stronger and lasts longer than any momentary change of opinion It is much more powerful to get others to agree with you through your actions without saying a word Demonstrate do not explicate Law 10 Infection Avoid the unhappy and unlucky You can die from someone elses miseryemotional states are as infectious as diseases You may feel you are helping the drowning man but you are only precipitating your own disaster The unfortunate sometimes draw misfortune on themselves they will also draw it on you Associate with the happy and fortunate instead Law 11 Learn to keep people dependent on you To maintain your independence you must always be needed and wanted The more you are relied on the more freedom you have Make people depend on you for their happiness and prosperity and you have nothing to fear Never teach them enough so that they can do without you Law 12 Use selective honesty and generosity to disarm your victim One sincere and honest move will cover over dozens of dishonest ones Openhearted gestures of honesty and generosity bring down the guard of even the most suspicious people Once your selective honesty opens a hole in their armor you can deceive and manipulate them at will A timely gifta Trojan horsewill serve the same purpose Law 13 When asking for help appeal to peoples selfinterest never to their mercy or gratitude If you need to turn to an ally for help do not bother to remind him of your past assistance and good deeds He will find a way to ignore you Instead uncover something in your request or in your alliance with him that will benefit him and emphasize it out of all proportion He will respond enthusiastically when he sees something to be gained for himself Law 14 Pose as a friend work as a spy Knowing about your rival is critical Use spies to gather valuable information that will keep you a step ahead Better still Play the spy yourself In polite social encounters learn to probe Ask indirect questions to get people to reveal their weaknesses and intentions There is no occasion that is not an opportunity for artful spying Law 15 Crush your enemy totally All great leaders since Moses have known that a feared enemy must be crushed completely Sometimes they have learned this the hard way If one ember is lefta light no matter how dimly it smolders a fire will eventually break out More is lost through stopping halfway than through total annihilation The enemy will recover and will seek revenge Crush him not only in body but in spirit Law 16 Use absence to increase respect and honor Too much circulation makes the price go down The more you are seen and heard from the more common you appear If you are already established in a group temporary withdrawal from it will make you more talked about even more admired You must learn when to leave Create value through scarcity Law 17 Keep others in suspended terror Cultivate an air of unpredictability Humans are creatures of habit with an insatiable need to see familiarity in other peoples actions Your predictability gives them a sense of control Turn the tables Be deliberately unpredictable Behavior that seems to have no consistency or purpose will keep them offbalance and they will wear themselves out trying to explain your moves Taken to an extreme this strategy can intimidate and terrorize Law 18 Do not build fortresses to protect yourselfisolation is dangerous The world is dangerous and enemies are everywhereeveryone has to protect themselves A fortress seems the safest But isolation exposes you to more dangers than it protects you fromit cuts you off from valuable information it makes you conspicuous and an easy target Better to circulate among people find allies mingle You are shielded from your enemies by the crowd Law 19 Know who youre dealing withdo not offend the wrong person There are many different kinds of people in the world and you can never assume that everyone will react to your strategies in the same way Deceive or outmanuever some people and they will spend the rest of their lives seeking revenge They are wolves in lambs clothing Choose your victims and opponents carefully thennever offend or deceive the wrong person Law 20 Do not commit to anyone It is the fool who always rushes to take sides Do not commit to any side or cause but yourself By maintaining your independence you become the master of othersplaying people against one another making them pursue you Law 21 Play a sucker to catch a suckerseem dumber than your mark No one likes feeling stupider than the next person The trick then is to make your victims feel smartand not just smart but smarter than you are Once convinced of this they will never suspect that you may have ulterior motives Law 22 Use the surrender tactic transform weakness into power When you are weaker never fight for honors sake choose surrender instead Surrender gives you time to recover time to torment and irritate your conqueror time to wait for his power to wane Do not give him the satisfaction of fighting and defeating yousurrender first By turning the other cheek you infuriate and unsettle him Make surrender a tool of power Law 23 Concentrate your forces Conserve your forces and energies by keeping them concentrated at their strongest point You gain more by finding a rich mine and mining it deeper than by flitting from one shallow mine to anotherintensity defeats extensity every time When looking for sources of power to elevate you find the one key patron the fat cow who will give you milk for a long time to come Law 24 Play the perfect courtier The perfect courtier thrives in a wholrd where everything revolves around power and political dexterity He has mastered the art of indirection he flatters yields to superiors and asserts power over others in the most oblique and graceful manner Learn and apply the laws of courtiership and there will be no limit to how far you can rise in the court Law 25 Recreate yourself Do not accept the roles that society foists on you Recreate yourself by forging a new identity one that commands attention and never bores the audience Be the master of your own image rather than letting others define it for you Incorporate dramatic devices into your public gestures and actionsyour power will be enhanced and your character will seem larger than life Law 26 Keep your hands clean You must seem a paragon of civility and efficiency Your hands are never soiled by mistakes and nasty deeds Maintain such a spotless appearance by using others as scapegoats and catspaws to disguise your involvement Law 27 Play on peoples need to believe to create a cultlike following People have an overwhelming desire to believe in something Become the focal point of such desire by offering them a cause a new faith to follow Keep your words vague but full of promise emphasize enthusiasm over rationality and clear thinking Give your new disciples rituals to perform ask them to make sacrifices on your behalf In the absence of organized religion and grand causes your new belief system will bring you untold power Law 28 Enter action with boldness If you are unsure of a course of action do not attempt it Your doubts and hesitations will infect your execution Timidity is dangerous Better to enter with boldness Any mistakes you commit through audacity are easily correctd with more audacity Everyone admires the bold no one honors the timid Law 29 Plan all the way to the end The ending is everything Plan all the way to it taking into account all the possible consequences obstacles and twists of fortune that might reverse your hard work and give the glory to others By planning to the end you will not be overwhelmed by circumstances and you will know when to stop Gently guide fortune and help determine the future by thinking far ahead Law 30 Make your accomplishments seem effortless Your actions must seem natural and executed with ease All the toil and practice that go into them and also all the clever tricks must be concealed When you act act effortlessly as if you could do much more Avoid the temptation of revealing how hard you workit only raises questions Teach no one your tricks or they will be used against you Law 31 Control the options Get others to play with the cards you deal The best deceptions are the ones that seem to give the other person a choice Your victims feel they are in control but are actually your puppets Give people options that come out in your favor whichever one they choose Force them to make choices between the lesser of two evils both of which serve your purpose Put them on the horns of a dilemma They are gored wherever they turn Law 32 Play to peoples fantasies The truth is often avoided because it is ugly and unpleasant Never appeal to truth and reality unless you are prepared for the anger that comes from disenchantment Life is so harsh and distressing that people who can manufacture romance or conjure up fantasy are like oases in the desert Everyone flocks to them There is great power in tapping into the fantasies of the masses Law 33 Discover each mans thumbscrew Everyone has a weakness a gap in the castle wall That weakness is usually an insecurity an uncontrollable emotion or need it can also be a small secret pleasure Either way once found it is a thumbscrew you can turn to your advantage Law 34 Be royal in your own fashion Act like a king to be treated like one The way you carry yourself will often determine how you are treated In the long run appearing vulgar or common will make people disrespect you For a king respects himself and inspires the same sentiment in others By acting regally and confident of your powers you make yourself seem destined to wear a crown Law 35 Master the art of timing Never seem to be in a hurryhurrying betrays a lack of control over yourself and over time Always seem patient as if you know that everything will come to you eventually Become a detective of the right moment sniff out the spirit of the times the trends that will carry you to power Learn to stand back when the time is not yet ripe and to strike fiercely when it has reached fruition Law 36 Disdain things you cannot have Ignoring them is the best revenge By acknowledging a petty problem you give it existence and credibility The more attention you pay an enemy the stronger you make him and a small mistake is often made worse and more visible when you try to fix it It is sometimes best to leave things alone If there is something you want but cannot have show contempt for it The less interest you reveal the more superior you seem Law 37 Create compelling spectacles Striking imagery and grand symbolic gestures create the aura of powereveryone responds to them Stage spectacles for those around you then full of arresting visuals and radiant symbols that heighten your presence Dazzled by appearances no one will notice what you are really doing Law 38 Think as you like but behave like others If you make a show of going against the times flaunting your unconventional ideas and unorthodox ways people will think that you only want attention and that you look down upon them They will find a way to punish you for making them feel inferior It is far safer to blend in and nurture the common touch Share your originality only with tolerant friends and those who are sure to appreciate your uniqueness Law 39 Stir up waters to catch fish Anger and emotion are strategically counterproductive You must always stay calm and objective But if you can make your enemies angry while staying calm yourself you gain a decided advantage Put your enemies offbalance Find the chink in their vanity through which you can rattle them and you hold the strings Law 40 Despise the free lunch What is offered for free is dangerousit usually involves either a trick or a hidden obligation What has worth is worth paying for By paying your own way you stay clear of gratitude guilt and deceit It is also often wise to pay the full pricethere is no cutting corners with excellence Be lavish with your money and keep it circulating for generosity is a sign and a magnet for power Law 41 Avoid stepping into a great mans shoes What happens first always appears better and more original than what comes after If you succeed a great man or have a famous parent you will have to accomplish double their achievements to outshine them Do not get lost in their shadow or stuck in a past not of your own making Establish your own name and identity by changing course Slay the overbearing father disparage his legacy and gain power by shining in your own way Law 42 Strike the shepherd and the sheep will scatter Trouble can often be traced to a single strong individualthe stirrer the arrogant underling the poisoner of goodwill If you allow such people room to operate others will succumb to their influence Do not wait for the troubles they cause to multiply do not try to negotiate with themthey are irredeemable Neutralize their influence by isolating or banishing them Strike at the source of the trouble and the sheep will scatter Law 43 Work on the hearts and minds of others Coercion creates a reaction that will eventually work against you You must seduce others into wanting to move in your direction A person you have seduced becomes your loyal pawn And the way to seduce others is to operate on their individual psychologies and weaknesses Soften up the resistant by working on their emotions playing on what they hold dear and what they fear Ignore the hearts and minds of others and they will grow to hate you Law 44 Disarm and infuriate with the mirror effect The mirror reflects reality but it is also the perfect tool for deception When you mirror your enemies doing exactly as they do they cannot figure out your strategy The Mirror Effect mocks and humiliates them making them overreact By holding up a mirror to their psyches you seduce them with the illusion that you share their values by holding up a mirror to their actions you teach them a lesson Few can resist the power of the Mirror Effect Law 45 Preach the need for change but never reform too much at once Everyone understands the need for change in the abstract but on the daytoday level people are creatures of habit Too much innovation is traumatic and will lead to revolt If you are new to a position of power or an outsider trying to build a power base make a show of respecting the old way of doing things If change is necessary make it feel like a gentle improvement on the past Law 46 Never appear too perfect Appearing better than others is always dangerous but most dangerous of all is to appear to have no faults or weaknesses Envy creates silent enemies It is smart to occasionally display defects and admit to harmless vices in order to deflect envy and appear more human and approachable Only gods and the dead can seem perfect with impunity Law 47 Do not go past the mark you aimed for In victory learn when to stop The moment of victory is often the moment of greatest peril In the heat of victory arrogance and overconfidence can push you past the goal you had aimed for and by going too far you make more enemies than you defeat Do not allow success to go to your head There is no substitute for strategy and careful planning Set a goal and when you reach it stop Law 48 Assume formlessness By taking a shape by having a visible plan you open yourself to attack Instead of taking a form for your enemy to grasp keep yourself adaptable and on the move Accept the fact that nothing is certain and no law is fixed The best way to protect yourself is to be as fluid and formless as water never bet on stability or lasting order Everything changes Selected Bibliography Index 5 3 What Our Readers Are Saying Share your thoughts on this title Average customer rating 5 3 comments  emanuelmccray  January 19 2011 Excellent Delightfully cunning This book can be extremely useful for workers making 855 per hour who desire to rise in Power Defend yourself against your team mates and the HR Department The uses are limitless Little guy Get the upper hand by reading then applying this book Good luck Emanuel Was this comment helpful  Yes  No 1 of 3 readers found this comment helpful report this\ncomment  seh_her2003  December 15 2006 I read this book and after that I thought this is the worst better knowledge I adquired I say that becouse in this book we can learn how people think and do to win in the life It gives us tools very usefulls to our life to survive and to be smartest You will recognice some people you knew in your all life and understand why things works and does not workThis book is my manual my guide when I find myself in troubles normaly I find some tool that help me to solv or start to solv the problem with people andor situations Was this comment helpful  Yes  No 14 of 22 readers found this comment helpful report this\ncomment  olufemi  September 28 2006 Although i only read the review and the first chapter i found it a must for every young focused and determined person who is ready to bear the cost of leadership both in the business world and politics aA must reada In fact i will love it if it could be made a must read for all student in all tertiary institution worldwide this world would definately be on is way to being a better place for all to live in Was this comment helpful  Yes  No 13 of 28 readers found this comment helpful report this\ncomment Product Details ISBN 9780140280197 Binding Trade Paperback Publication date 09012000 Publisher PENGUIN PUTNAM TRADE Pages 496 Height 130IN Width 640IN Thickness 125 Number of Units 1 Copyright Year 2000 Series Volume 106794 UPC Code 2800140280199 Author Joost Elffers Author Robert Greene 1795 List Price 2600 Used Trade Paperback Ships in 1 to 3 days Qty Store 2 Burnside 2 Cedar Hills 1 Hawthorne More copies of this ISBN New Trade Paperback 2600 This title in other editions Used Compact Disc 1395 1 LOCOK 1 LOCOK LOCCancel 1 LOCOK LOCCancel 1 LOCOK 1 LOCOK LOCCancel 1 LOCOK LOCCancel 1 LOCOK 1 LOCOK LOCCancel 1 LOCOK LOCCancel 1 LOCOK 1 LOCOK LOCCancel 1 LOCOK LOCCancel Help Guarantee My Account Careers About Us Security Wish List Partners Contact Us Shipping Transparency ACT MRF Sitemap  2022 POWELLSCOM Terms 1 LOCOK 1 LOCOK LOCCancel 1 LOCOK LOCCancel 1 LOCOK 1 LOCOK LOCCancel 1 LOCOK LOCCancel 1 LOCOK 1 LOCOK LOCCancel 1 LOCOK LOCCancel 1 LOCOK 1 LOCOK LOCCancel 1 LOCOK LOCCancel",
    "page_rank": 0.0001435215020230015
}