{
    "Title": " Intelligent Investor Revised Edition ",
    "Author": "Benjamin Graham, Jason Zweig",
    "Cover Page": "https://powells-covers-2.s3.amazonaws.com/9780060555665.jpg",
    "ISBN10": "0060555661  \n",
    "ISBN13": "9780060555665",
    "Page URL": "https://powells.com/book/intelligent-investor-revised-edition-9780060555665",
    "raw_text": "Intelligent Investor Revised Edition Benjamin Graham Jason Zweig Trade Paperback 9780060555665 Powells Books Cart   my account  wish list  help  8008787323 Hello\n Login MENU Browse New Arrivals Bestsellers Featured Preorders Award Winners Audio Books See All Subjects Used Staff Picks Staff Picks Picks of the Month Bookseller Displays 50 Books for 50 Years 25 Best 21st Century SciFi  Fantasy 25 PNW Books to Read Before You Die 25 Books From the 21st Century 25 Memoirs to Read Before You Die 25 Global Books to Read Before You Die 25 Women to Read Before You Die 25 Books to Read Before You Die Gifts Gift Cards  eGift Cards Powells Souvenirs Journals and Notebooks socks Games Sell Books Blog Events Find A Store Dont Miss BIG SALE 20 off sitewide Picks of the Season What Im Giving Great Gifts Under 25 Best Books of 2022 Powells Author Events Oregon Battle of the Books Audio Books Visit Our Stores Powells Books 14 Gift Ideas From 14 of Our Favorite Authors 0 comment Every year Powells reaches out to some of our favorite authors for some muchneeded giftgiving inspiration Below are 14 writerapproved recommendations to help you find the perfect book for even your mostdifficulttobuyfor loved one Read More  Powells Staff Best Books of 2022 Fiction 1 comment Kelsey Ford 6 Haunting Native American Horror Books 1 comment 1 LOCOK 1 LOCOK LOCCancel 1 LOCOK LOCCancel Intelligent Investor Revised Edition by Benjamin Graham Jason Zweig Comment on this title Synopses  Reviews ISBN13 9780060555665 ISBN10 0060555661 Condition Standard All Product Details View Larger Image View Larger Images 1495 List Price 2499 Used Trade Paperback Ships in 1 to 3 days Qty Store 20 Local Warehouse Synopses  Reviews Publisher Comments More than one million hardcovers sold Now available for the first time in paperback The Classic Text Annotated to Update Grahams Timeless Wisdom for Todays Market Conditions The greatest investment advisor of the twentieth century Benjamin Graham taught and inspired people worldwide Grahams philosophy of value investing  which shields investors from substantial error and teaches them to develop longterm strategies  has made The Intelligent Investor the stock market bible ever since its original publication in 1949 Over the years market developments have proven the wisdom of Grahams strategies While preserving the integrity of Grahams original text this revised edition includes updated commentary by noted financial journalist Jason Zweig whose perspective incorporates the realities of todays market draws parallels between Grahams examples and todays financial headlines and gives readers a more thorough understanding of how to apply Grahams principles Vital and indispensable this HarperBusiness Essentials edition of The Intelligent Investor is the most important book you will ever read on how to reach your financial goals Review By far the best book on investing ever written Warren Buffett Review If you read just one book on investing during your lifetime make it this one Fortune Review The wider Mr Grahams gospel spreads the more fairly the market will deal with its public Barrons Synopsis Benjamin Grahams The Intelligent Investor has taught and inspired people worldwide Since its original publication in 1949 It has endured as the most respected investment guide due to Grahams timeless philosophy of value investing Grahams approach protects investors against the possibility of substantial error and teaches them to develop their own longterm investment strategies with which they will be comfortable down the road Over the years market developments have borne out the wisdom of The Intelligent Investor Featuring new chapter updates  which append every chapter of Grahams book leaving his original text untouched  from noted financial journalist Jason Zweig this HarperBusiness Essentials edition offers readers an even clearer understanding of Grahams wisdom as it should be applied today Synopsis Since its original publication in 1949 Grahams book has remained the most respected guide to investing due to his timeless philosophy of value investing Here he outlines the principles of stock selection for both the defensive and the enterprising investor and stresses the advantages of a simple portfolio policy Special features are the use of numerous comparisons of pairs of common stocks to bring out their elements of strength and weakness and the construction of investment portfolios designed to meet specific requirements of quality and price attractiveness By far the best book on investing ever written Warren E Buffett Fully conveys the basic principles of Grahams enormously successfulapproach Money Barrons Synopsis By far the best book on investing ever written  Warren Buffett The greatest investment advisor of the twentieth century Benjamin Graham taught and inspired people worldwide Grahams philosophy of value investingwhich shields investors from substantial error and teaches them to develop longterm strategieshas made The Intelligent Investor the stock market bible ever since its original publication in 1949 Over the years market developments have proven the wisdom of Grahams strategies While preserving the integrity of Grahams original text this revised edition includes updated commentary by noted financial journalist Jason Zweig whose perspective incorporates the realities of todays market draws parallels between Grahams examples and todays financial headlines and gives readers a more thorough understanding of how to apply Grahams principles Vital and indispensable The Intelligent Investor is the most important book you will ever read on how to reach your financial goals Warren Buffett Synopsis The classic text of Benjamin Grahams seminal The Intelligent Investor has now been revised and annotated to update the timeless wisdom for todays market conditions The greatest investment advisor of the twentieth century Benjamin Graham taught and inspired people worldwide Grahams philosophy of value investingwhich shields investors from substantial error and teaches them to develop longterm strategieshas made The Intelligent Investor the stock market bible ever since its original publication in 1949 Over the years market developments have proven the wisdom of Grahams strategies While preserving the integrity of Grahams original text this revised edition includes updated commentary by noted financial journalist Jason Zweig whose perspective incorporates the realities of todays market draws parallels between Grahams examples and todays financial headlines and gives readers a more thorough understanding of how to apply Grahams principles Vital and indispensable this revised edition of The Intelligent Investor is the most important book you will ever read on how to reach your financial goals Synopsis By far the best book on investing ever written  Warren Buffett The classic text of Benjamin Grahams seminal The Intelligent Investor has now been revised and annotated to update the timeless wisdom for todays market conditions The greatest investment advisor of the twentieth century Benjamin Graham taught and inspired people worldwide Grahams philosophy of value investingwhich shields investors from substantial error and teaches them to develop longterm strategieshas made The Intelligent Investor the stock market bible ever since its original publication in 1949 Over the years market developments have proven the wisdom of Grahams strategies While preserving the integrity of Grahams original text this revised edition includes updated commentary by noted financial journalist Jason Zweig whose perspective incorporates the realities of todays market draws parallels between Grahams examples and todays financial headlines and gives readers a more thorough understanding of how to apply Grahams principles Vital and indispensable this revised edition of The Intelligent Investor is the most important book you will ever read on how to reach your financial goals About the Author Benjamin Graham 18941976 the father of value investing has been an inspiration for many of todays most successful businesspeople He is also the author of Securities Analysis and The Interpretation of Financial Statements  What Our Readers Are Saying Be the first to share your thoughts on this title Product Details ISBN 9780060555665 Binding Trade Paperback Publication date 02212006 Publisher HARPERCOLLINS PUBLISHERS Series info Collins Business Essentials Pages 640 Height 160IN Width 530IN Thickness 175 Series Collins Business Essentials Number of Units 1 Illustration Yes Copyright Year 2006 Series Volume 41851 UPC Code 2800060555667 Author Benjamin Graham Author Jason Zweig Author Jason Zweig Author Jason Zweig Author Benjamin Graham Subject Securities Subject Investments 1495 List Price 2499 Used Trade Paperback Ships in 1 to 3 days Qty Store 20 Local Warehouse More copies of this ISBN New Trade Paperback 2599 Used Trade Paperback Starting from 1250 1 LOCOK 1 LOCOK LOCCancel 1 LOCOK LOCCancel 1 LOCOK 1 LOCOK LOCCancel 1 LOCOK LOCCancel 1 LOCOK 1 LOCOK LOCCancel 1 LOCOK LOCCancel 1 LOCOK 1 LOCOK LOCCancel 1 LOCOK LOCCancel Help Guarantee My Account Careers About Us Security Wish List Partners Contact Us Shipping Transparency ACT MRF Sitemap  2022 POWELLSCOM Terms 1 LOCOK 1 LOCOK LOCCancel 1 LOCOK LOCCancel 1 LOCOK 1 LOCOK LOCCancel 1 LOCOK LOCCancel 1 LOCOK 1 LOCOK LOCCancel 1 LOCOK LOCCancel 1 LOCOK 1 LOCOK LOCCancel 1 LOCOK LOCCancel",
    "page_rank": 2.4213189485707493e-05
}