{
    "Title": " Kittens First Full Moon Board Book ",
    "Author": "Kevin Henkes",
    "Cover Page": "https://covers.powells.com/9780062417107.jpg",
    "ISBN10": "006241710X  \n",
    "ISBN13": "9780062417107",
    "Page URL": "https://powells.com/book/kittens-first-full-moon-board-book-9780062417107",
    "raw_text": "Kittens First Full Moon Board Book Kevin Henkes Board Book 9780062417107 Powells Books Cart   my account  wish list  help  8008787323 Hello\n Login MENU Browse New Arrivals Bestsellers Featured Preorders Award Winners Audio Books See All Subjects Used Staff Picks Staff Picks Picks of the Month Bookseller Displays 50 Books for 50 Years 25 Best 21st Century SciFi  Fantasy 25 PNW Books to Read Before You Die 25 Books From the 21st Century 25 Memoirs to Read Before You Die 25 Global Books to Read Before You Die 25 Women to Read Before You Die 25 Books to Read Before You Die Gifts Gift Cards  eGift Cards Powells Souvenirs Journals and Notebooks socks Games Sell Books Blog Events Find A Store Dont Miss BIG SALE 20 off sitewide Picks of the Season What Im Giving Great Gifts Under 25 Best Books of 2022 Powells Author Events Oregon Battle of the Books Audio Books Visit Our Stores Powells Books 14 Gift Ideas From 14 of Our Favorite Authors 0 comment Every year Powells reaches out to some of our favorite authors for some muchneeded giftgiving inspiration Below are 14 writerapproved recommendations to help you find the perfect book for even your mostdifficulttobuyfor loved one Read More  Powells Staff Best Books of 2022 Fiction 1 comment Kelsey Ford 6 Haunting Native American Horror Books 1 comment 1 LOCOK 1 LOCOK LOCCancel 1 LOCOK LOCCancel Kittens First Full Moon Board Book by Kevin Henkes Comment on this title Synopses  Reviews ISBN13 9780062417107 ISBN10 006241710X Condition Standard All Product Details View Larger Image View Larger Images 650 List Price 899 Used Board Book Ships in 1 to 3 days Qty Store 3 Burnside 2 Cedar Hills 12 Local Warehouse Synopses  Reviews Publisher Comments Somebody loves Kitten and you will too Winner of the Caldecott Medal A New York Times Best Illustrated Book Winner of the Charlotte Zolotow Award Synopsis Kevin Henkess acclaimed national bestseller about a kitten the moon and a bowl of milk was awarded the Caldecott Medal and was a New York Times Best Illustrated Book This sturdy board book edition is perfect for little hands Kittens First Full Moon is an acclaimed modern classic from one of the most celebrated and beloved picture book creators working in the field today This memorable character and her suspenseful adventure are just right for the very youngest child It is Kittens first full moon and when she sees it she thinks it is a bowl of milk in the sky And she wants it Does she get it Well no    and yes What a night A concise story large type and luminescent pictures play second fiddle to the true star of this book a brave young kitten who sets out into the world on a quest that leaves her bruised bewildered and hungry but that ultimately leads her back home where something special is waiting just for her This perfectly sized board book edition introduces Kitten to a new generation of the youngest readers Winner of the Caldecott Medal an ALA Notable Book a New York Times Best Illustrated Book and winner of the Charlotte Zolotow Award Correlates to the Common Core State Standards in English Language Arts About the Author Kevin Henkes is the author of Junonia  Sun  Spoon  Bird Lake Moon  and the Newbery Honor Books The Year of Billy Miller and Olives Ocean  He also writes and illustrates picture books and among his many titles are the national bestsellers Little White Rabbit  My Garden  Old Bear  A Good Day  and Kittens First Full Moon  for which he was awarded the Caldecott Medal Mr Henkes is also the creator of a series of books starring mouse characters including the Penny books for beginning readers Lillys Purple Plastic Purse  Chrysanthemum  and Owen  for which he was awarded a Caldecott Honor Kevin Henkes lives with his family in Madison Wisconsin Kevin Henkes is the author of Junonia  Sun  Spoon  Bird Lake Moon  and the Newbery Honor Books The Year of Billy Miller and Olives Ocean  He also writes and illustrates picture books and among his many titles are the national bestsellers Little White Rabbit  My Garden  Old Bear  A Good Day  and Kittens First Full Moon  for which he was awarded the Caldecott Medal Mr Henkes is also the creator of a series of books starring mouse characters including the Penny books for beginning readers Lillys Purple Plastic Purse  Chrysanthemum  and Owen  for which he was awarded a Caldecott Honor Kevin Henkes lives with his family in Madison Wisconsin What Our Readers Are Saying Be the first to share your thoughts on this title Product Details ISBN 9780062417107 Binding Board Book Publication date 09152015 Publisher Greenwillow Books Pages 34 Height 90IN Width 720IN Thickness 75 Age Range to 4 Grade Range P to P Illustration Yes Author Kevin Henkes Author Kevin Henkes Subject Children s Young AdultSocial Issue Fiction 650 List Price 899 Used Board Book Ships in 1 to 3 days Qty Store 3 Burnside 2 Cedar Hills 12 Local Warehouse More copies of this ISBN New Board Book 899 1 LOCOK 1 LOCOK LOCCancel 1 LOCOK LOCCancel 1 LOCOK 1 LOCOK LOCCancel 1 LOCOK LOCCancel 1 LOCOK 1 LOCOK LOCCancel 1 LOCOK LOCCancel 1 LOCOK 1 LOCOK LOCCancel 1 LOCOK LOCCancel Help Guarantee My Account Careers About Us Security Wish List Partners Contact Us Shipping Transparency ACT MRF Sitemap  2022 POWELLSCOM Terms 1 LOCOK 1 LOCOK LOCCancel 1 LOCOK LOCCancel 1 LOCOK 1 LOCOK LOCCancel 1 LOCOK LOCCancel 1 LOCOK 1 LOCOK LOCCancel 1 LOCOK LOCCancel 1 LOCOK 1 LOCOK LOCCancel 1 LOCOK LOCCancel",
    "page_rank": 3.5383582654505545e-05
}