{
    "Title": " Fck It Diet Eating Should Be Easy ",
    "Author": "Caroline Dooner",
    "Cover Page": "https://powells-covers-2.s3.amazonaws.com/9780062883612.jpg",
    "ISBN10": "0062883615  \n",
    "ISBN13": "9780062883612",
    "Page URL": "https://powells.com/book/fck-it-diet-eating-should-be-easy-9780062883612",
    "raw_text": "Fck It Diet Eating Should Be Easy Caroline Dooner Hardcover 9780062883612 Powells Books Cart   my account  wish list  help  8008787323 Hello\n Login MENU Browse New Arrivals Bestsellers Featured Preorders Award Winners Audio Books See All Subjects Used Staff Picks Staff Picks Picks of the Month Bookseller Displays 50 Books for 50 Years 25 Best 21st Century SciFi  Fantasy 25 PNW Books to Read Before You Die 25 Books From the 21st Century 25 Memoirs to Read Before You Die 25 Global Books to Read Before You Die 25 Women to Read Before You Die 25 Books to Read Before You Die Gifts Gift Cards  eGift Cards Powells Souvenirs Journals and Notebooks socks Games Sell Books Blog Events Find A Store Dont Miss BIG SALE 20 off sitewide Picks of the Season What Im Giving Great Gifts Under 25 Best Books of 2022 Powells Author Events Oregon Battle of the Books Audio Books Visit Our Stores Powells Books 14 Gift Ideas From 14 of Our Favorite Authors 0 comment Every year Powells reaches out to some of our favorite authors for some muchneeded giftgiving inspiration Below are 14 writerapproved recommendations to help you find the perfect book for even your mostdifficulttobuyfor loved one Read More  Powells Staff Best Books of 2022 Fiction 1 comment Kelsey Ford 6 Haunting Native American Horror Books 1 comment 1 LOCOK 1 LOCOK LOCCancel 1 LOCOK LOCCancel Fck It Diet Eating Should Be Easy by Caroline Dooner Comment on this title Synopses  Reviews ISBN13 9780062883612 ISBN10 0062883615 Condition Standard DustJacket Standard All Product Details View Larger Image View Larger Images 1795 List Price 2699 Used Hardcover Ships in 1 to 3 days Qty Store 1 Burnside Staff Pick This book is for every person who is sick of dieting sick of feeling bad about their bodies sick of having a tumultuous relationship with food and eating and ready to kick all that nonsense to the curb Heres to 2020 being the year of the Fck it Diet Recommended By Haley B Powellscom Synopses  Reviews Synopsis  The Fck It Diet is not only hilarious it is scientifically and medically sound A must read for any chronic dieter Christiane Northrup MD New York Times bestselling author of Womens Bodies Womens Wisdom From comedian and exdiet junkie Caroline Dooner an inspirational guide that will help you stop dieting reboot your relationship with food and regain your personal power DIETING DOESNT WORK Not long term In fact our bodies are hardwired against it But each time our diets fail instead of considering that maybe our ridiculously lowcarb diet is the problem we wonder whats wrong with us Why cant we stick to our simple plan of grapefruit and tuna fish Why are we so hungry What is wrong with us We berate ourselves for being lazy and weak double down on our belief that losing weight is the key to our everlasting happiness and resolve to do better tomorrow But its time we called a spade a spade Constantly trying to eat the smallest amount possible is a miserable way to live and it isnt even working  So fuck eating like that In The Fck It Diet  Caroline Dooner tackles the inherent flaws of dieting and diet culture and offers readers a counterintuitively simple path to healing their physical emotional and mental relationship with food Whats the secret antidiet Eat Whatever you want Honor your appetite and listen to your hunger Trust that your body knows what it is doing Oh and dont forget to rest breathe and be kind to yourself while youre at it Once you get yourself out of survival mode it will become easier and easier to eat what your body really needsa healthier relationship with food ultimately leads to a healthier you An exyoyo dieter herself Dooner knows how terrifying it can be to break free of the vicious cycle but with her signature sharp humor and compassion she shows readers that a sustainable easy relationship with food is possible Irreverent and empowering The Fck It Diet is call to arms for anyone who feels guilt or pain over food weight or their body Its time to give up the shame and start thriving Welcome to the Fck It Diet Lets Eat  Alexis Saloutos MS CN What Our Readers Are Saying Be the first to share your thoughts on this title Product Details ISBN 9780062883612 Binding Hardcover Publication date 03262019 Publisher HARPERCOLLINS PUBLISHERS Pages 304 Height 110IN Width 580IN Author Caroline Dooner 1795 List Price 2699 Used Hardcover Ships in 1 to 3 days Qty Store 1 Burnside More copies of this ISBN New Hardcover 2699 Used Hardcover 1850 This title in other editions New Trade Paperback 1799 1 LOCOK 1 LOCOK LOCCancel 1 LOCOK LOCCancel 1 LOCOK 1 LOCOK LOCCancel 1 LOCOK LOCCancel 1 LOCOK 1 LOCOK LOCCancel 1 LOCOK LOCCancel 1 LOCOK 1 LOCOK LOCCancel 1 LOCOK LOCCancel Help Guarantee My Account Careers About Us Security Wish List Partners Contact Us Shipping Transparency ACT MRF Sitemap  2022 POWELLSCOM Terms 1 LOCOK 1 LOCOK LOCCancel 1 LOCOK LOCCancel 1 LOCOK 1 LOCOK LOCCancel 1 LOCOK LOCCancel 1 LOCOK 1 LOCOK LOCCancel 1 LOCOK LOCCancel 1 LOCOK 1 LOCOK LOCCancel 1 LOCOK LOCCancel",
    "page_rank": 3.884761198326101e-05
}