{
    "Title": " Say It Right In Brazilian Portuguese ",
    "Author": "Easily Pronounced La",
    "Cover Page": "https://powells-covers-2.s3.amazonaws.com/9780071492300.jpg",
    "ISBN10": "0071492305  \n",
    "ISBN13": "9780071492300",
    "Page URL": "https://powells.com/book/say-it-right-in-brazilian-portuguese-9780071492300",
    "raw_text": "Say It Right in Brazilian Portuguese  Inc Easily Pronounced Language Systems and Clyde Peters Trade Paperback 9780071492300 Powells Books Cart   my account  wish list  help  8008787323 Hello\n Login MENU Browse New Arrivals Bestsellers Featured Preorders Award Winners Audio Books See All Subjects Used Staff Picks Staff Picks Picks of the Month Bookseller Displays 50 Books for 50 Years 25 Best 21st Century SciFi  Fantasy 25 PNW Books to Read Before You Die 25 Books From the 21st Century 25 Memoirs to Read Before You Die 25 Global Books to Read Before You Die 25 Women to Read Before You Die 25 Books to Read Before You Die Gifts Gift Cards  eGift Cards Powells Souvenirs Journals and Notebooks socks Games Sell Books Blog Events Find A Store Dont Miss BIG SALE 20 off sitewide Picks of the Season What Im Giving Great Gifts Under 25 Best Books of 2022 Powells Author Events Oregon Battle of the Books Audio Books Visit Our Stores Powells Books 14 Gift Ideas From 14 of Our Favorite Authors 0 comment Every year Powells reaches out to some of our favorite authors for some muchneeded giftgiving inspiration Below are 14 writerapproved recommendations to help you find the perfect book for even your mostdifficulttobuyfor loved one Read More  Powells Staff Best Books of 2022 Fiction 1 comment Kelsey Ford 6 Haunting Native American Horror Books 1 comment 1 LOCOK 1 LOCOK LOCCancel 1 LOCOK LOCCancel Say It Right In Brazilian Portuguese by Easily Pronounced La Comment on this title Synopses  Reviews ISBN13 9780071492300 ISBN10 0071492305 All Product Details View Larger Image View Larger Images 1300 New Trade Paperback Available at a Remote Warehouse Ships separately from other items Additional shipping charges may apply Not available for In Store Pickup More Info Qty Store 20 Remote Warehouse Synopses  Reviews Publisher Comments Say farewell to language faux pas forever Based on the revolutionary Easily Pronounced Language Systems approach Say It Right in Brazilian Portuguese makes mastering correct Brazilian Portuguese pronunciation simple Youll learn how to use hundreds of Brazilian Portuguese words and phrases in everyday conversation This amazing guide gives you easytoread vowel symbols that when combined with consonants make pronunciation easy With Say It Right in Brazilian Portuguese you will Learn more than 500 essential Brazilian Portuguese words and phrases Easily create sentences using Phrasemakers Get a quick reference to more than 500 word pronunciations in the Say It Right travel dictionary Synopsis Say farewell to language faux pas forever Based on the revolutionary Easily Pronounced Language Systems approach Say It Right in Brazilian Portuguese makes mastering correct Brazilian Portuguese pronunciation simple Youll learn how to use hundreds of Brazilian Portuguese words and phrases in everyday conversation This amazing guide gives you easytoread vowel symbols that when combined with consonants make pronunciation easy With Say It Right in Brazilian Portuguese you will Learn more than 500 essential Brazilian Portuguese words and phrases Easily create sentences using Phrasemakers Get a quick reference to more than 500 word pronunciations in the Say It Right travel dictionary About the Author Easily Pronounced Language Systems was founded by Betty Chapman and Clyde Peters The EPLS approach is based on an intuitive soundbased pronunciation system and has been extensively fieldtested with nativespeaking teachers and certified language consultants Table of Contents Introduction Pronunciation Guide 1Essential Words and Phrases 2ArrivalDeparture 3Transportation 4Hotel Survival 5Restaurant Survival 6Shopping 7Health 8Dictionary What Our Readers Are Saying Be the first to share your thoughts on this title Product Details ISBN 9780071492300 Binding Trade Paperback Publication date 02012008 Publisher MCGRAW HILL COMPANIES Series info Say It Right Pages 176 Height 40IN Width 450IN Thickness 50 Series Say It Right Number of Units 1 Copyright Year 2008 UPC Code 2800071492302 Author Clyde Peters Author Epls Subject Portuguese language  Pronunciation Subject Foreign LanguagesPortuguese Subject Brazil Subject Portuguese language  Provincialisms  Brazil Subject Portuguese language 1300 New Trade Paperback Available at a Remote Warehouse Ships separately from other items Additional shipping charges may apply Not available for In Store Pickup More Info Qty Store 20 Remote Warehouse Receive an email when this ISBN is available used 1 LOCOK 1 LOCOK LOCCancel 1 LOCOK LOCCancel 1 LOCOK 1 LOCOK LOCCancel 1 LOCOK LOCCancel 1 LOCOK 1 LOCOK LOCCancel 1 LOCOK LOCCancel 1 LOCOK 1 LOCOK LOCCancel 1 LOCOK LOCCancel Help Guarantee My Account Careers About Us Security Wish List Partners Contact Us Shipping Transparency ACT MRF Sitemap  2022 POWELLSCOM Terms 1 LOCOK 1 LOCOK LOCCancel 1 LOCOK LOCCancel 1 LOCOK 1 LOCOK LOCCancel 1 LOCOK LOCCancel 1 LOCOK 1 LOCOK LOCCancel 1 LOCOK LOCCancel 1 LOCOK 1 LOCOK LOCCancel 1 LOCOK LOCCancel",
    "page_rank": 3.9915383614733885e-05
}