{
    "Title": " McGraw-Hill's Chinese Dictionary & Guide to 20,000 Essential Words ",
    "Author": "Quanyu Huang",
    "Cover Page": "https://covers.powells.com/9780071629249.jpg",
    "ISBN10": "0071629246  \n",
    "ISBN13": "9780071629249",
    "Page URL": "https://powells.com/book/mcgraw-hills-chinese-dictionary-guide-to-20000-essential-words-9780071629249",
    "raw_text": "McGrawHills Chinese Dictionary  Guide to 20000 Essential Words  Quanyu Huang and Tong Chen and Kuangyan Huang Hardcover 9780071629249 Powells Books Cart   my account  wish list  help  8008787323 Hello\n Login MENU Browse New Arrivals Bestsellers Featured Preorders Award Winners Audio Books See All Subjects Used Staff Picks Staff Picks Picks of the Month Bookseller Displays 50 Books for 50 Years 25 Best 21st Century SciFi  Fantasy 25 PNW Books to Read Before You Die 25 Books From the 21st Century 25 Memoirs to Read Before You Die 25 Global Books to Read Before You Die 25 Women to Read Before You Die 25 Books to Read Before You Die Gifts Gift Cards  eGift Cards Powells Souvenirs Journals and Notebooks socks Games Sell Books Blog Events Find A Store Dont Miss BIG SALE 20 off sitewide Picks of the Season What Im Giving Great Gifts Under 25 Best Books of 2022 Powells Author Events Oregon Battle of the Books Audio Books Visit Our Stores Powells Books 14 Gift Ideas From 14 of Our Favorite Authors 0 comment Every year Powells reaches out to some of our favorite authors for some muchneeded giftgiving inspiration Below are 14 writerapproved recommendations to help you find the perfect book for even your mostdifficulttobuyfor loved one Read More  Powells Staff Best Books of 2022 Fiction 1 comment Kelsey Ford 6 Haunting Native American Horror Books 1 comment 1 LOCOK 1 LOCOK LOCCancel 1 LOCOK LOCCancel McGrawHills Chinese Dictionary  Guide to 20000 Essential Words by Quanyu Huang Comment on this title Synopses  Reviews ISBN13 9780071629249 ISBN10 0071629246 All Product Details View Larger Image View Larger Images 5500 New Hardcover Available at a Remote Warehouse Ships separately from other items Additional shipping charges may apply Not available for In Store Pickup More Info Qty Store 20 Remote Warehouse Synopses  Reviews Publisher Comments A breakthrough bilingual dictionary that makes finding the right Chinese character a breeze When he surveyed his students author Quanyu Huang found that only two out of 300 used a Chinese dictionary Their main obstacle is how existing dictionaries are organized either a user needs to know the radical of a character how to recognize or count writing strokes or how a character is pronounced In McGraw Hills Chinese Dictionary and Guide to 20000 Essential Words the author overcomes this problem with his unique broken marks method Each character is comprised of different marks separated by a physical space or sharp change of direction at the end of a mark Count these marks and you can locate the Chinese character you need in less than a minute This dictionary and guide will also be a perfect complement to your AP Chinese studies About the Author Quanyu Huang PhD  is the director of the Confucius Institute in Oxford Ohio and a bestselling author in China Table of Contents Introduction How to use this dictionary ChineseEnglish Dictionary Index Broken Marks of Chinese Characters Simplified Index Broken Marks of Chinese Characters Traditional Index Chinese Pinyin Index Chinese Character Radicals Index English Vocabulary What Our Readers Are Saying Be the first to share your thoughts on this title Product Details ISBN 9780071629249 Binding Hardcover Publication date 03122010 Publisher McGrawHill Companies Language English Pages 688 Height 100IN Width 690IN Thickness 100 Number of Units 1 Copyright Year 2010 UPC Code 2800071629241 Author McGraw Hill Author Quanyu Huang Author Kuangyan Huang Author Tong Chen Author Kuangyan Huang Author Quanyu Huang Author Quanyu Huang Author Tong Chen Subject English language  Chinese Subject Foreign LanguagesChinese Subject Chinese language  English 5500 New Hardcover Available at a Remote Warehouse Ships separately from other items Additional shipping charges may apply Not available for In Store Pickup More Info Qty Store 20 Remote Warehouse Receive an email when this ISBN is available used 1 LOCOK 1 LOCOK LOCCancel 1 LOCOK LOCCancel 1 LOCOK 1 LOCOK LOCCancel 1 LOCOK LOCCancel 1 LOCOK 1 LOCOK LOCCancel 1 LOCOK LOCCancel 1 LOCOK 1 LOCOK LOCCancel 1 LOCOK LOCCancel Help Guarantee My Account Careers About Us Security Wish List Partners Contact Us Shipping Transparency ACT MRF Sitemap  2022 POWELLSCOM Terms 1 LOCOK 1 LOCOK LOCCancel 1 LOCOK LOCCancel 1 LOCOK 1 LOCOK LOCCancel 1 LOCOK LOCCancel 1 LOCOK 1 LOCOK LOCCancel 1 LOCOK LOCCancel 1 LOCOK 1 LOCOK LOCCancel 1 LOCOK LOCCancel",
    "page_rank": 3.361974402563229e-05
}