{
    "Title": " Everybody Lies Big Data New Data & What the Internet Can Tell Us About Who We Really Are ",
    "Author": "Seth Stephens Davidowitz",
    "Cover Page": "https://powells-covers-2.s3.amazonaws.com/9780062390868.jpg",
    "ISBN10": "0062390864  \n",
    "ISBN13": "9780062390868",
    "Page URL": "https://powells.com/book/everybody-lies-big-data-new-data-what-the-internet-can-tell-us-about-who-we-really-are-9780062390868",
    "raw_text": "Everybody Lies Big Data New Data and What the Internet Can Tell Us about Who We Really Are Seth StephensDavidowitz Trade Paperback 9780062390868 Powells Books Cart   my account  wish list  help  8008787323 Hello\n Login MENU Browse New Arrivals Bestsellers Featured Preorders Award Winners Audio Books See All Subjects Used Staff Picks Staff Picks Picks of the Month Bookseller Displays 50 Books for 50 Years 25 Best 21st Century SciFi  Fantasy 25 PNW Books to Read Before You Die 25 Books From the 21st Century 25 Memoirs to Read Before You Die 25 Global Books to Read Before You Die 25 Women to Read Before You Die 25 Books to Read Before You Die Gifts Gift Cards  eGift Cards Powells Souvenirs Journals and Notebooks socks Games Sell Books Blog Events Find A Store Dont Miss BIG SALE 20 off sitewide Picks of the Season What Im Giving Great Gifts Under 25 Best Books of 2022 Powells Author Events Oregon Battle of the Books Audio Books Visit Our Stores Powells Books 14 Gift Ideas From 14 of Our Favorite Authors 0 comment Every year Powells reaches out to some of our favorite authors for some muchneeded giftgiving inspiration Below are 14 writerapproved recommendations to help you find the perfect book for even your mostdifficulttobuyfor loved one Read More  Powells Staff Best Books of 2022 Fiction 1 comment Kelsey Ford 6 Haunting Native American Horror Books 1 comment 1 LOCOK 1 LOCOK LOCCancel 1 LOCOK LOCCancel Everybody Lies Big Data New Data  What the Internet Can Tell Us About Who We Really Are by Seth Stephens Davidowitz Comment on this title Synopses  Reviews ISBN13 9780062390868 ISBN10 0062390864 Condition Standard All Product Details View Larger Image View Larger Images 1195 List Price 1799 Used Trade Paperback Ships in 1 to 3 days Qty Store 1 Burnside Synopses  Reviews Publisher Comments Blending the informed analysis of The Signal and the Noise with the instructive iconoclasm of Think Like a Freak  a fascinating illuminating and witty look at what the vast amounts of information now instantly available to us reveals about ourselves and our world  provided we ask the right questions By the end of an average day in the early twentyfirst century human beings searching the internet will amass eight trillion gigabytes of data This staggering amount of information  unprecedented in history  can tell us a great deal about who we are  the fears desires and behaviors that drive us and the conscious and unconscious decisions we make From the profound to the mundane we can gain astonishing knowledge about the human psyche that less than twenty years ago seemed unfathomable Everybody Lies offers fascinating surprising and sometimes laughoutloud insights into everything from economics to ethics to sports to race to sex gender and more all drawn from the world of big data What percentage of white voters didnt vote for Barack Obama because hes black Does where you go to school effect how successful you are in life Do parents secretly favor boy children over girls Do violent films affect the crime rate Can you beat the stock market How regularly do we lie about our sex lives and whos more selfconscious about sex men or women Investigating these questions and a host of others Seth StephensDavidowitz offers revelations that can help us understand ourselves and our lives better Drawing on studies and experiments on how we really live and think he demonstrates in fascinating and often funny ways the extent to which all the world is indeed a lab With conclusions ranging from strangebuttrue to thoughtprovoking to disturbing he explores the power of this digital truth serum and its deeper potential  revealing biases deeply embedded within us information we can use to change our culture and the questions were afraid to ask that might be essential to our health  both emotional and physical All of us are touched by big data everyday and its influence is multiplying Everybody Lies challenges us to think differently about how we see it and the world Review StephensDavidowitz a former data scientist at Google has spent the last four years poring over Internet search dataWhat he found is that Internet search data might be the Holy Grail when it comes to understanding the true nature of humanity New York Post Review Everybody Lies relies on big data to rip the veneer of what we like to think of as our civilized selves A book that is fascinating shocking sometimes horrifying but above all revealing Tim Wu author of The Attention Merchants Review Move over Freakonomics  Move over Moneyball  This brilliant book is the best demonstration yet of how big data plus cleverness can illuminate and then move the world Read it and youll see life in a new way Lawrence Summers President Emeritus and Charles W Eliot University Professor of Harvard University Review This book is about a whole new way of studying the mindan unprecedented peek into peoples psychesTime and again my preconceptions about my country and my species were turned upsidedown by StephensDavidowitzs discoveriesendlessly fascinating Steven Pinker author of The Better Angels of Our Nature Synopsis Be prepared for next semester and get set for back to school Foreword by Steven Pinker Blending the informed analysis of The Signal and the Noise with the instructive iconoclasm of Think Like a Freak  a fascinating illuminating and witty look at what the vast amounts of information now instantly available to us reveals about ourselves and our worldprovided we ask the right questions By the end of an average day in the early twentyfirst century human beings searching the internet will amass eight trillion gigabytes of data This staggering amount of informationunprecedented in historycan tell us a great deal about who we arethe fears desires and behaviors that drive us and the conscious and unconscious decisions we make From the profound to the mundane we can gain astonishing knowledge about the human psyche that less than twenty years ago seemed unfathomable Everybody Lies offers fascinating surprising and sometimes laughoutloud insights into everything from economics to ethics to sports to race to sex gender and more all drawn from the world of big data What percentage of white voters didnt vote for Barack Obama because hes black Does where you go to school effect how successful you are in life Do parents secretly favor boy children over girls Do violent films affect the crime rate Can you beat the stock market How regularly do we lie about our sex lives and whos more selfconscious about sex men or women Investigating these questions and a host of others Seth StephensDavidowitz offers revelations that can help us understand ourselves and our lives better Drawing on studies and experiments on how we really live and think he demonstrates in fascinating and often funny ways the extent to which all the world is indeed a lab With conclusions ranging from strangebuttrue to thoughtprovoking to disturbing he explores the power of this digital truth serum and its deeper potentialrevealing biases deeply embedded within us information we can use to change our culture and the questions were afraid to ask that might be essential to our healthboth emotional and physical All of us are touched by big data everyday and its influence is multiplying Everybody Lies challenges us to think differently about how we see it and the world Synopsis Foreword by Steven Pinker Blending the informed analysis of The Signal and the Noise with the instructive iconoclasm of Think Like a Freak  a fascinating illuminating and witty look at what the vast amounts of information now instantly available to us reveals about ourselves and our worldprovided we ask the right questions By the end of an average day in the early twentyfirst century human beings searching the internet will amass eight trillion gigabytes of data This staggering amount of informationunprecedented in historycan tell us a great deal about who we arethe fears desires and behaviors that drive us and the conscious and unconscious decisions we make From the profound to the mundane we can gain astonishing knowledge about the human psyche that less than twenty years ago seemed unfathomable Everybody Lies offers fascinating surprising and sometimes laughoutloud insights into everything from economics to ethics to sports to race to sex gender and more all drawn from the world of big data What percentage of white voters didnt vote for Barack Obama because hes black Does where you go to school effect how successful you are in life Do parents secretly favor boy children over girls Do violent films affect the crime rate Can you beat the stock market How regularly do we lie about our sex lives and whos more selfconscious about sex men or women Investigating these questions and a host of others Seth StephensDavidowitz offers revelations that can help us understand ourselves and our lives better Drawing on studies and experiments on how we really live and think he demonstrates in fascinating and often funny ways the extent to which all the world is indeed a lab With conclusions ranging from strangebuttrue to thoughtprovoking to disturbing he explores the power of this digital truth serum and its deeper potentialrevealing biases deeply embedded within us information we can use to change our culture and the questions were afraid to ask that might be essential to our healthboth emotional and physical All of us are touched by big data everyday and its influence is multiplying Everybody Lies challenges us to think differently about how we see it and the world Raj Chetty Professor of Economics at Stanford University Synopsis Blending the informed analysis of The Signal and the Noise with the instructive iconoclasm of Think Like a Freak  a fascinating illuminating and witty look at what the vast amounts of information now instantly available to us reveals about ourselves and our world  provided we ask the right questions By the end of an average day in the early twentyfirst century human beings searching the internet will amass eight trillion gigabytes of data This staggering amount of information  unprecedented in history  can tell us a great deal about who we are  the fears desires and behaviors that drive us and the conscious and unconscious decisions we make From the profound to the mundane we can gain astonishing knowledge about the human psyche that less than twenty years ago seemed unfathomable Everybody Lies offers fascinating surprising and sometimes laughoutloud insights into everything from economics to ethics to sports to race to sex gender and more all drawn from the world of big data What percentage of white voters didnt vote for Barack Obama because hes black Does where you go to school effect how successful you are in life Do parents secretly favor boy children over girls Do violent films affect the crime rate Can you beat the stock market How regularly do we lie about our sex lives and whos more selfconscious about sex men or women Investigating these questions and a host of others Seth StephensDavidowitz offers revelations that can help us understand ourselves and our lives better Drawing on studies and experiments on how we really live and think he demonstrates in fascinating and often funny ways the extent to which all the world is indeed a lab With conclusions ranging from strangebuttrue to thoughtprovoking to disturbing he explores the power of this digital truth serum and its deeper potential  revealing biases deeply embedded within us information we can use to change our culture and the questions were afraid to ask that might be essential to our health  both emotional and physical All of us are touched by big data everyday and its influence is multiplying Everybody Lies challenges us to think differently about how we see it and the world About the Author Seth StephensDavidowitz is a contributing oped writer for the New York Times  a lecturer at The Wharton School and a former Google data scientist He received a BA from Stanford and a PhD from Harvard His research has appeared in the Journal of Public Economics and other prestigious publications He lives in New York City What Our Readers Are Saying Be the first to share your thoughts on this title Product Details ISBN 9780062390868 Binding Trade Paperback Publication date 02202018 Publisher HARPERCOLLINS PUBLISHERS Pages 352 Height 90IN Width 520IN Illustration Yes Author Seth Stephens Davidowitz Author Seth StephensDavidowitz 1195 List Price 1799 Used Trade Paperback Ships in 1 to 3 days Qty Store 1 Burnside More copies of this ISBN New Trade Paperback 1799 Used Trade Paperback 850 1 LOCOK 1 LOCOK LOCCancel 1 LOCOK LOCCancel 1 LOCOK 1 LOCOK LOCCancel 1 LOCOK LOCCancel 1 LOCOK 1 LOCOK LOCCancel 1 LOCOK LOCCancel 1 LOCOK 1 LOCOK LOCCancel 1 LOCOK LOCCancel Help Guarantee My Account Careers About Us Security Wish List Partners Contact Us Shipping Transparency ACT MRF Sitemap  2022 POWELLSCOM Terms 1 LOCOK 1 LOCOK LOCCancel 1 LOCOK LOCCancel 1 LOCOK 1 LOCOK LOCCancel 1 LOCOK LOCCancel 1 LOCOK 1 LOCOK LOCCancel 1 LOCOK LOCCancel 1 LOCOK 1 LOCOK LOCCancel 1 LOCOK LOCCancel",
    "page_rank": 6.98568198439639e-05
}