{
    "Title": " As I Descended ",
    "Author": "Robin Talley",
    "Cover Page": "https://powells-covers-2.s3.amazonaws.com/9780062409232.jpg",
    "ISBN10": "0062409239  \n",
    "ISBN13": "9780062409232",
    "Page URL": "https://powells.com/book/-9780062409232",
    "raw_text": "As I Descended Talley Robin Hardcover 9780062409232 Powells Books Cart   my account  wish list  help  8008787323 Hello\n Login MENU Browse New Arrivals Bestsellers Featured Preorders Award Winners Audio Books See All Subjects Used Staff Picks Staff Picks Picks of the Month Bookseller Displays 50 Books for 50 Years 25 Best 21st Century SciFi  Fantasy 25 PNW Books to Read Before You Die 25 Books From the 21st Century 25 Memoirs to Read Before You Die 25 Global Books to Read Before You Die 25 Women to Read Before You Die 25 Books to Read Before You Die Gifts Gift Cards  eGift Cards Powells Souvenirs Journals and Notebooks socks Games Sell Books Blog Events Find A Store Dont Miss BIG SALE 20 off sitewide Picks of the Season What Im Giving Great Gifts Under 25 Best Books of 2022 Powells Author Events Oregon Battle of the Books Audio Books Visit Our Stores Powells Books 14 Gift Ideas From 14 of Our Favorite Authors 0 comment Every year Powells reaches out to some of our favorite authors for some muchneeded giftgiving inspiration Below are 14 writerapproved recommendations to help you find the perfect book for even your mostdifficulttobuyfor loved one Read More  Powells Staff Best Books of 2022 Fiction 1 comment Kelsey Ford 6 Haunting Native American Horror Books 1 comment 1 LOCOK 1 LOCOK LOCCancel 1 LOCOK LOCCancel As I Descended by Robin Talley Comment on this title Synopses  Reviews ISBN13 9780062409232 ISBN10 0062409239 All Product Details View Larger Image View Larger Images 000 Hardcover Ships in 1 to 3 days Staff Pick A Macbeth retelling Queer characters Hispanic characters A main character with a disability Creepy as hell I couldnt stop simultaneously gasping and clapping and giving audible feedback Five stars Recommended By Andy A Powellscom Synopses  Reviews Publisher Comments From the acclaimed author of Lies We Tell Ourselves  Robin Talley comes a Shakespeareinspired story of revenge and redemption where fair is foul and foul is fair Maria Lyon and Lily Boiten are their schools ultimate power couplebut one thing stands between them and their perfect future campus superstar Delilah Dufrey Golden child Delilah is a legend at exclusive Acheron Academy and the presumptive winner of the distinguished Cawdor Kingsley Prize But Delilah doesnt know that Lily and Maria are willing to do anything  absolutely anything  to unseat Delilah for the scholarship After all it would lock in Marias attendance at Stanford  and assure her and Lily four more years in a shared dorm room Together Maria and Lily harness the dark power long rumored to be present on the former plantation that houses their school But when feuds turn to fatalities and madness begins to blur the distinction between whats real and whats imagined the girls must attempt to put a stop to the chilling series of events theyve accidentally set in motion Review Those familiar with the source material will not be surprised at how the story plays out but knowing the eventual outcomes does not diminish Talleys dark tale about fate and ambition Highly recommended School Library Journal Review An intriguing appropriately atmospheric take on one of Shakespeares most spinetingling plays Booklist Review Talley creates a dark and twisted gothic boarding school setting replete with vengeful spirits drugs and suicide in this Shakespeareinspired tragedy that lulls readers into a false sense of security while setting them up for the next chilling event Publishers Weekly Review  A devastating marriage of the stunningly unexpected with the maddeningly inevitable This adaptations bewitching intrigues and enthralling deceptions will whet the daggers of any readers mind Kirkus Reviews Starred Review About the Author Robin Talley loves Shakespeare and hates being scared She always covers her eyes during horror movies and she keeps trying to explain to her wife why shes sure their house is haunted Her wife is not so easily convinced Robins previous books include What We Left Behind and a Lambda Literary Award finalist Lies We Tell Ourselves  She lives with her family in Washington DC What Our Readers Are Saying Be the first to share your thoughts on this title Product Details ISBN 9780062409232 Binding Hardcover Publication date 09062016 Publisher Harper Teen Language English Pages 384 Height 130IN Width 550IN LCCN 2016037508 Age Range 13 to 17 Grade Range 8 to 12 Author Robin Talley Media Run Time B 000 Hardcover Ships in 1 to 3 days Receive an email when this ISBN is available used This title in other editions New Trade Paperback 1099 Used Trade Paperback 495 1 LOCOK 1 LOCOK LOCCancel 1 LOCOK LOCCancel 1 LOCOK 1 LOCOK LOCCancel 1 LOCOK LOCCancel 1 LOCOK 1 LOCOK LOCCancel 1 LOCOK LOCCancel 1 LOCOK 1 LOCOK LOCCancel 1 LOCOK LOCCancel Help Guarantee My Account Careers About Us Security Wish List Partners Contact Us Shipping Transparency ACT MRF Sitemap  2022 POWELLSCOM Terms 1 LOCOK 1 LOCOK LOCCancel 1 LOCOK LOCCancel 1 LOCOK 1 LOCOK LOCCancel 1 LOCOK LOCCancel 1 LOCOK 1 LOCOK LOCCancel 1 LOCOK LOCCancel 1 LOCOK 1 LOCOK LOCCancel 1 LOCOK LOCCancel",
    "page_rank": 0.00016042846784623634
}