{
    "Title": " Paris Apartment ",
    "Author": "Lucy Foley",
    "Cover Page": "https://powells-covers-2.s3.amazonaws.com/9780063003057.jpg",
    "ISBN10": "0063003058  \n",
    "ISBN13": "9780063003057",
    "Page URL": "https://powells.com/book/paris-apartment-9780063003057",
    "raw_text": "The Paris Apartment Lucy Foley Hardcover 9780063003057 Powells Books Cart   my account  wish list  help  8008787323 Hello\n Login MENU Browse New Arrivals Bestsellers Featured Preorders Award Winners Audio Books See All Subjects Used Staff Picks Staff Picks Picks of the Month Bookseller Displays 50 Books for 50 Years 25 Best 21st Century SciFi  Fantasy 25 PNW Books to Read Before You Die 25 Books From the 21st Century 25 Memoirs to Read Before You Die 25 Global Books to Read Before You Die 25 Women to Read Before You Die 25 Books to Read Before You Die Gifts Gift Cards  eGift Cards Powells Souvenirs Journals and Notebooks socks Games Sell Books Blog Events Find A Store Dont Miss BIG SALE 20 off sitewide Picks of the Season What Im Giving Great Gifts Under 25 Best Books of 2022 Powells Author Events Oregon Battle of the Books Audio Books Visit Our Stores Powells Books 14 Gift Ideas From 14 of Our Favorite Authors 0 comment Every year Powells reaches out to some of our favorite authors for some muchneeded giftgiving inspiration Below are 14 writerapproved recommendations to help you find the perfect book for even your mostdifficulttobuyfor loved one Read More  Powells Staff Best Books of 2022 Fiction 1 comment Kelsey Ford 6 Haunting Native American Horror Books 1 comment 1 LOCOK 1 LOCOK LOCCancel 1 LOCOK LOCCancel Paris Apartment by Lucy Foley Comment on this title Synopses  Reviews ISBN13 9780063003057 ISBN10 0063003058 Condition Standard DustJacket Standard All Product Details View Larger Image View Larger Images 1995 List Price 2899 Used Hardcover Ships in 1 to 3 days Qty Store 5 Cedar Hills 3 Hawthorne Synopses  Reviews Synopsis As you patiently await season two of Only Murders in the Building  cozy up with Lucy Foleys latest whodunnit  Parade Exceedingly clever  Booklist From the New York Times bestselling author of The Guest List comes a new locked room mystery set in a Paris apartment building in which every resident has something to hide Jess needs a fresh start Shes broke and alone and shes just left her job under less than ideal circumstances Her halfbrother Ben didnt sound thrilled when she asked if she could crash with him for a bit but he didnt say no and surely everything will look better from Paris Only when she shows up  to find a very nice apartment could Ben really have afforded this  hes not there The longer Ben stays missing the more Jess starts to dig into her brothers situation and the more questions she has Bens neighbors are an eclectic bunch and not particularly friendly Jess may have come to Paris to escape her past but its starting to look like its Bens future thats in question The socialite  The nice guy  The alcoholic  The girl on the verge  The concierge Everyones a neighbor Everyones a suspect And everyone knows something theyre not telling Synopsis THE 1 NEW YORK TIMES BESTSELLER Told in rotating points of view this TiltAWhirl of a novel brims with jangly tension  an undeniably engrossing guessing game  Vogue A clever cliffhangerfilled thriller  People From the New York Times bestselling author of The Guest List comes a new locked room mystery set in a Paris apartment building in which every resident has something to hide Jess needs a fresh start Shes broke and alone and shes just left her job under less than ideal circumstances Her halfbrother Ben didnt sound thrilled when she asked if she could crash with him for a bit but he didnt say no and surely everything will look better from Paris Only when she shows up  to find a very nice apartment could Ben really have afforded this  hes not there The longer Ben stays missing the more Jess starts to dig into her brothers situation and the more questions she has Bens neighbors are an eclectic bunch and not particularly friendly Jess may have come to Paris to escape her past but its starting to look like its Bens future thats in question The socialite  The nice guy  The alcoholic  The girl on the verge  The concierge Everyones a neighbor Everyones a suspect And everyone knows something theyre not telling What Our Readers Are Saying Be the first to share your thoughts on this title Product Details ISBN 9780063003057 Binding Hardcover Publication date 02222022 Publisher WILLIAM MORROW  COMPANY INC Pages 368 Height 140IN Width 590IN Author Lucy Foley 1995 List Price 2899 Used Hardcover Ships in 1 to 3 days Qty Store 5 Cedar Hills 3 Hawthorne More copies of this ISBN New Hardcover 2899 This title in other editions Used Book Club Hardcover Starting from 1395 Used Hardcover 1895 1 LOCOK 1 LOCOK LOCCancel 1 LOCOK LOCCancel 1 LOCOK 1 LOCOK LOCCancel 1 LOCOK LOCCancel 1 LOCOK 1 LOCOK LOCCancel 1 LOCOK LOCCancel 1 LOCOK 1 LOCOK LOCCancel 1 LOCOK LOCCancel Help Guarantee My Account Careers About Us Security Wish List Partners Contact Us Shipping Transparency ACT MRF Sitemap  2022 POWELLSCOM Terms 1 LOCOK 1 LOCOK LOCCancel 1 LOCOK LOCCancel 1 LOCOK 1 LOCOK LOCCancel 1 LOCOK LOCCancel 1 LOCOK 1 LOCOK LOCCancel 1 LOCOK LOCCancel 1 LOCOK 1 LOCOK LOCCancel 1 LOCOK LOCCancel",
    "page_rank": 4.074629616275574e-05
}