{
    "Title": " Your Duck Is My Duck: Stories ",
    "Author": "Deborah Eisenberg",
    "Cover Page": "https://powells-covers-2.s3.amazonaws.com/9780062688781.jpg",
    "ISBN10": "0062688782  \n",
    "ISBN13": "9780062688781",
    "Page URL": "https://powells.com/book/-9780062688781",
    "raw_text": "Your Duck Is My Duck Stories Deborah Eisenberg Trade Paperback 9780062688781 Powells Books Cart   my account  wish list  help  8008787323 Hello\n Login MENU Browse New Arrivals Bestsellers Featured Preorders Award Winners Audio Books See All Subjects Used Staff Picks Staff Picks Picks of the Month Bookseller Displays 50 Books for 50 Years 25 Best 21st Century SciFi  Fantasy 25 PNW Books to Read Before You Die 25 Books From the 21st Century 25 Memoirs to Read Before You Die 25 Global Books to Read Before You Die 25 Women to Read Before You Die 25 Books to Read Before You Die Gifts Gift Cards  eGift Cards Powells Souvenirs Journals and Notebooks socks Games Sell Books Blog Events Find A Store Dont Miss BIG SALE 20 off sitewide Picks of the Season What Im Giving Great Gifts Under 25 Best Books of 2022 Powells Author Events Oregon Battle of the Books Audio Books Visit Our Stores Powells Books 14 Gift Ideas From 14 of Our Favorite Authors 0 comment Every year Powells reaches out to some of our favorite authors for some muchneeded giftgiving inspiration Below are 14 writerapproved recommendations to help you find the perfect book for even your mostdifficulttobuyfor loved one Read More  Powells Staff Best Books of 2022 Fiction 1 comment Kelsey Ford 6 Haunting Native American Horror Books 1 comment 1 LOCOK 1 LOCOK LOCCancel 1 LOCOK LOCCancel Your Duck Is My Duck Stories by Deborah Eisenberg Comment on this title Synopses  Reviews ISBN13 9780062688781 ISBN10 0062688782 Condition Like New All Product Details View Larger Image View Larger Images 998 List Price 1699 Used Trade Paperback Ships in 1 to 3 days Qty Store 4 Burnside 2 Cedar Hills 9 Hawthorne 1 Local Warehouse Staff Pick Writers writer is an annoying phrase  implying both commercial failure and writing thats too good for the masses  but its really the best way to describe Deborah Eisenberg whose wryly funny languagerich short stories have been enthralling literary fiction fans for decades and rarely get the mainstream recognition they warrant The stories in Your Duck Is My Duck range from an artist reckoning with her patrons to a child trying to resist the earths rotation but all of them deal with anxiety money loneliness and the difficulty of simply getting stuff done because the world feels too crazy Theyre variations on the worries all of us feel put into electric sentences by idiosyncratic characters you wont want to part with Recommended By Lucinda G Powellscom Synopses  Reviews Publisher Comments A muchanticipated collection of brilliantly observant short stories from one of the great American masters of the form At times raucously hilarious at times charming and delightful at times as solemn and mysterious as a pond at midnight Deborah Eisenbergs stories gently compel us to confront the most disturbing truths about ourselves  from our intimate lives as lovers parents and children to our equally troubling roles as citizens on a violent terrifying planet Each of the six stories in Your Duck is My Duck  her first collection since 2006 has the heft and complexity of a novel With her own inexorable but utterly unpredictable logic and her almost uncanny ability to conjure the strange states of mind and emotion that constitute our daily consciousness Eisenberg pulls us as if by gossamer threads through her characters  a tormented woman whose face determines her destiny a group of film actors shocked to read a book about their past a privileged young man who unexpectedly falls into a love affair with a human rights worker caught up in an allconsuming quest that he doesnt understand In Eisenbergs world the forces of money sex and power cannot be escaped and the force of history whether confronted or denied cannot be evaded No one writes better about time tragedy and grief and the indifferent but beautiful universe around us Review Deborah Eisenberg one of Americas finest writers offers new ways of seeing and feeling as if something were being perfected at the core San Francisco Chronicle Review Eisenberg reminds us in every line of certain saving virtues wit wild intelligence great heart the beauty of the inquiring human voice If our culture can produce a writer this wonderful there must be something beautiful about us yet George Saunders Review Eisenberg is a gorgeous writerI thank my stars that theres a writer in the increasingly imperiled world as smart and funny and blazingly moral and devastatingly sidelong as she is New York Times Book Review Review Superlative and entertainingEisenberg is funny grim biting and wise but always with a light touch and always in the service of worlds that extend far beyond the page A virtuoso at rendering the flickering gestures by which people simultaneously hide and reveal themselves Eisenberg is an undisputed master of the short story Publishers Weekly Starred Review About the Author Deborah Eisenberg is a MacArthur Foundation Fellow and the recipient of honors including the 2011 PENFaulkner Award for Fiction a Whiting Writers Award and a Guggenheim Fellowship Eisenberg has published four collections of stories Transactions in a Foreign Currency 1986 Under the 82nd Airborne 1992 All Around Atlantis 1997 and Twilight of the Superheroes 2006 Her first two story collections were republished in one volume as The Stories So Far of Deborah Eisenberg 1997 All four volumes were reprinted in 2010 in The Collected Stories of Deborah Eisenberg 2010 She is a professor of writing at Columbia University What Our Readers Are Saying Be the first to share your thoughts on this title Product Details ISBN 9780062688781 Binding Trade Paperback Publication date 06182019 Publisher HARPERCOLLINS PUBLISHERS Pages 240 Height 80IN Width 530IN Author Deborah Eisenberg 998 List Price 1699 Used Trade Paperback Ships in 1 to 3 days Qty Store 4 Burnside 2 Cedar Hills 9 Hawthorne 1 Local Warehouse More copies of this ISBN New Trade Paperback 1699 Used Trade Paperback Starting from 850 1 LOCOK 1 LOCOK LOCCancel 1 LOCOK LOCCancel 1 LOCOK 1 LOCOK LOCCancel 1 LOCOK LOCCancel 1 LOCOK 1 LOCOK LOCCancel 1 LOCOK LOCCancel 1 LOCOK 1 LOCOK LOCCancel 1 LOCOK LOCCancel Help Guarantee My Account Careers About Us Security Wish List Partners Contact Us Shipping Transparency ACT MRF Sitemap  2022 POWELLSCOM Terms 1 LOCOK 1 LOCOK LOCCancel 1 LOCOK LOCCancel 1 LOCOK 1 LOCOK LOCCancel 1 LOCOK LOCCancel 1 LOCOK 1 LOCOK LOCCancel 1 LOCOK LOCCancel 1 LOCOK 1 LOCOK LOCCancel 1 LOCOK LOCCancel",
    "page_rank": 2.6015427218308596e-05
}