{
    "Title": " The Hate U Give ",
    "Author": "Angie Thomas",
    "Cover Page": "https://powells-covers-2.s3.amazonaws.com/9780062498533.jpg",
    "ISBN10": "0062498533  \n",
    "ISBN13": "9780062498533",
    "Page URL": "https://www.powells.com/book/the-hate-u-give-9780062498533/7-16",
    "raw_text": "The Hate U Give Thomas Angie Hardcover 9780062498533 Powells Books Cart   my account  wish list  help  8008787323 Hello\n Login MENU Browse New Arrivals Bestsellers Featured Preorders Award Winners Audio Books See All Subjects Used Staff Picks Staff Picks Picks of the Month Bookseller Displays 50 Books for 50 Years 25 Best 21st Century SciFi  Fantasy 25 PNW Books to Read Before You Die 25 Books From the 21st Century 25 Memoirs to Read Before You Die 25 Global Books to Read Before You Die 25 Women to Read Before You Die 25 Books to Read Before You Die Gifts Gift Cards  eGift Cards Powells Souvenirs Journals and Notebooks socks Games Sell Books Blog Events Find A Store Dont Miss BIG SALE 20 off sitewide Picks of the Season What Im Giving Great Gifts Under 25 Best Books of 2022 Powells Author Events Oregon Battle of the Books Audio Books Visit Our Stores Powells Books 14 Gift Ideas From 14 of Our Favorite Authors 0 comment Every year Powells reaches out to some of our favorite authors for some muchneeded giftgiving inspiration Below are 14 writerapproved recommendations to help you find the perfect book for even your mostdifficulttobuyfor loved one Read More  Powells Staff Best Books of 2022 Fiction 1 comment Kelsey Ford 6 Haunting Native American Horror Books 1 comment 1 LOCOK 1 LOCOK LOCCancel 1 LOCOK LOCCancel The Hate U Give by Angie Thomas Comment on this title Synopses  Reviews ISBN13 9780062498533 ISBN10 0062498533 Condition Standard DustJacket Standard All Product Details View Larger Image View Larger Images 1395 List Price 1899 Used Hardcover Ships in 1 to 3 days Qty Store 5 Hawthorne From Powellscom 50 Books for 50 years Powells anniversary list 19712021 Powells Picks of the Month Hot new releases and undertheradar gems for adults and kids Staff Pick The Hate U Give has left such an indelible mark on YA fiction and the culture at large that it is hard to believe it was only published four years ago This powerful nuanced and inspiring story of personal struggle amidst injustice and societal upheaval was both propelled by and a catalyst for current events It wasnt the first young adult book to speak truth to power  YA is a genre primed for such statements  but in speaking directly to the moment it opened the door for an explosion of YA fiction unafraid to demand action and young readers determined to do the same It lives up to every accolade and bit of hype it has received Recommended By Sarah R Powellscom I cant stop telling people to read The Hate U Give  Inspired by the Black Lives Matter movement the novel is about Starr Carter who is the sole witness to a blatant injustice and now has to navigate the aftermath Her struggle between speaking up and preserving her and her amazing familys safety is painful but it is an important and timely narrative that needs to be discussed by everyone Recommended By Brianna B Powellscom Yall This book is so so so good Not only does it paint a realistic picture inspired by the Black Lives Matter movement it is also about family friendship dating socioeconomics and coming of age in the crosscultural world that is America Im telling you read it especially those of you who like me didnt grow up in a black home Angie Thomas is a force to be reckoned with and this book hits readers where it hurts Oh and an extra 5 stars for her main character who is obsessed with Harry Potter 55 stars I dont care if thats not a thing Recommended By Andy A Powellscom Its rare Im able to get through an entire novel in just one day but The Hate U Give is a book thats impossible to put down Inspired by the Black Lives Matter movement The Hate U Give follows Starr Carter after she witnesses a childhood friend shot to death by a police officer As Starr navigates the fallout in both her allblack neighborhood and her mostly white high school author Angie Thomas brings a deep nuanced look into the antiBlack violence beyond police brutality With a strong voice and complex characters The Hate U Give is an engaging emotional look into a polarizing issue Recommended By Carrie L Powellscom Engrossing painful galvanizing and necessary The Hate U Give is a powerhouse of a book destined to become a classic and deserving of every bit of praise its received I suggest buying three copies  one to keep one to ruin either with tears or by hurling it angrily across the room and one to share Recommended By Tove H Powellscom For the past several months Ive been recommending The Hate U Give as the Black Lives Matter YA book  because this is a powerful nuanced introduction to the movement and thats more than enough reason to recommend it But this book stuck with me for so many other reasons I loved all of the characters and especially the protagonist Starr Her comingofage story is touching and believable I havent rooted so hard for a character in a long time This book should be required reading Recommended By Ashleigh B Powellscom Synopses  Reviews Publisher Comments Inspired by the Black Lives Matter movement Angie Thomas searing debut about an ordinary girl in extraordinary circumstances addresses issues of racism and police violence with intelligence heart and unflinching honesty Soon to be a major motion picture from Fox 2000Temple Hill Productions Sixteenyearold Starr Carter moves between two worlds the poor neighborhood where she lives and the fancy suburban prep school she attends The uneasy balance between these worlds is shattered when Starr witnesses the fatal shooting of her childhood best friend Khalil at the hands of a police officer Khalil was unarmed Soon afterward his death is a national headline Some are calling him a thug maybe even a drug dealer and a gangbanger Protesters are taking to the streets in Khalils name Some cops and the local drug lord try to intimidate Starr and her family What everyone wants to know is what really went down that night And the only person alive who can answer that is Starr But what Starr does or does not say could upend her community It could also endanger her life Review This story is necessary This story is important Kirkus Starred Review Review A powerful inyourface novel Horn Book Starred Review Review Beautifully written in Starrs authentic firstperson voice this is a marvel of verisimilitude as it insightfully examines two worlds in collision An inarguably important book that demands the widest possible readership Booklist Starred Review Review Angie Thomas has written a stunning brilliant gutwrenching novel that will be remembered as a classic of our time John Green bestselling author of The Fault in Our Stars Review As we continue to fight the battle against police brutality and systemic racism in America The Hate U Give serves as a much needed literary ramrod Absolutely riveting Jason Reynolds bestselling coauthor of All American Boys Review Starrs voice commands attention from page oneThomass story is heartbreakingly topical Publishers Weekly Starred Review About the Author Angie Thomas was born raised and still resides in Jackson Mississippi She is a former teen rapper whose greatest accomplishment was having an article about her in Right On magazine She holds a BFA in creative writing The Hate U Give is her first novel Powells Staff on PowellsBooksBlog At first the blurbs didnt really bother us Its the inside of the book that counts after all and some authors are downright craftsmen of succinct hyperbole Read More  47 4 What Our Readers Are Saying Share your thoughts on this title Average customer rating 47 4 comments  Sappho  February 01 2018 view all comments by Sappho This book is truly revolutionary Every moment feels so real and intimate like youre youre walking through Starrs reality with her I love the relationships and dialogue throughout the entire book Every person is complex in their own way as reflected by how Starr sees them Its truly amazing for that alone but add the issues of race police brutality and gang violence in to that and it becomes one of the best books of all time in my opinion Its the type of book youd finish in one day than reread because its so addicting People say that about books all the time I know but this book can truly change the way someone thinks and sees the world Even if youre already woke it gives you a broader look at things and really makes you think For anyone who hasnt read it I suggest you do before the movie comes out because there is something so personal in the book that wont be easily captured in a screen adaptation Was this comment helpful  Yes  No 4 of 4 readers found this comment helpful report this\ncomment  Rachel Coker  April 24 2017 view all comments by Rachel Coker Roger Ebert once described film as a machine that generates empathy If thats true for movies its doubly true for novels The Hate U Give a young adult book inspired by the Black Lives Matter movement is the kind of empathy machine that needs to be fired up all over this country Angie Thomas novel gives readers a chance to see the world as it appears to a black teenager who witnesses her childhood friends murder by a police officer After the shooting Starr whos 16 wrestles with whether and how much to cooperate with law enforcement as they investigate and whether her friends at her mostly white school can ever understand whats going on The novel takes on a lot romance family dynamics racism police violence and more but never loses its focus on Starr Id recommend it without reservations for teenagers and their parents Was this comment helpful  Yes  No 12 of 12 readers found this comment helpful report this\ncomment  Jean Alice  April 07 2017 view all comments by Jean Alice I have not decided whether I want to read this book or not The title sounds promising but I am often angry because having black or brown skin determines how a person is treated I am a white person but a few family members have color of varying shades I am angry on their behalf\nI hope there is a redeeming message in the book for both the racist and the black person\nI would like to know more about the content of this book it sounds intriguing\n Was this comment helpful  Yes  No 3 of 52 readers found this comment helpful report this\ncomment  ReadRage  April 03 2017 James Baldwin once said that to be a Negro in this country and to be relatively conscious is to be in a rage almost all the time This book authentically and very deeply shows the struggle with that rage There are three quotes from it that should make you want to read this book\npeople like us in situations like this become hashtags but they rarely get justice I think we all wait for that one time though that one time when it ends right\nFifteen minutes later I leave the police station with my mom Both of us know the same thing This is gonna be some bullshit\nDaddy once told me theres a rage passed down to every black man from his ancestors born the moment they couldnt stop the slave masters from hurting their families Daddy also said theres nothing more dangerous than when that rage is activated\nIf those three quotes dont move you to read this book then youre probably one of those people that say that all lives matter This is a powerful read and a MUST read if you wish to be a part of the solution and not part of the problem of the racial climate in this country Was this comment helpful  Yes  No 19 of 21 readers found this comment helpful report this\ncomment View all 4 comments Product Details ISBN 9780062498533 Binding Hardcover Publication date 02282017 Publisher Balzer  BrayHarperteen Pages 464 Height 170IN Width 590IN Age Range 14 to 17 Grade Range 9 to 12 Author Angie Thomas Media Run Time B 1395 List Price 1899 Used Hardcover Ships in 1 to 3 days Qty Store 5 Hawthorne More copies of this ISBN New Hardcover 1899 Used Hardcover 1350 This title in other editions New Hardcover 2950 New Trade Paperback Starting from 1499 1 LOCOK 1 LOCOK LOCCancel 1 LOCOK LOCCancel 1 LOCOK 1 LOCOK LOCCancel 1 LOCOK LOCCancel 1 LOCOK 1 LOCOK LOCCancel 1 LOCOK LOCCancel 1 LOCOK 1 LOCOK LOCCancel 1 LOCOK LOCCancel Help Guarantee My Account Careers About Us Security Wish List Partners Contact Us Shipping Transparency ACT MRF Sitemap  2022 POWELLSCOM Terms 1 LOCOK 1 LOCOK LOCCancel 1 LOCOK LOCCancel 1 LOCOK 1 LOCOK LOCCancel 1 LOCOK LOCCancel 1 LOCOK 1 LOCOK LOCCancel 1 LOCOK LOCCancel 1 LOCOK 1 LOCOK LOCCancel 1 LOCOK LOCCancel",
    "page_rank": 0.0006568071730762629
}