{
    "Title": " The Family Fang ",
    "Author": "Kevin Wilson",
    "Cover Page": "https://covers.powells.com/9780061579059.jpg",
    "ISBN10": "006157905X  \n",
    "ISBN13": "9780061579059",
    "Page URL": "https://powells.com/book/-9780061579059",
    "raw_text": "The Family Fang Kevin Wilson Trade Paperback 9780061579059 Powells Books Cart   my account  wish list  help  8008787323 Hello\n Login MENU Browse New Arrivals Bestsellers Featured Preorders Award Winners Audio Books See All Subjects Used Staff Picks Staff Picks Picks of the Month Bookseller Displays 50 Books for 50 Years 25 Best 21st Century SciFi  Fantasy 25 PNW Books to Read Before You Die 25 Books From the 21st Century 25 Memoirs to Read Before You Die 25 Global Books to Read Before You Die 25 Women to Read Before You Die 25 Books to Read Before You Die Gifts Gift Cards  eGift Cards Powells Souvenirs Journals and Notebooks socks Games Sell Books Blog Events Find A Store Dont Miss BIG SALE 20 off sitewide Picks of the Season What Im Giving Great Gifts Under 25 Best Books of 2022 Powells Author Events Oregon Battle of the Books Audio Books Visit Our Stores Powells Books 14 Gift Ideas From 14 of Our Favorite Authors 0 comment Every year Powells reaches out to some of our favorite authors for some muchneeded giftgiving inspiration Below are 14 writerapproved recommendations to help you find the perfect book for even your mostdifficulttobuyfor loved one Read More  Powells Staff Best Books of 2022 Fiction 1 comment Kelsey Ford 6 Haunting Native American Horror Books 1 comment 1 LOCOK 1 LOCOK LOCCancel 1 LOCOK LOCCancel The Family Fang by Kevin Wilson Comment on this title Synopses  Reviews ISBN13 9780061579059 ISBN10 006157905X Condition Standard All Product Details View Larger Image View Larger Images 995 List Price 1699 Used Trade Paperback Ships in 1 to 3 days Qty Store 2 Burnside 1 Cedar Hills 1 Hawthorne 3 Local Warehouse Synopses  Reviews Publisher Comments Mr and Mrs Fang called it art Their children called it mischief Performance artists Caleb and Camille Fang dedicated themselves to making great art But when an artists work lies in subverting normality it can be difficult to raise welladjusted children Just ask Buster and Annie Fang For as long as they can remember they starred unwillingly in their parents madcap pieces But now that they are grown up the chaos of their childhood has made it difficult to cope with life outside the fishbowl of their parents strange world When the lives theyve built come crashing down brother and sister have nowhere to go but home where they discover that Caleb and Camille are planning one last performancetheir magnum opuswhether the kids agree to participate or not Soon ambition breeds conflict bringing the Fangs to face the difficult decision about whats ultimately more important their family or their art Filled with Kevin Wilsons endless creativity vibrant prose sharp humor and keen sense of the complex performances that unfold in the relationships of people who love one another The Family Fang is a masterfully executed tale that is as bizarre as it is touching Review A delightfully quirky novelcompletely relatable People Top 10 Books of 2011 Review Its The Royal Tenenbaums meets Whos Afraid of Virginia Woolf Id call The Family Fang a guilty pleasure but its too damn smartA total blast Hannah Pittard author of The Fates Will Find Their Way Review  The Family Fang is a comedy a tragedy and a tourdeforce examination of what it means to make art and survive your familyThe best single word description would be brilliant Ann Patchett author of Bel Canto About the Author Kevin Wilson is the author of the collection Tunneling to the Center of the Earth EccoHarperPerennial 2009 which received an Alex Award from the American Library Association and the Shirley Jackson Award His fiction has appeared in four volumes of the New Stories from the South The Years Best anthology and he has received fellowships from the MacDowell Colony Yaddo and the KHN Center for the Arts He lives in Sewanee Tennessee where he teaches fiction at the University of the South and lives with his wife the poet Leigh Anne Couch and his son Griff 49 8 What Our Readers Are Saying Share your thoughts on this title Average customer rating 49 8 comments  Joel Karpowitz  November 16 2014 view all comments by Joel Karpowitz I really loved this book Its all about identity and art and creativity and family and the chaos and ambiguity and comedy and tragedy that are a part of all of those things Its funny and bittersweet and heartbreaking and hopeful all at the same time which is a pretty neat trick to pull off Buster and Annie are characters I wanted to spend more time with not because they are perfect but because they felt so human in the bad choices and confusion they find themselves facing The novels structure alternating between the present and gallerylike explanations of the Fangs prior performance art pieces strikes just the right tone Im excited to see what Wilson writes next Was this comment helpful  Yes  No 1 of 1 readers found this comment helpful report this\ncomment  Kina  January 30 2013 LOVED this book The story line is clever and engaging the characters are full of character and Kevin Wilson makes it really easy to fall in love with them all Where art and family meet that is the Family Fang Complex yet simple funny yet tragic this book is chock full of twists and turns that can keep even the most discerning reader engaged and wanting more Was this comment helpful  Yes  No 1 of 1 readers found this comment helpful report this\ncomment  alisonster  January 02 2013 view all comments by alisonster I loved this book Funny weird and touching I wanted to start this story over again as soon as I finished it Was this comment helpful  Yes  No 1 of 1 readers found this comment helpful report this\ncomment  kevinrbrown  January 01 2013 view all comments by kevinrbrown This is a great novel It has interesting characters who are odd yet believable and it raises interesting questions about family and art I thought I saw the ending coming only to be surprised yet again by where it actually ended up Its definitely the best novel Ive read all year Was this comment helpful  Yes  No report this\ncomment  ohsewgay  September 01 2012 The Family Fang is an AMAZING story  profound and hilarious I place it in a tie for first as the most engaging story Ive read with Katherine Dunns Geek Love This is one of the few books I will reread Was this comment helpful  Yes  No 2 of 2 readers found this comment helpful report this\ncomment  AWS  August 13 2012 view all comments by AWS What a great read Imagine being an adult and still referred to as A or B your parents performance art designation for you Annie and Buster have grown up participating in creating chaos and then leaving it behind Is it any surprise that their independent adult lives are chaotic I was pulled into the book as soon as I read the prologue Author Kevin Wilson tells a story that had me hoping A and B would come out alright Was this comment helpful  Yes  No 1 of 1 readers found this comment helpful report this\ncomment  Jill H  August 04 2012 view all comments by Jill H If youre so inclined you could as quotes on the cover indicate read this book as a complex analysis of the nature of art I was a little more inclined to read it as quotes on the cover indicate as a complex investigation of the nature of family But mostly I just enjoyed the offbeat characters bizarre situations brilliantly surprising plot arc and most of all quiet but elegant wit Heres a paraphrased example He could count the number of times hed had sex on one hand and still have enough fingers left over to make a complicated shadow puppet Was this comment helpful  Yes  No 1 of 1 readers found this comment helpful report this\ncomment  JoanMaggie  June 03 2012 view all comments by JoanMaggie A roller coaster ride of a read The Fang parents along with Child A and Child B create performance art that their children call mischief The stories of the performance art productions are laugh out loud funny However the dysfunction of the family unit is very sad After a lifetime of dealing with this dysfunction the children are back home to regain strength after life has beaten them about the head and shoulders How the family reunites after the children have gained experience in the outsidethefamilyunitworld makes for a very poignant read Get ready to laugh and feel sadness for the Fang family Was this comment helpful  Yes  No report this\ncomment View all 8 comments Product Details ISBN 9780061579059 Binding Trade Paperback Publication date 04172012 Publisher HARPERCOLLINS PUBLISHERS Pages 314 Height 775 Width 525 Thickness 75 Age Range from 8 up to 12 and up Grade Range from 3 up to 7 Series Volume 1 Author Kevin Wilson Subject LiteratureFamily Life 995 List Price 1699 Used Trade Paperback Ships in 1 to 3 days Qty Store 2 Burnside 1 Cedar Hills 1 Hawthorne 3 Local Warehouse More copies of this ISBN Signed Used Trade Paperback 1195 New Trade Paperback 1699 Used Trade Paperback 1050 1 LOCOK 1 LOCOK LOCCancel 1 LOCOK LOCCancel 1 LOCOK 1 LOCOK LOCCancel 1 LOCOK LOCCancel 1 LOCOK 1 LOCOK LOCCancel 1 LOCOK LOCCancel 1 LOCOK 1 LOCOK LOCCancel 1 LOCOK LOCCancel Help Guarantee My Account Careers About Us Security Wish List Partners Contact Us Shipping Transparency ACT MRF Sitemap  2022 POWELLSCOM Terms 1 LOCOK 1 LOCOK LOCCancel 1 LOCOK LOCCancel 1 LOCOK 1 LOCOK LOCCancel 1 LOCOK LOCCancel 1 LOCOK 1 LOCOK LOCCancel 1 LOCOK LOCCancel 1 LOCOK 1 LOCOK LOCCancel 1 LOCOK LOCCancel",
    "page_rank": 2.6015427218308596e-05
}