{
    "Title": " How to Be Everything A Guide for Those Who Still Dont Know What They Want to Be When They Grow Up ",
    "Author": "Emilie Wapnick",
    "Cover Page": "https://powells-covers-2.s3.amazonaws.com/9780062566669.jpg",
    "ISBN10": "0062566660  \n",
    "ISBN13": "9780062566669",
    "Page URL": "https://powells.com/book/how-to-be-everything-a-guide-for-those-who-still-dont-know-what-they-want-to-be-when-they-grow-up-9780062566669",
    "raw_text": "How to Be Everything A Guide for Those Who Still Dont Know What They Want to Be When They Grow Up Emilie Wapnick Trade Paperback 9780062566669 Powells Books Cart   my account  wish list  help  8008787323 Hello\n Login MENU Browse New Arrivals Bestsellers Featured Preorders Award Winners Audio Books See All Subjects Used Staff Picks Staff Picks Picks of the Month Bookseller Displays 50 Books for 50 Years 25 Best 21st Century SciFi  Fantasy 25 PNW Books to Read Before You Die 25 Books From the 21st Century 25 Memoirs to Read Before You Die 25 Global Books to Read Before You Die 25 Women to Read Before You Die 25 Books to Read Before You Die Gifts Gift Cards  eGift Cards Powells Souvenirs Journals and Notebooks socks Games Sell Books Blog Events Find A Store Dont Miss BIG SALE 20 off sitewide Picks of the Season What Im Giving Great Gifts Under 25 Best Books of 2022 Powells Author Events Oregon Battle of the Books Audio Books Visit Our Stores Powells Books 14 Gift Ideas From 14 of Our Favorite Authors 0 comment Every year Powells reaches out to some of our favorite authors for some muchneeded giftgiving inspiration Below are 14 writerapproved recommendations to help you find the perfect book for even your mostdifficulttobuyfor loved one Read More  Powells Staff Best Books of 2022 Fiction 1 comment Kelsey Ford 6 Haunting Native American Horror Books 1 comment 1 LOCOK 1 LOCOK LOCCancel 1 LOCOK LOCCancel How to Be Everything A Guide for Those Who Still Dont Know What They Want to Be When They Grow Up by Emilie Wapnick Comment on this title Synopses  Reviews ISBN13 9780062566669 ISBN10 0062566660 Condition Standard All Product Details View Larger Image View Larger Images 995 List Price 1599 Used Trade Paperback Ships in 1 to 3 days Qty Store 1 Burnside Synopses  Reviews Synopsis What do you want to be when you grow up Its a familiar question were all asked as kids While seemingly harmless the question has unintended consequences It can make you feel like you need to choose one job one passion one thing to be about Guess what You dont Having a lot of different interests projects and curiosities doesnt make you a jackofalltrades master of none Your endless curiosity doesnt mean you are broken or flaky What you are is a multipotentialite someone with many interests and creative pursuits And that is actually your biggest strength How to Be Everything helps you channel your diverse passions and skills to work for you Based on her popular TED talk Why some of us dont have one true calling Emilie Wapnick flips the script on conventional career advice Instead of suggesting that you specialize choose a niche or accumulate 10000 hours of practice in a single area Wapnick provides a practical framework for building a sustainable life around ALL of your passions Youll discover  Why your multipotentiality is your biggest strength especially in todays uncertain job market  How to make a living and structure your work if you have many skills and interests  How to focus on multiple projects and make progress on all of them  How to handle common insecurities such as the fear of not being the best the guilt associated with losing interest in something you used to love and the challenge of explaining what you do to others Not fitting neatly into a box can be a beautiful thing How to Be Everything teaches you how to design a life at any age and stage of your career that allows you to be fully you and find the kind of work youll love What Our Readers Are Saying Be the first to share your thoughts on this title Product Details ISBN 9780062566669 Binding Trade Paperback Publication date 05012018 Publisher HARPERCOLLINS PUBLISHERS Pages 240 Height 60IN Width 530IN Illustration Yes Author Emilie Wapnick 995 List Price 1599 Used Trade Paperback Ships in 1 to 3 days Qty Store 1 Burnside 1 LOCOK 1 LOCOK LOCCancel 1 LOCOK LOCCancel 1 LOCOK 1 LOCOK LOCCancel 1 LOCOK LOCCancel 1 LOCOK 1 LOCOK LOCCancel 1 LOCOK LOCCancel 1 LOCOK 1 LOCOK LOCCancel 1 LOCOK LOCCancel Help Guarantee My Account Careers About Us Security Wish List Partners Contact Us Shipping Transparency ACT MRF Sitemap  2022 POWELLSCOM Terms 1 LOCOK 1 LOCOK LOCCancel 1 LOCOK LOCCancel 1 LOCOK 1 LOCOK LOCCancel 1 LOCOK LOCCancel 1 LOCOK 1 LOCOK LOCCancel 1 LOCOK LOCCancel 1 LOCOK 1 LOCOK LOCCancel 1 LOCOK LOCCancel",
    "page_rank": 3.68736072624513e-05
}