{
    "Title": " Mindful Birthing: Training the Mind, Body, and Heart for Childbirth and Beyond ",
    "Author": "Nancy Bardacke",
    "Cover Page": "https://powells-covers-2.s3.amazonaws.com/9780061963957.jpg",
    "ISBN10": "006196395X  \n",
    "ISBN13": "9780061963957",
    "Page URL": "https://www.powells.com/book/mindful-birthing-9780061963957/1-0",
    "raw_text": "Mindful Birthing Training the Mind Body  Heart for Childbirth  Beyond Nancy Bardacke Trade Paperback 9780061963957 Powells Books Cart   my account  wish list  help  8008787323 Hello\n Login MENU Browse New Arrivals Bestsellers Featured Preorders Award Winners Audio Books See All Subjects Used Staff Picks Staff Picks Picks of the Month Bookseller Displays 50 Books for 50 Years 25 Best 21st Century SciFi  Fantasy 25 PNW Books to Read Before You Die 25 Books From the 21st Century 25 Memoirs to Read Before You Die 25 Global Books to Read Before You Die 25 Women to Read Before You Die 25 Books to Read Before You Die Gifts Gift Cards  eGift Cards Powells Souvenirs Journals and Notebooks socks Games Sell Books Blog Events Find A Store Dont Miss BIG SALE 20 off sitewide Picks of the Season What Im Giving Great Gifts Under 25 Best Books of 2022 Powells Author Events Oregon Battle of the Books Audio Books Visit Our Stores Powells Books 14 Gift Ideas From 14 of Our Favorite Authors 0 comment Every year Powells reaches out to some of our favorite authors for some muchneeded giftgiving inspiration Below are 14 writerapproved recommendations to help you find the perfect book for even your mostdifficulttobuyfor loved one Read More  Powells Staff Best Books of 2022 Fiction 1 comment Kelsey Ford 6 Haunting Native American Horror Books 1 comment 1 LOCOK 1 LOCOK LOCCancel 1 LOCOK LOCCancel Mindful Birthing Training the Mind Body and Heart for Childbirth and Beyond by Nancy Bardacke Comment on this title Synopses  Reviews ISBN13 9780061963957 ISBN10 006196395X All Product Details View Larger Image View Larger Images 1999 New Trade Paperback Ships in 1 to 3 days Qty Store 1 Burnside 1 Cedar Hills 20 Local Warehouse Synopses  Reviews Publisher Comments With Mindful Birthing Nancy Bardacke nursemidwife and mindfulness teacher lays out her innovative program for pregnancy childbirth and beyond Drawing on groundbreaking research in neuroscience mindfulness meditation and mindbody medicine Bardacke offers practices that will help you find calm and ease during this lifechanging time providing lifelong skills for healthy living and wise parenting SOME OF THE BENEFITS OF MINDFUL BIRTHING Increases confidence and decreases fear of childbirth Taps into deep inner resources for working with pain Improves couple communication connection and cooperation Provides stressreducing skills for greater joy and wellbeing Review Bringing mindfulness to the birthing process has everything to recommend it it can reduce fear and stress and make the experience more rewarding for all involved All thats required is to practice the techniques that Nancy Bardacke explains so clearly in this book Andrew Weil MD New York Times bestselling author Review Combining ancient wisdom and modern evidencebased science the practices in this book will change your life A mustbuy for expectant parents for midwives and other professionals involved in birthing and also for any of us who want a glimpse of what great mindfulness teaching can offer us Mark Williams bestselling author of  i The Mindful Way Through Depression  Review Mindful Birthing is a unique positive and welcome contribution to the world of birthing I highly recommend this book to all pregnant women Patricia A Robertson MD Professor and Attending Obstetrician University of California San Francisco Review As a mother to be I learned to mindfully embrace the uncertainties of birth and parenting through Nancys teachings As an obstetrician I felt inspired to integrate these methods into my practice This is at the top of my recommended reading list for all of my patients Sarah Wilson MD University of California San Francisco Review Until Mindful Birthing good techniques for helping you experience the unpredictable changes of pregnancy and birth with resilience have not been available Using the mindfulness techniques in this book the process of pregnancy birth and parenting is transformed from a series of stressful changes to a joyful journey  Tekoa L King CNM MPH Deputy Editor Journal of Midwifery  Womens Health Review Mindful Birthing develops a unique blend of meditation yoga and scientific information into a user friendly approach to maternity care and life changes after childbirth It is a practical way to approach the many potential technologic intrusions that are so much a part of modern day obstetrics  Douglas W Laube MD Past President of the American College of Obstetricians and Gynecologists Review In Mindful Birthing science story and skillbuilding are woven together seamlessly engaging the reader to pay attention to the breath and stay in the moment fully experiencing happiness and joy as well as fear and pain Expectant mothers and their partners can just be What a gift Sharon S Rising midwife and CEO of the Centering Healthcare Institute Review This book gives parents and parents to be the tools they need to meet their experience with honesty compassion and kindness A truly valuable resource Sharon Salzberg author of  i Real Happiness  Review  Mindful Birthing is a lovely book It makes you think and it makes you cry Give it to any one you know about to give birth It will change the parents lifeand the life of their child Barry Boyce editorinchief  i Mindfulorg  Review  Mindful Birthing recognizes that no factor is more significant for our national health than how our children are born and raised Nancy Bardacke offers a vision for how everyone involved in birth and parenting can act with utmost care Lets make this required reading in medical education Congressman Tim Ryan About the Author Nancy Bardacke RN CNM MA is the founding director of the MindfulnessBased Childbirth and Parenting MBCP program which she currently leads at the UCSF Osher Center for Integrative Medicine She is also an assistant clinical professor in the UCSF School of Nursing What Our Readers Are Saying Be the first to share your thoughts on this title Product Details ISBN 9780061963957 Binding Trade Paperback Publication date 07102012 Publisher HARPERCOLLINS PUBLISHERS Pages 384 Height 113IN Width 595IN Thickness 100 Foreword Jon KabatZinn Author Nancy Bardacke Subject Health and MedicineGeneral 1999 New Trade Paperback Ships in 1 to 3 days Qty Store 1 Burnside 1 Cedar Hills 20 Local Warehouse More copies of this ISBN Used Trade Paperback 1395 1 LOCOK 1 LOCOK LOCCancel 1 LOCOK LOCCancel 1 LOCOK 1 LOCOK LOCCancel 1 LOCOK LOCCancel 1 LOCOK 1 LOCOK LOCCancel 1 LOCOK LOCCancel 1 LOCOK 1 LOCOK LOCCancel 1 LOCOK LOCCancel Help Guarantee My Account Careers About Us Security Wish List Partners Contact Us Shipping Transparency ACT MRF Sitemap  2022 POWELLSCOM Terms 1 LOCOK 1 LOCOK LOCCancel 1 LOCOK LOCCancel 1 LOCOK 1 LOCOK LOCCancel 1 LOCOK LOCCancel 1 LOCOK 1 LOCOK LOCCancel 1 LOCOK LOCCancel 1 LOCOK 1 LOCOK LOCCancel 1 LOCOK LOCCancel",
    "page_rank": 0.0012778939090906023
}