{
    "Title": " Red A Crayons Story ",
    "Author": "Michael Hall",
    "Cover Page": "https://powells-covers-2.s3.amazonaws.com/9780062252074.jpg",
    "ISBN10": "0062252070  \n",
    "ISBN13": "9780062252074",
    "Page URL": "https://powells.com/book/red-a-crayons-story-9780062252074",
    "raw_text": "Red A Crayons Story Michael Hall Hardcover 9780062252074 Powells Books Cart   my account  wish list  help  8008787323 Hello\n Login MENU Browse New Arrivals Bestsellers Featured Preorders Award Winners Audio Books See All Subjects Used Staff Picks Staff Picks Picks of the Month Bookseller Displays 50 Books for 50 Years 25 Best 21st Century SciFi  Fantasy 25 PNW Books to Read Before You Die 25 Books From the 21st Century 25 Memoirs to Read Before You Die 25 Global Books to Read Before You Die 25 Women to Read Before You Die 25 Books to Read Before You Die Gifts Gift Cards  eGift Cards Powells Souvenirs Journals and Notebooks socks Games Sell Books Blog Events Find A Store Dont Miss BIG SALE 20 off sitewide Picks of the Season What Im Giving Great Gifts Under 25 Best Books of 2022 Powells Author Events Oregon Battle of the Books Audio Books Visit Our Stores Powells Books 14 Gift Ideas From 14 of Our Favorite Authors 0 comment Every year Powells reaches out to some of our favorite authors for some muchneeded giftgiving inspiration Below are 14 writerapproved recommendations to help you find the perfect book for even your mostdifficulttobuyfor loved one Read More  Powells Staff Best Books of 2022 Fiction 1 comment Kelsey Ford 6 Haunting Native American Horror Books 1 comment 1 LOCOK 1 LOCOK LOCCancel 1 LOCOK LOCCancel Red A Crayons Story by Michael Hall Comment on this title Synopses  Reviews ISBN13 9780062252074 ISBN10 0062252070 Condition Like New All Product Details View Larger Image View Larger Images 998 List Price 1899 Used Hardcover Ships in 1 to 3 days Qty Store 4 Burnside 8 Cedar Hills 2 Hawthorne 20 Local Warehouse Synopses  Reviews Publisher Comments A blue crayon mistakenly labeled as red suffers an identity crisis in the new picture book by the New York Times bestselling creator of My Heart Is Like a Zoo and Its an Orange Aardvark Funny insightful and colorful Red A Crayons Story  by Michael Hall is about being true to your inner self and following your own path despite obstacles that may come your way Red will appeal to fans of Lois Ehlert Eric Carle and The Day the Crayons Quit  and makes a great gift for readers of any age Red has a bright red label but he is in fact blue His teacher tries to help him be red lets draw strawberries his mother tries to help him be red by sending him out on a playdate with a yellow classmate go draw a nice orange and the scissors try to help him be red by snipping his label so that he has room to breathe But Red is miserable He just cant be red no matter how hard he tries Finally a brandnew friend offers a brandnew perspective and Red discovers what readers have known all along Hes blue This funny heartwarming colorful picture book about finding the courage to be true to your inner self can be read on multiple levels and it offers something for everyone Review When a redlabeled crayon discovers hes actually blue he finds joy ebullience and acceptance    Halls compositions    convey a strong sense of emotion Red captures his feelings    in an exuberant farreaching sky Smartly designed and appealing Reds story offers much for discussion and affirmation Kirkus Reviews Review Crayon Red may be labeled red but he colors blue    Once he lets go of his label and proclaims Im blue everything turns around    Smart design bold colors and sharp details keep the story both effective and amusing Horn Book Magazine Review Red is a crayon and children will see his problem right away his label reads red but hes blue    The overly cheerful encouragement Red endures will sound familiar to any child whos struggled to perform    Unexpectedly affecting Publishers Weekly Review A fresh approach to colors and feelings    Readers will share the all the emotional elements of the talehumor despair sadness frustration and finally excitement Booklist starred review Review Funny and poignant    Halls latest picture book is all about staying true to oneself no matter what others say    Witty and heartwarming and sure to become a favorite for children and adults alike School Library Journal Review A smart insightful comingofage story for the youngest readers Shelf Awareness Review This story of mistaken identity has a simple yet profound premise that makes it feel fresh USA Today Synopsis A blue crayon mistakenly labeled as red suffers an identity crisis in this picture book by the New York Times bestselling creator of My Heart Is Like a Zoo This funny heartwarming colorful picture book about finding the courage to be true to your inner self can be read on multiple levels and it offers something for everyone Funny insightful and colorful Red A Crayons Story is about being true to your inner self and following your own path despite obstacles that may come your way Red will appeal to fans of Lois Ehlert Eric Carle and The Day the Crayons Quit  and makes a great gift for readers of any age Red has a bright red label but he is in fact blue His teacher tries to help him be red lets draw strawberries  his mother tries to help him be red by sending him out on a playdate with a yellow classmate go draw a nice orange  and the scissors try to help him be red by snipping his label so that he has room to breathe But Red is miserable He just cant be red no matter how hard he tries Finally a brandnew friend offers a brandnew perspective and Red discovers what readers have known all along Hes blue Synopsis This is a story about a crayon I know I wrote it for you About the Author Michael Hall was once a scientist and has always been a Frankenstein fan He is the creator of several acclaimed picture books for children including My Heart Is Like a Zoo  Perfect Square  and Its an Orange Aardvark He lives with his family in Minneapolis Minnesota Michael Hall was once a scientist and has always been a Frankenstein fan He is the creator of several acclaimed picture books for children including My Heart Is Like a Zoo  Perfect Square  and Its an Orange Aardvark He lives with his family in Minneapolis Minnesota What Our Readers Are Saying Be the first to share your thoughts on this title Product Details ISBN 9780062252074 Binding Hardcover Publication date 02032015 Publisher GREENWILLOW BOOKS Pages 40 Height 30IN Width 840IN Thickness 25 Age Range 4 to 8 Grade Range P to 3 Illustration Yes Author Michael Hall Author Michael Hall Subject Children s Young AdultSocial Issue Fiction 998 List Price 1899 Used Hardcover Ships in 1 to 3 days Qty Store 4 Burnside 8 Cedar Hills 2 Hawthorne 20 Local Warehouse More copies of this ISBN New Hardcover Starting from 1799 Used Hardcover Starting from 1195 1 LOCOK 1 LOCOK LOCCancel 1 LOCOK LOCCancel 1 LOCOK 1 LOCOK LOCCancel 1 LOCOK LOCCancel 1 LOCOK 1 LOCOK LOCCancel 1 LOCOK LOCCancel 1 LOCOK 1 LOCOK LOCCancel 1 LOCOK LOCCancel Help Guarantee My Account Careers About Us Security Wish List Partners Contact Us Shipping Transparency ACT MRF Sitemap  2022 POWELLSCOM Terms 1 LOCOK 1 LOCOK LOCCancel 1 LOCOK LOCCancel 1 LOCOK 1 LOCOK LOCCancel 1 LOCOK LOCCancel 1 LOCOK 1 LOCOK LOCCancel 1 LOCOK LOCCancel 1 LOCOK 1 LOCOK LOCCancel 1 LOCOK LOCCancel",
    "page_rank": 3.7747874787349726e-05
}