{
    "Title": " Hidden Figures ",
    "Author": "Margot Lee Shetterly",
    "Cover Page": "https://powells-covers-2.s3.amazonaws.com/9780062363602.jpg",
    "ISBN10": "0062363603  \n",
    "ISBN13": "9780062363602",
    "Page URL": "https://powells.com/book/hidden-figures-9780062363602",
    "raw_text": "Hidden Figures The American Dream and the Untold Story of the Black Women Mathematicians Who Helped Win the Space Race Shetterly Margot Lee Trade Paperback 9780062363602 Powells Books Cart   my account  wish list  help  8008787323 Hello\n Login MENU Browse New Arrivals Bestsellers Featured Preorders Award Winners Audio Books See All Subjects Used Staff Picks Staff Picks Picks of the Month Bookseller Displays 50 Books for 50 Years 25 Best 21st Century SciFi  Fantasy 25 PNW Books to Read Before You Die 25 Books From the 21st Century 25 Memoirs to Read Before You Die 25 Global Books to Read Before You Die 25 Women to Read Before You Die 25 Books to Read Before You Die Gifts Gift Cards  eGift Cards Powells Souvenirs Journals and Notebooks socks Games Sell Books Blog Events Find A Store Dont Miss BIG SALE 20 off sitewide Picks of the Season What Im Giving Great Gifts Under 25 Best Books of 2022 Powells Author Events Oregon Battle of the Books Audio Books Visit Our Stores Powells Books 14 Gift Ideas From 14 of Our Favorite Authors 0 comment Every year Powells reaches out to some of our favorite authors for some muchneeded giftgiving inspiration Below are 14 writerapproved recommendations to help you find the perfect book for even your mostdifficulttobuyfor loved one Read More  Powells Staff Best Books of 2022 Fiction 1 comment Kelsey Ford 6 Haunting Native American Horror Books 1 comment 1 LOCOK 1 LOCOK LOCCancel 1 LOCOK LOCCancel Hidden Figures by Margot Lee Shetterly Comment on this title Synopses  Reviews ISBN13 9780062363602 ISBN10 0062363603 Condition Standard All Product Details View Larger Image View Larger Images 1095 List Price 1799 Used Trade Paperback Ships in 1 to 3 days Qty Store 16 Burnside 9 Cedar Hills 3 Hawthorne 15 Local Warehouse Synopses  Reviews Publisher Comments The 1 New York Times bestseller The phenomenal true story of the black female mathematicians at NASA whose calculations helped fuel some of Americas greatest achievements in space Soon to be a major motion picture starring Taraji P Henson Octavia Spencer Janelle Monae Kirsten Dunst and Kevin Costner Before John Glenn orbited the earth or Neil Armstrong walked on the moon a group of dedicated female mathematicians known as human computers used pencils slide rules and adding machines to calculate the numbers that would launch rockets and astronauts into space Among these problemsolvers were a group of exceptionally talented African American women some of the brightest minds of their generation Originally relegated to teaching math in the Souths segregated public schools they were called into service during the labor shortages of World War II when Americas aeronautics industry was in dire need of anyone who had the right stuff Suddenly these overlooked math whizzes had a shot at jobs worthy of their skills and they answered Uncle Sams call moving to Hampton Virginia and the fascinating highenergy world of the Langley Memorial Aeronautical Laboratory Even as Virginias Jim Crow laws required them to be segregated from their white counterparts the women of Langleys allblack West Computing group helped America achieve one of the things it desired most a decisive victory over the Soviet Union in the Cold War and complete domination of the heavens Starting in World War II and moving through to the Cold War the Civil Rights Movement and the Space Race Hidden Figures follows the interwoven accounts of Dorothy Vaughan Mary Jackson Katherine Johnson and Christine Darden four African American women who participated in some of NASAs greatest successes It chronicles their careers over nearly three decades they faced challenges forged alliances and used their intellect to change their own lives and their countrys future Review Restoring the truth about individuals who were at once black women and astounding mathematicians in a world that was constructed to stymie them at every step is no easy task Shetterly does it with the depth and detail of a skilled historian and the narrative aplomb of a masterful storyteller Bookreportercom Review Much as Tom Wolfe did in The Right Stuff  Shetterly moves gracefully between the womens lives and the broader sweep of history    Shetterly who grew up in Hampton blends impressive research with an enormous amount of heart in telling these stories Boston Globe Review Meticulous the depth and detail that are the books strength make it an effective factbased rudder with which wouldbe scientists and their allies can stabilize their flights of fancy This hardworking earnest book is the perfect foil for the glamour still to come Seattle Times About the Author Margot Lee Shetterly grew up in Hampton Virginia where she knew many of the women in her book Hidden Figures  She is an Alfred P Sloan Foundation Fellow and the recipient of a Virginia Foundation for the Humanities grant for her research on women in computing She lives in Charlottesville Virginia What Our Readers Are Saying Be the first to share your thoughts on this title Product Details ISBN 9780062363602 Binding Trade Paperback Publication date 12062016 Publisher WILLIAM MORROW  COMPANY INC Pages 368 Height 100IN Width 520IN Author Margot Lee Shetterly Media Run Time B 1095 List Price 1799 Used Trade Paperback Ships in 1 to 3 days Qty Store 16 Burnside 9 Cedar Hills 3 Hawthorne 15 Local Warehouse More copies of this ISBN New Trade Paperback 1799 Used Trade Paperback 795 1 LOCOK 1 LOCOK LOCCancel 1 LOCOK LOCCancel 1 LOCOK 1 LOCOK LOCCancel 1 LOCOK LOCCancel 1 LOCOK 1 LOCOK LOCCancel 1 LOCOK LOCCancel 1 LOCOK 1 LOCOK LOCCancel 1 LOCOK LOCCancel Help Guarantee My Account Careers About Us Security Wish List Partners Contact Us Shipping Transparency ACT MRF Sitemap  2022 POWELLSCOM Terms 1 LOCOK 1 LOCOK LOCCancel 1 LOCOK LOCCancel 1 LOCOK 1 LOCOK LOCCancel 1 LOCOK LOCCancel 1 LOCOK 1 LOCOK LOCCancel 1 LOCOK LOCCancel 1 LOCOK 1 LOCOK LOCCancel 1 LOCOK LOCCancel",
    "page_rank": 0.00010115701922064502
}