{
    "Title": " American Sniper the Autobiography of the Most Lethal Sniper in US Military History ",
    "Author": "Chris Kyle, Scott Mcewen, Jim Defelice",
    "Cover Page": "https://covers.powells.com/9780062238863.jpg",
    "ISBN10": "0062238868  \n",
    "ISBN13": "9780062238863",
    "Page URL": "https://powells.com/book/american-sniper-the-autobiography-of-the-most-lethal-sniper-in-us-military-history-9780062238863",
    "raw_text": "American Sniper the Autobiography of the Most Lethal Sniper in US Military History Chris Kyle Scott Mcewen Jim Defelice Mass Market 9780062238863 Powells Books Cart   my account  wish list  help  8008787323 Hello\n Login MENU Browse New Arrivals Bestsellers Featured Preorders Award Winners Audio Books See All Subjects Used Staff Picks Staff Picks Picks of the Month Bookseller Displays 50 Books for 50 Years 25 Best 21st Century SciFi  Fantasy 25 PNW Books to Read Before You Die 25 Books From the 21st Century 25 Memoirs to Read Before You Die 25 Global Books to Read Before You Die 25 Women to Read Before You Die 25 Books to Read Before You Die Gifts Gift Cards  eGift Cards Powells Souvenirs Journals and Notebooks socks Games Sell Books Blog Events Find A Store Dont Miss BIG SALE 20 off sitewide Picks of the Season What Im Giving Great Gifts Under 25 Best Books of 2022 Powells Author Events Oregon Battle of the Books Audio Books Visit Our Stores Powells Books 14 Gift Ideas From 14 of Our Favorite Authors 0 comment Every year Powells reaches out to some of our favorite authors for some muchneeded giftgiving inspiration Below are 14 writerapproved recommendations to help you find the perfect book for even your mostdifficulttobuyfor loved one Read More  Powells Staff Best Books of 2022 Fiction 1 comment Kelsey Ford 6 Haunting Native American Horror Books 1 comment 1 LOCOK 1 LOCOK LOCCancel 1 LOCOK LOCCancel American Sniper the Autobiography of the Most Lethal Sniper in US Military History by Chris Kyle Scott Mcewen Jim Defelice Comment on this title Synopses  Reviews ISBN13 9780062238863 ISBN10 0062238868 Condition Standard All Product Details View Larger Image View Larger Images 650 List Price 999 Used Mass Market Ships in 1 to 3 days Qty Store 2 Cedar Hills Synopses  Reviews Publisher Comments The companion volume to the multimillioncopy classic No Easy Day by former Navy SEAL Mark Owen reveals the evolution of a SEAL Team Six operator and160 Mark Owenand8217s instant 1 New York Times bestseller No Easy Day The Firsthand Account of the Mission that Killed Osama bin Laden  focused on the highprofile targets and headlinegrabbing chapters of the authorand8217s thirteen years as a Navy SEAL His followup No Hero  offers a rare counterpoint an account of Owenand8217s most personally meaningful missions missions that never made headlines including the moments in which he learned the most about himself and his teammates in both success and failure and160 and147I want No Hero to offer something most books on war donand8217t the intimate side of it the personal struggles and hardships and what I learned from themand8221 says Owen and147The stories in No Hero are a testament to my teammates and to all the other active and former SEALs who have dedicated their lives to freedom In our community we are constantly taught to mentor the younger generation and to pass the lessons and values weand8217ve learned on to others so that they can do the same for the guys coming up after them This is what I hope I have done for readers of No Hero and8221 and160 Every bit as actionpacked as No Easy Day  and featuring stories from the training ground to the battlefield No Hero offers readers a neverbeforeseen closeup view of the experiences and values that make Mark Owen and the SEALs he served with capable of executing the missions we read about in the headlines Review In the community of elite warriors one man has risen above our ranks and distinguished himself as unique Chris Kyle is that man A master sniper Chris has done and seen things that will be talked about for generations to come Marcus Luttrell former USN SEAL recipient of the Navy Cross for extraordinary heroism under fire 1 bestselling author of Lone Survivor Review The raw and unforgettable narrative of the making of our countrys recordholding sniper Chris Kyles memoir is a powerful book both in terms of combat action and human drama Chief Kyle is a true American warrior down to the bone the Carlos Hathcock of a new generation Charles W Sasser Green Beret US Army Ret and author of One Shot One Kill Review  American Sniper is the inside story of what its like to be in war A brave warrior and patriot Chris Kyle writes frankly about the missions personal challenges and hard choices that are part of daily life of an elite SEAL Sniper Its a classic Richard Marcinko USN Ret First Commanding Officer of SEAL Team Six and 1 bestselling author of Rogue Warrior Review EloquentAn aggressively written account of frontline combat with plenty of action Kirkus Reviews Review Reads like a firstperson thriller narrated by a sniper The barebones facts are stunningA firstrate military memoir Booklist Review 1 NEW YORK TIMES BESTSELLER No Source Review My favorite book of the year Chris Kyles American Sniper is an amazingly detailed account of fighting in Iraq  a humanizing brave story thats extremely readable PATRICIA CORNWELL  i New York Times Book Review  Review Praise forand160 No Hero Simple welltold stories that will interest general readers and certainly anyone contemplating a career in special operations and160 Kirkus Reviews Review Praise for No Easy Day This harrowing minutebyminute account by one of the highly trained members of Navy SEAL Team Six is narrative nonfiction at its most gripping taking the reader through the mountains of Afghanistan and inside the slightly dilapidatedlooking family compound in Pakistan  Entertainment Weekly and160 and8220The Bin Laden story is the marquee event in No Easy Day  of course But the formative steps in the authorand8217s own story are just as grippingand8221 and8211Janet Maslin New York Times and160 and8220The book is a stomachtwisting closeup look at that historic mission in Abbottabad told from the point of view of a superelite member of SEAL Team Six who fired a bullet into bin Laden and helped carry away the corpse Written in clean polished prose No Easy Day often reads like a gripping novel as the author recounts remarkably vivid details No Easy Day puts you right there for every tense momentand8221 and8211 Entertainment Weekly and160  A cast of characters including Owen himself artfully drawn yet painfully human passionate descriptions of a lifestyle that few are privy to as well as its breathlessly paced inexorable march toward an inevitableand160endingand8230its a remarkably intimate glimpse into what motivates men striving to join an elite fighting force like the SEALS and8212 and what keeps themand160thereand8221 Associated Press and160 and8220Make no mistake No Easy Day is an important historic document Think if we had a firstperson account of the last minutes of Hitler in his bunker No Easy Day is brisk and compelling in its telling of the training execution and immediate aftermath of the Bin Laden mission by the elite Seal Team Sixand8221  Los Angeles Times and160 and8220Mark Owen has given us a brave retelling of one of the most important events in US military historyand8221and160  People Magazine and160 and8220The writing is fastpaced and Owen and Maurer tell some good yarns in a conversational style They also neatly capture the camaraderie the pranks the constant training and the evident love that the men of SEAL Team 6 have for their jobs  Washington Post Review Chris Kyle tells his story with the same courage and grit he displayed in life and on the battlefield American Sniper is a compelling read CLINT EASTWOOD Synopsis The 1 New York Times bestselling memoir of US Navy Seal Chris Kyle and the source for Clint Eastwood s blockbuster movie which was nominated for six academy awards including best picture From 1999 to 2009 US Navy SEAL Chris Kyle recorded the most career sniper kills in United States military history His fellow American warriors whom he protected with deadly precision from rooftops and stealth positions during the Iraq War called him The Legend meanwhile the enemy feared him so much they named him alShaitan  the devil  and placed a bounty on his head Kyle who was tragically killed in 2013 writes honestly about the pain of war including the deaths of two close SEAL teammates and in moving firstperson passages throughout his wife Taya speaks openly about the strains of war on their family as well as on Chris Gripping and unforgettable Kyle s masterful account of his extraordinary battlefield experiences ranks as one of the great war memoirs of all time  Synopsis The 1 New York Times bestselling memoir of US Navy Seal Chris Kyle and the source for Clint Eastwoods blockbuster AcademyAward nominated movie An amazingly detailed account of fighting in Iraqa humanizing brave story thats extremely readable  PATRICIA CORNWELL New York Times Book Review JawdroppingUndeniably riveting  RICHARD ROEPER Chicago SunTimes From 1999 to 2009 US Navy SEAL Chris Kyle recorded the most career sniper kills in United States military history His fellow American warriors whom he protected with deadly precision from rooftops and stealth positions during the Iraq War called him The Legend meanwhile the enemy feared him so much they named him alShaitan the devil and placed a bounty on his head Kyle who was tragically killed in 2013 writes honestly about the pain of warincluding the deaths of two close SEAL teammatesand in moving firstperson passages throughout his wife Taya speaks openly about the strains of war on their family as well as on Chris Gripping and unforgettable Kyles masterful account of his extraordinary battlefield experiences ranks as one of the great war memoirs of all time Synopsis SOON TO BE A MAJOR MOTION PICTURE DIRECTED BY CLINT EASTWOOD Gripping eyeopening and powerful American Sniper is the astonishing autobiography of SEAL Chief Chris Kyle who is the recordholding sniper in US military history Kyle has more than 150 officially confirmed kills the previous American record was 109 though his remarkable career total has not been made public by the Pentagon In this New York Times bestselling memoir Kyle shares the true story of his extraordinary decadelong career including his multiple combat tours in Iraq Operation Iraqi Freedom and elsewhere from 19992009 Kyles riveting firstperson account of how he went from Texas rodeo cowboy to expert marksman and feared assassin offers a fascinating view of modernday warfare and one of the most indepth and illuminating looks into the secret world of Special Ops ever written Synopsis NOW A BLOCKBUSTER MOTION PICTURE DIRECTED BY CLINT EASTWOODNOMINATED FOR SIX ACADEMY AWARDS INCLUDING BEST PICTURE He is the deadliest American sniper ever called the devil by the enemies he hunted and the legend by his Navy SEAL brothers    From 1999 to 2009 US Navy SEAL Chris Kyle recorded the most career sniper kills in United States military history The Pentagon has officially confirmed more than 150 of Kyles kills the previous American record was 109 but it has declined to verify the astonishing total number for this book Iraqi insurgents feared him so much they placed a bounty on his head Kyle earned legendary status among his fellow US warriors whom he protected with deadly accuracy from rooftops and stealth positions Gripping and unforgettable Kyles masterful account of his extraordinary battlefield experiences ranks as one of the great war memoirs of all time Synopsis NOW A BLOCKBUSTER MOTION PICTURE DIRECTED BY CLINT EASTWOODNOMINATED FOR SIX ACADEMY AWARDS INCLUDING BEST PICTURE From 1999 to 2009 US Navy Seal Chris Kyle recorded the most career sniper kills in United States military history His fellow American warriors whom he protected with deadly precision from rooftops and stealth positions during the Iraq War called him The Legend meanwhile the enemy feared him so much they named him alShaitan the devil and placed a bounty on his head Kyle who was tragically killed in 2013 writes honestly about the pain of warincluding the deaths of two close SEAL teammatesand in moving firstperson passages throughout his wife Taya speaks openly about the strains of war on their family as well as on Chris Gripping and unforgettable Kyles masterful account of his extraordinary battlefield experiences ranks as one of the great war memoirs of all time About the Author SEAL Team 3 Chief Chris Kyle 19742013 was awarded two Silver Stars five Bronze Stars with Valor and numerous other citations Following four combat tours in Iraq he became chief instructor for training Naval Special Warfare sniper teams He is the author of American Gun A History of the US in Ten Firearms  A native Texan Kyle is survived by his wife Taya and their two children Scott McEwen is a trial lawyer in San Diego Jim DeFelice is the coauthor of Chris Kyles 1 New York Times bestseller American Sniper He also is the author of Omar Bradley General at War  the first indepth critical biography of Americas last fivestar general and the coauthor of the New York Times bestseller Code Name Johnny Walker The Extraordinary Story of the Iraqi Who Risked Everything to Fight with the US Navy SEALs  He writes acclaimed military thrillers including the Rogue Warrior series from Richard Marcinko founder of SEAL Team 6 and the novels in the Dreamland series with Dale Brown 4 5 What Our Readers Are Saying Share your thoughts on this title Average customer rating 4 5 comments  Dean Marks  May 11 2017 American Sniper is a book written by Chris Kyle a stereotypical Texas man through and through and later to be navy SEAL sniper Leading the life a ranch hand and performing in rodeos for a good portion of his life However unlike a Texan he went to college for two years although its not much it still is college at Tarleton State After going to school he originally want to go into a different branch of the armed forces rather than the navy and becoming a SEAL When he originally applied to be part of the navy he was declined Then a random day the navy called him and asked if he wanted in He talks a lot about his training and how hard it was to get past basic training to become a seal All throughout the book he talks very much about his country and hate toward anyone that would harm it sometimes taking it too far Even at a ball game when someone talks during the anthem or doesnt take off his hat it psses me off Im not one to be quiet about iteither Kyle 113 It talks in great detail about what goes on in war and when someone is deployed In the beginning of the book he orders his priorities like this If I had to order my priorities they would be God Country Family Kyle 20 Throughout the book you see these priorities change you can see this with his marriage and a number of other things All of this is because of war and what it does to people which I believe is a big message in this book Was this comment helpful  Yes  No report this\ncomment  JayDe Reinhard  May 10 2017 The American Sniper novel is a true story about the authors journeys and conflicts Chris Kyle is the author and the narrator of the book He lets the reader visualize the story line from when he was a redneck cowboy to becoming a branch in the military Chris was raised in the state of Texas and had a fond for rodeos and shooting Then he decided to join the military to serve and protect the United States Chris was routed to the SEALs and sent off to a major war zone at the time Iraq Before he left he became married and overseas he had a child Since Chris was a skilled marksman with his rifle he became a sniper Over time on his tours he racked up so many confirmed kills everyone called him the legend On his tours he found many struggles and war conflicts between him and the Iraqis\nChriss philosophy through the book is the reason why he is in the war fighting He mentions his pride and honor for his country This really makes me enthusiastic and happy throughout the novel Making me realize how good of a man he is Ive lived the literal meaning of the land of the free and home of the brave Its not corny for me I feel it in my heart I feel it in my chest Even at a ball game when someone talks during the anthem or doesnt take off his hat it ticks me off Im not one to be quiet about it either Was this comment helpful  Yes  No report this\ncomment  Kylee C  May 10 2017 The novel is a life story about a man named Chris Kyle who was titled the most lethal sniper in American history Chris is described an exceptional man husband and father From horse riding to Navy SEALS Chriss life story is absolutely beautiful This novel explains the struggles and memorable moments that Chris experienced in his life Since the beginning Chris has always protected those he loved From his brother being bullied to his deployment brothers almost being killed Chris is always one to save and protect Chris is faced with many challenges during his career family being the most important and him never being home to experience his childrens life changing moments with his wife The book provides a variety of thoughts of how you view your life Was this comment helpful  Yes  No report this\ncomment  Janiel F  May 10 2017 In his autobiography American Sniper Kyle describes his life starting from his humble beginnings in northcentral Texas to his decision to serve his country through the brutal training it takes to be a part of the military and through all the happenings of war in the Middle East He saved his fellow soldiers on more than one occasion and recorded the second longest sniper shot in history at over a mile And being a father and husband as well as a soldier he always had something to worry about Written with brutal honesty Chris Kyles narration reveals the mindset of a soldier and addresses the many questions of morality that people accompany with the war Readers get to see his account as he copes with loss trauma and trying to serve both his family and country All too often people form their opinion on war without ever knowing everything that the soldiers go through And while many readers of American Sniper will never have to experience those same things Chris Kyles disturbing honesty with all the happenings of war will leave readers awestruck and astonished with his firsthand account of the frontlines I personally found the book to be very captivating and anyone mature enough to handle his autobiography wont be able to put it down Kyles masterful account of a war veteran is thrilling in a way only he could tell it Was this comment helpful  Yes  No report this\ncomment  writermala  May 31 2016 view all comments by writermala I started reading this book as part of a Big Read I must confess I couldnt get into it But once Id read a little it got quite gripping The book is not all about one man killing tens of hundreds of enemy soldiers On the contrary the most telling comment that Chris Kyle makes in the book is Its not about the people you saved that you remember its the ones you couldnt save We who are blase about war and sit on our couches and discuss the merits and demerits of an encounter ought to read this book which tells it from the frontlines Was this comment helpful  Yes  No report this\ncomment View all 5 comments Product Details ISBN 9780062238863 Binding Mass Market Publication date 01292013 Publisher HARPERCOLLINS PUBLISHERS Pages 448 Height 110IN Width 410IN Thickness 125 Series Volume The Evolution of a N Author Scott Mcewen Author Jim DeFelice Author Chris Kyle Author Jim DeFelice Author Scott Mcewen Subject BiographyMilitary 650 List Price 999 Used Mass Market Ships in 1 to 3 days Qty Store 2 Cedar Hills More copies of this ISBN New Mass Market 999 Used Mass Market Starting from 495 1 LOCOK 1 LOCOK LOCCancel 1 LOCOK LOCCancel 1 LOCOK 1 LOCOK LOCCancel 1 LOCOK LOCCancel 1 LOCOK 1 LOCOK LOCCancel 1 LOCOK LOCCancel 1 LOCOK 1 LOCOK LOCCancel 1 LOCOK LOCCancel Help Guarantee My Account Careers About Us Security Wish List Partners Contact Us Shipping Transparency ACT MRF Sitemap  2022 POWELLSCOM Terms 1 LOCOK 1 LOCOK LOCCancel 1 LOCOK LOCCancel 1 LOCOK 1 LOCOK LOCCancel 1 LOCOK LOCCancel 1 LOCOK 1 LOCOK LOCCancel 1 LOCOK LOCCancel 1 LOCOK 1 LOCOK LOCCancel 1 LOCOK LOCCancel",
    "page_rank": 4.443065388585254e-05
}