{
    "Title": " The Night Watchman - Large Print Edition ",
    "Author": "Louise Erdrich",
    "Cover Page": "https://powells-covers-2.s3.amazonaws.com/9780062979131.jpg",
    "ISBN10": "0062979132  \n",
    "ISBN13": "9780062979131",
    "Page URL": "https://powells.com/book/the-night-watchman-large-print-edition-9780062979131",
    "raw_text": "The Night Watchman Louise Erdrich Trade Paperback 9780062979131 Powells Books Cart   my account  wish list  help  8008787323 Hello\n Login MENU Browse New Arrivals Bestsellers Featured Preorders Award Winners Audio Books See All Subjects Used Staff Picks Staff Picks Picks of the Month Bookseller Displays 50 Books for 50 Years 25 Best 21st Century SciFi  Fantasy 25 PNW Books to Read Before You Die 25 Books From the 21st Century 25 Memoirs to Read Before You Die 25 Global Books to Read Before You Die 25 Women to Read Before You Die 25 Books to Read Before You Die Gifts Gift Cards  eGift Cards Powells Souvenirs Journals and Notebooks socks Games Sell Books Blog Events Find A Store Dont Miss BIG SALE 20 off sitewide Picks of the Season What Im Giving Great Gifts Under 25 Best Books of 2022 Powells Author Events Oregon Battle of the Books Audio Books Visit Our Stores Powells Books 14 Gift Ideas From 14 of Our Favorite Authors 0 comment Every year Powells reaches out to some of our favorite authors for some muchneeded giftgiving inspiration Below are 14 writerapproved recommendations to help you find the perfect book for even your mostdifficulttobuyfor loved one Read More  Powells Staff Best Books of 2022 Fiction 1 comment Kelsey Ford 6 Haunting Native American Horror Books 1 comment 1 LOCOK 1 LOCOK LOCCancel 1 LOCOK LOCCancel The Night Watchman  Large Print Edition by Louise Erdrich Comment on this title Synopses  Reviews ISBN13 9780062979131 ISBN10 0062979132 All Product Details View Larger Image View Larger Images 3099 New Trade Paperback Ships in 1 to 3 days Qty Store 10 Local Warehouse Synopses  Reviews Synopsis Based on the extraordinary life of National Book Awardwinning author Louise Erdrichs grandfather who worked as a night watchman and carried the fight against Native dispossession from rural North Dakota all the way to Washington DC this powerful novel explores themes of love and death with lightness and gravity and unfolds with the elegant prose sly humor and depth of feeling of a master craftsman Thomas Wazhushk is the night watchman at the jewel bearing plant the first factory located near the Turtle Mountain Reservation in rural North Dakota He is also a Chippewa Council member who is trying to understand the consequences of a new emancipation bill on its way to the floor of the United States Congress It is 1953 and he and the other council members know the bill isnt about freedom Congress is fed up with Indians The bill is a termination that threatens the rights of Native Americans to their land and their very identity How can the government abandon treaties made in good faith with Native Americans for as long as the grasses shall grow and the rivers run Since graduating high school Pixie Paranteau has insisted that everyone call her Patrice Unlike most of the girls on the reservation Patrice the class valedictorian has no desire to wear herself down with a husband and kids She makes jewel bearings at the plant a job that barely pays her enough to support her mother and brother Patrices shameful alcoholic father returns home sporadically to terrorize his wife and children and bully her for money But Patrice needs every penny to follow her beloved older sister Vera who moved to the big city of Minneapolis Vera may have disappeared she hasnt been in touch in months and is rumored to have had a baby Determined to find Vera and her child Patrice makes a fateful trip to Minnesota that introduces her to unexpected forms of exploitation and violence and endangers her life Thomas and Patrice live in this impoverished reservation community along with young Chippewa boxer Wood Mountain and his mother Juggie Blue her niece and Patrices best friend Valentine and Stack Barnes the white high school math teacher and boxing coach who is hopelessly in love with Patrice In the Night Watchman  Louise Erdrich creates a fictional world populated with memorable characters who are forced to grapple with the worst and best impulses of human nature Illuminating the loves and lives the desires and ambitions of these characters with compassion wit and intelligence The Night Watchman is a majestic work of fiction from this revered cultural treasure Synopsis New York Times Bestseller Based on the extraordinary life of National Book Awardwinning author Louise Erdrichs grandfather who worked as a night watchman and carried the fight against Native dispossession from rural North Dakota all the way to Washington DC this powerful novel explores themes of love and death with lightness and gravity and unfolds with the elegant prose sly humor and depth of feeling of a master craftsman Thomas Wazhashk is the night watchman at the jewel bearing plant the first factory located near the Turtle Mountain Reservation in rural North Dakota He is also a Chippewa Council member who is trying to understand the consequences of a new emancipation bill on its way to the floor of the United States Congress It is 1953 and he and the other council members know the bill isnt about freedom Congress is fed up with Indians The bill is a termination that threatens the rights of Native Americans to their land and their very identity How can the government abandon treaties made in good faith with Native Americans for as long as the grasses shall grow and the rivers run Since graduating high school Pixie Paranteau has insisted that everyone call her Patrice Unlike most of the girls on the reservation Patrice the class valedictorian has no desire to wear herself down with a husband and kids She makes jewel bearings at the plant a job that barely pays her enough to support her mother and brother Patrices shameful alcoholic father returns home sporadically to terrorize his wife and children and bully her for money But Patrice needs every penny to follow her beloved older sister Vera who moved to the big city of Minneapolis Vera may have disappeared she hasnt been in touch in months and is rumored to have had a baby Determined to find Vera and her child Patrice makes a fateful trip to Minnesota that introduces her to unexpected forms of exploitation and violence and endangers her life Thomas and Patrice live in this impoverished reservation community along with young Chippewa boxer Wood Mountain and his mother Juggie Blue her niece and Patrices best friend Valentine and Stack Barnes the white high school math teacher and boxing coach who is hopelessly in love with Patrice In the Night Watchman  Louise Erdrich creates a fictional world populated with memorable characters who are forced to grapple with the worst and best impulses of human nature Illuminating the loves and lives the desires and ambitions of these characters with compassion wit and intelligence The Night Watchman is a majestic work of fiction from this revered cultural treasure Synopsis NEW YORK TIMES BESTSELLER WASHINGTON POST BEST BOOK OF 2020 AMAZON BEST BOOK OF 2020 NPR BEST BOOK OF 2020 KIRKUS REVIEWS BEST FICTION OF 2020 CHICAGO PUBLIC LIBRARYS BEST OF THE BEST GOOD HOUSEKEEPING BEST BOOK OF 2020 Based on the extraordinary life of National Book Awardwinning author Louise Erdrichs grandfather who worked as a night watchman and carried the fight against Native dispossession from rural North Dakota all the way to Washington DC this powerful novel explores themes of love and death with lightness and gravity and unfolds with the elegant prose sly humor and depth of feeling of a master craftsman Thomas Wazhashk is the night watchman at the jewel bearing plant the first factory located near the Turtle Mountain Reservation in rural North Dakota He is also a Chippewa Council member who is trying to understand the consequences of a new emancipation bill on its way to the floor of the United States Congress It is 1953 and he and the other council members know the bill isnt about freedom Congress is fed up with Indians The bill is a termination that threatens the rights of Native Americans to their land and their very identity How can the government abandon treaties made in good faith with Native Americans for as long as the grasses shall grow and the rivers run Since graduating high school Pixie Paranteau has insisted that everyone call her Patrice Unlike most of the girls on the reservation Patrice the class valedictorian has no desire to wear herself down with a husband and kids She makes jewel bearings at the plant a job that barely pays her enough to support her mother and brother Patrices shameful alcoholic father returns home sporadically to terrorize his wife and children and bully her for money But Patrice needs every penny to follow her beloved older sister Vera who moved to the big city of Minneapolis Vera may have disappeared she hasnt been in touch in months and is rumored to have had a baby Determined to find Vera and her child Patrice makes a fateful trip to Minnesota that introduces her to unexpected forms of exploitation and violence and endangers her life Thomas and Patrice live in this impoverished reservation community along with young Chippewa boxer Wood Mountain and his mother Juggie Blue her niece and Patrices best friend Valentine and Stack Barnes the white high school math teacher and boxing coach who is hopelessly in love with Patrice In the Night Watchman  Louise Erdrich creates a fictional world populated with memorable characters who are forced to grapple with the worst and best impulses of human nature Illuminating the loves and lives the desires and ambitions of these characters with compassion wit and intelligence The Night Watchman is a majestic work of fiction from this revered cultural treasure Synopsis NEW YORK TIMES BESTSELLER WASHINGTON POST AMAZON NPR CBS SUNDAY MORNING KIRKUS CHICAGO PUBLIC LIBRARY AND GOOD HOUSEKEEPING BEST BOOK OF 2020 Based on the extraordinary life of National Book Awardwinning author Louise Erdrichs grandfather who worked as a night watchman and carried the fight against Native dispossession from rural North Dakota all the way to Washington DC this powerful novel explores themes of love and death with lightness and gravity and unfolds with the elegant prose sly humor and depth of feeling of a master craftsman Thomas Wazhashk is the night watchman at the jewel bearing plant the first factory located near the Turtle Mountain Reservation in rural North Dakota He is also a Chippewa Council member who is trying to understand the consequences of a new emancipation bill on its way to the floor of the United States Congress It is 1953 and he and the other council members know the bill isnt about freedom Congress is fed up with Indians The bill is a termination that threatens the rights of Native Americans to their land and their very identity How can the government abandon treaties made in good faith with Native Americans for as long as the grasses shall grow and the rivers run Since graduating high school Pixie Paranteau has insisted that everyone call her Patrice Unlike most of the girls on the reservation Patrice the class valedictorian has no desire to wear herself down with a husband and kids She makes jewel bearings at the plant a job that barely pays her enough to support her mother and brother Patrices shameful alcoholic father returns home sporadically to terrorize his wife and children and bully her for money But Patrice needs every penny to follow her beloved older sister Vera who moved to the big city of Minneapolis Vera may have disappeared she hasnt been in touch in months and is rumored to have had a baby Determined to find Vera and her child Patrice makes a fateful trip to Minnesota that introduces her to unexpected forms of exploitation and violence and endangers her life Thomas and Patrice live in this impoverished reservation community along with young Chippewa boxer Wood Mountain and his mother Juggie Blue her niece and Patrices best friend Valentine and Stack Barnes the white high school math teacher and boxing coach who is hopelessly in love with Patrice In the Night Watchman  Louise Erdrich creates a fictional world populated with memorable characters who are forced to grapple with the worst and best impulses of human nature Illuminating the loves and lives the desires and ambitions of these characters with compassion wit and intelligence The Night Watchman is a majestic work of fiction from this revered cultural treasure Synopsis WINNER OF THE 2021 PULITZER PRIZE FOR FICTION NEW YORK TIMES BESTSELLER WASHINGTON POST AMAZON NPR CBS SUNDAY MORNING KIRKUS CHICAGO PUBLIC LIBRARY AND GOOD HOUSEKEEPING BEST BOOK OF 2020 Based on the extraordinary life of National Book Awardwinning author Louise Erdrichs grandfather who worked as a night watchman and carried the fight against Native dispossession from rural North Dakota all the way to Washington DC this powerful novel explores themes of love and death with lightness and gravity and unfolds with the elegant prose sly humor and depth of feeling of a master craftsman Thomas Wazhashk is the night watchman at the jewel bearing plant the first factory located near the Turtle Mountain Reservation in rural North Dakota He is also a Chippewa Council member who is trying to understand the consequences of a new emancipation bill on its way to the floor of the United States Congress It is 1953 and he and the other council members know the bill isnt about freedom Congress is fed up with Indians The bill is a termination that threatens the rights of Native Americans to their land and their very identity How can the government abandon treaties made in good faith with Native Americans for as long as the grasses shall grow and the rivers run Since graduating high school Pixie Paranteau has insisted that everyone call her Patrice Unlike most of the girls on the reservation Patrice the class valedictorian has no desire to wear herself down with a husband and kids She makes jewel bearings at the plant a job that barely pays her enough to support her mother and brother Patrices shameful alcoholic father returns home sporadically to terrorize his wife and children and bully her for money But Patrice needs every penny to follow her beloved older sister Vera who moved to the big city of Minneapolis Vera may have disappeared she hasnt been in touch in months and is rumored to have had a baby Determined to find Vera and her child Patrice makes a fateful trip to Minnesota that introduces her to unexpected forms of exploitation and violence and endangers her life Thomas and Patrice live in this impoverished reservation community along with young Chippewa boxer Wood Mountain and his mother Juggie Blue her niece and Patrices best friend Valentine and Stack Barnes the white high school math teacher and boxing coach who is hopelessly in love with Patrice In the Night Watchman  Louise Erdrich creates a fictional world populated with memorable characters who are forced to grapple with the worst and best impulses of human nature Illuminating the loves and lives the desires and ambitions of these characters with compassion wit and intelligence The Night Watchman is a majestic work of fiction from this revered cultural treasure What Our Readers Are Saying Be the first to share your thoughts on this title Product Details ISBN 9780062979131 Binding Trade Paperback Publication date 03032020 Publisher Harperluxe Pages 624 Height 160IN Width 590IN Large print Yes Author louise Erdrich 3099 New Trade Paperback Ships in 1 to 3 days Qty Store 10 Local Warehouse Receive an email when this ISBN is available used 1 LOCOK 1 LOCOK LOCCancel 1 LOCOK LOCCancel 1 LOCOK 1 LOCOK LOCCancel 1 LOCOK LOCCancel 1 LOCOK 1 LOCOK LOCCancel 1 LOCOK LOCCancel 1 LOCOK 1 LOCOK LOCCancel 1 LOCOK LOCCancel Help Guarantee My Account Careers About Us Security Wish List Partners Contact Us Shipping Transparency ACT MRF Sitemap  2022 POWELLSCOM Terms 1 LOCOK 1 LOCOK LOCCancel 1 LOCOK LOCCancel 1 LOCOK 1 LOCOK LOCCancel 1 LOCOK LOCCancel 1 LOCOK 1 LOCOK LOCCancel 1 LOCOK LOCCancel 1 LOCOK 1 LOCOK LOCCancel 1 LOCOK LOCCancel",
    "page_rank": 3.7747874787349726e-05
}