{
    "Title": " Seveneves ",
    "Author": "Neal Stephenson",
    "Cover Page": "https://powells-covers-2.s3.amazonaws.com/9780062334510.jpg",
    "ISBN10": "0062334514  \n",
    "ISBN13": "9780062334510",
    "Page URL": "https://powells.com/book/seveneves-9780062334510",
    "raw_text": "Seveneves Neal Stephenson Trade Paperback 9780062334510 Powells Books Cart   my account  wish list  help  8008787323 Hello\n Login MENU Browse New Arrivals Bestsellers Featured Preorders Award Winners Audio Books See All Subjects Used Staff Picks Staff Picks Picks of the Month Bookseller Displays 50 Books for 50 Years 25 Best 21st Century SciFi  Fantasy 25 PNW Books to Read Before You Die 25 Books From the 21st Century 25 Memoirs to Read Before You Die 25 Global Books to Read Before You Die 25 Women to Read Before You Die 25 Books to Read Before You Die Gifts Gift Cards  eGift Cards Powells Souvenirs Journals and Notebooks socks Games Sell Books Blog Events Find A Store Dont Miss BIG SALE 20 off sitewide Picks of the Season What Im Giving Great Gifts Under 25 Best Books of 2022 Powells Author Events Oregon Battle of the Books Audio Books Visit Our Stores Powells Books 14 Gift Ideas From 14 of Our Favorite Authors 0 comment Every year Powells reaches out to some of our favorite authors for some muchneeded giftgiving inspiration Below are 14 writerapproved recommendations to help you find the perfect book for even your mostdifficulttobuyfor loved one Read More  Powells Staff Best Books of 2022 Fiction 1 comment Kelsey Ford 6 Haunting Native American Horror Books 1 comment 1 LOCOK 1 LOCOK LOCCancel 1 LOCOK LOCCancel Seveneves by Neal Stephenson Comment on this title Synopses  Reviews ISBN13 9780062334510 ISBN10 0062334514 Condition Standard All Product Details View Larger Image View Larger Images 1350 List Price 1899 Used Trade Paperback Ships in 1 to 3 days Qty Store 1 Burnside 1 Cedar Hills 1 Hawthorne From Powellscom Powells Essential List 25 Best Scifi and Fantasy Books of the 21st Century So Far Staff Pick Neal Stephensons books seem to either have devoted fans or vocal detractors and Seveneves is perhaps the most polarizing book Ive ever read I have always enjoyed books that break the conventions of storytelling and while I was initially shocked at where Stephenson takes Seveneves twothirds of the way through the novel I quickly found myself happily along for the ride Seveneves explores what humanity will do when the moon inexplicably breaks apart eventually hurtling life on earth towards a global extinction event The goal is to convert the ISS into an Ark and create a new beginning for the human race Seveneves embraces Stephensons signature deep dives into a lot of very cool science But it is also an epic nailbiter of a tale with great characters that you will root for with every fiber of your being Recommended By Lesley A Powellscom Synopses  Reviews Publisher Comments From the 1 New York Times bestselling author of Anathem  Reamde  and Cryptonomicon comes an exciting and thoughtprovoking science fiction epica grand story of annihilation and survival spanning five thousand years What would happen if the world were ending A catastrophic event renders the earth a ticking time bomb In a feverish race against the inevitable nations around the globe band together to devise an ambitious plan to ensure the survival of humanity far beyond our atmosphere in outer space But the complexities and unpredictability of human nature coupled with unforeseen challenges and dangers threaten the intrepid pioneers until only a handful of survivors remain    Five thousand years later their progenyseven distinct races now three billion strongembark on yet another audacious journey into the unknown    to an alien world utterly transformed by cataclysm and time Earth A writer of dazzling genius and imaginative vision Neal Stephenson combines science philosophy technology psychology and literature in a magnificent work of speculative fiction that offers a portrait of a future that is both extraordinary and eerily recognizable As he did in Anathem  Cryptonomicon  the Baroque Cycle and Reamde  Stephenson explores some of our biggest ideas and perplexing challenges in a breathtaking saga that is daring engrossing and altogether brilliant Review The huge scope and enormous depth of the latest novel from Stephenson is impressive a major work of hard sf that all fans of the genre should read Library Journal starred review Review Stephensons remarkable novel is deceptively complex a disaster story and transhumanism tale that serves as the delivery mechanism for a series of technical and sociological visions theres a ton to digest but Stephensons lucid prose makes it worth the while Publishers Weekly starred review Review No slim fables or nerdy novellas for Stephenson his visions are epic and he requires whole worldsand in this case solar systemsto accommodate themWise witty utterly wellcrafted science fiction Kirkus Reviews About the Author Neal Stephenson is the author of Reamde  Anathem  and the threevolume historical epic the Baroque Cycle  Quicksilver  The Confusion  and The System of the World  as well as Cryptonomicon  The Diamond Age  Snow Crash  and Zodiac  He lives in Seattle Washington 45 2 What Our Readers Are Saying Share your thoughts on this title Average customer rating 45 2 comments  ADavidson  March 20 2018 I read this book when it came out and nearly three years later it remains with me powerfully Simply as a meditation on our attachment to things its haunting\nI love scifi as a genre but I still find multifaceted female characters fairly rare in maleauthored books but its those characters that make the Seveneves so sticky and in turn so powerful As his young men in Cryptomicon drove that endless story Dinah et al drive this one while remaining solidly in hard scifi territory Was this comment helpful  Yes  No report this\ncomment  Jeffrey Bluhm  November 05 2016 view all comments by Jeffrey Bluhm While Ive always enjoyed Stephensons books I was particularly anticipating the arrival of Seveneves after what I thought was the overwhelming success of Reamde I found myself a bit disappointed though specifying reasons without sounding like an arrogant critic is challenging Seveneves is epic in scope which somewhat limits the depth with which the main characters can be developed The jump to the far future at the 23 point of the novel doesnt help as we lose the characters weve been following and are introduced to an entirely new cast for the last third The science seems well grounded and is explained with Stephensons usual thoroughness throughout Stop here to avoid a minor spoiler alert The length to which various segments of humanity go to accentuate their origins in the latter third of the novel seems more calculated to allow the author to create differences primarily to fuel conflict rather than to speculate how the remnants of humanity might evolve in the proposed scenario Given the choice of one endoftheworld novel I think Id choose Lucifers Hammer by Niven and Pournelle One cannot deny the ambition behind Seveneves but I think the final effort may have fallen short of the authors best work Was this comment helpful  Yes  No report this\ncomment Product Details ISBN 9780062334510 Binding Trade Paperback Publication date 05172016 Publisher WILLIAM MORROW  COMPANY INC Pages 880 Height 140IN Width 520IN Author Neal Stephenson Media Run Time B 1350 List Price 1899 Used Trade Paperback Ships in 1 to 3 days Qty Store 1 Burnside 1 Cedar Hills 1 Hawthorne More copies of this ISBN New Trade Paperback 1899 This title in other editions Used Hardcover Starting from 1650 1 LOCOK 1 LOCOK LOCCancel 1 LOCOK LOCCancel 1 LOCOK 1 LOCOK LOCCancel 1 LOCOK LOCCancel 1 LOCOK 1 LOCOK LOCCancel 1 LOCOK LOCCancel 1 LOCOK 1 LOCOK LOCCancel 1 LOCOK LOCCancel Help Guarantee My Account Careers About Us Security Wish List Partners Contact Us Shipping Transparency ACT MRF Sitemap  2022 POWELLSCOM Terms 1 LOCOK 1 LOCOK LOCCancel 1 LOCOK LOCCancel 1 LOCOK 1 LOCOK LOCCancel 1 LOCOK LOCCancel 1 LOCOK 1 LOCOK LOCCancel 1 LOCOK LOCCancel 1 LOCOK 1 LOCOK LOCCancel 1 LOCOK LOCCancel",
    "page_rank": 0
}