{
    "Title": " Recipe for Persuasion ",
    "Author": "Sonali Dev",
    "Cover Page": "https://powells-covers-2.s3.amazonaws.com/9780062839077.jpg",
    "ISBN10": "0062839071  \n",
    "ISBN13": "9780062839077",
    "Page URL": "https://www.powells.com/book/recipe-for-persuasion-9780062839077/1-5",
    "raw_text": "Recipe for Persuasion Sonali Dev Trade Paperback 9780062839077 Powells Books Cart   my account  wish list  help  8008787323 Hello\n Login MENU Browse New Arrivals Bestsellers Featured Preorders Award Winners Audio Books See All Subjects Used Staff Picks Staff Picks Picks of the Month Bookseller Displays 50 Books for 50 Years 25 Best 21st Century SciFi  Fantasy 25 PNW Books to Read Before You Die 25 Books From the 21st Century 25 Memoirs to Read Before You Die 25 Global Books to Read Before You Die 25 Women to Read Before You Die 25 Books to Read Before You Die Gifts Gift Cards  eGift Cards Powells Souvenirs Journals and Notebooks socks Games Sell Books Blog Events Find A Store Dont Miss BIG SALE 20 off sitewide Picks of the Season What Im Giving Great Gifts Under 25 Best Books of 2022 Powells Author Events Oregon Battle of the Books Audio Books Visit Our Stores Powells Books 14 Gift Ideas From 14 of Our Favorite Authors 0 comment Every year Powells reaches out to some of our favorite authors for some muchneeded giftgiving inspiration Below are 14 writerapproved recommendations to help you find the perfect book for even your mostdifficulttobuyfor loved one Read More  Powells Staff Best Books of 2022 Fiction 1 comment Kelsey Ford 6 Haunting Native American Horror Books 1 comment 1 LOCOK 1 LOCOK LOCCancel 1 LOCOK LOCCancel Recipe for Persuasion by Sonali Dev Comment on this title Synopses  Reviews ISBN13 9780062839077 ISBN10 0062839071 Condition Standard All Product Details View Larger Image View Larger Images 1095 List Price 1599 Used Trade Paperback Ships in 1 to 3 days Qty Store 1 Burnside Synopses  Reviews Synopsis From the author of Pride Prejudice and Other Flavors comes another clever deeply layered and heartwarming romantic comedy that follows in the Jane Austen traditionthis time with a twist on Persuasion  Chef Ashna Raje desperately needs a new strategy How else can she save her beloved restaurant and prove to her estranged overachieving mother that she isnt a complete screw up When shes asked to join the cast of Cooking with the Stars the latest hit reality show teaming chefs with celebrities it seems like just the leap of faith she needs to put her restaurant back on the map Shes a chef whats the worst that could happen Rico Silva thats what Being paired with a celebrity who was her first love the man who ghosted her at the worst possible time in her life only proves what Ashna has always believed leaps of faith are a recipe for disaster FIFA winning soccer star Rico Silva isnt too happy to be paired up with Ashna either Losing Ashna years ago almost destroyed him The only silver lining to this bizarre situation is that he can finally prove to Ashna that hes definitely over her But when their catastrophic first meeting goes viral social media becomes obsessed with their chemistry The competition on the show is fierceand so is the simmering desire between Ashna and Rico Every minute they spend together rekindles feelings that pull them toward their disastrous past Will letting go again be another recipe for heartbreakor a recipe for persuasion In Recipe for Persuasion  Sonali Dev once again takes readers on an unforgettable adventure in this fresh fun and enchanting romantic comedy Kristan Higgins New York Times bestselling author What Our Readers Are Saying Be the first to share your thoughts on this title Product Details ISBN 9780062839077 Binding Trade Paperback Publication date 05262020 Publisher WILLIAM MORROW  COMPANY INC Pages 448 Height 120IN Width 520IN Series Number 2 Author Sonali Dev 1095 List Price 1599 Used Trade Paperback Ships in 1 to 3 days Qty Store 1 Burnside More copies of this ISBN New Trade Paperback 1599 Used Trade Paperback 998 This title in other editions New Compact Disc 4495 1 LOCOK 1 LOCOK LOCCancel 1 LOCOK LOCCancel 1 LOCOK 1 LOCOK LOCCancel 1 LOCOK LOCCancel 1 LOCOK 1 LOCOK LOCCancel 1 LOCOK LOCCancel 1 LOCOK 1 LOCOK LOCCancel 1 LOCOK LOCCancel Help Guarantee My Account Careers About Us Security Wish List Partners Contact Us Shipping Transparency ACT MRF Sitemap  2022 POWELLSCOM Terms 1 LOCOK 1 LOCOK LOCCancel 1 LOCOK LOCCancel 1 LOCOK 1 LOCOK LOCCancel 1 LOCOK LOCCancel 1 LOCOK 1 LOCOK LOCCancel 1 LOCOK LOCCancel 1 LOCOK 1 LOCOK LOCCancel 1 LOCOK LOCCancel",
    "page_rank": 0.0006396125763953367
}