{
    "Title": " Family Outing A Memoir ",
    "Author": "Jessi Hempel",
    "Cover Page": "https://powells-covers-2.s3.amazonaws.com/9780063079014.jpg",
    "ISBN10": "0063079011  \n",
    "ISBN13": "9780063079014",
    "Page URL": "https://powells.com/book/family-outing-a-memoir-9780063079014",
    "raw_text": "Family Outing A Memoir Jessi Hempel Hardcover 9780063079014 Powells Books Cart   my account  wish list  help  8008787323 Hello\n Login MENU Browse New Arrivals Bestsellers Featured Preorders Award Winners Audio Books See All Subjects Used Staff Picks Staff Picks Picks of the Month Bookseller Displays 50 Books for 50 Years 25 Best 21st Century SciFi  Fantasy 25 PNW Books to Read Before You Die 25 Books From the 21st Century 25 Memoirs to Read Before You Die 25 Global Books to Read Before You Die 25 Women to Read Before You Die 25 Books to Read Before You Die Gifts Gift Cards  eGift Cards Powells Souvenirs Journals and Notebooks socks Games Sell Books Blog Events Find A Store Dont Miss BIG SALE 20 off sitewide Picks of the Season What Im Giving Great Gifts Under 25 Best Books of 2022 Powells Author Events Oregon Battle of the Books Audio Books Visit Our Stores Powells Books 14 Gift Ideas From 14 of Our Favorite Authors 0 comment Every year Powells reaches out to some of our favorite authors for some muchneeded giftgiving inspiration Below are 14 writerapproved recommendations to help you find the perfect book for even your mostdifficulttobuyfor loved one Read More  Powells Staff Best Books of 2022 Fiction 1 comment Kelsey Ford 6 Haunting Native American Horror Books 1 comment 1 LOCOK 1 LOCOK LOCCancel 1 LOCOK LOCCancel Family Outing A Memoir by Jessi Hempel Comment on this title Synopses  Reviews ISBN13 9780063079014 ISBN10 0063079011 All Product Details View Larger Image View Larger Images 2799 New Hardcover Ships in 1 to 3 days Qty Store 10 Burnside 8 Cedar Hills 8 Hawthorne 20 Local Warehouse Synopses  Reviews Synopsis For readers of Fun Home Educated and Priestdaddy a striking literary memoir about identity family and the courage it takes to accept your authentic self centered around one familys transformation from traditional American ideal to an entirely new incarnationwith almost every member embracing a queer identity Jessi Hempel was raised in a pictureperfect middleclass American family But the truth was far from perfect Her lawyerfather was constantly away from home traveling for work while her stayathome mother became increasingly lonely and erratic Growing up Jessi and her two siblings struggled to make sense of their family their world their changing bodies and the emotional turmoil each was experiencing By the time Jessi reached adulthood everyone in her family had come out Jessi as gay her sister as bisexual her father as gay her brother as transgender and her mother as a survivor of a traumatic experience with a serial killer Yet coming out was just the beginning starting a chain reaction of other personal revelations and reckonings that caused each of them to question their place in the world in new and ultimately liberating ways The Family Outing is the Hempels remarkable storya thoughtful soulbaring journey that explores how each member began their lives in the closet in their own ways how suppressing the truth about themselves warped their sense of self and their relationships and how they each eventually navigated the bumpy and sometimes opaque path to find and accept their authentic selves Told by Jessi in her wry and original voice this moving and hopeful memoir reveals how one average family in finding themselves finally found one another Synopsis For readers of Fun Home  Educated  and Devotion  a striking and remarkable literary memoir about one familys transformation with almost all of them embracing their queer identities Jessi Hempel was raised in a pictureperfect middleclass American family But the truth was far from perfect Her lawyerfather was constantly away from home traveling for work while her stayathome mother became increasingly lonely and erratic Growing up Jessi and her two siblings struggled to make sense of their family their world their changing bodies and the emotional turmoil each was experiencing By the time Jessi reached adulthood everyone in her family had come out Jessi as gay her sister as bisexual her father as gay her brother as transgender and her mother as a survivor of a traumatic experience with a serial killer Yet coming out was just the beginning starting a chain reaction of other personal revelations and reckonings that caused each of them to question their place in the world in new and ultimately liberating ways Synopsis Fascinating funny and wise The Family Outing is an affirmation to all of us who know the pain and shame of hiding our truest self and a stirring invitation into the courage freedom and joy of living our whole truthGlennon Doyle author of 1 New York Times bestseller Untamed founder of Together Rising A striking and remarkable literary memoir about one familys transformation with almost all of them embracing their queer identities Jessi Hempel was raised in a seemingly pictureperfect middleclass American family But the truth was far from perfect Her lawyerfather was constantly away from home traveling for work while her stayathome mother became increasingly lonely and erratic Growing up Jessi and her two siblings struggled to make sense of their family their world their changing bodies and the emotional turmoil each was experiencing And each in their own way was hiding their true self from the world By the time Jessi reached adulthood everyone in her family had come out Jessi as gay her sister as bisexual her father as gay her brother as transgender and her mother as a survivor of a traumatic experience with an alleged serial killer Yet coming out was just the beginning starting a chain reaction of other personal revelations and reckonings that caused each of them to question their place in the world in new and ultimately liberating ways What Our Readers Are Saying Be the first to share your thoughts on this title Product Details ISBN 9780063079014 Binding Hardcover Publication date 10042022 Publisher HARPERCOLLINS PUBLISHERS Pages 320 Height 130IN Width 610IN Author Jessi Hempel 2799 New Hardcover Ships in 1 to 3 days Qty Store 10 Burnside 8 Cedar Hills 8 Hawthorne 20 Local Warehouse Receive an email when this ISBN is available used 1 LOCOK 1 LOCOK LOCCancel 1 LOCOK LOCCancel 1 LOCOK 1 LOCOK LOCCancel 1 LOCOK LOCCancel 1 LOCOK 1 LOCOK LOCCancel 1 LOCOK LOCCancel 1 LOCOK 1 LOCOK LOCCancel 1 LOCOK LOCCancel Help Guarantee My Account Careers About Us Security Wish List Partners Contact Us Shipping Transparency ACT MRF Sitemap  2022 POWELLSCOM Terms 1 LOCOK 1 LOCOK LOCCancel 1 LOCOK LOCCancel 1 LOCOK 1 LOCOK LOCCancel 1 LOCOK LOCCancel 1 LOCOK 1 LOCOK LOCCancel 1 LOCOK LOCCancel 1 LOCOK 1 LOCOK LOCCancel 1 LOCOK LOCCancel",
    "page_rank": 3.825315944493059e-05
}