{
    "Title": " Kitty 02 & the Tiger Treasure ",
    "Author": "Paula Harrison, Jenny Lovlie",
    "Cover Page": "https://powells-covers-2.s3.amazonaws.com/9780062934741.jpg",
    "ISBN10": "0062934740  \n",
    "ISBN13": "9780062934741",
    "Page URL": "https://powells.com/book/kitty-02-the-tiger-treasure-9780062934741",
    "raw_text": "Kitty 02  the Tiger Treasure Paula Harrison Jenny Lovlie Trade Paperback 9780062934741 Powells Books Cart   my account  wish list  help  8008787323 Hello\n Login MENU Browse New Arrivals Bestsellers Featured Preorders Award Winners Audio Books See All Subjects Used Staff Picks Staff Picks Picks of the Month Bookseller Displays 50 Books for 50 Years 25 Best 21st Century SciFi  Fantasy 25 PNW Books to Read Before You Die 25 Books From the 21st Century 25 Memoirs to Read Before You Die 25 Global Books to Read Before You Die 25 Women to Read Before You Die 25 Books to Read Before You Die Gifts Gift Cards  eGift Cards Powells Souvenirs Journals and Notebooks socks Games Sell Books Blog Events Find A Store Dont Miss BIG SALE 20 off sitewide Picks of the Season What Im Giving Great Gifts Under 25 Best Books of 2022 Powells Author Events Oregon Battle of the Books Audio Books Visit Our Stores Powells Books 14 Gift Ideas From 14 of Our Favorite Authors 0 comment Every year Powells reaches out to some of our favorite authors for some muchneeded giftgiving inspiration Below are 14 writerapproved recommendations to help you find the perfect book for even your mostdifficulttobuyfor loved one Read More  Powells Staff Best Books of 2022 Fiction 1 comment Kelsey Ford 6 Haunting Native American Horror Books 1 comment 1 LOCOK 1 LOCOK LOCCancel 1 LOCOK LOCCancel Kitty 02  the Tiger Treasure by Paula Harrison Jenny Lovlie Comment on this title Synopses  Reviews ISBN13 9780062934741 ISBN10 0062934740 Condition Standard All Product Details View Larger Image View Larger Images 450 List Price 599 Used Trade Paperback Ships in 1 to 3 days Qty Store 2 Burnside Synopses  Reviews Synopsis MEET KITTY Girl by day Cat by night Ready for Adventure Kitty cant wait to see the priceless Golden Tiger statue with her own eyes Legend says that if you hold the statue you can make your greatest wish come true Kitty and her cat Pumpkin decide to sneak into the museum to see the statue at night when no one else is around But disaster strikes when the statue is stolen right in front of them Can Kitty find the thief and return the precious statue before sunrise Synopsis Girl by day Cat by night Ready for an adventure Meet Kitty a charming chapter book character with catlike superpowers In book two in this chapter book series Kitty must recover the priceless Golden Tiger treasure after its been stolen With dramatic twocolor art on every page and an emphasis on friendship family and building selfconfidence the Kitty books are the perfect choice for newly independent readers and fans of Rebecca Elliotts Owl Diaries When a new exhibition arrives at the local museum Kitty is excited to see its most prized artifact the Golden Tiger Sadly her cat Pumpkin wont be able to see the Golden Tiger because pets arent allowed to visit the galleries That night Kitty decides to use her catlike superpowers to sneak Pumpkin into the museum When they arrive its just in time to see someone stealing the Golden Tiger statue The museums security cat Cleo is devastated that she let the bandit get away But never fear Kitty and Pumpkin are there to help Cleo track down the culprit and recover the statue before morning Kitty and the Tiger Treasure is the second book in a chapter book series about Kitty and her superhero adventures With an aspirational main character a kindle of cats striking twocolor art on every page and fun facts included at the end of each story these chapter books are just right for newly independent readers  Synopsis Girl by day Cat by night Ready for an adventure This chapter book is an excellent choice to share during homeschooling in particular for children ages 6 to 8 who are ready to read independently Its a fun way to keep your child engaged and as a supplement for activity books for children Meet Kitty a charming chapter book character with catlike superpowers In book two in this chapter book series Kitty must recover the priceless Golden Tiger treasure after its been stolen With dramatic twocolor art on every page and an emphasis on friendship family and building selfconfidence the Kitty books are the perfect choice for newly independent readers and fans of Rebecca Elliotts Owl Diaries When a new exhibition arrives at the local museum Kitty is excited to see its most prized artifact the Golden Tiger Sadly her cat Pumpkin wont be able to see the Golden Tiger because pets arent allowed to visit the galleries That night Kitty decides to use her catlike superpowers to sneak Pumpkin into the museum When they arrive its just in time to see someone stealing the Golden Tiger statue The museums security cat Cleo is devastated that she let the bandit get away But never fear Kitty and Pumpkin are there to help Cleo track down the culprit and recover the statue before morning Kitty and the Tiger Treasure is the second book in a chapter book series about Kitty and her superhero adventures With an aspirational main character a kindle of cats striking twocolor art on every page and fun facts included at the end of each story these chapter books are just right for newly independent readers  5 1 What Our Readers Are Saying Share your thoughts on this title Average customer rating 5 1 comments  JWallis  February 27 2021 view all comments by JWallis Book 2 in the Kitty series lived up to the fun of the 1st for daughter she loved it This series is a great parent and kid read or a kid reading solo option Was this comment helpful  Yes  No report this\ncomment Product Details ISBN 9780062934741 Binding Trade Paperback Publication date 09102019 Publisher GREENWILLOW BOOKS Series info Kitty Pages 128 Height 50IN Width 550IN Series Number 2 Age Range 6 to 10 Grade Range 1 to 5 Illustration Yes Author Paula Harrison  Jenny Lovlie Author Jenny Lovlie 450 List Price 599 Used Trade Paperback Ships in 1 to 3 days Qty Store 2 Burnside More copies of this ISBN New Trade Paperback 599 1 LOCOK 1 LOCOK LOCCancel 1 LOCOK LOCCancel 1 LOCOK 1 LOCOK LOCCancel 1 LOCOK LOCCancel 1 LOCOK 1 LOCOK LOCCancel 1 LOCOK LOCCancel 1 LOCOK 1 LOCOK LOCCancel 1 LOCOK LOCCancel Help Guarantee My Account Careers About Us Security Wish List Partners Contact Us Shipping Transparency ACT MRF Sitemap  2022 POWELLSCOM Terms 1 LOCOK 1 LOCOK LOCCancel 1 LOCOK LOCCancel 1 LOCOK 1 LOCOK LOCCancel 1 LOCOK LOCCancel 1 LOCOK 1 LOCOK LOCCancel 1 LOCOK LOCCancel 1 LOCOK 1 LOCOK LOCCancel 1 LOCOK LOCCancel",
    "page_rank": 3.5383582654505545e-05
}