{
    "Title": " Say It Right in Russian: The Fastest Way to Correct Pronunciation Russian ",
    "Author": "Epls",
    "Cover Page": "https://covers.powells.com/9780071492317.jpg",
    "ISBN10": "0071492313  \n",
    "ISBN13": "9780071492317",
    "Page URL": "https://powells.com/book/say-it-right-in-russian-9780071492317",
    "raw_text": "Say It Right In Russian Easily Pronounced La Trade Paperback 9780071492317 Powells Books Cart   my account  wish list  help  8008787323 Hello\n Login MENU Browse New Arrivals Bestsellers Featured Preorders Award Winners Audio Books See All Subjects Used Staff Picks Staff Picks Picks of the Month Bookseller Displays 50 Books for 50 Years 25 Best 21st Century SciFi  Fantasy 25 PNW Books to Read Before You Die 25 Books From the 21st Century 25 Memoirs to Read Before You Die 25 Global Books to Read Before You Die 25 Women to Read Before You Die 25 Books to Read Before You Die Gifts Gift Cards  eGift Cards Powells Souvenirs Journals and Notebooks socks Games Sell Books Blog Events Find A Store Dont Miss BIG SALE 20 off sitewide Picks of the Season What Im Giving Great Gifts Under 25 Best Books of 2022 Powells Author Events Oregon Battle of the Books Audio Books Visit Our Stores Powells Books 14 Gift Ideas From 14 of Our Favorite Authors 0 comment Every year Powells reaches out to some of our favorite authors for some muchneeded giftgiving inspiration Below are 14 writerapproved recommendations to help you find the perfect book for even your mostdifficulttobuyfor loved one Read More  Powells Staff Best Books of 2022 Fiction 1 comment Kelsey Ford 6 Haunting Native American Horror Books 1 comment 1 LOCOK 1 LOCOK LOCCancel 1 LOCOK LOCCancel Say It Right in Russian The Fastest Way to Correct Pronunciation Russian by Epls Comment on this title Synopses  Reviews ISBN13 9780071492317 ISBN10 0071492313 All Product Details View Larger Image View Larger Images 1300 New Trade Paperback Available at a Remote Warehouse Ships separately from other items Additional shipping charges may apply Not available for In Store Pickup More Info Qty Store 20 Remote Warehouse Synopses  Reviews Publisher Comments Say farewell to language faux pas forever Based on the revolutionary Easily Pronounced Language Systems approach Say It Right in Russian makes mastering correct Russian pronunciation simple With Say It Right youll learn how to use hundreds of Russian words and phrases in everyday conversation This amazing guide gives you easytoread vowel symbols that when combined with consonants make pronunciation easy With Say It Right in Russian you will Learn more than 500 essential Russian words and phrases Easily create sentences using Phrasemakers Get a quick reference to more than 500 word pronunciations in the Say It Right travel dictionary About the Author McGrawHill authors represent the leading experts in their fields and are dedicated to improving the lives careers and interests of readers worldwide Table of Contents Introductionbr Pronunciation Guide 1Essential Words and Phrases 2ArrivalDeparture 3Transportation 4Hotel Survival 5Restaurant Survival 6Shopping 7Health 8Dictionary 5 1 What Our Readers Are Saying Share your thoughts on this title Average customer rating 5 1 comments  flahertycarol  July 29 2010 This is it I have taken courses in the language Russian at a community college This book is excellent for review Was this comment helpful  Yes  No report this\ncomment Product Details ISBN 9780071492317 Binding Trade Paperback Publication date 02012008 Publisher McGrawHill Companies Series info Say It Right Language English Pages 176 Height 39IN Width 453IN Thickness 39 in LCCN 2007032035 Series Say It Right Number of Units 1 Copyright Year 2008 UPC Code 2800071492319 Author Clyde Peters Author EPLS Author Easily Pronounced La Author Epls Subject Russian language  English Subject English Subject Russian language  Spoken Russian Subject Foreign LanguagesRussian Subject Russian language 1300 New Trade Paperback Available at a Remote Warehouse Ships separately from other items Additional shipping charges may apply Not available for In Store Pickup More Info Qty Store 20 Remote Warehouse Receive an email when this ISBN is available used 1 LOCOK 1 LOCOK LOCCancel 1 LOCOK LOCCancel 1 LOCOK 1 LOCOK LOCCancel 1 LOCOK LOCCancel 1 LOCOK 1 LOCOK LOCCancel 1 LOCOK LOCCancel 1 LOCOK 1 LOCOK LOCCancel 1 LOCOK LOCCancel Help Guarantee My Account Careers About Us Security Wish List Partners Contact Us Shipping Transparency ACT MRF Sitemap  2022 POWELLSCOM Terms 1 LOCOK 1 LOCOK LOCCancel 1 LOCOK LOCCancel 1 LOCOK 1 LOCOK LOCCancel 1 LOCOK LOCCancel 1 LOCOK 1 LOCOK LOCCancel 1 LOCOK LOCCancel 1 LOCOK 1 LOCOK LOCCancel 1 LOCOK LOCCancel",
    "page_rank": 3.913272903405283e-05
}