{
    "Title": " Chinese Demystified ",
    "Author": "Claudia Ross",
    "Cover Page": "https://powells-covers-2.s3.amazonaws.com/9780071477253.jpg",
    "ISBN10": "007147725X  \n",
    "ISBN13": "9780071477253",
    "Page URL": "https://powells.com/book/chinese-demystified-9780071477253",
    "raw_text": "Chinese Demystified  Claudia Ross Trade Paperback 9780071477253 Powells Books Cart   my account  wish list  help  8008787323 Hello\n Login MENU Browse New Arrivals Bestsellers Featured Preorders Award Winners Audio Books See All Subjects Used Staff Picks Staff Picks Picks of the Month Bookseller Displays 50 Books for 50 Years 25 Best 21st Century SciFi  Fantasy 25 PNW Books to Read Before You Die 25 Books From the 21st Century 25 Memoirs to Read Before You Die 25 Global Books to Read Before You Die 25 Women to Read Before You Die 25 Books to Read Before You Die Gifts Gift Cards  eGift Cards Powells Souvenirs Journals and Notebooks socks Games Sell Books Blog Events Find A Store Dont Miss BIG SALE 20 off sitewide Picks of the Season What Im Giving Great Gifts Under 25 Best Books of 2022 Powells Author Events Oregon Battle of the Books Audio Books Visit Our Stores Powells Books 14 Gift Ideas From 14 of Our Favorite Authors 0 comment Every year Powells reaches out to some of our favorite authors for some muchneeded giftgiving inspiration Below are 14 writerapproved recommendations to help you find the perfect book for even your mostdifficulttobuyfor loved one Read More  Powells Staff Best Books of 2022 Fiction 1 comment Kelsey Ford 6 Haunting Native American Horror Books 1 comment 1 LOCOK 1 LOCOK LOCCancel 1 LOCOK LOCCancel Chinese Demystified by Claudia Ross Comment on this title Synopses  Reviews ISBN13 9780071477253 ISBN10 007147725X Condition Standard All Product Details View Larger Image View Larger Images 1250 List Price 3000 Used Trade Paperback Ships in 1 to 3 days Qty Store 1 Cedar Hills 1 Hawthorne Synopses  Reviews Publisher Comments Learning Chinese is a nobrainer with Demystified Chinese Demystified walks you step by step through the fundamentals and moves on to more advanced topics Each chapter concludes with a selftest that allows you to track your progress and a comprehensive final exam at the end of the book gives instant feedback on new language skills The book includes characters in simplified and traditional formats along with pinyin phonetic translation for easy pronunciation About the Author Claudia Ross PhD  is a professor of Chinese at Holy Cross University She is the author of Schaums Outline of Chinese Grammar  Table of Contents Ch 1 Pronunciation basics pronuncation Ch 2 People and Things greetings who is and what is Ch 3 Asking Questions describing peoplenationalities Ch 4 Making Plans talking on the phone Ch 5 Happy Birthday numbers dates Ch 6 Sick and Tired Future tense accusative case Ch 7 In a Restaurant food and drink Ch 8 Going Shopping telling time colors possession Ch 9 Traveling by Train imperatives using should have Ch 10 Trip to the Beach weather superlatives Ch 11 Rich and Poor possessives the Euro Ch 12 Car Trouble prepositions Ch 13 Time for Fun past tense contractions Ch 14 Home Life rooms reflexives Ch 14 Staying Informed inanimate pronouns What Our Readers Are Saying Be the first to share your thoughts on this title Product Details ISBN 9780071477253 Binding Trade Paperback Publication date 10152010 Publisher MCGRAW HILL COMPANIES Series info Demystified Pages 448 Height 85IN Width 732IN Thickness 100 Series Demystified Number of Units 1 Copyright Year 2008 UPC Code 2800071477255 Author Claudia Ross Author Ross Claudia Author Claudia Ross Author Ross Claudia Subject Foreign LanguagesChinese Subject chinese china learn chinese learn mandarin learn mandarin chinese beijing olympics pinyin how to learn chinese how to learn mandarin chinese book guide 1250 List Price 3000 Used Trade Paperback Ships in 1 to 3 days Qty Store 1 Cedar Hills 1 Hawthorne More copies of this ISBN New Trade Paperback 3000 1 LOCOK 1 LOCOK LOCCancel 1 LOCOK LOCCancel 1 LOCOK 1 LOCOK LOCCancel 1 LOCOK LOCCancel 1 LOCOK 1 LOCOK LOCCancel 1 LOCOK LOCCancel 1 LOCOK 1 LOCOK LOCCancel 1 LOCOK LOCCancel Help Guarantee My Account Careers About Us Security Wish List Partners Contact Us Shipping Transparency ACT MRF Sitemap  2022 POWELLSCOM Terms 1 LOCOK 1 LOCOK LOCCancel 1 LOCOK LOCCancel 1 LOCOK 1 LOCOK LOCCancel 1 LOCOK LOCCancel 1 LOCOK 1 LOCOK LOCCancel 1 LOCOK LOCCancel 1 LOCOK 1 LOCOK LOCCancel 1 LOCOK LOCCancel",
    "page_rank": 3.548312651851555e-05
}