{
    "Title": " Penny and Her Song ",
    "Author": "Kevin Henkes",
    "Cover Page": "https://covers.powells.com/9780062081971.jpg",
    "ISBN10": "0062081977  \n",
    "ISBN13": "9780062081971",
    "Page URL": "https://powells.com/book/penny-and-her-song-9780062081971",
    "raw_text": "Penny  Her Song Kevin Henkes Trade Paperback 9780062081971 Powells Books Cart   my account  wish list  help  8008787323 Hello\n Login MENU Browse New Arrivals Bestsellers Featured Preorders Award Winners Audio Books See All Subjects Used Staff Picks Staff Picks Picks of the Month Bookseller Displays 50 Books for 50 Years 25 Best 21st Century SciFi  Fantasy 25 PNW Books to Read Before You Die 25 Books From the 21st Century 25 Memoirs to Read Before You Die 25 Global Books to Read Before You Die 25 Women to Read Before You Die 25 Books to Read Before You Die Gifts Gift Cards  eGift Cards Powells Souvenirs Journals and Notebooks socks Games Sell Books Blog Events Find A Store Dont Miss BIG SALE 20 off sitewide Picks of the Season What Im Giving Great Gifts Under 25 Best Books of 2022 Powells Author Events Oregon Battle of the Books Audio Books Visit Our Stores Powells Books 14 Gift Ideas From 14 of Our Favorite Authors 0 comment Every year Powells reaches out to some of our favorite authors for some muchneeded giftgiving inspiration Below are 14 writerapproved recommendations to help you find the perfect book for even your mostdifficulttobuyfor loved one Read More  Powells Staff Best Books of 2022 Fiction 1 comment Kelsey Ford 6 Haunting Native American Horror Books 1 comment 1 LOCOK 1 LOCOK LOCCancel 1 LOCOK LOCCancel Penny and Her Song by Kevin Henkes Comment on this title Synopses  Reviews ISBN13 9780062081971 ISBN10 0062081977 Condition Standard All Product Details View Larger Image View Larger Images 350 List Price 499 Used Trade Paperback Ships in 1 to 3 days Qty Store 3 Burnside Synopses  Reviews Publisher Comments Penny loves her song Its a good song a really wonderful song Will it ever be the right time to sing it Review Imagination grows and spreads from the fertile pages of this book to the minds of young readersA must for every library School Library Journal starred review Review This intimate exploration of a childs burgeoning imagination hits every note rightJust plain perfect Kirkus Reviews starred review Review A quiet gem School Library Journal starred review About the Author Kevin Henkes is the awardwinning creator of many books for children including the Caldecott Medal Book Kittens First Full Moon  the Caldecott and Geisel Honor Book Waiting  the Newbery Honor Books The Year of Billy Miller and Olives Ocean and several bestselling books about mice including Lillys Purple Plastic Purs e and Chrysanthemum  What Our Readers Are Saying Be the first to share your thoughts on this title Product Details ISBN 9780062081971 Binding Trade Paperback Publication date 08212012 Publisher GREENWILLOW BOOKS Series info I Can Read  Level 1 Quality Pages 32 Height 09IN Width 604IN Thickness 25 Age Range 4 to 8 Grade Range P to 3 Illustration Yes Author Kevin Henkes Subject Children s Young AdultSocial Issue Fiction 350 List Price 499 Used Trade Paperback Ships in 1 to 3 days Qty Store 3 Burnside More copies of this ISBN New Trade Paperback 499 Used Trade Paperback 395 1 LOCOK 1 LOCOK LOCCancel 1 LOCOK LOCCancel 1 LOCOK 1 LOCOK LOCCancel 1 LOCOK LOCCancel 1 LOCOK 1 LOCOK LOCCancel 1 LOCOK LOCCancel 1 LOCOK 1 LOCOK LOCCancel 1 LOCOK LOCCancel Help Guarantee My Account Careers About Us Security Wish List Partners Contact Us Shipping Transparency ACT MRF Sitemap  2022 POWELLSCOM Terms 1 LOCOK 1 LOCOK LOCCancel 1 LOCOK LOCCancel 1 LOCOK 1 LOCOK LOCCancel 1 LOCOK LOCCancel 1 LOCOK 1 LOCOK LOCCancel 1 LOCOK LOCCancel 1 LOCOK 1 LOCOK LOCCancel 1 LOCOK LOCCancel",
    "page_rank": 3.5383582654505545e-05
}