{
    "Title": " Fragile Things ",
    "Author": "Neil Gaiman",
    "Cover Page": "https://powells-covers-2.s3.amazonaws.com/9780060515232.jpg",
    "ISBN10": "0060515236  \n",
    "ISBN13": "9780060515232",
    "Page URL": "https://powells.com/book/fragile-things-9780060515232",
    "raw_text": "Fragile Things Neil Gaiman Mass Market 9780060515232 Powells Books Cart   my account  wish list  help  8008787323 Hello\n Login MENU Browse New Arrivals Bestsellers Featured Preorders Award Winners Audio Books See All Subjects Used Staff Picks Staff Picks Picks of the Month Bookseller Displays 50 Books for 50 Years 25 Best 21st Century SciFi  Fantasy 25 PNW Books to Read Before You Die 25 Books From the 21st Century 25 Memoirs to Read Before You Die 25 Global Books to Read Before You Die 25 Women to Read Before You Die 25 Books to Read Before You Die Gifts Gift Cards  eGift Cards Powells Souvenirs Journals and Notebooks socks Games Sell Books Blog Events Find A Store Dont Miss BIG SALE 20 off sitewide Picks of the Season What Im Giving Great Gifts Under 25 Best Books of 2022 Powells Author Events Oregon Battle of the Books Audio Books Visit Our Stores Powells Books 14 Gift Ideas From 14 of Our Favorite Authors 0 comment Every year Powells reaches out to some of our favorite authors for some muchneeded giftgiving inspiration Below are 14 writerapproved recommendations to help you find the perfect book for even your mostdifficulttobuyfor loved one Read More  Powells Staff Best Books of 2022 Fiction 1 comment Kelsey Ford 6 Haunting Native American Horror Books 1 comment 1 LOCOK 1 LOCOK LOCCancel 1 LOCOK LOCCancel Fragile Things by Neil Gaiman Comment on this title Synopses  Reviews ISBN13 9780060515232 ISBN10 0060515236 Condition Standard All Product Details View Larger Image View Larger Images 695 List Price 899 Used Mass Market Ships in 1 to 3 days Qty Store 1 Hawthorne Staff Pick I think that I would rather recollect a life misspent on fragile things than spent avoiding moral debt So begins Gaimans introduction to this collection of short fictions and wonders which reads as a short story itself The writing herein is some of Gaimans best and this oftoverlooked book makes an excellent gift for any fan of this master storytellers other works Recommended By Madeline S Powellscom Synopses  Reviews Publisher Comments A prodigiously imaginative collection  New York Times Book Review  Editors Choice  Dazzling tales from a master of the fantastic   Washington Post Book World Fragile Things is a sterling collection of exceptional tales from Neil Gaiman multiple awardwinning the Hugo Bram Stoker Newberry and Eisner Awards to name just a few 1 New York Times bestselling author of The Graveyard Book Anansi Boys Coraline and the groundbreaking Sandman graphic novel series A uniquely imaginative creator of wonders whose unique storytelling genius has been acclaimed by a host of literary luminaries from Norman Mailer to Stephen King Gaimans astonishing powers are on glorious displays in Fragile Things Enter and be amazed Review Fiercely playful and very grim wisps of whimsy and wonder buoyed by the happy heart of a tragic poet USA Today Review Those with a taste for inventive idiosyncracy will find themselves fully rewarded San Francisco Chronicle Book Review Review A powerful and oddly unified collection a perfect introduction to Gaimans work for new readers and a thrilling reminder to his longtime fans    The shorter prose form allows Gaiman a greater freedom of whimsy and provocation than even his graphic work with stunning results Toronto Star Review Lush proseand a winning faith in the enchantment of stories Expect the unexpected Then savor the chills Kirkus Reviews starred review Review Charming at times creepy and good fun    Wellworth adding to any collection highly recommended Library Journal Review Readers will be reminded most in these stories of that master craftsmanRay BradburyGothic tales of high caliber Baltimore Sun Review One delight after another Booklist starred review Review FRAGILE THINGS is a delightful compendiumGaiman is indeed a national treasure Washington Post Book World Review The tales of FRAGILE THINGS are nibbles and bits of Gaimans immensely satisfying inner landscape They are fiercely playful and very grim wisps of whimsy and wonder buoyed by the happy heart of a tragic poet USA Today Review Strange or sweet or eerie or heartfelt stories    wonderfully peculiar    Gaiman relishes the sacred act of telling stories Entertainment Weekly Review A prodigiously imaginative collectionThe best of these clever fantasy metafictions explore the mysteries of artistic inspiration New York Times Book Review Review Gaiman is a oneman story engine    FRAGILE THINGS is a delightful compendium    Gaiman is indeed a national treasure Washington Post B ook World Synopsis A mysterious circus terrifies an audience for one extraordinary performance before disappearing into the night    Two teenage boys crash a party and meet the girls of their dreamsand nightmares    In a Hugo Awardwinning story a great detective must solve a most unsettling royal murder in a strangely altered Victorian England    These marvelous creations and more showcase the unparalleled invention and storytelling brillianceand the terrifyingly dark and entertaining witof the incomparable Neil Gaiman By turns delightful disturbing and diverting Fragile Things is a gift of literary enchantment from one of the most original writers of our time Synopsis A prodigiously imaginative collection New York Times Book Review  Editor s Choice Dazzling tales from a master of the fantastic Washington Post Book World Fragile Things is a sterling collection of exceptional tales from Neil Gaiman multiple awardwinning the Hugo Bram Stoker Newberry and Eisner Awards to name just a few 1 New York Times bestselling author of The Graveyard Book Anansi Boys Coraline and the groundbreaking Sandman graphic novel series A uniquely imaginative creator of wonders whose unique storytelling genius has been acclaimed by a host of literary luminaries from Norman Mailer to Stephen King Gaiman s astonishing powers are on glorious displays in Fragile Things Enter and be amazed  Synopsis A prodigiously imaginative collection  New York Times Book Review  Editors Choice Fragile Things is a sterling collection of exceptional tales from Neil Gaiman multiple awardwinning the Hugo Bram Stoker Newberry and Eisner Awards to name just a few 1 New York Times bestselling author of The Graveyard Book Anansi Boys Coraline and the groundbreaking Sandman graphic novel series A uniquely imaginative creator of wonders whose unique storytelling genius has been acclaimed by a host of literary luminaries from Norman Mailer to Stephen King Gaimans astonishing powers are on glorious displays in Fragile Things Enter and be amazed Dazzling tales from a master of the fantastic Washington Post Book World Synopsis From 1 New York Times bestselling author Neil Gaiman an astonishing collection of short fiction that stretches the boundaries of imagination probes the depths of human experience and reveals how the ordinary and the fantastical are intertwined Fragile Things showcases the distinctive storytelling genius that has made Neil Gaiman one of the most admired literary artists of our time The thirtytwo gems of prose and verse in this astonishing collection stretch the imagination and engage the intellect even as they illuminate the vagaries of human experience Whether hes conjuring a mysterious traveling circus exploring the rarefied tastes of an exclusive epicurean club or visiting a strangely altered Victorian England Gaiman reveals how the ordinary and the fantastical are transmutable and intertwined With breathtaking clarity Fragile Things illumines Gaimans brilliance as well as his terrifyingly entertaining dark sense of humor By turns delightful disturbing and diverting this volume is a gift of enchantments that will startle the senses and stir the soul About the Author Neil Gaiman is a New York Times bestselling author of more than twenty books for adults and children including the novels Neverwhere  Stardust  American Gods  Anansi Boys  Coraline  and The Graveyard Book  the Sandman series of graphic novels and Make Good Art  the text of a commencement speech he delivered at Philadelphias University of the Arts He is the recipient of numerous literary honors including the Locus and Hugo Awards and the Newbery and Carnegie Medals 18 million people follow him on Twitter Born and raised in England Neil Gaiman now lives in Cambridge Massachusetts with his wife the rock star Amanda Palmer What Our Readers Are Saying Be the first to share your thoughts on this title Product Details ISBN 9780060515232 Binding Mass Market Publication date 01252022 Publisher HARPERCOLLINS PUBLISHERS Pages 384 Height 120IN Width 410IN Thickness 100 Number of Units 1 Illustration Yes Copyright Year 2010 UPC Code 2800060515234 Author Neil Gaiman Author Neil Gaiman Subject General Fiction Subject LiteratureA to Z 695 List Price 899 Used Mass Market Ships in 1 to 3 days Qty Store 1 Hawthorne More copies of this ISBN New Mass Market 899 1 LOCOK 1 LOCOK LOCCancel 1 LOCOK LOCCancel 1 LOCOK 1 LOCOK LOCCancel 1 LOCOK LOCCancel 1 LOCOK 1 LOCOK LOCCancel 1 LOCOK LOCCancel 1 LOCOK 1 LOCOK LOCCancel 1 LOCOK LOCCancel Help Guarantee My Account Careers About Us Security Wish List Partners Contact Us Shipping Transparency ACT MRF Sitemap  2022 POWELLSCOM Terms 1 LOCOK 1 LOCOK LOCCancel 1 LOCOK LOCCancel 1 LOCOK 1 LOCOK LOCCancel 1 LOCOK LOCCancel 1 LOCOK 1 LOCOK LOCCancel 1 LOCOK LOCCancel 1 LOCOK 1 LOCOK LOCCancel 1 LOCOK LOCCancel",
    "page_rank": 0
}