{
    "Title": " The Wild Unknown Archetypes Deck and Guidebook ",
    "Author": "Kim Krans",
    "Cover Page": "https://powells-covers-2.s3.amazonaws.com/9780062871770.jpg",
    "ISBN10": "0062871773  \n",
    "ISBN13": "9780062871770",
    "Page URL": "https://powells.com/book/the-wild-unknown-archetypes-deck-and-guidebook-9780062871770",
    "raw_text": "Wild Unknown Archetypes Deck  Guidebook Kim Krans Hardcover 9780062871770 Powells Books Cart   my account  wish list  help  8008787323 Hello\n Login MENU Browse New Arrivals Bestsellers Featured Preorders Award Winners Audio Books See All Subjects Used Staff Picks Staff Picks Picks of the Month Bookseller Displays 50 Books for 50 Years 25 Best 21st Century SciFi  Fantasy 25 PNW Books to Read Before You Die 25 Books From the 21st Century 25 Memoirs to Read Before You Die 25 Global Books to Read Before You Die 25 Women to Read Before You Die 25 Books to Read Before You Die Gifts Gift Cards  eGift Cards Powells Souvenirs Journals and Notebooks socks Games Sell Books Blog Events Find A Store Dont Miss BIG SALE 20 off sitewide Picks of the Season What Im Giving Great Gifts Under 25 Best Books of 2022 Powells Author Events Oregon Battle of the Books Audio Books Visit Our Stores Powells Books 14 Gift Ideas From 14 of Our Favorite Authors 0 comment Every year Powells reaches out to some of our favorite authors for some muchneeded giftgiving inspiration Below are 14 writerapproved recommendations to help you find the perfect book for even your mostdifficulttobuyfor loved one Read More  Powells Staff Best Books of 2022 Fiction 1 comment Kelsey Ford 6 Haunting Native American Horror Books 1 comment 1 LOCOK 1 LOCOK LOCCancel 1 LOCOK LOCCancel The Wild Unknown Archetypes Deck and Guidebook by Kim Krans Comment on this title Synopses  Reviews ISBN13 9780062871770 ISBN10 0062871773 All Product Details View Larger Image View Larger Images 3999 New Hardcover Ships in 1 to 3 days Qty Store 1 Burnside 1 Cedar Hills 1 Hawthorne 20 Local Warehouse Synopses  Reviews Publisher Comments In this wholly original neverbeforeseen box set the New York Times bestselling author who has redefined tarot for the twentyfirst century takes seekers on a journey of selfdiscovery deep into the collective unconscious and through the realm of archetypes where dreams and myths meet In this original box set Kim Krans illuminates the revelatory power of archetypes  the ancient universal symbols that have endured across time and cultures and reside deep in our shared psyche Illustrated in her unmistakable Wild Unknown style an emotionally evocative combination of elegant line art and lush watercolor painting The Wild Unknown Archetypes Deck and Guidebook fosters a profound understanding of our complex personalities behaviors and tendencies The Wild Unknown Archetypes deck includes 78 gorgeous circular oracle cards divided into four suits The Selves The Places The Tools and The Initiations Each archetype has been carefully selected for its symbolic potency and the lesson at the core of its nature such as The Poet representative of deep emotional creativity and the drive to find our truth and The Vision which symbolizes the lifelong journey to rediscover our destiny Accompanying the deck is a 224page handlettered fully illustrated guidebook written and designed by Krans which details the meaning behind each card and offers clear grounded explanations of the many spreads practices and concepts that power the Archetypes deck A beautiful and inclusive tool for selfexploration The Wild Unknown Archetypes Deck and Guidebook is sure to enchant readers drawn to personal study symbology and lore Destined to become a treasured keepsake The Wild Unknown Archetypes Deck and Guidebook is an exquisitely designed work of art that embodies the mystery glamour and allure that made Kranss previous work collectible sensations while introducing a whole new realm of magic and depth to The Wild Unknown About the Author KIM KRANS is a visionary artist author and creator of the New York Times bestseller The Wild Unknown Tarot The Wild Unknown Animal Spirit The Wild Unknown Journal  and The Wild Unknown Archetypes Deck and Guidebook  She is also the author of several childrens books including Hello Sacred Life and ABC Dream  Krans received her BFA in drawing at Cooper Union in NYC MFA in mixed media at Hunter College and a MA in depth psychology and creativity at Pacifica Graduate Institute in California Her seekers heart has brought her to study indepth practices of yoga and shamanism in India Africa Europe and the UK Kim teaches events and workshops that activate the forces of creativity and radical transformation through art meditation mysticism and movement See more at kimkranscom What Our Readers Are Saying Be the first to share your thoughts on this title Product Details ISBN 9780062871770 Binding Hardcover Publication date 10152019 Publisher HARPERCOLLINS PUBLISHERS Series info Wild Unknown Pages 224 Height 270IN Width 630IN Author Kim Krans 3999 New Hardcover Ships in 1 to 3 days Qty Store 1 Burnside 1 Cedar Hills 1 Hawthorne 20 Local Warehouse Receive an email when this ISBN is available used 1 LOCOK 1 LOCOK LOCCancel 1 LOCOK LOCCancel 1 LOCOK 1 LOCOK LOCCancel 1 LOCOK LOCCancel 1 LOCOK 1 LOCOK LOCCancel 1 LOCOK LOCCancel 1 LOCOK 1 LOCOK LOCCancel 1 LOCOK LOCCancel Help Guarantee My Account Careers About Us Security Wish List Partners Contact Us Shipping Transparency ACT MRF Sitemap  2022 POWELLSCOM Terms 1 LOCOK 1 LOCOK LOCCancel 1 LOCOK LOCCancel 1 LOCOK 1 LOCOK LOCCancel 1 LOCOK LOCCancel 1 LOCOK 1 LOCOK LOCCancel 1 LOCOK LOCCancel 1 LOCOK 1 LOCOK LOCCancel 1 LOCOK LOCCancel",
    "page_rank": 7.823833734979348e-05
}