{
    "Title": " I'll Be Gone in the Dark: One Woman's Obsessive Search for the Golden State Killer ",
    "Author": "Michelle McNamara",
    "Cover Page": "https://powells-covers-2.s3.amazonaws.com/9780062319791.jpg",
    "ISBN10": "0062319795  \n",
    "ISBN13": "9780062319791",
    "Page URL": "https://powells.com/book/ill-be-gone-in-the-dark-9780062319791",
    "raw_text": "Ill Be Gone in the Dark One Womans Obsessive Search for the Golden State Killer Michelle McNamara Trade Paperback 9780062319791 Powells Books Cart   my account  wish list  help  8008787323 Hello\n Login MENU Browse New Arrivals Bestsellers Featured Preorders Award Winners Audio Books See All Subjects Used Staff Picks Staff Picks Picks of the Month Bookseller Displays 50 Books for 50 Years 25 Best 21st Century SciFi  Fantasy 25 PNW Books to Read Before You Die 25 Books From the 21st Century 25 Memoirs to Read Before You Die 25 Global Books to Read Before You Die 25 Women to Read Before You Die 25 Books to Read Before You Die Gifts Gift Cards  eGift Cards Powells Souvenirs Journals and Notebooks socks Games Sell Books Blog Events Find A Store Dont Miss BIG SALE 20 off sitewide Picks of the Season What Im Giving Great Gifts Under 25 Best Books of 2022 Powells Author Events Oregon Battle of the Books Audio Books Visit Our Stores Powells Books 14 Gift Ideas From 14 of Our Favorite Authors 0 comment Every year Powells reaches out to some of our favorite authors for some muchneeded giftgiving inspiration Below are 14 writerapproved recommendations to help you find the perfect book for even your mostdifficulttobuyfor loved one Read More  Powells Staff Best Books of 2022 Fiction 1 comment Kelsey Ford 6 Haunting Native American Horror Books 1 comment 1 LOCOK 1 LOCOK LOCCancel 1 LOCOK LOCCancel Ill Be Gone in the Dark One Womans Obsessive Search for the Golden State Killer by Michelle McNamara Comment on this title Synopses  Reviews ISBN13 9780062319791 ISBN10 0062319795 Condition Standard All Product Details View Larger Image View Larger Images 1250 List Price 1799 Used Trade Paperback Ships in 1 to 3 days Qty Store 2 Burnside 2 Cedar Hills 3 Hawthorne 6 Local Warehouse From Powellscom Powells Picks of the Month Hot new releases and undertheradar gems for adults and kids Staff Top Fives 2019 Our favorite books of the year Staff Pick Michelle McNamaras devastating passing in 2016 was the first time Id heard of her investigation into the criminal who would come to be known as the Golden State Killer My curiosity was piqued when I learned that her manuscript would be published posthumously McNamaras narrative deeply conveyed the palpable fear faced by the communities in which the GSK hunted Paired with Chase Darkness With Me by Billy Jensen I had an exciting and eyeopening introduction to the genre of true crime Recommended By Kara G Powellscom Tenacious resourceful and compassionate Michelle McNamara pursued the elusive Golden State Killer tirelessly until her untimely death Ill Be Gone in the Dark  which chronicles that pursuit is at once a gripping keepyouupallnight reallife whodunit a testament to McNamaras inimitable resolve and an extraordinary parting gift from a talented writer Recommended By Tove H Powellscom Synopses  Reviews Publisher Comments 1 New York Times Bestseller  The haunting true story of the elusive serial rapist turned murderer who terrorized California during the 70s and 80s and of the gifted journalist who died tragically while investigating the case  which was solved in April 2018 SCIBA Book Award Winner A Publishers Weekly Best Book of 2018 Introduction by Gillian Flynn  Afterword by Patton Oswalt A brilliant genrebusterPropulsive cantstopnow reading Stephen King For more than ten years a mysterious and violent predator committed fifty sexual assaults in Northern California before moving south where he perpetrated ten sadistic murders Then he disappeared eluding capture by multiple police forces and some of the best detectives in the area Three decades later Michelle McNamara a true crime journalist who created the popular website TrueCrimeDiarycom was determined to find the violent psychopath she called the Golden State Killer Michelle pored over police reports interviewed victims and embedded herself in the online communities that were as obsessed with the case as she was Ill Be Gone in the Dark  the masterpiece McNamara was writing at the time of her sudden death  offers an atmospheric snapshot of a moment in American history and a chilling account of a criminal mastermind and the wreckage he left behind It is also a portrait of a womans obsession and her unflagging pursuit of the truth Utterly original and compelling it has been hailed as a modern true crime classic  one which fulfilled Michelles dream helping unmask the Golden State Killer Review Unputdownable Powerful Maureen Corrigan NPRs Fresh Air Review This is a one sitdown read Thats how riveting it is Very few writers have the skill to bring a decadesold cold case to life in these pages Michelle McNamara has not only successfully resuscitated the fascinating case of the Golden State Killer but done so with humanity insight and grace Michael Connelly Review A singular fascinating read Its lifelike in its incompletion a posthumous treasure that feels thrillingly alive A Entertainment Weekly Review What makes McNamaras work so compelling is her empathy and sensitivity toward the people touched by these crimes I wish I could read the next 10 books she would have written Los Angeles Times Review Both a vivid and meticulous investigation of a twisted predator who terrorized quiet upper middleclass communities in California for nearly a decade and a wrenching personal account from a writer who became consumed by her subject New York Times About the Author Michelle McNamara 19702016 was the author of the website True Crime Diary  She earned an MFA in fiction writing from the University of Minnesota and had sold television pilots to ABC and Fox and a screenplay to Paramount She also worked as a consultant for Dateline NBC She lived in Los Angeles and is survived by her husband Patton Oswalt and their daughter Alice What Our Readers Are Saying Be the first to share your thoughts on this title Product Details ISBN 9780062319791 Binding Trade Paperback Publication date 02262019 Publisher HARPERCOLLINS PUBLISHERS Pages 368 Height 100IN Width 520IN Author Michelle McNamara Foreword Gillian Flynn Afterword Patton Oswalt 1250 List Price 1799 Used Trade Paperback Ships in 1 to 3 days Qty Store 2 Burnside 2 Cedar Hills 3 Hawthorne 6 Local Warehouse More copies of this ISBN New Trade Paperback 1799 Used Trade Paperback Starting from 850 This title in other editions New Hardcover 2799 Used Hardcover Starting from 1095 1 LOCOK 1 LOCOK LOCCancel 1 LOCOK LOCCancel 1 LOCOK 1 LOCOK LOCCancel 1 LOCOK LOCCancel 1 LOCOK 1 LOCOK LOCCancel 1 LOCOK LOCCancel 1 LOCOK 1 LOCOK LOCCancel 1 LOCOK LOCCancel Help Guarantee My Account Careers About Us Security Wish List Partners Contact Us Shipping Transparency ACT MRF Sitemap  2022 POWELLSCOM Terms 1 LOCOK 1 LOCOK LOCCancel 1 LOCOK LOCCancel 1 LOCOK 1 LOCOK LOCCancel 1 LOCOK LOCCancel 1 LOCOK 1 LOCOK LOCCancel 1 LOCOK LOCCancel 1 LOCOK 1 LOCOK LOCCancel 1 LOCOK LOCCancel",
    "page_rank": 4.074629616275574e-05
}