{
    "Title": " Abhorsen 03 Abhorsen ",
    "Author": "Garth Nix",
    "Cover Page": "https://covers.powells.com/9780060528737.jpg",
    "ISBN10": "0060528737  \n",
    "ISBN13": "9780060528737",
    "Page URL": "https://powells.com/book/abhorsen-03-abhorsen-9780060528737",
    "raw_text": "Abhorsen 03 Abhorsen Garth Nix Mass Market 9780060528737 Powells Books Cart   my account  wish list  help  8008787323 Hello\n Login MENU Browse New Arrivals Bestsellers Featured Preorders Award Winners Audio Books See All Subjects Used Staff Picks Staff Picks Picks of the Month Bookseller Displays 50 Books for 50 Years 25 Best 21st Century SciFi  Fantasy 25 PNW Books to Read Before You Die 25 Books From the 21st Century 25 Memoirs to Read Before You Die 25 Global Books to Read Before You Die 25 Women to Read Before You Die 25 Books to Read Before You Die Gifts Gift Cards  eGift Cards Powells Souvenirs Journals and Notebooks socks Games Sell Books Blog Events Find A Store Dont Miss BIG SALE 20 off sitewide Picks of the Season What Im Giving Great Gifts Under 25 Best Books of 2022 Powells Author Events Oregon Battle of the Books Audio Books Visit Our Stores Powells Books 14 Gift Ideas From 14 of Our Favorite Authors 0 comment Every year Powells reaches out to some of our favorite authors for some muchneeded giftgiving inspiration Below are 14 writerapproved recommendations to help you find the perfect book for even your mostdifficulttobuyfor loved one Read More  Powells Staff Best Books of 2022 Fiction 1 comment Kelsey Ford 6 Haunting Native American Horror Books 1 comment 1 LOCOK 1 LOCOK LOCCancel 1 LOCOK LOCCancel Abhorsen 03 Abhorsen by Garth Nix Comment on this title Synopses  Reviews ISBN13 9780060528737 ISBN10 0060528737 Condition Standard All Product Details View Larger Image View Larger Images 650 List Price 1099 Used Mass Market Ships in 1 to 3 days Qty Store 1 Cedar Hills Synopses  Reviews Publisher Comments The apocalyptic conclusion to the New York Times bestselling Abhorsen seriesan epic fantasy experience not to be missed The Abhorsen Sabriel and King Touchstone are missing leaving only Liraelnewly come into her inheritance as the AbhorseninWaitingto stop the Destroyer If Oranniss unspeakable powers are unleashed it will mean the end of all Life With only a vision from the Clayr to guide her and the help of her companions Sam the Disreputable Dog and Mogget Lirael must search in both Life and Death for some means to defeat the evil destructorbefore it is too late    Review Nix brings his trilogy to a literally earthshattering conclusionThis one is breathtaking bittersweet and utterly unforgettable Kirkus Reviews Review A riveting continuation This thoughtprovoking fantasysuggests that Nix may still have more tricks up his sleeve Publishers Weekly Review The tension throughout the story is palatable and despite a solid satisfying conclusion Nix leaves himself a bit of room to revisit his intricately designed universe Sally Estes Booklist Review  Abhorsen will delight Nixs dedicated fans Similar to Tamora Pierces engaging heroines this fantasy novel provides readers with astrong quickthinking compassionate young woman who triumphs against seemingly impossible odds Leah Hanson Childrens Literature Review  Abhorsen is an excellent denouement for a fantasy that is both literary and popularly accessible School Library Journal Review A brilliant mix of subtlety and tension darkness and light Cliffhanging action combines with Gothic gloom occasionally leavened by flashes of wit Peopled by strong and believable human and nonhuman characters VOYA Synopsis Now available in paperback  the New York Times bestselling conclusion to the Abhorsen trilogy Lirael now revealed to be AbhorseninWaiting realizes that she and her three companions are all that stand between an ancient horror and the world Synopsis In the final book in the Old Kingdom trilogy master of fantasy and globally bestselling author Garth Nix returns to the fantastic world of Sabriel for an unforgettable conclusion B reathtaking bittersweet and utterly unforgettable  After centuries in captivity the Destroyer is nearly free Beneath the earth a malignant force lies waiting greedy for freedom from its ancient prison As the Old Kingdom falls once more into a realm of darkness and terror the people look desperately to the Abhorsen the scourge of the Dead to save them Yet Abhorsen Sabriel is lost missing in Ancelstierre Only Lirael has any chance of stopping the Destroyer With her companions Sameth Mogget and the Disreputable Dog she travels across the Old Kingdom in a race against time battling Shadow Hands and dark necromancers to reach Ancelstierre before it is too late But what hope can one young woman have against a terrible evil with the power to destroy life itself This eagerly awaited conclusion to Garth Nixs extraordinary trilogy of Old Kingdom books is a complex and vividly imagined story powerful terrifying and compelling Terror courage bitterness love desperation and sacrifice all swirl together in an apocalyptic climax that pits both Life and Death together against the destruction of everything Kirkus Synopsis Orannis the Destroyer has been freed And only Lirael newly come into her inheritance as the AbhorseninWaiting has any chance of stopping it She and her companions  Sam the Disreputable Dog and Mogget  have to take that chance If Oranniss unspeakable powers are unleashed it will mean the end of all Life With the help of her companions and a vision from the Clayr to guide her Lirael must search in both Life and Death for some means to defeat the Destroyer  before it is too late    About the Author Garth Nix was born in 1963 in Melbourne Australia to the sound of the Salvation Army band outside playing Hail the Conquering Hero Comes or possibly Roll Out the Barrel Garth left Melbourne at an early age for Canberra the federal capital and stayed there till he was nineteen when he left to drive around the UK in a beatup Austin with a trunk full of books and a SilverReed typewriter Despite a wheel literally falling off the Austin Garth survived to return to Australia and study at the University of Canberra After finishing his degree in 1986 he worked in a bookshop then as a book publicist a publishers sales representative and editor Along the way he was also a parttime soldier in the Australian Army Reserve serving in an Assault Pioneer platoon for four years Garth left publishing to work as a public relations and marketing consultant from 19941997 till he became a fulltime writer in 1998 He did that for a year before becoming a parttime literary agent in 1999 In January 2002 Garth went back to writing full time again despite his belief that fulltime writing explains the strange behaviour of many authors Garth currently lives in a beach suburb of Sydney with his wife Anna a publisher 4 2 What Our Readers Are Saying Share your thoughts on this title Average customer rating 4 2 comments  jhor0107  March 08 2008 view all comments by jhor0107 wow while reading this it was hard to put down hard to believe its for a younger reading audience I think its great for any age A few plot problems but overall a great series Was this comment helpful  Yes  No 5 of 6 readers found this comment helpful report this\ncomment  Shoshana  January 25 2007 view all comments by Shoshana  Strong female protagonist comingofage elements fastpaced action\n Rushed narrative at times plot issues character development subsumed by action multiple points of view often lapsing into exposition which also increases the readers emotional distance\nThe third of the Abhorsen trilogy\nThis is really a part 2 for Lirael making the shape of the series a little less of a triptych and more of a single story plus a diptych A relatively satisfying book and a reasonable end to the sequence though there are hints that more could follow it nonetheless has less emotional power than the previous two volumes Perhaps this is a function of the characters outward rather than introspective focus perhaps it is the difficulty inherent in writing a parable of such apocalyptic portions but I did not find the characters as interesting or compelling and their developmental changes and epiphanies seemed somewhat empty and distant compared to the first two books Bigger plot holes more deus ex machina as people and animals suddenly remember or know things that they didnt before\nBoth the girl and boy with the magical dog who knows things and the pace of the action reminded me more of Diane Duanes Young Wizards series than did the first two books though I like what Nix did with both the Disreputable Dog and Mogget in Abhorsen\nCertainly I was exhausted by the end of reading it and could empathize with the characters who were even more sleep deprived than I\nPlot problems large and small which I hope will be inexplicable if you havent already read the books and therefore not spoilers Caveat emptor\n1 Why is Nick necessary to Hedges plan\n2 Why would Sam have been preferable\n3 How was the splinter removed from its presumably impervious site of origin\n4 Id have liked to see Nicks empirical side before his encounter with Hedge in Lirael His behavior after the encounter with Hedge and in the Old Kingdom would have extended more logically from his nature\n5 Im unclear on the sequence of some of Nicks actions since the narrative now jumps somewhat asynchronously between several characters I hope that he ordered the work at Forwin Mill after he saw the Lightning Trap\n6 Powerful as she now is I dont think that Sabriel would undress with a Wyverly teacher in the room\n7 Id find the business about the circuit breakers more convincing if Nick and Tim didnt come up with the idea independently\n8 I grew a bit weary of the Dead who behave in a particular way and have particular characteristicsexcept for these Dead over here who are differentoh and those Dead over there who defy the previous knowledge we have of the Dead If the Dead can be held at bay as well as they are and in great numbers by pipes and bells later in the book why so much fuss about combating relatively small numbers of Dead earlier If running water only keeps minor Dead away shouldnt Abhorsens House have better defenses\n9 Perhaps I missed an explanation but Im not sure why Lirael had to go to the 9th Precinct to use the mirror Was this comment helpful  Yes  No 5 of 10 readers found this comment helpful report this\ncomment Product Details ISBN 9780060528737 Binding Mass Market Publication date 01202004 Publisher HARPERCOLLINS PUBLISHERS Series info Abhorsen Trilogy Pages 518 Height 117IN Width 424IN Thickness 100 Series The Abhorsen Trilogy Series Number 3 Age Range 12 to 17 Grade Range 7 to 12 Number of Units 1 Copyright Year 2004 Series Volume 03 UPC Code 2800060528739 Author Garth Nix Author Garth Nix Subject Children sScience Fiction and Fantasy Subject Childrens 12Up  Fiction  Fantasy Subject Fantasy 650 List Price 1099 Used Mass Market Ships in 1 to 3 days Qty Store 1 Cedar Hills More copies of this ISBN New Mass Market 1099 Used Mass Market 750 This title in other editions New Trade Paperback Starting from 1095 Used Trade Paperback Starting from 695 1 LOCOK 1 LOCOK LOCCancel 1 LOCOK LOCCancel 1 LOCOK 1 LOCOK LOCCancel 1 LOCOK LOCCancel 1 LOCOK 1 LOCOK LOCCancel 1 LOCOK LOCCancel 1 LOCOK 1 LOCOK LOCCancel 1 LOCOK LOCCancel Help Guarantee My Account Careers About Us Security Wish List Partners Contact Us Shipping Transparency ACT MRF Sitemap  2022 POWELLSCOM Terms 1 LOCOK 1 LOCOK LOCCancel 1 LOCOK LOCCancel 1 LOCOK 1 LOCOK LOCCancel 1 LOCOK LOCCancel 1 LOCOK 1 LOCOK LOCCancel 1 LOCOK LOCCancel 1 LOCOK 1 LOCOK LOCCancel 1 LOCOK LOCCancel",
    "page_rank": 0
}