{
    "Title": " Simon vs the Homo Sapiens Agenda ",
    "Author": "Becky Albertalli",
    "Cover Page": "https://powells-covers-2.s3.amazonaws.com/9780062348685.jpg",
    "ISBN10": "006234868X  \n",
    "ISBN13": "9780062348685",
    "Page URL": "https://powells.com/book/-9780062348685",
    "raw_text": "Simon vs the Homo Sapiens Agenda Becky Albertalli Trade Paperback 9780062348685 Powells Books Cart   my account  wish list  help  8008787323 Hello\n Login MENU Browse New Arrivals Bestsellers Featured Preorders Award Winners Audio Books See All Subjects Used Staff Picks Staff Picks Picks of the Month Bookseller Displays 50 Books for 50 Years 25 Best 21st Century SciFi  Fantasy 25 PNW Books to Read Before You Die 25 Books From the 21st Century 25 Memoirs to Read Before You Die 25 Global Books to Read Before You Die 25 Women to Read Before You Die 25 Books to Read Before You Die Gifts Gift Cards  eGift Cards Powells Souvenirs Journals and Notebooks socks Games Sell Books Blog Events Find A Store Dont Miss BIG SALE 20 off sitewide Picks of the Season What Im Giving Great Gifts Under 25 Best Books of 2022 Powells Author Events Oregon Battle of the Books Audio Books Visit Our Stores Powells Books 14 Gift Ideas From 14 of Our Favorite Authors 0 comment Every year Powells reaches out to some of our favorite authors for some muchneeded giftgiving inspiration Below are 14 writerapproved recommendations to help you find the perfect book for even your mostdifficulttobuyfor loved one Read More  Powells Staff Best Books of 2022 Fiction 1 comment Kelsey Ford 6 Haunting Native American Horror Books 1 comment 1 LOCOK 1 LOCOK LOCCancel 1 LOCOK LOCCancel Simon vs the Homo Sapiens Agenda by Becky Albertalli Comment on this title Synopses  Reviews ISBN13 9780062348685 ISBN10 006234868X Condition Standard All Product Details View Larger Image View Larger Images 750 List Price 1199 Used Trade Paperback Ships in 1 to 3 days Qty Store 8 Burnside 8 Cedar Hills 3 Hawthorne 5 Local Warehouse Synopses  Reviews Synopsis William C Morris Award Winner BestYoung Adult Debut of the Year National Book Award Longlist Everybody is talking about Simon vs the Homo Sapiens Agenda A remarkable gift of a novel Andrew Smith author of Grasshopper Jungle I am so in love with this book Nina LaCour author of Hold Still Feels timelessly effortlessly now Tim Federle author of Better Nate Than Ever The best kind of love story Alex Sanchez Lambda Awardwinning author of Rainbow Boys and Boyfriends with Girlfriends Sixteenyearold and notsoopenly gay Simon Spier prefers to save his drama for the school musical But when an email falls into the wrong hands his secret is at risk of being thrust into the spotlight Now changeaverse Simon has to find a way to step out of his comfort zone before hes pushed out without alienating his friends compromising himself or fumbling a shot at happiness with the most confusing adorable guy hes never met Incredibly funny and poignant this twentyfirstcentury comingofage coming out story wrapped in a geek romance is a knockout of a debut novel by Becky Albertalli  Synopsis Now a major motion picture Love Simon  starring Nick Robinson and Katherine Langford William C Morris Award Winner Best Young Adult Debut of the Year  National Book Award Longlist A remarkable gift of a novelAndrew Smith author of Grasshopper Jungle I am so in love with this bookNina LaCour author of Hold Still Feels timelessly effortlessly nowTim Federle author of Better Nate Than Ever The best kind of love storyAlex Sanchez Lambda Awardwinning author of Rainbow Boys and Boyfriends with Girlfriends Sixteenyearold and notsoopenly gay Simon Spier prefers to save his drama for the school musical But when an email falls into the wrong hands his secret is at risk of being thrust into the spotlight Now changeaverse Simon has to find a way to step out of his comfort zone before hes pushed outwithout alienating his friends compromising himself or fumbling a shot at happiness with the most confusing adorable guy hes never met Incredibly funny and poignant this twentyfirstcentury comingofage coming out storywrapped in a geek romanceis a knockout of a debut novel by Becky Albertalli Plus dont miss Yes No Maybe So Becky Albertallis and Aisha Saeeds heartwarming and hilarious new novel coming in 2020 What Our Readers Are Saying Be the first to share your thoughts on this title Product Details ISBN 9780062348685 Binding Trade Paperback Publication date 06072016 Publisher HARPERCOLLINS PUBLISHERS Pages 336 Height 90IN Width 520IN Age Range 13 to 17 Grade Range 8 to 12 Author Becky Albertalli 750 List Price 1199 Used Trade Paperback Ships in 1 to 3 days Qty Store 8 Burnside 8 Cedar Hills 3 Hawthorne 5 Local Warehouse More copies of this ISBN New Trade Paperback 1199 Used Trade Paperback Starting from 795 1 LOCOK 1 LOCOK LOCCancel 1 LOCOK LOCCancel 1 LOCOK 1 LOCOK LOCCancel 1 LOCOK LOCCancel 1 LOCOK 1 LOCOK LOCCancel 1 LOCOK LOCCancel 1 LOCOK 1 LOCOK LOCCancel 1 LOCOK LOCCancel Help Guarantee My Account Careers About Us Security Wish List Partners Contact Us Shipping Transparency ACT MRF Sitemap  2022 POWELLSCOM Terms 1 LOCOK 1 LOCOK LOCCancel 1 LOCOK LOCCancel 1 LOCOK 1 LOCOK LOCCancel 1 LOCOK LOCCancel 1 LOCOK 1 LOCOK LOCCancel 1 LOCOK LOCCancel 1 LOCOK 1 LOCOK LOCCancel 1 LOCOK LOCCancel",
    "page_rank": 0.00014370426463446653
}