{
    "Title": " Yes Please ",
    "Author": "Amy Poehler",
    "Cover Page": "https://powells-covers-2.s3.amazonaws.com/9780062268358.jpg",
    "ISBN10": "006226835X  \n",
    "ISBN13": "9780062268358",
    "Page URL": "https://powells.com/book/yes-please-9780062268358",
    "raw_text": "Yes Please Amy Poehler Trade Paperback 9780062268358 Powells Books Cart   my account  wish list  help  8008787323 Hello\n Login MENU Browse New Arrivals Bestsellers Featured Preorders Award Winners Audio Books See All Subjects Used Staff Picks Staff Picks Picks of the Month Bookseller Displays 50 Books for 50 Years 25 Best 21st Century SciFi  Fantasy 25 PNW Books to Read Before You Die 25 Books From the 21st Century 25 Memoirs to Read Before You Die 25 Global Books to Read Before You Die 25 Women to Read Before You Die 25 Books to Read Before You Die Gifts Gift Cards  eGift Cards Powells Souvenirs Journals and Notebooks socks Games Sell Books Blog Events Find A Store Dont Miss BIG SALE 20 off sitewide Picks of the Season What Im Giving Great Gifts Under 25 Best Books of 2022 Powells Author Events Oregon Battle of the Books Audio Books Visit Our Stores Powells Books 14 Gift Ideas From 14 of Our Favorite Authors 0 comment Every year Powells reaches out to some of our favorite authors for some muchneeded giftgiving inspiration Below are 14 writerapproved recommendations to help you find the perfect book for even your mostdifficulttobuyfor loved one Read More  Powells Staff Best Books of 2022 Fiction 1 comment Kelsey Ford 6 Haunting Native American Horror Books 1 comment 1 LOCOK 1 LOCOK LOCCancel 1 LOCOK LOCCancel Yes Please by Amy Poehler Comment on this title Synopses  Reviews ISBN13 9780062268358 ISBN10 006226835X Condition Standard All Product Details View Larger Image View Larger Images 1195 List Price 1699 Used Trade Paperback Ships in 1 to 3 days Qty Store 18 Burnside 7 Cedar Hills 5 Hawthorne 6 Local Warehouse Synopses  Reviews Publisher Comments Do you want to get to know the woman we first came to love on Comedy Centrals Upright Citizens Brigade  Do you want to spend some time with the lady who made you howl with laughter on Saturday Night Live  and in movies like Baby Mama  Blades of Glory  and They Came Together  Do you find yourself daydreaming about hanging out with the actor behind the brilliant Leslie Knope on Parks and Recreation  Did you wish you were in the audience at the last two Golden Globes ceremonies so you could bask in the hilarity of Amys oneliners If your answer to these questions is Yes Please then you are in luck In her first book one of our most beloved funny folk delivers a smart pointed and ultimately inspirational read Full of the comedic skill that makes us all love Amy Yes Please is a rich and varied collection of stories lists poetry Plastic Surgery Haiku to be specific photographs mantras and advice With chapters like Treat Your Career Like a Bad Boyfriend Plain Girl Versus the Demon and The Robots Will Kill Us All Yes Please will make you think as much as it will make you laugh Honest personal real and righteous Yes Please is full of words to live by Review Poehler is very funny so the jokes are very goodPoehler is very wise so her advice is on point Slate Review  Yes Please is a great storybecause it is selfdamning and hopeful at the same time Los Angeles Times Review  Yes Please delivers what it should life lessons and vicarious thrillsthe book is largely a portrait of confidence Reading it some of it rubs off on us New Yorker Synopsis 1 NEW YORK TIMES BESTSELLER Do you want to get to know the woman we first came to love on Comedy Centrals Upright Citizens Brigade  Do you want to spend some time with the lady who made you howl with laughter on Saturday Night Live  and in movies like Baby Mama  Blades of Glory  and They Came Together  Do you find yourself daydreaming about hanging out with the actor behind the brilliant Leslie Knope on Parks and Recreation  Did you wish you were in the audience at the last two Golden Globes ceremonies so you could bask in the hilarity of Amys oneliners If your answer to these questions is Yes Please  then you are in luck In her first book one of our most beloved funny folk delivers a smart pointed and ultimately inspirational read Full of the comedic skill that makes us all love Amy Yes Please is a rich and varied collection of stories lists poetry Plastic Surgery Haiku to be specific photographs mantras and advice With chapters like Treat Your Career Like a Bad Boyfriend Plain Girl Versus the Demon and The Robots Will Kill Us All Yes Please will make you think as much as it will make you laugh Honest personal real and righteous Yes Please is full of words to live by Synopsis 1 New York Times Bestseller The much anticipated first book from comedic genius actress media darling star of Parks and Recreation  alum of Saturday Night Live  and all around awesome lady Amy Poehler Do you want to get to know the woman we first came to love on Comedy Centrals Upright Citizens Brigade  Do you want to spend some time with the lady who made you howl with laughter on Saturday Night Live  and in movies like Baby Mama  Blades of Glory  and They Came Together  Do you find yourself daydreaming about hanging out with the actor behind the brilliant Leslie Knope on Parks and Recreation  Did you wish you were in the audience at the last two Golden Globes ceremonies so you could bask in the hilarity of Amys oneliners If your answer to these questions is Yes Please then you are in luck In her first book one of our most beloved funny folk delivers a smart pointed and ultimately inspirational read Full of the comedic skill that makes us all love Amy Yes Please is a rich and varied collection of stories lists poetry Plastic Surgery Haiku to be specific photographs mantras and advice With chapters like Treat Your Career Like a Bad Boyfriend Plain Girl Versus the Demon and The Robots Will Kill Us All Yes Please will make you think as much as it will make you laugh Honest personal real and righteous Yes Please is full of words to live by Huffington Post Synopsis Do you ever wish your life was just a little bit more dangerous Yes Please Do you look in the mirror and think mean thoughts about your face Yes Please Do you want to know more about the day you were born Yes Please Do you think you would make a terrific ninetyyearold Yes Please Do you have a ridiculous obsessive and ultimately unsatisfying relationship with your phone and are you missing that phone right now as you read this Yes Please Do you believe in time travel Yes Please Do you want to hear advice about treating your career like a bad boyfriend Yes Please Do you like to look at the moon and think about how small we are in this big universe Yes Please Do you want to find the thing you love most and go for it no matter what Yes Please Do you need worldfamous sex tips that cannot be disputed and would hold up in a sex court of law Yes Please Great news Amy Poehler is here for you Yes Please is her collection of ideas stories and questions about the stuff of life big and small funny and sad Now Yes Please can be yours Thank you About the Author Amy Poehler is a writer actress producer and director who is known for her years on Saturday Night Live  her starring role as Leslie Knope on the beloved series Parks and Recreation  as the voice of Joy in Pixars Inside Out  and for being third runnerup for Most Casual in her highschool yearbook She lives in New York City and Los Angeles with her two boys She hopes this book will get her invited for lunch on a fancy yacht with her hero Judge Judy She is dressed and ready What Our Readers Are Saying Be the first to share your thoughts on this title Product Details ISBN 9780062268358 Binding Trade Paperback Publication date 09012015 Publisher Dey Street Language English Pages 352 Height 100IN Width 600IN Thickness 125 Illustration Yes Copyright Year 2014 Author Amy Poehler Subject HumorAnthologies Subject BiographyEntertainment and Performing Arts 1195 List Price 1699 Used Trade Paperback Ships in 1 to 3 days Qty Store 18 Burnside 7 Cedar Hills 5 Hawthorne 6 Local Warehouse More copies of this ISBN New Trade Paperback 1699 Used Trade Paperback 850 This title in other editions Used Hardcover Starting from 995 1 LOCOK 1 LOCOK LOCCancel 1 LOCOK LOCCancel 1 LOCOK 1 LOCOK LOCCancel 1 LOCOK LOCCancel 1 LOCOK 1 LOCOK LOCCancel 1 LOCOK LOCCancel 1 LOCOK 1 LOCOK LOCCancel 1 LOCOK LOCCancel Help Guarantee My Account Careers About Us Security Wish List Partners Contact Us Shipping Transparency ACT MRF Sitemap  2022 POWELLSCOM Terms 1 LOCOK 1 LOCOK LOCCancel 1 LOCOK LOCCancel 1 LOCOK 1 LOCOK LOCCancel 1 LOCOK LOCCancel 1 LOCOK 1 LOCOK LOCCancel 1 LOCOK LOCCancel 1 LOCOK 1 LOCOK LOCCancel 1 LOCOK LOCCancel",
    "page_rank": 3.9830624702641894e-05
}