{
    "Title": " From Head to Toe Padded Board Book ",
    "Author": "Eric Carle",
    "Cover Page": "https://powells-covers-2.s3.amazonaws.com/9780062747662.jpg",
    "ISBN10": "0062747665  \n",
    "ISBN13": "9780062747662",
    "Page URL": "https://powells.com/book/from-head-to-toe-padded-board-book-9780062747662",
    "raw_text": "From Head to Toe Padded Board Book Eric Carle Other 9780062747662 Powells Books Cart   my account  wish list  help  8008787323 Hello\n Login MENU Browse New Arrivals Bestsellers Featured Preorders Award Winners Audio Books See All Subjects Used Staff Picks Staff Picks Picks of the Month Bookseller Displays 50 Books for 50 Years 25 Best 21st Century SciFi  Fantasy 25 PNW Books to Read Before You Die 25 Books From the 21st Century 25 Memoirs to Read Before You Die 25 Global Books to Read Before You Die 25 Women to Read Before You Die 25 Books to Read Before You Die Gifts Gift Cards  eGift Cards Powells Souvenirs Journals and Notebooks socks Games Sell Books Blog Events Find A Store Dont Miss BIG SALE 20 off sitewide Picks of the Season What Im Giving Great Gifts Under 25 Best Books of 2022 Powells Author Events Oregon Battle of the Books Audio Books Visit Our Stores Powells Books 14 Gift Ideas From 14 of Our Favorite Authors 0 comment Every year Powells reaches out to some of our favorite authors for some muchneeded giftgiving inspiration Below are 14 writerapproved recommendations to help you find the perfect book for even your mostdifficulttobuyfor loved one Read More  Powells Staff Best Books of 2022 Fiction 1 comment Kelsey Ford 6 Haunting Native American Horror Books 1 comment 1 LOCOK 1 LOCOK LOCCancel 1 LOCOK LOCCancel From Head to Toe Padded Board Book by Eric Carle Comment on this title Synopses  Reviews ISBN13 9780062747662 ISBN10 0062747665 All Product Details View Larger Image View Larger Images 999 New Board Book Ships in 1 to 3 days Qty Store 1 Burnside 1 Cedar Hills 5 Local Warehouse Synopses  Reviews Publisher Comments Eric Carle the New York Times bestselling creator of beloved books including The Very Hungry Caterpillar and The Grouchy Ladybug presents From Head to Toe  a colorful and energetic book that will have young readers clapping their hands stomping their feet and wiggling their toes Giraffes can bend their necks monkeys can wave their hands and\ndonkeys can kick their legs And so can you Throughout this interactive\nbook the animals of From Head to Toe invite young readers to copy their antics as they play This padded board book has a soft padded cover and rounded edges perfect to share with the smallest readers Through Carles vibrant collages and simple instructions children\nwill learn the importance of listening exercising and taking on a new\nchallenge Join the giraffes monkeys donkeys seals and more for a\nfrolicking fun adventure Review On each doublepage spread a different animal waves its arms bends its neck or arches its back while a child imitates itCarles familiar collages against white backgrounds are bold and clear The Horn Book About the Author Eric Carle is the creator of more than seventy picture books for young readers Eric Carle was born in New York USA However when he was just six\nhe moved with his parents to Germany In 1952 after graduating from the\nprestigious Akademie der Bildenden K\u00fcnste in Stuttgart he fulfilled\nhis dream of returning to New York Eric Carle has received many distinguished awards and honours for his\nwork including in 2003 the Laura Ingalls Wilder Award for his\nlifetime contribution to childrens literature and illustration In 2002 fifty years after Carles return to the United States The\nEric Carle Museum of Picture Book Art was opened in Amherst\nMassachusetts Here visitors of all ages can enjoy in addition to Eric\nCarles work original artwork by other distinguished childrens book\nillustrators from around the world What Our Readers Are Saying Be the first to share your thoughts on this title Product Details ISBN 9780062747662 Binding Board Book Publication date 03062018 Publisher HARPERCOLLINS PUBLISHERS Pages 28 Height 100IN Width 600IN Thickness 100IN Age Range to 4 Grade Range P to P Illustration Yes Authorillustrator Eric Carle Author Eric Carle 999 New Board Book Ships in 1 to 3 days Qty Store 1 Burnside 1 Cedar Hills 5 Local Warehouse Receive an email when this ISBN is available used 1 LOCOK 1 LOCOK LOCCancel 1 LOCOK LOCCancel 1 LOCOK 1 LOCOK LOCCancel 1 LOCOK LOCCancel 1 LOCOK 1 LOCOK LOCCancel 1 LOCOK LOCCancel 1 LOCOK 1 LOCOK LOCCancel 1 LOCOK LOCCancel Help Guarantee My Account Careers About Us Security Wish List Partners Contact Us Shipping Transparency ACT MRF Sitemap  2022 POWELLSCOM Terms 1 LOCOK 1 LOCOK LOCCancel 1 LOCOK LOCCancel 1 LOCOK 1 LOCOK LOCCancel 1 LOCOK LOCCancel 1 LOCOK 1 LOCOK LOCCancel 1 LOCOK LOCCancel 1 LOCOK 1 LOCOK LOCCancel 1 LOCOK LOCCancel",
    "page_rank": 3.5383582654505545e-05
}