{
    "Title": " 2022 Guide to the Night Sky A Month by Month Guide to Exploring the Skies Above North America ",
    "Author": "Storm Dunlop, Wil Tirion, Royal Observatory Greenwich",
    "Cover Page": "https://powells-covers-2.s3.amazonaws.com/9780008469863.jpg",
    "ISBN10": "0008469865  \n",
    "ISBN13": "9780008469863",
    "Page URL": "https://powells.com/book/2022-guide-to-the-night-sky-a-month-by-month-guide-to-exploring-the-skies-above-north-america-9780008469863",
    "raw_text": "2022 Guide to the Night Sky A MonthByMonth Guide to Exploring the Skies Above North America Storm Dunlop and Wil Tirion Trade Paperback 9780008469863 Powells Books Cart   my account  wish list  help  8008787323 Hello\n Login MENU Browse New Arrivals Bestsellers Featured Preorders Award Winners Audio Books See All Subjects Used Staff Picks Staff Picks Picks of the Month Bookseller Displays 50 Books for 50 Years 25 Best 21st Century SciFi  Fantasy 25 PNW Books to Read Before You Die 25 Books From the 21st Century 25 Memoirs to Read Before You Die 25 Global Books to Read Before You Die 25 Women to Read Before You Die 25 Books to Read Before You Die Gifts Gift Cards  eGift Cards Powells Souvenirs Journals and Notebooks socks Games Sell Books Blog Events Find A Store Dont Miss BIG SALE 20 off sitewide Picks of the Season What Im Giving Great Gifts Under 25 Best Books of 2022 Powells Author Events Oregon Battle of the Books Audio Books Visit Our Stores Powells Books 14 Gift Ideas From 14 of Our Favorite Authors 0 comment Every year Powells reaches out to some of our favorite authors for some muchneeded giftgiving inspiration Below are 14 writerapproved recommendations to help you find the perfect book for even your mostdifficulttobuyfor loved one Read More  Powells Staff Best Books of 2022 Fiction 1 comment Kelsey Ford 6 Haunting Native American Horror Books 1 comment 1 LOCOK 1 LOCOK LOCCancel 1 LOCOK LOCCancel 2022 Guide to the Night Sky A Month by Month Guide to Exploring the Skies Above North America by Storm Dunlop Wil Tirion Royal Observatory Greenwich Comment on this title ISBN13 9780008469863 ISBN10 0008469865 All Product Details View Larger Image View Larger Images 1495 New Trade Paperback Ships in 1 to 3 days Qty Store 1 Burnside 1 Hawthorne What Our Readers Are Saying Be the first to share your thoughts on this title Product Details ISBN 9780008469863 Binding Trade Paperback Publication date 10012021 Publisher HARPERCOLLINS PUBLISHERS Pages 112 Height 39IN Width 583IN Illustration Yes Author Storm Dunlop Author Wil Tirion Author Royal Observatory Greenwich 1495 New Trade Paperback Ships in 1 to 3 days Qty Store 1 Burnside 1 Hawthorne Receive an email when this ISBN is available used 1 LOCOK 1 LOCOK LOCCancel 1 LOCOK LOCCancel 1 LOCOK 1 LOCOK LOCCancel 1 LOCOK LOCCancel 1 LOCOK 1 LOCOK LOCCancel 1 LOCOK LOCCancel 1 LOCOK 1 LOCOK LOCCancel 1 LOCOK LOCCancel Help Guarantee My Account Careers About Us Security Wish List Partners Contact Us Shipping Transparency ACT MRF Sitemap  2022 POWELLSCOM Terms 1 LOCOK 1 LOCOK LOCCancel 1 LOCOK LOCCancel 1 LOCOK 1 LOCOK LOCCancel 1 LOCOK LOCCancel 1 LOCOK 1 LOCOK LOCCancel 1 LOCOK LOCCancel 1 LOCOK 1 LOCOK LOCCancel 1 LOCOK LOCCancel",
    "page_rank": 2.8195765848988478e-05
}