{
    "Title": " Stasiland Stories from Behind the Berlin Wall ",
    "Author": "Anna Funder",
    "Cover Page": "https://covers.powells.com/9780062077325.jpg",
    "ISBN10": "0062077325  \n",
    "ISBN13": "9780062077325",
    "Page URL": "https://powells.com/book/-9780062077325",
    "raw_text": "Stasiland Stories from Behind the Berlin Wall Anna Funder Trade Paperback 9780062077325 Powells Books Cart   my account  wish list  help  8008787323 Hello\n Login MENU Browse New Arrivals Bestsellers Featured Preorders Award Winners Audio Books See All Subjects Used Staff Picks Staff Picks Picks of the Month Bookseller Displays 50 Books for 50 Years 25 Best 21st Century SciFi  Fantasy 25 PNW Books to Read Before You Die 25 Books From the 21st Century 25 Memoirs to Read Before You Die 25 Global Books to Read Before You Die 25 Women to Read Before You Die 25 Books to Read Before You Die Gifts Gift Cards  eGift Cards Powells Souvenirs Journals and Notebooks socks Games Sell Books Blog Events Find A Store Dont Miss BIG SALE 20 off sitewide Picks of the Season What Im Giving Great Gifts Under 25 Best Books of 2022 Powells Author Events Oregon Battle of the Books Audio Books Visit Our Stores Powells Books 14 Gift Ideas From 14 of Our Favorite Authors 0 comment Every year Powells reaches out to some of our favorite authors for some muchneeded giftgiving inspiration Below are 14 writerapproved recommendations to help you find the perfect book for even your mostdifficulttobuyfor loved one Read More  Powells Staff Best Books of 2022 Fiction 1 comment Kelsey Ford 6 Haunting Native American Horror Books 1 comment 1 LOCOK 1 LOCOK LOCCancel 1 LOCOK LOCCancel Stasiland Stories from Behind the Berlin Wall by Anna Funder Comment on this title Synopses  Reviews ISBN13 9780062077325 ISBN10 0062077325 All Product Details View Larger Image View Larger Images 1599 New Trade Paperback Ships in 1 to 3 days Qty Store 1 Burnside 8 Local Warehouse Synopses  Reviews Publisher Comments  Stasiland demonstrates that great originalreporting is still possible    A heartbreaking beautifully written book Aclassic Claire Tomalin Guardian Books ofthe Year AnnaFunder delivers a prizewinning and powerfully rendered account of theresistance against East Germanys communist dictatorship in these harrowingpersonal tales of life behind the Iron Curtainand especially of life underthe iron fist of the Stasi East Germanys brutal state security force In thetradition of Frederick Taylors The Berlin Wall andPhilip Gourevitchs WeWish to Inform You That Tomorrow We Will be Killed With Our Families  Funders Stasiland isa masterpiece of investigative reporting written with novelistic vividness andthe compelling intensity of a universal reallife story Synopsis In 1989 the Berlin Wall fell shortly afterwards the two Germanies reunited and East Germany ceased to exist In a country where the headquarters of the secret police can become a museum literally overnight and one in 50 East Germans were informing on their fellow citizens there are thousands of captivating stories Anna Funder tells extraordinary tales from the underbelly of the former East Germany She meets Miriam who as a 16yearold might have started World War III she visits the man who painted the line which became the Berlin Wall and she gets drunk with the legendary Mik Jegger of the east once declared by the authorities to his face to no longer to exist Each enthralling story depicts what its like to live in Berlin as the city knits itself back togetheror fails to This is a history full of emotion attitude and complexity Synopsis  Stasiland demonstrates that great original reporting is still possible    A heartbreaking beautifully written book A classic  Claire Tomalin Guardian Books of the Year Winner of the Samuel Johnson Prize for NonFiction a powerfully moving account of people who heroically resisted the communist dictatorship of East Germany and of people who worked for its secret police the Stasi Anna Funder delivers a prizewinning and powerfully rendered account of the resistance against East Germanys communist dictatorship in these harrowing personal tales of life behind the Iron Curtainand especially of life under the iron fist of the Stasi East Germanys brutal state security force In thetradition of Frederick Taylors The Berlin Wall and Philip Gourevitchs We Wish to Inform You That Tomorrow We Will be Killed With Our Families  Funders Stasiland is a masterpiece of investigative reporting written with novelistic vividness and the compelling intensity of a universal reallife story Synopsis In 1989 the Berlin Wall fell shortly afterward the two Germanys reunited and East Germany ceased to exist Anna Funders bestselling Stasiland brings us extraordinary tales of real lives in the former East Germany She meets Miriam who tried to escape to West Berlin as a sixteenyearold hears the heartbreaking story of Frau Paul who was separated from her baby by the Berlin Wall and gets drunk with the legendary Mik Jegger of the East once declared by the authoritiesto his faceno longer to exist And she meets the Stasi men themselves still proud of their surveillance methods Funders powerful account of that brutal world has become a contemporary classic About the Author Anna Funder is an Australian writer who grew up in Melbourne She has worked as an international lawyer specializing in human rights and constitutional law She is the prizewinning author of Stasiland Stories from Behind the Berlin Wall  which has been published in twenty countries and translated into sixteen languages In 2004 Stasiland won the BBC Samuel Johnson Prize the most prestigious nonfiction award in the United Kingdom All That I Am is her first novel Anna Funder lives in Brooklyn with her husband and children 5 1 What Our Readers Are Saying Share your thoughts on this title Average customer rating 5 1 comments  Noelle Cocoros  August 05 2012 view all comments by Noelle Cocoros This book is great  fascinating history personal reflections and thoughtful presentation of stories Was this comment helpful  Yes  No 1 of 2 readers found this comment helpful report this\ncomment Product Details ISBN 9780062077325 Binding Trade Paperback Publication date 09202011 Publisher HARPERCOLLINS PUBLISHERS Pages 304 Height 70IN Width 550IN Thickness 75 Author Anna Funder Subject World HistoryGermany Subject Germany 1599 New Trade Paperback Ships in 1 to 3 days Qty Store 1 Burnside 8 Local Warehouse Receive an email when this ISBN is available used This title in other editions Used Trade Paperback 795 1 LOCOK 1 LOCOK LOCCancel 1 LOCOK LOCCancel 1 LOCOK 1 LOCOK LOCCancel 1 LOCOK LOCCancel 1 LOCOK 1 LOCOK LOCCancel 1 LOCOK LOCCancel 1 LOCOK 1 LOCOK LOCCancel 1 LOCOK LOCCancel Help Guarantee My Account Careers About Us Security Wish List Partners Contact Us Shipping Transparency ACT MRF Sitemap  2022 POWELLSCOM Terms 1 LOCOK 1 LOCOK LOCCancel 1 LOCOK LOCCancel 1 LOCOK 1 LOCOK LOCCancel 1 LOCOK LOCCancel 1 LOCOK 1 LOCOK LOCCancel 1 LOCOK LOCCancel 1 LOCOK 1 LOCOK LOCCancel 1 LOCOK LOCCancel",
    "page_rank": 0.00011324362436204919
}