{
    "Title": " Pastoral Song: A Farmers Journey ",
    "Author": "James Rebanks",
    "Cover Page": "https://powells-covers-2.s3.amazonaws.com/9780063073272.jpg",
    "ISBN10": "0063073277  \n",
    "ISBN13": "9780063073272",
    "Page URL": "https://powells.com/book/pastoral-song-9780063073272",
    "raw_text": "Pastoral Song A Farmers Journey James Rebanks Hardcover 9780063073272 Powells Books Cart   my account  wish list  help  8008787323 Hello\n Login MENU Browse New Arrivals Bestsellers Featured Preorders Award Winners Audio Books See All Subjects Used Staff Picks Staff Picks Picks of the Month Bookseller Displays 50 Books for 50 Years 25 Best 21st Century SciFi  Fantasy 25 PNW Books to Read Before You Die 25 Books From the 21st Century 25 Memoirs to Read Before You Die 25 Global Books to Read Before You Die 25 Women to Read Before You Die 25 Books to Read Before You Die Gifts Gift Cards  eGift Cards Powells Souvenirs Journals and Notebooks socks Games Sell Books Blog Events Find A Store Dont Miss BIG SALE 20 off sitewide Picks of the Season What Im Giving Great Gifts Under 25 Best Books of 2022 Powells Author Events Oregon Battle of the Books Audio Books Visit Our Stores Powells Books 14 Gift Ideas From 14 of Our Favorite Authors 0 comment Every year Powells reaches out to some of our favorite authors for some muchneeded giftgiving inspiration Below are 14 writerapproved recommendations to help you find the perfect book for even your mostdifficulttobuyfor loved one Read More  Powells Staff Best Books of 2022 Fiction 1 comment Kelsey Ford 6 Haunting Native American Horror Books 1 comment 1 LOCOK 1 LOCOK LOCCancel 1 LOCOK LOCCancel Pastoral Song A Farmers Journey by James Rebanks Comment on this title Synopses  Reviews ISBN13 9780063073272 ISBN10 0063073277 All Product Details View Larger Image View Larger Images 2899 New Hardcover Ships in 1 to 3 days Qty Store 20 Local Warehouse Synopses  Reviews Publisher Comments James Rebankss acclaimed chronicle of the regeneration of his familys traditional English farm revealing through this intimate lens the profound global transformation of agriculture and of the human relationship to the land Superbly written and deeply insightful the book captivates the reader until the journeys end  Wall Street Journal NATIONAL BESTSELLER  New York Times Editors Choice  Named Nature Book of the Year by the Sunday Times  Winner of the Wainwright Prize for Nature Writing  Shortlisted for the Orwell Prize and the Royal Society of Literatures Ondaatje Prize  A BEST BOOK OF THE YEAR Sunday Times Financial Times New Statesman Independent Telegraph Observer and Daily Mail The New York Times bestselling author of The Shepherds Life profiles his familys farm across three generations As a boy James Rebankss grandfather taught him to work the land the old way Their family farm in Englands Lake District hills was part of an ancient agricultural landscape a patchwork of crops and meadows of pastures grazed with livestock and hedgerows teeming with wildlife And yet by the time James inherited the farm it was barely recognizable The men and women had vanished from the fields the old stone barns had crumbled the skies had emptied of birds and their windblown song Hailed as a brilliant beautiful book by the Sunday Times London Pastoral Song published in the United Kingdom under the title English Pastoral is the story of an inheritance one that affects us all It tells of how rural landscapes around the world were brought close to collapse and the ageold rhythms of work weather community and wild things were lost And yet this elegy from the northern fells is also a song of hope of how guided by the past one farmer began to salvage a tiny corner of England that was now his doing his best to restore the life that had vanished and to leave a legacy for the future This is a book about what it means to have love and pride in a place and how against all the odds it may still be possible to build a new pastoral not a utopia but somewhere decent for us all Published in the United Kingdom as English Pastoral  Review This is a rare and urgent book whose beauty is not only in the writing but in what lies behind it a gentle and wise sensibility that is alive to the human love affair with the land and yet also intimately aware of our systematic cruelty towards it James Rebanks reveals this paradoxical condition with great sensitivity We are very lucky to have him Hisham Matar Pulitzer Prizewinning author of The Return Fathers Sons and the Land in Between Review Its gorgeousI cant recommend it enough Caitlin Moran NYT bestselling author of How to Be a Woman Review A vividlyrecalled memoir of a farming childhood but also a forensic defence of the kind of agriculture that has nearly been wiped outPerceptive eloquent and passionateRebanks writes so well that I cant imagine anyone starting to read it and not being eager to read it all at once as I did and not being moved by the life and the landscape he describes so well I was thrilled by it Philip Pullman 1 bestselling author of the His Dark Materials series Review A beautifully written elegy to traditional farmers and farming methodsA lovely cautionary tale filled with pride hope and respect for the land and its history Kirkus Reviews Starred Review About the Author James Rebanks runs a familyowned farm in the Lake District in northern England A graduate of Oxford University James works as an expert advisor to UNESCO on sustainable tourism He uses his popular Twitter feed  herdyshepherd1  to share updates on the shepherding year He is the author of The Shepherds Life What Our Readers Are Saying Be the first to share your thoughts on this title Product Details ISBN 9780063073272 Binding Hardcover Publication date 08032021 Publisher CUSTOM HOUSE PUBLISHING Pages 304 Height 114IN Width 579IN Author James Rebanks 2899 New Hardcover Ships in 1 to 3 days Qty Store 20 Local Warehouse Receive an email when this ISBN is available used 1 LOCOK 1 LOCOK LOCCancel 1 LOCOK LOCCancel 1 LOCOK 1 LOCOK LOCCancel 1 LOCOK LOCCancel 1 LOCOK 1 LOCOK LOCCancel 1 LOCOK LOCCancel 1 LOCOK 1 LOCOK LOCCancel 1 LOCOK LOCCancel Help Guarantee My Account Careers About Us Security Wish List Partners Contact Us Shipping Transparency ACT MRF Sitemap  2022 POWELLSCOM Terms 1 LOCOK 1 LOCOK LOCCancel 1 LOCOK LOCCancel 1 LOCOK 1 LOCOK LOCCancel 1 LOCOK LOCCancel 1 LOCOK 1 LOCOK LOCCancel 1 LOCOK LOCCancel 1 LOCOK 1 LOCOK LOCCancel 1 LOCOK LOCCancel",
    "page_rank": 3.9222433904874147e-05
}