{
    "Title": " Word Is Murder ",
    "Author": "Anthony Horowitz",
    "Cover Page": "https://powells-covers-2.s3.amazonaws.com/9780062676801.jpg",
    "ISBN10": "0062676806  \n",
    "ISBN13": "9780062676801",
    "Page URL": "https://powells.com/book/word-is-murder-9780062676801",
    "raw_text": "The Word Is Murder Anthony Horowitz Trade Paperback 9780062676801 Powells Books Cart   my account  wish list  help  8008787323 Hello\n Login MENU Browse New Arrivals Bestsellers Featured Preorders Award Winners Audio Books See All Subjects Used Staff Picks Staff Picks Picks of the Month Bookseller Displays 50 Books for 50 Years 25 Best 21st Century SciFi  Fantasy 25 PNW Books to Read Before You Die 25 Books From the 21st Century 25 Memoirs to Read Before You Die 25 Global Books to Read Before You Die 25 Women to Read Before You Die 25 Books to Read Before You Die Gifts Gift Cards  eGift Cards Powells Souvenirs Journals and Notebooks socks Games Sell Books Blog Events Find A Store Dont Miss BIG SALE 20 off sitewide Picks of the Season What Im Giving Great Gifts Under 25 Best Books of 2022 Powells Author Events Oregon Battle of the Books Audio Books Visit Our Stores Powells Books 14 Gift Ideas From 14 of Our Favorite Authors 0 comment Every year Powells reaches out to some of our favorite authors for some muchneeded giftgiving inspiration Below are 14 writerapproved recommendations to help you find the perfect book for even your mostdifficulttobuyfor loved one Read More  Powells Staff Best Books of 2022 Fiction 1 comment Kelsey Ford 6 Haunting Native American Horror Books 1 comment 1 LOCOK 1 LOCOK LOCCancel 1 LOCOK LOCCancel Word Is Murder by Anthony Horowitz Comment on this title Synopses  Reviews ISBN13 9780062676801 ISBN10 0062676806 Condition Standard All Product Details View Larger Image View Larger Images 1395 List Price 1800 Used Trade Paperback Ships in 1 to 3 days Qty Store 4 Burnside 3 Local Warehouse Synopses  Reviews Synopsis SHE PLANNED HER OWN FUNERAL BUT DID SHE ARRANGE HER OWN MURDER New York Times bestselling author of Magpie Murders and Moriarty  Anthony Horowitz has yet again brilliantly reinvented the classic crime novel this time writing a fictional version of himself as the Watson to a modernday Holmes One bright spring morning in London Diana Cowper  the wealthy mother of a famous actor  enters a funeral parlor She is there to plan her own service Six hours later she is found dead strangled with a curtain cord in her own home Enter disgraced police detective Daniel Hawthorne a brilliant eccentric investigator whos as quick with an insult as he is to crack a case Hawthorne needs a ghost writer to document his life a Watson to his Holmes He chooses Anthony Horowitz Drawn in against his will Horowitz soon finds himself a the center of a story he cannot control Hawthorne is brusque temperamental and annoying but even so his latest case with its many twists and turns proves irresistible The writer and the detective form an unusual partnership At the same time it soon becomes clear that Hawthorne is hiding some dark secrets of his own A masterful and tricky mystery that springs many surprises The Word is Murde r is Anthony Horowitz at his very best Christian Science Monitor Synopsis One of the most entertaining mysteries of the year Its also one of the most stimulating as it ponders such questions as Which is of greater interest to the reader the crime or the detective And Is the pencil truly mightier than the butcher knife  Wall Street Journal New York Times bestselling author of Magpie Murders and Moriarty  Anthony Horowitz has yet again brilliantly reinvented the classic crime novel this time writing a fictional version of himself as the Watson to a modernday Holmes A woman crosses a London street It is just after 11 am on a bright spring morning and she is going into a funeral parlor to plan her own service Six hours later the woman is dead strangled with a crimson curtain cord in her own home Enter disgraced police detective Daniel Hawthorne a brilliant eccentric man as quick with an insult as he is to crack a case And Hawthorne has a partner the celebrated novelist Anthony Horowitz curious about the case and looking for new material As brusque impatient and annoying as Hawthorne can be Horowitza seasoned hand when it comes to crime storiessuspects the detective may be on to something and is irresistibly drawn into the mystery But as the case unfolds Horowitz realizes that hes at the center of a story he cant control and his brilliant partner may be hiding dark and mysterious secrets of his own What Our Readers Are Saying Be the first to share your thoughts on this title Product Details ISBN 9780062676801 Binding Trade Paperback Publication date 05072019 Publisher HARPERCOLLINS PUBLISHERS Pages 432 Height 110IN Width 550IN Series Number 1 Author Anthony Horowitz 1395 List Price 1800 Used Trade Paperback Ships in 1 to 3 days Qty Store 4 Burnside 3 Local Warehouse More copies of this ISBN New Trade Paperback Starting from 1699 This title in other editions Used Trade Paperback 1950 1 LOCOK 1 LOCOK LOCCancel 1 LOCOK LOCCancel 1 LOCOK 1 LOCOK LOCCancel 1 LOCOK LOCCancel 1 LOCOK 1 LOCOK LOCCancel 1 LOCOK LOCCancel 1 LOCOK 1 LOCOK LOCCancel 1 LOCOK LOCCancel Help Guarantee My Account Careers About Us Security Wish List Partners Contact Us Shipping Transparency ACT MRF Sitemap  2022 POWELLSCOM Terms 1 LOCOK 1 LOCOK LOCCancel 1 LOCOK LOCCancel 1 LOCOK 1 LOCOK LOCCancel 1 LOCOK LOCCancel 1 LOCOK 1 LOCOK LOCCancel 1 LOCOK LOCCancel 1 LOCOK 1 LOCOK LOCCancel 1 LOCOK LOCCancel",
    "page_rank": 4.074629616275574e-05
}