{
    "Title": " Bone People ",
    "Author": "Keri Hulme",
    "Cover Page": "https://covers.powells.com/9780140089226.jpg",
    "ISBN10": "0140089225  \n",
    "ISBN13": "9780140089226",
    "Page URL": "https://powells.com/book/-9780140089226",
    "raw_text": "Bone People Keri Hulme Trade Paperback 9780140089226 Powells Books Cart   my account  wish list  help  8008787323 Hello\n Login MENU Browse New Arrivals Bestsellers Featured Preorders Award Winners Audio Books See All Subjects Used Staff Picks Staff Picks Picks of the Month Bookseller Displays 50 Books for 50 Years 25 Best 21st Century SciFi  Fantasy 25 PNW Books to Read Before You Die 25 Books From the 21st Century 25 Memoirs to Read Before You Die 25 Global Books to Read Before You Die 25 Women to Read Before You Die 25 Books to Read Before You Die Gifts Gift Cards  eGift Cards Powells Souvenirs Journals and Notebooks socks Games Sell Books Blog Events Find A Store Dont Miss BIG SALE 20 off sitewide Picks of the Season What Im Giving Great Gifts Under 25 Best Books of 2022 Powells Author Events Oregon Battle of the Books Audio Books Visit Our Stores Powells Books 14 Gift Ideas From 14 of Our Favorite Authors 0 comment Every year Powells reaches out to some of our favorite authors for some muchneeded giftgiving inspiration Below are 14 writerapproved recommendations to help you find the perfect book for even your mostdifficulttobuyfor loved one Read More  Powells Staff Best Books of 2022 Fiction 1 comment Kelsey Ford 6 Haunting Native American Horror Books 1 comment 1 LOCOK 1 LOCOK LOCCancel 1 LOCOK LOCCancel Bone People by Keri Hulme Comment on this title Synopses  Reviews Award Excerpt ISBN13 9780140089226 ISBN10 0140089225 Condition Like New All Product Details View Larger Image View Larger Images 698 List Price 1600 Used Trade Paperback Ships in 1 to 3 days Qty Store 4 Burnside 1 Hawthorne Awards Winner of the Man Booker Prize 1985 Winner of the Pegasus Prize 1984 Synopses  Reviews Publisher Comments In a tower on the New Zealand sea lives Kerewin Holmes part Maori part European an artist estranged from her art a woman in exile from her family One night her solitude is disrupted by a visitora speechless mercurial boy named Simon who tries to steal from her and then repays her with his most precious possession As Kerewin succumbs to Simons feral charm she also falls under the spell of his Maori foster father Joe who rescued the boy from a shipwreck and now treats him with an unsettling mixture of tenderness and brutality Out of this unorthodox trinity Keri Hulme has created what is at once a mystery a love story and an ambitious exploration of the zone where Maori and European New Zealand meet clash and sometimes merge Winner of both a Booker Prize and Pegasus Prize for Literature The Bone People is a work of unfettered wordplay and mesmerizing emotional complexity Review This startling first novel by a 38yearold Maori woman from New Zealand has already won the New Zealand Book Award Englands Booker Prize for fiction and Mobil Corporations Pegasus Prize for foreign literatureplus extravagant praise from the critics Hulmes story is simple perhaps shockingly plain yet almost bottomless in its emotional depth A reclusive Maori woman a somewhat autobiographical figure bitter at the world yet ironically made wealthy by a lottery has her steely exterior pierced by an orphaned psycologicallydisturbed boy who though of normal intelligence refuses to speak for some mysterious reason in his past The boys foster father a roughhewn Maori widower is alternately protective and physically abusive of the boy These three characters and the way their love for each other develops describe the limits of the story but the authors concern for the characters emotional life as shown through the use of multiple pointofview and streamofconsciousness is so obsessive in its purity that the reader doesnt miss the lack of a depiction of a real social context in this admittedly long 440 pages novel Where Hulme is less successful is in her attempt to use the story as a metaphor for the current fate of New Zealand and the Maori people Maori myth culture and language are constant themes in The Bone People  but Hulme is done in by her success her tale is so universal in its beauty that it passes by the uniqueness of New Zealand on its way to higher literary heights Reviewed by Daniel Weiss Virginia Quarterly Review Copyright 2006 Virginia Quarterly Review Review The novel is thin in narrative content but is carried strongly and steadily on the powerful current of its own vitalityIt is an extraordinary book deeply involving and unlikely to be forgotten Choice Review This novel is unforgettably rich and pungentMiss Hulmes provocative novel summons power with words as in a conjurers spell The New York Times Book Review Review This is quite a first novelHulme shifts narrative points of view to build a gripping account of violence love death magic and redemption Library Journal Review This book is just amazingly wondrously great Alice Walker Synopsis In a tower on the New Zealand sea lives Kerewin Holmes part Maori part European an artist estranged from her art a woman in exile from her family One night her solitude is disrupted by a visitor  a speechless mercurial boy named Simon who tries to steal from her and then repays her with his most precious possession As Kerewin succumbs to Simons feral charm she also falls under the spell of his Maori foster father Joe who rescued the boy from a shipwreck and now treats him with an unsettling mixture of tenderness and brutality Out of this unorthodox trinity Keri Hulme has created what is at once a mystery a love story and an ambitious exploration of the zone where Maori and European New Zealand meet clash and sometimes merge The Bone People is a work of unfettered wordplay and mesmerizing emotional complexity About the Author Keri Hulme a Maori grew up in Christchurch and Moeraki New Zealand She writes paints and whitebaits in Okarito Westland Hulme has written poems and short stories The Bone People  originally published by Spiral a New Zealand feminist collective is her first novel She has also written Te Zaihau The Windeater  5 3 What Our Readers Are Saying Share your thoughts on this title Average customer rating 5 3 comments  earthlovr  February 14 2011 One of those books that I wish everyone would read at least once Youll never be the same after reading this one Was this comment helpful  Yes  No 1 of 2 readers found this comment helpful report this\ncomment  The Book Fairy  January 03 2010 view all comments by The Book Fairy Amazing story Loved the characters with all their flaws Adored the beautiful use of languagemultiple languages used poetically humorously sometimes excruciatingly Even loved the politically incorrect but truly happy ending Was this comment helpful  Yes  No 3 of 6 readers found this comment helpful report this\ncomment  stewardamy  April 19 2009 Tragic beautiful lonely inspirational\nThe story stays with you and is written in a way that draws you in and makes you feel that you feel as though you witnessed it in person\nThe kind of book you wish that you had written yourself\nA keep buying copies to give to friends to spread the word\nThis book is amazing  please read it Was this comment helpful  Yes  No 2 of 6 readers found this comment helpful report this\ncomment Product Details ISBN 9780140089226 Binding Trade Paperback Publication date 10071986 Publisher PENGUIN PUTNAM TRADE Pages 464 Height 110IN Width 500IN Thickness 86 in Age Range 18 and up Grade Range 13 and up Number of Units 1 Copyright Year 1983 Series Volume no 37 UPC Code 2800140089228 Author Keri Hulme Subject LiteratureA to Z Subject Fiction Subject Racially mixed people Subject New Zealand Fiction Subject Boys Subject New Zealand Subject Maori Subject Love stories 698 List Price 1600 Used Trade Paperback Ships in 1 to 3 days Qty Store 4 Burnside 1 Hawthorne More copies of this ISBN New Trade Paperback 1600 Used Trade Paperback Starting from 295 This title in other editions Used Hardcover 695 Used Mass Market 550 1 LOCOK 1 LOCOK LOCCancel 1 LOCOK LOCCancel 1 LOCOK 1 LOCOK LOCCancel 1 LOCOK LOCCancel 1 LOCOK 1 LOCOK LOCCancel 1 LOCOK LOCCancel 1 LOCOK 1 LOCOK LOCCancel 1 LOCOK LOCCancel Help Guarantee My Account Careers About Us Security Wish List Partners Contact Us Shipping Transparency ACT MRF Sitemap  2022 POWELLSCOM Terms 1 LOCOK 1 LOCOK LOCCancel 1 LOCOK LOCCancel 1 LOCOK 1 LOCOK LOCCancel 1 LOCOK LOCCancel 1 LOCOK 1 LOCOK LOCCancel 1 LOCOK LOCCancel 1 LOCOK 1 LOCOK LOCCancel 1 LOCOK LOCCancel",
    "page_rank": 7.130154126499393e-05
}