{
    "Title": " The Other Miss Bridgerton: A Bridgertons Prequel ",
    "Author": "Julia Quinn",
    "Cover Page": "https://powells-covers-2.s3.amazonaws.com/9780062388209.jpg",
    "ISBN10": "0062388207  \n",
    "ISBN13": "9780062388209",
    "Page URL": "https://powells.com/book/-9780062388209",
    "raw_text": "Other Miss Bridgerton Julia Quinn Mass Market 9780062388209 Powells Books Cart   my account  wish list  help  8008787323 Hello\n Login MENU Browse New Arrivals Bestsellers Featured Preorders Award Winners Audio Books See All Subjects Used Staff Picks Staff Picks Picks of the Month Bookseller Displays 50 Books for 50 Years 25 Best 21st Century SciFi  Fantasy 25 PNW Books to Read Before You Die 25 Books From the 21st Century 25 Memoirs to Read Before You Die 25 Global Books to Read Before You Die 25 Women to Read Before You Die 25 Books to Read Before You Die Gifts Gift Cards  eGift Cards Powells Souvenirs Journals and Notebooks socks Games Sell Books Blog Events Find A Store Dont Miss BIG SALE 20 off sitewide Picks of the Season What Im Giving Great Gifts Under 25 Best Books of 2022 Powells Author Events Oregon Battle of the Books Audio Books Visit Our Stores Powells Books 14 Gift Ideas From 14 of Our Favorite Authors 0 comment Every year Powells reaches out to some of our favorite authors for some muchneeded giftgiving inspiration Below are 14 writerapproved recommendations to help you find the perfect book for even your mostdifficulttobuyfor loved one Read More  Powells Staff Best Books of 2022 Fiction 1 comment Kelsey Ford 6 Haunting Native American Horror Books 1 comment 1 LOCOK 1 LOCOK LOCCancel 1 LOCOK LOCCancel The Other Miss Bridgerton A Bridgertons Prequel by Julia Quinn Comment on this title Synopses  Reviews ISBN13 9780062388209 ISBN10 0062388207 Condition Standard All Product Details View Larger Image View Larger Images 695 List Price 999 Used Mass Market Ships in 1 to 3 days Qty Store 3 Burnside 1 Cedar Hills Staff Pick The Other Miss Bridgerton has everything I want in a romance smugglers andor pirates jigsaw puzzles fried dough dipped in sugar references to Titanic the movie not the tragedy and a lightning storm that sparks a proposal Totally swoony Recommended By McKenzie W Powellscom Synopses  Reviews Publisher Comments She was in the wrong place Fiercely independent and adventurous Poppy Bridgerton will only wed a suitor whose keen intellect and interests match her own Sadly none of the fools from her London season qualify While visiting a friend on the Dorset coast Poppy is pleasantly surprised to discover a smugglers hideaway tucked inside a cave But her delight turns to dismay when two pirates kidnap her and take her aboard a ship leaving her bound and gagged on the captains bed He found her at the wrong time Known to society as a rascal and reckless privateer Captain Andrew James Rokesby actually transports essential goods and documents for the British government Setting sail on a timesensitive voyage to Portugal hes stunned to find a woman waiting for him in his cabin Surely his imagination is getting the better of him But no she is very real  and his duty to the Crown means hes stuck with her Can two wrongs make the most perfect right When Andrew learns that she is a Bridgerton he knows he will likely have to wed her to avert a scandal  though Poppy has no idea that he is the son of an earl and neighbor to her aristocratic cousins in Kent On the high seas their war of words soon gives way to an intoxicating passion But when Andrews secret is revealed will his declaration of love be enough to capture her heart Review Quinns superlative third prequel to her Bridgerton Regency series after The Girl with the MakeBelieve Husband introduces one of her most delightful couples yet This is a real treat for Quinns fans and anyone who loves historical romance Publishers Weekly Review Quinns mastery of banter character development and the slow build of romantic and sexual tension is on full display Kirkus Reviews Review A risktaking pair thrown together by chance find love on the high seas in this fastpaced passionate adventure graced with quickwitted dialog and a marvelous sense of fun Another worthy addition to the everincreasing Bridgerton saga Library Journal Review Delightfully witty wonderfully romantic and filled with adventure The Other Miss Bridgerton stars two exceptionally likable honorable people of strong and admirable character Quinns fans are certain to adore this latest entry in the tales of the Bridgerton family Shelf Awareness About the Author Julia Quinn started writing her first book one month after finishing college and has been tapping away at her keyboard ever since The 1 New York Times bestselling author of more than two dozen novels for Avon Books she is a graduate of Harvard and Radcliffe Colleges and is one of only sixteen authors ever to be inducted in the Romance Writers of America Hall of Fame She lives in the Pacific Northwest with her family Please visit her on the web at wwwjuliaquinncom What Our Readers Are Saying Be the first to share your thoughts on this title Product Details ISBN 9780062388209 Binding Mass Market Publication date 07262022 Publisher AVON BOOKS Pages 400 Height 110IN Width 410IN Author Julia Quinn 695 List Price 999 Used Mass Market Ships in 1 to 3 days Qty Store 3 Burnside 1 Cedar Hills More copies of this ISBN New Mass Market 999 Used Mass Market 450 1 LOCOK 1 LOCOK LOCCancel 1 LOCOK LOCCancel 1 LOCOK 1 LOCOK LOCCancel 1 LOCOK LOCCancel 1 LOCOK 1 LOCOK LOCCancel 1 LOCOK LOCCancel 1 LOCOK 1 LOCOK LOCCancel 1 LOCOK LOCCancel Help Guarantee My Account Careers About Us Security Wish List Partners Contact Us Shipping Transparency ACT MRF Sitemap  2022 POWELLSCOM Terms 1 LOCOK 1 LOCOK LOCCancel 1 LOCOK LOCCancel 1 LOCOK 1 LOCOK LOCCancel 1 LOCOK LOCCancel 1 LOCOK 1 LOCOK LOCCancel 1 LOCOK LOCCancel 1 LOCOK 1 LOCOK LOCCancel 1 LOCOK LOCCancel",
    "page_rank": 6.016067544233863e-05
}