{
    "Title": " The Alchemist ",
    "Author": "Paulo Coelho",
    "Cover Page": "https://covers.powells.com/9780062315007.jpg",
    "ISBN10": "0062315005  \n",
    "ISBN13": "9780062315007",
    "Page URL": "https://powells.com/book/the-alchemist-9780062315007",
    "raw_text": "Alchemist 25th Anniversary Fable about Following Your Dream a Paulo Coelho Trade Paperback 9780062315007 Powells Books Cart   my account  wish list  help  8008787323 Hello\n Login MENU Browse New Arrivals Bestsellers Featured Preorders Award Winners Audio Books See All Subjects Used Staff Picks Staff Picks Picks of the Month Bookseller Displays 50 Books for 50 Years 25 Best 21st Century SciFi  Fantasy 25 PNW Books to Read Before You Die 25 Books From the 21st Century 25 Memoirs to Read Before You Die 25 Global Books to Read Before You Die 25 Women to Read Before You Die 25 Books to Read Before You Die Gifts Gift Cards  eGift Cards Powells Souvenirs Journals and Notebooks socks Games Sell Books Blog Events Find A Store Dont Miss BIG SALE 20 off sitewide Picks of the Season What Im Giving Great Gifts Under 25 Best Books of 2022 Powells Author Events Oregon Battle of the Books Audio Books Visit Our Stores Powells Books 14 Gift Ideas From 14 of Our Favorite Authors 0 comment Every year Powells reaches out to some of our favorite authors for some muchneeded giftgiving inspiration Below are 14 writerapproved recommendations to help you find the perfect book for even your mostdifficulttobuyfor loved one Read More  Powells Staff Best Books of 2022 Fiction 1 comment Kelsey Ford 6 Haunting Native American Horror Books 1 comment 1 LOCOK 1 LOCOK LOCCancel 1 LOCOK LOCCancel The Alchemist by Paulo Coelho Comment on this title Synopses  Reviews ISBN13 9780062315007 ISBN10 0062315005 Condition Standard All Product Details View Larger Image View Larger Images 1195 List Price 1799 Used Trade Paperback Ships in 1 to 3 days Qty Store 3 Cedar Hills 5 Hawthorne 1 Local Warehouse Synopses  Reviews Publisher Comments Paulo Coelhos enchanting novel has inspired a devoted following around the world This story dazzling in its powerful simplicity and soulstirring wisdom is about an Andalusian shepherd boy named Santiago who travels from his homeland in Spain to the Egyptian desert in search of a treasure buried near the Pyramids Along the way he meets a Gypsy woman a man who calls himself king and an alchemist all of whom point Santiago in the direction of his quest No one knows what the treasure is or if Santiago will be able to surmount the obstacles in his path But what starts out as a journey to find worldly goods turns into a discovery of the treasure found within Lush evocative and deeply humane the story of Santiago is an eternal testament to the transforming power of our dreams and the importance of listening to our hearts Review A wise and inspiring fable about the pilgrimage that life should be M Scott Peck Review An adventure story full of magic and wisdom Rudolfo Anaya author of Bless Me Ultima Review A touching inspiring fable Indianapolis Star Review A magical little volume San Francisco Chronicle Review This Brazilian wizard makes books disappear from stores New York Times Review His books have had a lifeenchanting effect on millions of people London Times Review A beautiful story with a pointed message for every reader Joseph Girzone author of Joshua Review As memorable and meaningful as SaintExuperys The Little Prince Austin AmericanStatesman Review A sweetly exotic tale for young and old alike Publishers Weekly Review A most tender and gentle story It is a rare gem of a book Gerald G Jampolsky MD coauthor of Change Our Mind Change Your Life Review An entrepreneurial tale of universal wisdom we can apply to the business of our own lives Spencer Johnson MD coauthor of The OneMinute Manager Review A remarkable tale about the most magical of all journeys the quest to fulfill ones destiny Anthony Robbins author of Awaken the Giant Within Synopsis An international bestseller Over 80 million copies sold worldwide A PBS Great American Read Top 100 pick A special 25th anniversary edition of the extraordinary international bestseller including a new Foreword by Paulo Coelho Combining magic mysticism wisdom and wonder into an inspiring tale of selfdiscovery The Alchemist has become a modern classic selling millions of copies around the world and transforming the lives of countless readers across generations Paulo Coelhos masterpiece tells the mystical story of Santiago an Andalusian shepherd boy who yearns to travel in search of a worldly treasure His quest will lead him to riches far differentand far more satisfyingthan he ever imagined Santiagos journey teaches us about the essential wisdom of listening to our hearts of recognizing opportunity and learning to read the omens strewn along lifes path and most importantly to follow our dreams Synopsis To realize ones destiny is a persons only obligationfrom The Alchemist The Alchemist tells the story of Santiago the young Andalusian shepherd who dreams of buried treasure in Egypt and embarks upon a challenging journey to find it With all the simplicity and symbolic richness of a fable Coelhos novel is both a hunt for buried treasure and a spiritual quest with a hero who overcomes trials along the way with the help of teachers who guide him Paulo Coelhos books have difficultand valuablelessons to impart but much of their appeal comes from the way Coelho dramatizes these lessons With exquisite simplicity the author brings to these stories his own experience of confronting lifes most profound challenges his broad knowledge of philosophy psychology and literature and a deeplyfelt humanity Freshman Common Read Erskine College Montana State University at Bozeman Immaculata University Queensborough Community College Austin AmericanStatesman Synopsis A special 25th anniversary edition of the extraordinary international bestseller including a new Foreword by Paulo Coelho Combining magic mysticism wisdom and wonder into an inspiring tale of selfdiscovery The Alchemist has become a modern classic selling millions of copies around the world and transforming the lives of countless readers across generations Paulo Coelhos masterpiece tells the mystical story of Santiago an Andalusian shepherd boy who yearns to travel in search of a worldly treasure His quest will lead him to riches far differentand far more satisfyingthan he ever imagined Santiagos journey teaches us about the essential wisdom of listening to our hearts of recognizing opportunity and learning to read the omens strewn along lifes path and most importantly to follow our dreams About the Author Paulo Coelho born in Rio de Janeiro in 1947 is one of the bestselling and most influential authors in the world The Alchemist  The Pilgrimage  The Valkyries  Brida  Veronika Decides to Die  Eleven Minutes  The Zahir  The Witch of Portobello  The Winner Stands Alone  Aleph  and Manuscript Found in Accra  among others have sold 150 million copies worldwide Paulo Coelho naci\u00f3 en Brasil en 1947 y es uno de los autores con m\u00e1s influencia de hoy d\u00eda Conocido mundialmente por el bestseller internacional El Alquimista Coelho ha vendido m\u00e1s de 100 millones de libros en todo el mundo los cuales han sido traducidos a 68 idiomas y publicados en 150 pa\u00edses Paulo Coelho escribe una columna semanal que se publica en los peri\u00f3dicos m\u00e1s importantes del mundo Amy Jurskis the author of these teaching materials holds a BA in English from the University of Georgia and a MAT from Agnes Scott College A former department chair for language arts in a title one public school in Atlanta she currently serves as a chairperson of curriculum and English teacher at Oxbridge Academy of the Palm Beaches 5 1 What Our Readers Are Saying Share your thoughts on this title Average customer rating 5 1 comments  RuthD  September 18 2014 I love this book Im buying one for a friend and another for myself This is a life changing story Was this comment helpful  Yes  No 1 of 1 readers found this comment helpful report this\ncomment Product Details ISBN 9780062315007 Binding Trade Paperback Publication date 04152014 Publisher HarperOne Pages 208 Height 50IN Width 520IN Illustration Yes Author Paulo Coelho Author Amy Jurskis Author Coelho Author O Paul Author Alan R TRN Clarke Author Paulo Coelho Translator Alan R Clarke Translator Alan R Clarke Translator Alan R Clarke Translator Alan R Clarke Subject LiteratureA to Z 1195 List Price 1799 Used Trade Paperback Ships in 1 to 3 days Qty Store 3 Cedar Hills 5 Hawthorne 1 Local Warehouse More copies of this ISBN New Trade Paperback Starting from 1699 Used Trade Paperback Starting from 1250 This title in other editions New Other 3265 1 LOCOK 1 LOCOK LOCCancel 1 LOCOK LOCCancel 1 LOCOK 1 LOCOK LOCCancel 1 LOCOK LOCCancel 1 LOCOK 1 LOCOK LOCCancel 1 LOCOK LOCCancel 1 LOCOK 1 LOCOK LOCCancel 1 LOCOK LOCCancel Help Guarantee My Account Careers About Us Security Wish List Partners Contact Us Shipping Transparency ACT MRF Sitemap  2022 POWELLSCOM Terms 1 LOCOK 1 LOCOK LOCCancel 1 LOCOK LOCCancel 1 LOCOK 1 LOCOK LOCCancel 1 LOCOK LOCCancel 1 LOCOK 1 LOCOK LOCCancel 1 LOCOK LOCCancel 1 LOCOK 1 LOCOK LOCCancel 1 LOCOK LOCCancel",
    "page_rank": 3.950648717662839e-05
}