{
    "Title": " The First to Die at the End ",
    "Author": "Adam Silvera",
    "Cover Page": "https://powells-covers-2.s3.amazonaws.com/9780063240803.jpg",
    "ISBN10": "0063240807  \n",
    "ISBN13": "9780063240803",
    "Page URL": "https://powells.com/book/the-first-to-die-at-the-end-9780063240803",
    "raw_text": "The First to Die at the End Adam Silvera Hardcover 9780063240803 Powells Books Cart   my account  wish list  help  8008787323 Hello\n Login MENU Browse New Arrivals Bestsellers Featured Preorders Award Winners Audio Books See All Subjects Used Staff Picks Staff Picks Picks of the Month Bookseller Displays 50 Books for 50 Years 25 Best 21st Century SciFi  Fantasy 25 PNW Books to Read Before You Die 25 Books From the 21st Century 25 Memoirs to Read Before You Die 25 Global Books to Read Before You Die 25 Women to Read Before You Die 25 Books to Read Before You Die Gifts Gift Cards  eGift Cards Powells Souvenirs Journals and Notebooks socks Games Sell Books Blog Events Find A Store Dont Miss BIG SALE 20 off sitewide Picks of the Season What Im Giving Great Gifts Under 25 Best Books of 2022 Powells Author Events Oregon Battle of the Books Audio Books Visit Our Stores Powells Books 14 Gift Ideas From 14 of Our Favorite Authors 0 comment Every year Powells reaches out to some of our favorite authors for some muchneeded giftgiving inspiration Below are 14 writerapproved recommendations to help you find the perfect book for even your mostdifficulttobuyfor loved one Read More  Powells Staff Best Books of 2022 Fiction 1 comment Kelsey Ford 6 Haunting Native American Horror Books 1 comment 1 LOCOK 1 LOCOK LOCCancel 1 LOCOK LOCCancel The First to Die at the End by Adam Silvera Comment on this title Synopses  Reviews ISBN13 9780063240803 ISBN10 0063240807 All Product Details View Larger Image View Larger Images 1999 New Hardcover Ships in 1 to 3 days Qty Store 51 Burnside 20 Cedar Hills 16 Hawthorne 20 Local Warehouse From Powellscom Picks of the Season Discover new releases and undertheradar gems for adults and kids Synopses  Reviews Publisher Comments In this prequel to 1 New York Times bestselling phenomenon They Both Die at the End  two new strangers spend a lifechanging day together after DeathCast first makes their fateful calls Its the night before DeathCast goes live and theres one question on everyones mind Can DeathCast actually predict when someone will die or is it just an elaborate hoax Orion Pagan has waited years for someone to tell him that hes going to die He has a serious heart condition and he signed up for DeathCast so he could know whats coming Valentino Prince is restarting his life in New York He has a long and promising future ahead and he only registered for DeathCast after his twin sister nearly died in a car accident Orion and Valentino cross paths in Times Square and immediately feel a deep connection But when the first round of End Day calls goes out their lives are changed forever  one of them receives a call and the other doesnt Though neither boy is certain how the day will end they know they want to spend it togethereven if that means their goodbye will be heartbreaking Told with acclaimed author Adam Silveras signature bittersweet touch this story celebrates the lasting impact that people have on each other and proves that life is always worth living to the fullest Review Silvera crafts a web of intricately interconnected character perspectives and conflictsThe story confronts heavy topics like grief abuse and religious faith with complexity and careA rush of emotion and suspense Kirkus Reviews About the Author Adam Silvera is the number one New York Times bestselling author of More Happy Than Not History Is All You Left Me They Both Die at the End Infinity Son Infinity Reaper  and  with Becky Albertalli  What If Its Us  He was named a Publishers Weekly Flying Start for his debut Adam was born and raised in the Bronx He was a bookseller before shifting to childrens publishing and has worked at a literary development company and a creative writing website for teens and as a book reviewer of childrens and young adult novels He is tall for no reason and lives in Los Angeles Visit him online at wwwadamsilveracom What Our Readers Are Saying Be the first to share your thoughts on this title Product Details ISBN 9780063240803 Binding Hardcover Publication date 10042022 Publisher QUILL TREE BOOKS Pages 560 Age Range 14 to 17 Grade Range 9 to 12 Author Adam Silvera 1999 New Hardcover Ships in 1 to 3 days Qty Store 51 Burnside 20 Cedar Hills 16 Hawthorne 20 Local Warehouse Receive an email when this ISBN is available used This title in other editions New Compact Disc 4699 1 LOCOK 1 LOCOK LOCCancel 1 LOCOK LOCCancel 1 LOCOK 1 LOCOK LOCCancel 1 LOCOK LOCCancel 1 LOCOK 1 LOCOK LOCCancel 1 LOCOK LOCCancel 1 LOCOK 1 LOCOK LOCCancel 1 LOCOK LOCCancel Help Guarantee My Account Careers About Us Security Wish List Partners Contact Us Shipping Transparency ACT MRF Sitemap  2022 POWELLSCOM Terms 1 LOCOK 1 LOCOK LOCCancel 1 LOCOK LOCCancel 1 LOCOK 1 LOCOK LOCCancel 1 LOCOK LOCCancel 1 LOCOK 1 LOCOK LOCCancel 1 LOCOK LOCCancel 1 LOCOK 1 LOCOK LOCCancel 1 LOCOK LOCCancel",
    "page_rank": 8.002238873277895e-05
}