{
    "Title": " Fantastic Mr. Fox ",
    "Author": "Roald Dahl",
    "Cover Page": "https://powells-covers-2.s3.amazonaws.com/9780142410349.jpg",
    "ISBN10": "0142410349  \n",
    "ISBN13": "9780142410349",
    "Page URL": "https://powells.com/book/-9780142410349",
    "raw_text": "Fantastic Mr Fox Roald Dahl Quentin Blake Trade Paperback 9780142410349 Powells Books Cart   my account  wish list  help  8008787323 Hello\n Login MENU Browse New Arrivals Bestsellers Featured Preorders Award Winners Audio Books See All Subjects Used Staff Picks Staff Picks Picks of the Month Bookseller Displays 50 Books for 50 Years 25 Best 21st Century SciFi  Fantasy 25 PNW Books to Read Before You Die 25 Books From the 21st Century 25 Memoirs to Read Before You Die 25 Global Books to Read Before You Die 25 Women to Read Before You Die 25 Books to Read Before You Die Gifts Gift Cards  eGift Cards Powells Souvenirs Journals and Notebooks socks Games Sell Books Blog Events Find A Store Dont Miss BIG SALE 20 off sitewide Picks of the Season What Im Giving Great Gifts Under 25 Best Books of 2022 Powells Author Events Oregon Battle of the Books Audio Books Visit Our Stores Powells Books 14 Gift Ideas From 14 of Our Favorite Authors 0 comment Every year Powells reaches out to some of our favorite authors for some muchneeded giftgiving inspiration Below are 14 writerapproved recommendations to help you find the perfect book for even your mostdifficulttobuyfor loved one Read More  Powells Staff Best Books of 2022 Fiction 1 comment Kelsey Ford 6 Haunting Native American Horror Books 1 comment 1 LOCOK 1 LOCOK LOCCancel 1 LOCOK LOCCancel Fantastic Mr Fox by Roald Dahl Comment on this title Synopses  Reviews ISBN13 9780142410349 ISBN10 0142410349 Condition Standard All Product Details View Larger Image View Larger Images 550 List Price 799 Used Trade Paperback Ships in 1 to 3 days Qty Store 4 Burnside 2 Hawthorne Synopses  Reviews Publisher Comments FANTASTIC MR FOX Nobody outfoxes Fantastic Mr Fox Someones been stealing from the three meanest farmers around and they know the identity of the thiefits Fantastic Mr Fox Working alone they could never catch him but now fat Boggis squat Bunce and skinny Bean have joined forces and they have Mr Fox and his family surrounded What they dont know is that theyre not dealing with just any foxMr Fox would rather die than surrender Only the most fantastic plan can save him now ESIO TROT An ancient spell 140 tortoises and a little bit of magic Mr Hoppy is in love with his neighbor Mrs Silver but she is in love with someone elseAlfie her pet tortoise With all her attention focused on Alfie Mrs Silver doesnt even know Mr Hoppy is alive And Mr Hoppy is too shy to even ask Mrs Silver over for tea Then one day Mr Hoppy comes up with a brilliant idea to get Mrs Silvers attention If Mr Hoppys plan works Mrs Silver will certainly fall in love with him After all everyone knows the way to a womans heart is through her tortoise THE ENORMOUS CROCODILE The Enormous Crocodile is a horrid greedy grumptious brute who loves to guzzle up little boys and girls But the other animals have had enough of his cunning tricks so they scheme to get the better of this foul fiend once and for all THE GIRAFFE AND THE PELLY AND ME Who needs a ladder when youve got a giraffe with an extended neck The Ladderless WindowCleaning Company certainly doesnt They dont need a pail either because they have a pelican with a bucketsized beak With a monkey to do the washing and Billy as their manager this business is destined for success Now they have their big breaka chance to clean all 677 windows of the Hampshire House owned by the richest man in all of England Thats exciting enough but along the way there are surprises and adventures beyond their wildest windowwashing dreams Review Clever use of language gives an aura of refinement to the fox family while one of villainy surrounds the farmersThe line drawings with washes of gray are spontaneous and lively Childrens Literature Synopsis Mr Fox is surrounded and hes going to have to come up with a truly fantastic plan to dig himself out of trouble this time Synopsis One of the worlds 1 storytellers most beloved books available as a fullcolor picture book for the first time Someones been stealing from the three meanest farmers around and they know the identity of the thiefits Fantastic Mr Fox Working alone they could never catch him but now Boggis Bunce and Bean have joined forces and theyve concocted a cunning plan to dig him out of his hole once and for all What they dont know is theyre not dealing with just any fox Mr Fox would rather die than surrender and he just happens to have a fantastic plan of his own    Synopsis Nobody outfoxes Fantastic Mr Fox Someones been stealing from the three meanest farmers around and they know the identity of the thiefits Fantastic Mr Fox Working alone they could never catch him but now fat Boggis squat Bunce and skinny Bean have joined forces and they have Mr Fox and his family surrounded What they dont know is that theyre not dealing with just any foxMr Fox would rather die than surrender Only the most fantastic plan can save him now About the Author Roald Dahl 19161990 was born in Wales of Norwegian parents He spent his childhood in England and at age eighteen went to work for the Shell Oil Company in Africa When World War II broke out he joined the Royal Air Force and became a fighter pilot At the age of twentysix he moved to Washington DC and it was there he began to write His first short story which recounted his adventures in the war was bought by The Saturday Evening Post  and so began a long and illustrious career After establishing himself as a writer for adults Roald Dahl began writing childrens stories in 1960 while living in England with his family His first stories were written as entertainment for his own children to whom many of his books are dedicated Roald Dahl is now considered one of the most beloved storytellers of our time Although he passed away in 1990 his popularity continues to increase as his fantastic novels including James and the Giant Peach  Matilda  The BFG  and Charlie and the Chocolate Factory  delight an evergrowing legion of fans Learn more about Roald Dahl on the official Roald Dahl Web site wwwroalddahlcom Chris ODowd is an awardwinning Irish actor and writer His TV work includes Skys Moone Boy  which he created cowrote\u00a0and starred in The IT Crowd  and Christopher Guests Family Tree  His\u00a0recent film work includes Bridesmaids  The Sapphires and the voice of Grub in Epic  Hugh Laurie is a multiawardwinning English actor writer director and musician He first became known starring in the muchloved television comedies A Bit of Fry and Laurie Blackadder and Jeeves and Wooster He was the star of longrunning American medical Drama House  and will play David Nix in the upcoming fantasy Tomorrowland  Hugh was awarded an OBE in 2007 for his services to Drama Stephen Fry is an awardwinning comedian actor presenter director and writer Television work includes A Bit of Fry and Laurie Jeeves and Wooster Blackadder and the host of QI On film he played Oscar Wilde and appeared in Sherlock Holmes A Game of Shadows and The Hobbit  5 1 What Our Readers Are Saying Share your thoughts on this title Average customer rating 5 1 comments  gushugs  August 04 2012 I would love to have this book to send to a special child in Prague A used copy is fine n dandy Was this comment helpful  Yes  No 1 of 4 readers found this comment helpful report this\ncomment Product Details ISBN 9780142410349 Binding Trade Paperback Publication date 08162007 Publisher Puffin Books Pages 112 Height 30IN Width 500IN Thickness 25 Age Range 8 to 12 Grade Range 3 to 7 Number of Units 1 Illustration Yes Copyright Year 2007 Author Roald Dahl Illustrator Quentin Blake Subject Foxes Subject Childrens classics 550 List Price 799 Used Trade Paperback Ships in 1 to 3 days Qty Store 4 Burnside 2 Hawthorne More copies of this ISBN New Trade Paperback 799 Used Trade Paperback Starting from 450 1 LOCOK 1 LOCOK LOCCancel 1 LOCOK LOCCancel 1 LOCOK 1 LOCOK LOCCancel 1 LOCOK LOCCancel 1 LOCOK 1 LOCOK LOCCancel 1 LOCOK LOCCancel 1 LOCOK 1 LOCOK LOCCancel 1 LOCOK LOCCancel Help Guarantee My Account Careers About Us Security Wish List Partners Contact Us Shipping Transparency ACT MRF Sitemap  2022 POWELLSCOM Terms 1 LOCOK 1 LOCOK LOCCancel 1 LOCOK LOCCancel 1 LOCOK 1 LOCOK LOCCancel 1 LOCOK LOCCancel 1 LOCOK 1 LOCOK LOCCancel 1 LOCOK LOCCancel 1 LOCOK 1 LOCOK LOCCancel 1 LOCOK LOCCancel",
    "page_rank": 2.115540235334985e-05
}