{
    "Title": " Highfire - Signed Edition ",
    "Author": "Eoin Colfer",
    "Cover Page": "https://powells-covers-2.s3.amazonaws.com/9780062938558.jpg",
    "ISBN10": "006293855X  \n",
    "ISBN13": "9780062938558",
    "Page URL": "https://powells.com/book/highfire-9780062938558",
    "raw_text": "Highfire Eoin Colfer Hardcover 9780062938558 Powells Books Cart   my account  wish list  help  8008787323 Hello\n Login MENU Browse New Arrivals Bestsellers Featured Preorders Award Winners Audio Books See All Subjects Used Staff Picks Staff Picks Picks of the Month Bookseller Displays 50 Books for 50 Years 25 Best 21st Century SciFi  Fantasy 25 PNW Books to Read Before You Die 25 Books From the 21st Century 25 Memoirs to Read Before You Die 25 Global Books to Read Before You Die 25 Women to Read Before You Die 25 Books to Read Before You Die Gifts Gift Cards  eGift Cards Powells Souvenirs Journals and Notebooks socks Games Sell Books Blog Events Find A Store Dont Miss BIG SALE 20 off sitewide Picks of the Season What Im Giving Great Gifts Under 25 Best Books of 2022 Powells Author Events Oregon Battle of the Books Audio Books Visit Our Stores Powells Books 14 Gift Ideas From 14 of Our Favorite Authors 0 comment Every year Powells reaches out to some of our favorite authors for some muchneeded giftgiving inspiration Below are 14 writerapproved recommendations to help you find the perfect book for even your mostdifficulttobuyfor loved one Read More  Powells Staff Best Books of 2022 Fiction 1 comment Kelsey Ford 6 Haunting Native American Horror Books 1 comment 1 LOCOK 1 LOCOK LOCCancel 1 LOCOK LOCCancel Highfire  Signed Edition by Eoin Colfer Comment on this title Synopses  Reviews ISBN13 9780062938558 ISBN10 006293855X All Product Details View Larger Image View Larger Images 1999 New Hardcover Ships in 1 to 3 days Qty Store 15 Local Warehouse Synopses  Reviews Synopsis From the New York Times bestselling author of the Artemis Fowl series comes a hilarious and highoctane adult novel about a vodkadrinking Flashdance loving dragon who lives an isolated life in the bayous of Louisianaand the raucous adventures that ensue when he crosses paths with a fifteenyearold troublemaker on the run from a crooked sheriff In the days of yore he flew the skies and scorched angry mobsnow he hides from swamp tour boats and rises only with the greatest reluctance from his LazZBoy recliner Laying low in the bayou this oncemagnificent fire breather has been reduced to lighting Marlboros with nose sparks swilling Absolut in a Flashdance Tshirt and binging Netflix in a fishing shack For centuries he struck fear in hearts far and wide as Wyvern Lord Highfire of the Highfire Eyrienow he goes by Vern Howeverhe has survived unlike the rest He is the last of his kind the last dragon Still no amount of vodka can drown the loneliness in his molten core Verns glory days are long gone Or are they A canny Cajun swamp rat young Everett Squib Moreau does what he can to survive trying not to break the heart of his saintly single mother Hes finally decided to work for a shady smugglerbut on his first night he witnesses his boss murdered by a crooked constable Regence Hooke is not just a dirty cop hes a despicable human beingwho happens to want Squibs momma in the worst way When Hooke goes after his hidden witness with a grenade launcher Squib finds himself airlifted from certain death bya dragon The swamp can make strange bedfellows and rather than be fried alive so the dragon can keep his secret Squib strikes a deal with the scaly apex predator He can act as his gobetween aka familiarfetch his vodka keep him company etcin exchange for protection from Hooke Soon the three of them are careening headlong toward a combustible confrontation Theres about to be a fiery reckoning in which either dragons finally go extinctor Verns glory days are back A triumphant return to the genrebending fantasy that Eoin Colfer is so well known for Highfire is an effortlessly clever and relentlessly funny tourdeforce of comedy and action Synopsis  True Detective meets Swamp Thing in the Artemis Fowl authors neonoirish thriller about a curmudgeonly dragon in Louisiana  Guardian From the New York Times bestselling author of the Artemis Fowl series comes a hilarious and highoctane adult novel about a vodkadrinking Flashdance loving dragon who lives an isolated life in the bayous of Louisianaand the raucous adventures that ensue when he crosses paths with a fifteenyearold troublemaker on the run from a crooked sheriff In the days of yore he flew the skies and scorched angry mobsnow he hides from swamp tour boats and rises only with the greatest reluctance from his LazZBoy recliner Laying low in the bayou this oncemagnificent fire breather has been reduced to lighting Marlboros with nose sparks swilling Absolut in a Flashdance Tshirt and binging Netflix in a fishing shack For centuries he struck fear in hearts far and wide as Wyvern Lord Highfire of the Highfire Eyrienow he goes by Vern Howeverhe has survived unlike the rest He is the last of his kind the last dragon Still no amount of vodka can drown the loneliness in his molten core Verns glory days are long gone Or are they A canny Cajun swamp rat young Everett Squib Moreau does what he can to survive trying not to break the heart of his saintly single mother Hes finally decided to work for a shady smugglerbut on his first night he witnesses his boss murdered by a crooked constable Regence Hooke is not just a dirty cop hes a despicable human beingwho happens to want Squibs momma in the worst way When Hooke goes after his hidden witness with a grenade launcher Squib finds himself airlifted from certain death bya dragon The swamp can make strange bedfellows and rather than be fried alive so the dragon can keep his secret Squib strikes a deal with the scaly apex predator He can act as his gobetween aka familiarfetch his vodka keep him company etcin exchange for protection from Hooke Soon the three of them are careening headlong toward a combustible confrontation Theres about to be a fiery reckoning in which either dragons finally go extinctor Verns glory days are back A triumphant return to the genrebending fantasy that Eoin Colfer is so well known for Highfire is an effortlessly clever and relentlessly funny tourdeforce of comedy and action What Our Readers Are Saying Be the first to share your thoughts on this title Product Details ISBN 9780062938558 Binding Hardcover Publication date 01282020 Publisher HARPERCOLLINS PUBLISHERS Pages 384 Height 120IN Width 620IN Author Eoin Colfer 1999 New Hardcover Ships in 1 to 3 days Qty Store 15 Local Warehouse More copies of this ISBN New Hardcover 1999 Used Hardcover Starting from 898 This title in other editions New Trade Paperback 1699 Used Trade Paperback 998 1 LOCOK 1 LOCOK LOCCancel 1 LOCOK LOCCancel 1 LOCOK 1 LOCOK LOCCancel 1 LOCOK LOCCancel 1 LOCOK 1 LOCOK LOCCancel 1 LOCOK LOCCancel 1 LOCOK 1 LOCOK LOCCancel 1 LOCOK LOCCancel Help Guarantee My Account Careers About Us Security Wish List Partners Contact Us Shipping Transparency ACT MRF Sitemap  2022 POWELLSCOM Terms 1 LOCOK 1 LOCOK LOCCancel 1 LOCOK LOCCancel 1 LOCOK 1 LOCOK LOCCancel 1 LOCOK LOCCancel 1 LOCOK 1 LOCOK LOCCancel 1 LOCOK LOCCancel 1 LOCOK 1 LOCOK LOCCancel 1 LOCOK LOCCancel",
    "page_rank": 0
}