{
    "Title": " Teach Yourself Brazilian Portugese Complete Course Book Only ",
    "Author": "Teach Yourself",
    "Cover Page": "https://covers.powells.com/9780071420044.jpg",
    "ISBN10": "0071420045  \n",
    "ISBN13": "9780071420044",
    "Page URL": "https://powells.com/book/teach-yourself-brazilian-portugese-complete-course-book-only-9780071420044",
    "raw_text": "Teach Yourself Brazilian Portugese Complete Course Book Only Teach Yourself Trade Paperback 9780071420044 Powells Books Cart   my account  wish list  help  8008787323 Hello\n Login MENU Browse New Arrivals Bestsellers Featured Preorders Award Winners Audio Books See All Subjects Used Staff Picks Staff Picks Picks of the Month Bookseller Displays 50 Books for 50 Years 25 Best 21st Century SciFi  Fantasy 25 PNW Books to Read Before You Die 25 Books From the 21st Century 25 Memoirs to Read Before You Die 25 Global Books to Read Before You Die 25 Women to Read Before You Die 25 Books to Read Before You Die Gifts Gift Cards  eGift Cards Powells Souvenirs Journals and Notebooks socks Games Sell Books Blog Events Find A Store Dont Miss BIG SALE 20 off sitewide Picks of the Season What Im Giving Great Gifts Under 25 Best Books of 2022 Powells Author Events Oregon Battle of the Books Audio Books Visit Our Stores Powells Books 14 Gift Ideas From 14 of Our Favorite Authors 0 comment Every year Powells reaches out to some of our favorite authors for some muchneeded giftgiving inspiration Below are 14 writerapproved recommendations to help you find the perfect book for even your mostdifficulttobuyfor loved one Read More  Powells Staff Best Books of 2022 Fiction 1 comment Kelsey Ford 6 Haunting Native American Horror Books 1 comment 1 LOCOK 1 LOCOK LOCCancel 1 LOCOK LOCCancel Teach Yourself Brazilian Portugese Complete Course Book Only by Teach Yourself Comment on this title Synopses  Reviews ISBN13 9780071420044 ISBN10 0071420045 Condition Standard All Product Details View Larger Image View Larger Images 795 List Price 2595 Used Trade Paperback Ships in 1 to 3 days Qty Store 2 Cedar Hills Synopses  Reviews Publisher Comments Bestselling language courses now with audio CDs From Danish to Spanish Swahili to Brazilian Portuguese the languages of the world are brought within the reach of any beginning student Learners can use the Teach Yourself Language Courses at their own pace or as a supplement to formal courses These complete courses are based on the very latest learning methods and designed to be enjoyable and userfriendly Prepared by experts in the language each course begins with the basics and gradually promotes the student to a level of smooth and confident communication including Uptodate graded interactive dialogues Graded units of culture notes grammar and exercises Stepbystep guide to pronunciation Practical vocabulary Regular and irregular verb tables Plenty of practice exercises and answers Bilingual glossary The new editions also feature Clear uncluttered and userfriendly layout Selfassessment quizzes to test progress Website suggestions to take language study further About the Author Sue TysonWard has written a number of books on Portuguese language and culture What Our Readers Are Saying Be the first to share your thoughts on this title Product Details ISBN 9780071420044 Binding Trade Paperback Publication date 03012003 Publisher MCGRAW HILL COMPANIES Series info Teach Yourself Language Complete Courses Pages 240 Series Teach Yourself Language Complete Courses Grade Range Professional and sch Number of Units 1 Copyright Year 2003 Series Volume 10849 UPC Code 2800071420046 Author Teach Yourself Subject English Subject Portuguese language Subject Portuguese language  English Subject Talkiing book collection Subject Portuguese language  Dialects  Brazil 795 List Price 2595 Used Trade Paperback Ships in 1 to 3 days Qty Store 2 Cedar Hills 1 LOCOK 1 LOCOK LOCCancel 1 LOCOK LOCCancel 1 LOCOK 1 LOCOK LOCCancel 1 LOCOK LOCCancel 1 LOCOK 1 LOCOK LOCCancel 1 LOCOK LOCCancel 1 LOCOK 1 LOCOK LOCCancel 1 LOCOK LOCCancel Help Guarantee My Account Careers About Us Security Wish List Partners Contact Us Shipping Transparency ACT MRF Sitemap  2022 POWELLSCOM Terms 1 LOCOK 1 LOCOK LOCCancel 1 LOCOK LOCCancel 1 LOCOK 1 LOCOK LOCCancel 1 LOCOK LOCCancel 1 LOCOK 1 LOCOK LOCCancel 1 LOCOK LOCCancel 1 LOCOK 1 LOCOK LOCCancel 1 LOCOK LOCCancel",
    "page_rank": 3.9915383614733885e-05
}