{
    "Title": " Penny & Her Sled ",
    "Author": "Kevin Henkes",
    "Cover Page": "https://powells-covers-2.s3.amazonaws.com/9780062934550.jpg",
    "ISBN10": "0062934554  \n",
    "ISBN13": "9780062934550",
    "Page URL": "https://powells.com/book/penny-her-sled-9780062934550",
    "raw_text": "Penny and Her Sled Kevin Henkes Trade Paperback 9780062934550 Powells Books Cart   my account  wish list  help  8008787323 Hello\n Login MENU Browse New Arrivals Bestsellers Featured Preorders Award Winners Audio Books See All Subjects Used Staff Picks Staff Picks Picks of the Month Bookseller Displays 50 Books for 50 Years 25 Best 21st Century SciFi  Fantasy 25 PNW Books to Read Before You Die 25 Books From the 21st Century 25 Memoirs to Read Before You Die 25 Global Books to Read Before You Die 25 Women to Read Before You Die 25 Books to Read Before You Die Gifts Gift Cards  eGift Cards Powells Souvenirs Journals and Notebooks socks Games Sell Books Blog Events Find A Store Dont Miss BIG SALE 20 off sitewide Picks of the Season What Im Giving Great Gifts Under 25 Best Books of 2022 Powells Author Events Oregon Battle of the Books Audio Books Visit Our Stores Powells Books 14 Gift Ideas From 14 of Our Favorite Authors 0 comment Every year Powells reaches out to some of our favorite authors for some muchneeded giftgiving inspiration Below are 14 writerapproved recommendations to help you find the perfect book for even your mostdifficulttobuyfor loved one Read More  Powells Staff Best Books of 2022 Fiction 1 comment Kelsey Ford 6 Haunting Native American Horror Books 1 comment 1 LOCOK 1 LOCOK LOCCancel 1 LOCOK LOCCancel Penny  Her Sled by Kevin Henkes Comment on this title Synopses  Reviews ISBN13 9780062934550 ISBN10 0062934554 All Product Details View Larger Image View Larger Images 499 New Trade Paperback Ships in 1 to 3 days Qty Store 1 Burnside 1 Cedar Hills 20 Local Warehouse Synopses  Reviews Synopsis A gentle story of patience Horn Book starred review Caldecott Medalwinner Kevin Henkess awardwinning and bestselling mouse Penny stars in an irresistible story about anticipation disappointment and a brandnew sled Told in five short chapters Penny and Her Sled is perfect for reading alone reading aloud and sharing together When Penny a sweet and curious mouse gets a new sled she cant wait to use it But theres one big problemtheres no snow Patiently Penny waits and watches for the snow to appear She puts on her scarf and hat She sleeps with her mittens Maybe if shes ready the snow will finally come But day after day the snow does not arrive Finally Penny decides she will use her sled for other thingsits too wonderful not to With a little imagination the sled becomes a bridge for her glass animals to cross It becomes a bed for her doll Rose It becomes a magic carpet that takes Penny and Rose on adventures all around the world And as Penny waits for a snowfall that may never appear she learns all about the power of patience imagination play    and spring Told in five short chapters and with an emphasis on family and patience Penny and Her Sled is the perfect choice for emergent readers and for family sharing What Our Readers Are Saying Be the first to share your thoughts on this title Product Details ISBN 9780062934550 Binding Trade Paperback Publication date 10122021 Publisher GREENWILLOW BOOKS Pages 56 Height 15IN Width 613IN Age Range 4 to 8 Grade Range P to 3 Illustration Yes Author Kevin Henkes 499 New Trade Paperback Ships in 1 to 3 days Qty Store 1 Burnside 1 Cedar Hills 20 Local Warehouse Receive an email when this ISBN is available used This title in other editions New Hardcover 1499 1 LOCOK 1 LOCOK LOCCancel 1 LOCOK LOCCancel 1 LOCOK 1 LOCOK LOCCancel 1 LOCOK LOCCancel 1 LOCOK 1 LOCOK LOCCancel 1 LOCOK LOCCancel 1 LOCOK 1 LOCOK LOCCancel 1 LOCOK LOCCancel Help Guarantee My Account Careers About Us Security Wish List Partners Contact Us Shipping Transparency ACT MRF Sitemap  2022 POWELLSCOM Terms 1 LOCOK 1 LOCOK LOCCancel 1 LOCOK LOCCancel 1 LOCOK 1 LOCOK LOCCancel 1 LOCOK LOCCancel 1 LOCOK 1 LOCOK LOCCancel 1 LOCOK LOCCancel 1 LOCOK 1 LOCOK LOCCancel 1 LOCOK LOCCancel",
    "page_rank": 3.5383582654505545e-05
}