{
    "Title": " Just Kids ",
    "Author": "Patti Smith",
    "Cover Page": "https://powells-covers-2.s3.amazonaws.com/9780060936228.jpg",
    "ISBN10": "0060936223  \n",
    "ISBN13": "9780060936228",
    "Page URL": "https://powells.com/book/just-kids-9780060936228",
    "raw_text": "Just Kids Patti Smith Trade Paperback 9780060936228 Powells Books Cart   my account  wish list  help  8008787323 Hello\r\n    \r\n\r\n     Login  End Hawk Search  AutoSuggest  MENU Browse New Arrivals Bestsellers Featured Preorders Award Winners Audio Books See All Subjects Used Staff Picks Staff Picks Picks of the Month Bookseller Displays 50 Books for 50 Years 25 Best 21st Century SciFi  Fantasy 25 PNW Books to Read Before You Die 25 Books From the 21st Century 25 Memoirs to Read Before You Die 25 Global Books to Read Before You Die 25 Women to Read Before You Die 25 Books to Read Before You Die Gifts Gift Cards  eGift Cards Powells Souvenirs Journals and Notebooks socks Games Sell Books Blog Events Find A Store Dont Miss BIG SALE 20 off sitewide Picks of the Season What Im Giving Great Gifts Under 25 Best Books of 2022 Powells Author Events Oregon Battle of the Books Audio Books Visit Our Stores Powells Books 14 Gift Ideas From 14 of Our Favorite Authors 0 comment Every year Powells reaches out to some of our favorite authors for some muchneeded giftgiving inspiration Below are 14 writerapproved recommendations to help you find the perfect book for even your mostdifficulttobuyfor loved one Read More  Powells Staff Best Books of 2022 Fiction 1 comment Kelsey Ford 6 Haunting Native American Horror Books 1 comment 1 LOCOK 1 LOCOK LOCCancel 1 LOCOK LOCCancel Just Kids by Patti Smith Comment on this title Synopses  Reviews Award Excerpt ISBN13 9780060936228 ISBN10 0060936223 Condition Standard All Product Details View Larger Image View Larger Images 1195 List Price 1699 Used  Trade Paperback Ships in 1 to 3 days Qty Store 3 Burnside 1 Cedar Hills 1 Hawthorne Awards 2010 National Book Award for Nonfiction 2010 Powells Staff Top 5s From Powellscom 25 Memoirs to Read Before You Die Browse all of the exceptional memoirs that made our list Staff Pick Whether or not youre interested in her music or other icons she lived among at Hotel Chelsea the voice with which Patti Smith lays her life bare in this work is undeniable She walks in dual worlds as a grounded dreamer a transparent enigma but most of all as a truthful storyteller and conveys these realities with an intimacy so powerful that it completely blew my mind Recommended By Aubrey W Powellscom Synopses  Reviews Publisher Comments It was the summer Coltrane died the summer of love and riots and the summer when a chance encounter in Brooklyn led two young people on a path of art devotion and initiation Patti Smith would evolve as a poet and performer and Robert Mapplethorpe would direct his highly provocative style toward photography Bound in innocence and enthusiasm they traversed the city from Coney Island to Fortysecond Street and eventually to the celebrated round table of Maxs Kansas City where the Andy Warhol contingent held court In 1969 the pair set up camp at the Hotel Chelsea and soon entered a community of the famous and infamous  the influential artists of the day and the colorful fringe It was a time of heightened awareness when the worlds of poetry rock and roll art and sexual politics were colliding and exploding In this milieu two kids made a pact to take care of each other Scrappy romantic committed to create and fueled by their mutual dreams and drives they would prod and provide for one another during the hungry years Just Kids begins as a love story and ends as an elegy It serves as a salute to New York City during the late sixties and seventies and to its rich and poor its hustlers and hellions A true fable it is a portrait of two young artists ascent a prelude to fame Review Reading rocker Smiths account of her relationship with photographer Robert Mapplethorpe its hard not to believe in fate How else to explain the chance encounter that threw them together allowing both to blossom Quirky and spellbinding People Top 10 Books of 2010 Review The most enchantingly evocative memoir of funkybutchic New York in the late 1960s and early 1970s that any alumnus has yet committed to print Janet Maslins top 10 books of 2010 New York Times Review Smiths beautifully crafted love letter to her friend Robert Mapplethorpe functions as a memento mori of a relationship fueled by passion for art and writing Her elegant eulogy lays bare the chaos and the creativity so embedded in that earlier time and in Mapplethorpes life and work Publishers Weekly Top Ten Books of the Year Review  Just Kids  offers a revealing account of the fears and insecurities harbored by even the most incendiary artists as well as their capacity for reverence and tenderness USA Today Review Smiths writing about her early days with Mapplethorpe is fervid and incantatory but never falls into incoherence The Oregonian Synopsis WINNER OF THE NATIONAL BOOK AWARD In Just Kids Patti Smiths first book of prose the legendary American artist offers a neverbeforeseen glimpse of her remarkable relationship with photographer Robert Mapplethorpe in the epochal days of New York City and the Chelsea Hotel in the late sixties and seventies An honest and moving story of youth and friendship Smith brings the same unique lyrical quality to Just Kids as she has to the rest of her formidable body of workfrom her influential 1975 album Horses to her visual art and poetry Synopsis WINNER OF THE NATIONAL BOOK AWARD It was the summer Coltrane died the summer of love and riots and the summer when a chance encounter in Brooklyn led two young people on a path of art devotion and initiation Patti Smith would evolve as a poet and performer and Robert Mapplethorpe would direct his highly provocative style toward photography Bound in innocence and enthusiasm they traversed the city from Coney Island to FortySecond Street and eventually to the celebrated round table of Maxs Kansas City where the Andy Warhol contingent held court In 1969 the pair set up camp at the Hotel Chelsea and soon entered a community of the famous and infamous the influential artists of the day and the colorful fringe It was a time of heightened awareness when the worlds of poetry rock and roll art and sexual politics were colliding and exploding In this milieu two kids made a pact to take care of each other Scrappy romantic committed to create and fueled by their mutual dreams and drives they would prod and provide for one another during the hungry years Just Kids begins as a love story and ends as an elegy It serves as a salute to New York City during the late sixties and seventies and to its rich and poor its hustlers and hellions A true fable it is a portrait of two young artists ascent a prelude to fame Synopsis The legendary American artist offers a neverbeforeseen glimpse of her remarkable relationship with photographer Robert Mapplethorpe in the epochal days of New York City and the Chelsea Hotel in the late sixties and seventies An honest and moving story of youth and friendship Smith brings the same unique lyrical quality to Just Kids as she has to the rest of her formidable body of workfrom her influential 1975 album Horses to her visual art and poetry Patti Smith would evolve as a poet and performer and Robert Mapplethorpe would direct his highly provocative style toward photography Bound in innocence and enthusiasm they traversed the city from Coney Island to 42nd Street and eventually to the celebrated round table of Maxs Kansas City where the Andy Warhol contingent held court In 1969 the pair set up camp at the Hotel Chelsea and soon entered a community of the famous and infamousthe influential artists of the day and the colorful fringe It was a time of heightened awareness when the worlds of poetry rock and roll art and sexual politics were colliding and exploding In this milieu two kids made a pact to take care of each other Scrappy romantic committed to create and fueled by their mutual dreams and drives they would prod and provide for one another during the hungry years A true fable Just Kids is a portrait of two young artists ascent a prelude to fame The Rumpus Synopsis WINNER OF THE NATIONAL BOOK AWARD Reading rocker Smiths account of her relationship with photographer Robert Mapplethorpe its hard not to believe in fate How else to explain the chance encounter that threw them together allowing both to blossom Quirky and spellbinding  People It was the summer Coltrane died the summer of love and riots and the summer when a chance encounter in Brooklyn led two young people on a path of art devotion and initiation Patti Smith would evolve as a poet and performer and Robert Mapplethorpe would direct his highly provocative style toward photography Bound in innocence and enthusiasm they traversed the city from Coney Island to FortySecond Street and eventually to the celebrated round table of Maxs Kansas City where the Andy Warhol contingent held court In 1969 the pair set up camp at the Hotel Chelsea and soon entered a community of the famous and infamous the influential artists of the day and the colorful fringe It was a time of heightened awareness when the worlds of poetry rock and roll art and sexual politics were colliding and exploding In this milieu two kids made a pact to take care of each other Scrappy romantic committed to create and fueled by their mutual dreams and drives they would prod and provide for one another during the hungry years Just Kids begins as a love story and ends as an elegy It serves as a salute to New York City during the late sixties and seventies and to its rich and poor its hustlers and hellions A true fable it is a portrait of two young artists ascent a prelude to fame Synopsis Smiths evocative honest and moving comingofage story reveals her extraordinary relationship with artist Robert Mapplethorpe Part romance part elegy Just Kids is about friendship in the truest sense and the artists calling Synopsis In Just Kids Patti Smiths first book of\u00a0prose the legendary American artist offers a neverbeforeseen glimpse of her remarkable relationship with photographer Robert Mapplethorpe in the epochal days of New York City and the Chelsea Hotel in the late sixties and seventies An honest and moving story of youth and friendship Smith brings the same unique lyrical quality to Just Kids as she has to the rest of her formidable body of work  from her influential 1975 album Horses to her visual art and poetry About the Author Patti Smith is a writer performer and visual artist She gained recognition in the 1970s for her revolutionary mergence of poetry and rock Her seminal album Horses  bearing Robert Mapplethorpes renowned photograph has been hailed as one of the top 100 albums of all time Her books include Witt  Babel  Woolgathering  The Coral Sea  and Auguries of Innocence  In 2005 the French Ministry of Culture awarded Smith the prestigious title of Commandeur des Arts et des Lettres the highest honor awarded to an artist by the French Republic She was inducted into the Rock and Roll Hall of Fame in 2007 Smith married the late Fred Sonic Smith in Detroit in 1980 They had a son Jackson and a daughter Jesse Smith resides in New York City 49 84 What Our Readers Are Saying Share your thoughts on this title Average customer rating 49 84 comments  Becker  January 02 2013 view all comments by Becker I really liked this book Was this comment helpful  Yes  No 3 of 7 readers found this comment helpful report this\r\n\r\ncomment  trlmom  January 02 2013 view all comments by trlmom Peak into the world of The Chelsea Hotel and the 70s scene in NYC Was this comment helpful  Yes  No 4 of 7 readers found this comment helpful report this\r\n\r\ncomment  Nancy Hieronymus  January 21 2012 view all comments by Nancy Hieronymus I found this book very interesting in content since I lived in NYC and knew people just like the characters in the book  It was very well written and explains the era very well for those who did not live through it  Patti does not hold back on the life style that  prevailed in the late 60s\r\nPatti writes about her great friendship with Robert Maplethorpe the photographer  They shared a warehouse where they painted together  She writes about\r\nMaplethorpes discovery that he was gay in a very sensitive manner He eventually  died of aids She became a singer by accidentshe really wanted to be a painter but singing  did earn her money  I recently saw some her paintings on TV This is a very honest book Was this comment helpful  Yes  No 5 of 11 readers found this comment helpful report this\r\n\r\ncomment  misu  January 20 2012 This book made me jealous I wanted to be there to be friends with Patti Smith The book was so heartfelt and open and free Was this comment helpful  Yes  No 2 of 4 readers found this comment helpful report this\r\n\r\ncomment  49th Parallel  January 19 2012 Patti Smiths always been a multitalented Renaissance Woman but I found this surprisingly moving account of a very particular time and place 1970s NYC to be both sharply observed and emotionally honest Was this comment helpful  Yes  No 5 of 11 readers found this comment helpful report this\r\n\r\ncomment  uguryavuz  January 19 2012 JUST KIDS WAS THE BEST BOOK I READ IN 2011 CAUSE\r\n\r\nJust Kids should interest any reader who wants to know how an artistic career can be launched\r\n\r\nThis book brings together all the elements that made New York so exciting in the late sixties and seventies\r\n\r\nAn honest and moving story of youth and friendship\r\n\r\nTwo kids made a pact to take care of each other Was this comment helpful  Yes  No report this\r\n\r\ncomment  anthologygirl  January 04 2012 Why cant I write something beautiful enough to wake the dead Patti Smith asks If it were possible this book would certainly have done it Moving honest and beautiful beyond words Was this comment helpful  Yes  No report this\r\n\r\ncomment  AngelaMcG  January 02 2012 view all comments by AngelaMcG Definitely my favorite book this year  Patti Smith makes a dynamic time legendary place and iconic people accessible  Relevant and inspiring 40 plus years later Was this comment helpful  Yes  No report this\r\n\r\ncomment  bbarton  January 02 2012 view all comments by bbarton A very sweet tale of love and friendship  Soul mates dedicated to art to becoming artists together in the gritty and always new world of New York City in the 60s and 70s  Lives and a relationship that tell the story of a time and a place unique and precious in its account Was this comment helpful  Yes  No report this\r\n\r\ncomment  Joseph Smith  January 01 2012 one of the most exceptional insightful  downright delicious novels i have read patti smith deserves the literary acclaim  attention she is a fearless writer her inspiration is a combination of poetry derived from the city of new york as well as lyrics that are shaped of the fabric of the bohemian punk roots of her generation i was especially curious of her relationship to renowned photographer robert mapplethorpe this story is universal  timeless it just wasnt their competitive struggles as gifted aspiring Artists to me it was the bond as two likeminded souls who were sensitive  empathetic to the world outside surely fame almost killed their kinship  death made her stronger Just Kids deserves this prize because it is honest raw soulful  beautiful like a spring flower it will provoke a deep emotion  the tears will cascade down our faces great art like this is devoid of human ego or pretense  it hits the high marks  doesnt blink at all Was this comment helpful  Yes  No 0 of 1 readers found this comment helpful report this\r\n\r\ncomment  MissPDX  January 01 2012 Just Beautiful Was this comment helpful  Yes  No report this\r\n\r\ncomment  Jkuo  January 01 2012 Finished this book in one dayThe most inspiring thing Ive read in a long time Patti Smith is an talented writer full of wisdom and has lead a truly amazing life Was this comment helpful  Yes  No report this\r\n\r\ncomment  Larkin  January 01 2012 view all comments by Larkin This book reminded me that I could take celebrity writing more seriously than I have in the past Smiths writing glows in the dark I laughed I cried Mostly I felt what she felt and that for me is why I love to read well written books Was this comment helpful  Yes  No report this\r\n\r\ncomment  AAK  January 01 2012 Patti Smith is a beautiful evocative writer  I honestly didnt realized how gifted she is  Highly recommended Was this comment helpful  Yes  No 1 of 2 readers found this comment helpful report this\r\n\r\ncomment  shadley25  January 01 2012 Wellwritten and lively account of the NY art scene as well as a gorgeous story of friendship and love Was this comment helpful  Yes  No report this\r\n\r\ncomment  emlewis  January 01 2012 view all comments by emlewis I kept reading Just Kids slower as I went along because I never wanted this book to end  Its a memoir of Patti Smiths life from childhood to adulthood  but also a remembrance and contextualization of her friendship with another young creative person who she loved deeply Robert Mapplethorpe  And its a portrait of a very particular moment in the history of New York Citys artist class  bringing to life the poverty creativity friendship desperation beauty and love that she found there  Wonderful wonderful book  Goes to number two in my favorite memoirs ever  beneath Michael Herrs Dispatches and above Julia Childs My Life in France Was this comment helpful  Yes  No report this\r\n\r\ncomment  Autumnseer  January 01 2012 view all comments by Autumnseer I was admittedly never a big fan of punk rocker Patti Smith but with all the buzz about her book I decided to read it  I cannot tell you the feeling I got and the respect I gained in reading this book  She so perfectly captured the era and world that she lived in and I understood the complicated deep relationship with Robert Mapplethorpe  Through it all she remained true to herself being the true artist that she is  For the record I did purchase her CD Gone Again and it is now a favorite of mine  Highly recommended Was this comment helpful  Yes  No report this\r\n\r\ncomment  Andrea Shoup  January 01 2012 My 2012 Puddly Award pick Was this comment helpful  Yes  No report this\r\n\r\ncomment  Wendy in Port Townsend  October 12 2011 view all comments by Wendy in Port Townsend Although I wasnt a fan of Patti Smith or punk rock and didnt even know she knew Robert Mapplethorpe when I saw she won the National Book Award for this book I was intrigued I loved so many things about this book her language her long friendship with Mapplethorpe during all the changes in their lives and in this country the growth of their creativity the stories about other artists in NYC during the 70s I enjoyed learning about the life of Mapplethorpe with all the highs and lows and seeing examples of his photography I appreciated her references to French poets and just checked out a library book of French poetry to finally read some Rimbaud and Verlaine then noticed that Patti Smith had written the introduction to the new edition I think Just Kids is a remarkable and fascinating story Was this comment helpful  Yes  No 1 of 1 readers found this comment helpful report this\r\n\r\ncomment  melissamorefield  September 03 2011 This book burns a line into your skin Its the scar you see every day the one you got when you were 13 and thought you could skateboard The one that no matter how much it might echo all the truth of your failure you never miss the beat to stop and say Yeah that was cool\r\n\r\nI had never read Patti Smith until Just Kids but she is a phenomenal writer Her prose is magnetic making the alreadycompelling journey of her youth toward a realization of the dreams shed always had and the ones she hadnt foreseen that much stronger The backbone of her story is composed of a friendship its roots deeper than words could ever truly portray Anyone who has even a touch of an artistic soul would do well to read this book Was this comment helpful  Yes  No report this\r\n\r\ncomment  Tiger Wiese Jones  September 01 2011 Patti Smiths prose is savory it brings you in like a second skin and then lingers like a lover after sex She shares her guileless but brave venture into the cultural world of New York City during the late sixties early seventies and more than intimate glimpses into her decadeslong relationship with the legendary photographer Robert Mapplethorpe They initially slept on the streets shared sandwhiches and pulled their meager resources before eventually moving into the artistfilled Chelsea Hotel where they were each others most ardent supporter Its a love story beyond tradition a timeless and tender relationship that nurtured two inspiring cultural icons of our time Was this comment helpful  Yes  No 2 of 2 readers found this comment helpful report this\r\n\r\ncomment  Autumnseer  September 01 2011 view all comments by Autumnseer Even if you were not a big fan of Patti Smith this book was written so well that you felt like you were with her in NYC during that amazing time period of Janis Joplin and Jimi Hendrix  Its also a fascinating look at her relationship with Robert Mapplethorpe I could not put it down Was this comment helpful  Yes  No report this\r\n\r\ncomment  September Song  September 01 2011 view all comments by September Song Sometimes its about being in the right place at the right time and Patti Smith certainly was \r\nNow all these years later we get to hear the stories too and great ones they are \r\nJust Kids is chockfull of wonderful anecdotes about the greats and the unknowns who shaped the New York music and art scene in the 60s and 70s and whos influences on outsider culture in those days reverberate today in the mainstream \r\nUnflinchingly honest and recalled with crystal clarity Smiths remarkable memoir of this pivotal period in American art is a welldeserved award winner\r\nOnce again as we move further into the 21st Century our minds and hearts are stirred by Patti Smith Was this comment helpful  Yes  No report this\r\n\r\ncomment  Susmita Dubey  August 16 2011 view all comments by Susmita Dubey This is a beautiful story of a long and interesting relationship between Smith and Robert Mapplethorpe  Patti Smith writes like a poet and manages to be kind to everyone she mentions in her book  The depiction of the creative set in 1970s New York is captivating Was this comment helpful  Yes  No report this\r\n\r\ncomment  simmonsr  May 22 2011 view all comments by simmonsr This is a sweet account of two lives coming together in the turbulent 60s An inside look at the mingling of two artists lives and how their art was realized through mutual affection Drugs sex William Burroughs Allen Ginsburgh and the Andy Worhol crowd are all featured background to this wonderful tale Elegantly written the tale is mostly about love Was this comment helpful  Yes  No report this\r\n\r\ncomment  lucetteveen  January 30 2011 Just read it Was this comment helpful  Yes  No 1 of 3 readers found this comment helpful report this\r\n\r\ncomment  JV2  January 28 2011 This atypical love story part chance and apparently part fate is full of wonder and names you know and places youll only wish you could have been too I read this on a cross country flight and had tears pouring down my face Touching beautiful a story about growing friendship love art  I have recommended this to everyone I know Was this comment helpful  Yes  No 1 of 2 readers found this comment helpful report this\r\n\r\ncomment  deborahcwhite_1999  January 24 2011 Lyrical authentic unflinching yet sweet Patti Smith writes uncluttered prose with a poets touch Just Kids is about the famed relationship between photographer Robert Mapplethorpe and his muse Patti Smith who later became a rocker The story frequently surprised and touched me Her observations caused me to observe in a new way Was this comment helpful  Yes  No 1 of 2 readers found this comment helpful report this\r\n\r\ncomment  helen000  January 23 2011 Just Kids by Patti Smith is one of the most moving books Ive ever read Was this comment helpful  Yes  No 1 of 1 readers found this comment helpful report this\r\n\r\ncomment  Renee Weitzner  January 21 2011 view all comments by Renee Weitzner This elegeaic ode to Robert Mapplethorpe won my heart at the getgo I have always admired Patti Smith and her body of work This memoir so accurately captures New York at the time of their meeting the New York of clubs and poetry and the Beats in their later yearsit was a joy to see really see the progression that the two young artists make in terms of their mutual and individual growth Thank you Patti for this delightful prose poem an ode to your friend Robert and the life you shared if only for a while Was this comment helpful  Yes  No report this\r\n\r\ncomment  Parnassus on Wheels  January 21 2011 view all comments by Parnassus on Wheels A gentle loving memoir from a sensitive and poetic woman who seems even before fame hit to have met many famous and talented people  She lived a life of love friendship and art in those early years and was spiritually and emotionally generous  Well crafted and she was a bookseller to boot Would love to read another installment of her life Was this comment helpful  Yes  No 1 of 1 readers found this comment helpful report this\r\n\r\ncomment  marilyn j hollman  January 21 2011 As one who lived in other corners of those times and experienced secondhand through my students and my reading the emergence of intense pop music culture I appreciated entering that world in this book  It was Robert Mapplethorpe that brought me to it most strongly his show at the old Museum of Contemporary Art in Chicago didnt really shock me  it enthralled and amazed me for example the erotic flower portraits which transformed the flower portraits of Georgia OKeefe which I already knew well  I knew Patti Smiths name and fame and I recall the portraits of her in the show  When I read in Just Friends about Robert poring over some fairly early Polaroids saying Its all about the light I remembered the photos in that show especially the more explicitly sexual ones where light on flesh echoed older paintings as well as Renoirs Boating Party and that of Edward Westons photos which I saw in Santa Fe\r\n   Another thing I loved about Pattis telling was her insistent description of what she wore and of what Robert wore  I love fashion and clothes and that element of pop culture I did follow  Her ballet slippers the pegged pants Roberts necklaces her use of vintage both deliberate and economically necessary pleasured me  she liked clothes as much as I do And her continued connections to her family and their continued love and support pleased me also  \r\n    Then there is Roberts passion for cleaning and painting their various living spaces  The great sensitive artist with scrub buckets and paint brush  I would not have wanted to do that in order to have space both Patti and Robert gave up certain middle class necessities like easy showering to make room for their work  Romantic yes  Squalor no\r\n     I barely know her music  just ordered Horses  but reviews have referred to the mystical nature of her music and poetry  There is a good deal of that quality in her prose  She describes coming on this curlyhaired boy sleeping  Is it Psyche looking at Cupid in the myth  and she returns to this image at his death but it does not feel forced or corny  She  all of us  turned a corner climbed a stair and came upon him spent time and had to let him go  He returns to us  as does their extraordinary friendship and intimacy  in her Just Friends Was this comment helpful  Yes  No 1 of 1 readers found this comment helpful report this\r\n\r\ncomment  Literacyforall  January 20 2011 Just Kids was by far my favorite book of 2010  I purchased it on my first trip to NYC hoping to have a momento that captured the spirit of the city  The book definitely provides that and more  Patti Smith writes beautifully  She tells her story honestly and with profound thoughtfulness  Her writing is elegant and personal  Her stories are so descriptive and entertaining that you feel that you are back in NYC in the 70s experiencing it all for the first time  She shares intimate details of her life with Robert and others with openess and gentleness  Anyone connected to this book should feel honored  I have recommended this book over and over again to friends who have still not stopped talking about it  Thank you Patti Smith for sharing your story and opening up such a cool part of our American history and experience Was this comment helpful  Yes  No report this\r\n\r\ncomment  SMAJackson  January 13 2011 view all comments by SMAJackson Disclaimer I have been a fan of this amazing woman since I heard the first strains of Land way back in 1975 She has been a teacher a guide a friend and a continuous source of joy and entertainment throughout my adult life And she does not not fail to deliver here I can think of no other artist as genuine as Patti Smith and her tales of her younger years and her relationship with Robert Mapplethorpe and other artists of the time are told with a sense of honesty that you will rarely find in an autobiography Was this comment helpful  Yes  No report this\r\n\r\ncomment  Keri Ault  January 08 2011 Loved this book Such a nice mix of romanticism idealism and creativitywith a little hard edge and grit thrown in to avoid cliche A beautiful alternative love story that bypasses our traditional ideas about what a relationship should look like Was this comment helpful  Yes  No report this\r\n\r\ncomment  abeck01  January 07 2011 view all comments by abeck01 What a warm and affectionate book that completely captures a moment in time that represented a significant turning point in contemporary culture  Smiths observations are honest painful and forthright  Shes not wrapped up in selfdeception but is willing to admit to many faults and shortcomings yet by doing so she is revealed to be a woman full of strength and fortitude  This book is a fascinating tale of the value and benefits not only of collaboration but how a genuinely loving relationship can propel two artists on a journey that will have a lasting impact on our times  Smith also paints an accurate portrait of Mapplethorpe warts and all allowing the reader to understand the naivete anger and extravagance that characterized so much of his work  Plus this is one absorbing read  I was so happy when it was awarded the National Book Award for NonFiction Was this comment helpful  Yes  No report this\r\n\r\ncomment  Netkat  January 07 2011 view all comments by Netkat I bought this book as a hard cover when it first came out Its one of those books I had to have but didnt want to read because once I did it would be over I finally started it last week and am almost done Its pure Patti with an honest insightful funny voice Really interesting story and tales of artists coming into their own She writes beautifully The book flows like a slow moving river with plenty of eddies and tributaries all related Highly recommend it to anyone interested in the life of an artist NYC in the late 60s  70s or who just wants a beautiful read Was this comment helpful  Yes  No report this\r\n\r\ncomment  spike1jg  January 05 2011 view all comments by spike1jg An incredibly good read Honest brave and exciting One I couldnt put down Was this comment helpful  Yes  No report this\r\n\r\ncomment  Dennis Moore  January 05 2011 an important work if for no other reason a great first person account for those too young or otherwise with a lacuna natural erased or otherwise of the timesera Was this comment helpful  Yes  No report this\r\n\r\ncomment  Barbara Gerner de Garci  January 05 2011 view all comments by Barbara Gerner de Garci This book is very evocative of an era showing sides of the 60s rarely seen We knew so little about sexuality in the 60s and many artists lived hand to mouth Smiths story is real and raw and beautiful Was this comment helpful  Yes  No report this\r\n\r\ncomment  David Quinn  January 04 2011 view all comments by David Quinn With characteristic grace Patti Smith cuts to the emotional core of a raw crucible of creativity New York in the 70s thats too often made mythic losing its vitality and humanity The first read thru I devoured her simple prose her voice as as elegant as thinking on paper I then turned back to savor moments that crystalized the experience  racing to Times Square to see John Lennon and Yoko Onos War is Over billboard arrival in Paris saying goodbye to Robert My nonfiction read of the year Was this comment helpful  Yes  No report this\r\n\r\ncomment  AKreader  January 03 2011 view all comments by AKreader Not just another celebrity memoir the writing is thoughtful and powerful no wonder it received the National Book Award Was this comment helpful  Yes  No report this\r\n\r\ncomment  gshidler  January 03 2011 Fascinating account of the authors early life in New York city and the whole artmusic scene from back in the day Thought provoking look at what goes into making art to creating an artist a poet a musician Intimate look at pop culture and its influence on us all  Was this comment helpful  Yes  No 1 of 1 readers found this comment helpful report this\r\n\r\ncomment  Kristine Mijares  January 03 2011 Didnt want this book to end Was this comment helpful  Yes  No report this\r\n\r\ncomment  sirrocks  January 03 2011 I had no idea what an amazing writer Patti Smith isand how she arrived on the music scene  It was a total benefit to me as a reader and to the Portland fans to be able to see and hear Patti read excerpts from her book about her life with Mapplethorpe  Due to this enhancing experience I was able to hear her voice as I read and it totally personalized an already personal and vulnerable chunk of a legends life  On top of it all the book is so descriptive and interesting that you wont want to put it downI can only hope Patti is enriched by the response to her book and shares additional parts of her life in future books   Just Kids is truly beautiful sexy rich poor glam and not so glam and pure Was this comment helpful  Yes  No report this\r\n\r\ncomment  Heather Stout  January 03 2011 A beautiful tale of youth finding its voice and taking that risk to pursue a calling And she provides a glimpse into the relationship with Robert Mapplethorpe which fueled both of them to pursue their passion as artists She also gives us a chance to be a fly on the wall in that NYC scene involving such characters as Lou Reed Andy Warhol Allen Ginsberg etc Smiths poetic tale of the times during which she found her voice She is definitely deserving of the title Punk Poetress Was this comment helpful  Yes  No report this\r\n\r\ncomment  Lpooh  January 02 2011 view all comments by Lpooh A lovely and true book about friendship and its very real bearing on the growthemergence of an artist LOVE this book through and through Was this comment helpful  Yes  No report this\r\n\r\ncomment  zretro  January 02 2011 Excellent bookunpretentious and wellwritten Was this comment helpful  Yes  No report this\r\n\r\ncomment  Karen B  January 02 2011 view all comments by Karen B I have to admit that Im a big Patti Smith fan so definitely biased But this simple direct and touching story of the strange and beautiful relationship between Patti Smith and Robert Mapplethorpe during their once upon a time haunted me for days I highly recommend it for any artistsinwaiting Was this comment helpful  Yes  No report this\r\n\r\ncomment  Philip Good  January 02 2011 A great read and an amazing story Was this comment helpful  Yes  No report this\r\n\r\ncomment  jktnrt  January 01 2011 A wonderful view of the times of Patti and Robert and her quest to create art Was this comment helpful  Yes  No report this\r\n\r\ncomment  cbuck  January 01 2011 brought tears Was this comment helpful  Yes  No report this\r\n\r\ncomment  WordGrl1012  January 01 2011 Compelling read by the poetmusician Patti Smith recounting her intimate friendship with the late artistphotographer Robert Mapplethorpe  Ms Smith a recent recipient of the National Book Award for this memoir vividly recreates a time during the late 1960s  early 1970s and her arrival to New York City intent on pursuing a career as an artist Her meeting and lifelong friendship with Mapplethorpe is lovingly described in vignettes of their time together It was an era pregnant with hope and possibilities when upandcoming yet to be discovered creative people could coexist with  established musicians and artists of the day before the cult of celebrity thwarted that opportunity Highly recommended Was this comment helpful  Yes  No 2 of 2 readers found this comment helpful report this\r\n\r\ncomment  Laura Scott  January 01 2011 view all comments by Laura Scott How New York nurtures great artists and great friendships Was this comment helpful  Yes  No report this\r\n\r\ncomment  Brooks Fuentes  January 01 2011 Patti writes earnestly about the burgeoning art and music scene in New York during the late 60s and 70s There are many beautiful passages which resonated with me Her poetry infuses her prose This book is really outstanding Was this comment helpful  Yes  No report this\r\n\r\ncomment  Jan Baxter  January 01 2011 Beautifully written  An honest look at life  All too rare Was this comment helpful  Yes  No report this\r\n\r\ncomment  kbrun  January 01 2011 Interesting memoir of the struggle to become and be artists at a certain period of time and evokes a good rendering of the times Was this comment helpful  Yes  No report this\r\n\r\ncomment  earthlydesire  January 01 2011 Patti Smiths memoir JUST KIDS is more than a retelling of her life and her experiences  Its evocative and lyrical and poetic in its prose  This book tells the story of Pattis relationship with her friend artist Robert Mapplethorpe but it is much more than that as well  Its about art and being an artist  Its about finding your way in a complicated world  Its about the truth of love and the pain of love  Its simply the best book Ive read in a long long time and I urge everyone who thinks to pick it up and experience it for themselves  It will make you think very differently when you hear Because the Night  You will find it hard to shake it from your own memory Was this comment helpful  Yes  No report this\r\n\r\ncomment  auroradance  January 01 2011 Great book about the development of two artists in an exciting time in NYC  Reads poetically Was this comment helpful  Yes  No report this\r\n\r\ncomment  Charles Rhoades  January 01 2011 An honest touching memoir Was this comment helpful  Yes  No report this\r\n\r\ncomment  dwartist  January 01 2011 Patti Smith writes an honest introspective and poetic memoir of her relationship with Robert Mapplethorpe  At times her writing is tender and moving especially when she is writing about Robert but you always feel that her accounting is honest and her memory is vivid Was this comment helpful  Yes  No report this\r\n\r\ncomment  Dennis Taylor  January 01 2011 Patti Smith pays tribute to her friendRobert Mapplethropetells a lot about herself her art and takes us aging boomers on an wonderfully written excursion down memory lane Was this comment helpful  Yes  No report this\r\n\r\ncomment  Christina Buck  January 01 2011 view all comments by Christina Buck Patti Smith is a wonderful writer  This story is so beautiful of being in the right place at the right time with the right person and all of the magic that happens when that occurs I love love love this book  It is so wonderful that Patti not only can remember and recite her story in such vivid detail but also that she does so with such honesty and straightforwardness as only a New Yorker is able to do  While reading this book I felt like I was there and I felt how special that time was  such a perfect storm of circumstance and timing  So many creative and talented people coming into contact with one another in a city like no other on earth  As I read I wished I had been able to live in the Chelsea Hotel at that time and be a part of all that happened there  Its a fairy tale to me one I could and probably will read over and over again Was this comment helpful  Yes  No report this\r\n\r\ncomment  irusstwo  January 01 2011 Loved it  Took me back to a great time in my life  Some of the folks were totally  lost but a lot had to do with our immaturity and trying to find some meaning in life Was this comment helpful  Yes  No report this\r\n\r\ncomment  turntothesky  January 01 2011 Just Kids is one of the most beautifully written books Ive ever read With this tremendous story of love and inspiration Patti Smith has paid the finest tribute possible to her friend and soulmate Robert Mapplethorpe I simply loved this bookits made me run out and buy Patti Smith records and more copies of this book to give to friends Its just that good Was this comment helpful  Yes  No report this\r\n\r\ncomment  gothamcitygirl  January 01 2011 Beautifully written An exciting and evocative read Was this comment helpful  Yes  No 1 of 1 readers found this comment helpful report this\r\n\r\ncomment  Ali  January 01 2011 A beautifully written account of a complicated relationship between two immensely gifted artisits set in the tummultuous 1960s NYC A great read and touching experience Was this comment helpful  Yes  No report this\r\n\r\ncomment  mara owens  January 01 2011 view all comments by mara owens patti smiths narrative of her life with robert mapplethorpe is without doubt the most remarkable history of new york i have read since ashburys gangs of new york her ability to illustrate with words the era through which so very many notable characters in rock and art history walked is exceptional and unflinching i found myself in tears during the moments of intimate description of places and personal experiences i too grew up in new york city during that same era albeit as a child and recall so many of the same things through such different eyes the automat pearl paint the museums the park and even the village all places which hold such dear sweet memories given new views through her eyes having lost my own father to aids i completely understand the sense of loss and sorrow even down to arias sung as she embraced the passing of her very best friend if i were able i would hug ms smith and tell her how much love and care i feel for her both as her young adult self and for the beautiful strong woman i admire wholeheartedly if you have ever wanted to or currently live in new york city and are interested in the denizens who have brought truly seminal art to her streets and ultimately the world this is a book you MUST read i thank ms smith deeply for this book which is absolutely my favorite of 2010 Was this comment helpful  Yes  No report this\r\n\r\ncomment  Andreana  January 01 2011 I enjoyed Smiths voice and how she told the story of her relationship with Mapplethorpe while interweaving the 1960s and 70s NYC as the backdrop Was this comment helpful  Yes  No report this\r\n\r\ncomment  Carl Soares  January 01 2011 Patti Smith has done it again  This multitalented woman has displayed her eclectic interests in Punk Rock poetry music and now in writing once again  Her unconditional love for Robert Mapplethortpe is a friendship like no other  There was never any doubt that they would be successful some day  From the pain of poverty through the celebration for finding a place to live into their separations Patti and Robert were always a team  This book proves that with genuine respect anything is possible  Patti is the ultimate friend and continues to be  Just Kids is a testament to that friendship Was this comment helpful  Yes  No report this\r\n\r\ncomment  mairetrobinson  January 01 2011 In 1967 Patti Smith left Philadelphia for New York determined to dedicate her life to art Shortly after her arrival she met kindred spirit Robert Mapplethorpe This memoir charts Smiths journey from poet to rockstar by way of the legendary Hotel Chelsea and characters such as Janis Joplin Allen Ginsberg and William Burroughs while at its heart is a tender portrait of her relationship with Mapplethorpe and their symbiotic evolution as artists Was this comment helpful  Yes  No 0 of 1 readers found this comment helpful report this\r\n\r\ncomment  Lucinda  January 01 2011 Prosewise this book was one of the simplest and yet at the same time richest works of nonfiction  I have ever read It was humorous insightful and touching a look at two of the most creative people of my lifetime It has remained with me Was this comment helpful  Yes  No report this\r\n\r\ncomment  anacoluthon  January 01 2011 view all comments by anacoluthon This is a gorgeously written book essential reading for fans of Patti Smith but also of interest to a wider audience  Smith evokes the art  music scenes in New York in the late 60s and 70s with loving attention to detail and her account of her lifelong relationship with Robert Mapplethorpe will break your heart Was this comment helpful  Yes  No report this\r\n\r\ncomment  amesjdal  January 01 2011 Eloquent and elegant words from an artist Ive admired since the 70s Thought provoking about New York City art judgement friendship Loved it Was this comment helpful  Yes  No 0 of 1 readers found this comment helpful report this\r\n\r\ncomment  Ron Johnson  January 01 2011 view all comments by Ron Johnson An interesting view into a very influential artist Highly recommended Was this comment helpful  Yes  No report this\r\n\r\ncomment  scooterhp  January 01 2011 view all comments by scooterhp This was an amazing view into Patti Smiths beginning and learning more about Mapplethorpe as wellthis book had me totally immersed from beginning to end  A must read for any music fan Was this comment helpful  Yes  No report this\r\n\r\ncomment  LYNAM666  January 01 2011 This is a great book\r\nI enjoyed her previous books\r\nEach new one is innovative moving and entertaining Was this comment helpful  Yes  No 0 of 1 readers found this comment helpful report this\r\n\r\ncomment  richey  January 01 2011 A unique testimony Was this comment helpful  Yes  No 0 of 1 readers found this comment helpful report this\r\n\r\ncomment  Elaine Amella  January 01 2011 Besides being a gripping story of the years from 196874 this book is extraordinarily well written For people who lived through that time its as though Smiths life is tableau for so many critical social and musical events as well as an amazing coming of age narrative I really could not put it down Was this comment helpful  Yes  No report this\r\n\r\ncomment  Margaret Sullivan  January 01 2011 This was a great book  I would highly recommend it Was this comment helpful  Yes  No report this\r\n\r\ncomment  JustKid  January 01 2011 Engaging and exciting Is amazing to learn about the real people behind the myth Was this comment helpful  Yes  No report this\r\n\r\ncomment  LovelyVelocity  January 01 2011 This is one of the most exquisite memoirs Ive ever read a window into the brilliant mind of Patti Smith I am recommending it to everyone And she definitely deserved the National Book Award Was this comment helpful  Yes  No report this\r\n\r\ncomment  Eric Gorfain  January 01 2011 A great portrait of how two artists came into their own Was this comment helpful  Yes  No report this\r\n\r\ncomment  Elliott Blackwell  January 01 2011 view all comments by Elliott Blackwell One of the most beautifully written books Ive read  Smiths poetic voice lovingly recreates her life with the photographer Robert Mapplethorpe  This does not read like the traditional rock autobiographies out there  Instead she focuses on this relationship that formed her so deeply as a person and an artist  It like Bob Dylans Chronicles is a book that can be read by even those who are not fans of their music Was this comment helpful  Yes  No report this\r\n\r\ncomment View all 84 comments Product Details ISBN 9780060936228 Binding Trade Paperback Publication date 11022010 Publisher HARPERCOLLINS PUBLISHERS Pages 320 Height 90IN Width 530IN Thickness 100 LCCN False Number of Units 1 Illustration Yes Copyright Year 2010 UPC Code 4294967295 Author Patti Smith Subject BiographyComposers and Musicians Subject Personal Memoirs 1195 List Price 1699 Used  Trade Paperback Ships in 1 to 3 days Qty Store 3 Burnside 1 Cedar Hills 1 Hawthorne More copies of this ISBN New  Trade Paperback  1699 Used  Trade Paperback Starting from 850 This title in other editions Used  Trade Paperback  895 1 LOCOK 1 LOCOK LOCCancel 1 LOCOK LOCCancel 1 LOCOK 1 LOCOK LOCCancel 1 LOCOK LOCCancel 1 LOCOK 1 LOCOK LOCCancel 1 LOCOK LOCCancel 1 LOCOK 1 LOCOK LOCCancel 1 LOCOK LOCCancel Help Guarantee My Account Careers About Us Security Wish List Partners Contact Us Shipping Transparency ACT MRF Sitemap  2022 POWELLSCOM Terms 1 LOCOK 1 LOCOK LOCCancel 1 LOCOK LOCCancel 1 LOCOK 1 LOCOK LOCCancel 1 LOCOK LOCCancel 1 LOCOK 1 LOCOK LOCCancel 1 LOCOK LOCCancel 1 LOCOK 1 LOCOK LOCCancel 1 LOCOK LOCCancel",
    "page_rank": 7.492869122041683e-05
}