{
    "Title": " Practical Process Research and Development ",
    "Author": "Neal G. Anderson",
    "Cover Page": "https://covers.powells.com/9780120594757.jpg",
    "ISBN10": "0120594757  \n",
    "ISBN13": "9780120594757",
    "Page URL": "https://powells.com/book/practical-process-research-and-development-9780120594757",
    "raw_text": "Practical Process Research and Development Anderson Neal G Hardcover 9780120594757 Powells Books Cart   my account  wish list  help  8008787323 Hello\n Login MENU Browse New Arrivals Bestsellers Featured Preorders Award Winners Audio Books See All Subjects Used Staff Picks Staff Picks Picks of the Month Bookseller Displays 50 Books for 50 Years 25 Best 21st Century SciFi  Fantasy 25 PNW Books to Read Before You Die 25 Books From the 21st Century 25 Memoirs to Read Before You Die 25 Global Books to Read Before You Die 25 Women to Read Before You Die 25 Books to Read Before You Die Gifts Gift Cards  eGift Cards Powells Souvenirs Journals and Notebooks socks Games Sell Books Blog Events Find A Store Dont Miss BIG SALE 20 off sitewide Picks of the Season What Im Giving Great Gifts Under 25 Best Books of 2022 Powells Author Events Oregon Battle of the Books Audio Books Visit Our Stores Powells Books 14 Gift Ideas From 14 of Our Favorite Authors 0 comment Every year Powells reaches out to some of our favorite authors for some muchneeded giftgiving inspiration Below are 14 writerapproved recommendations to help you find the perfect book for even your mostdifficulttobuyfor loved one Read More  Powells Staff Best Books of 2022 Fiction 1 comment Kelsey Ford 6 Haunting Native American Horror Books 1 comment 1 LOCOK 1 LOCOK LOCCancel 1 LOCOK LOCCancel Practical Process Research and Development by Neal G Anderson Comment on this title Synopses  Reviews ISBN13 9780120594757 ISBN10 0120594757 All Product Details View Larger Image View Larger Images 22667 New Hardcover Available at a Remote Warehouse Ships separately from other items Additional shipping charges may apply Not available for In Store Pickup More Info Qty Store 20 Remote Warehouse Synopses  Reviews Publisher Comments Bringing a compound to market quickly and profitably requires efficient and costeffective processes for preparing large amounts of the target compound and intermediates The key to rapid and successful process development is avoiding scaleup problems However an understanding of scaleup issues is rarely taught in academia and may take years of industrial experience to acquire Practical Process Research  Development teaches how to anticipate and avoid these problems when processes are being scaled up from the research lab or pilot plant The approach is pragmatic with a minimum of theory and over 100 practical scaleup tips Many tables and detailed reaction schemes allow the reader to identify critical processing steps quickly This practical guide is essential reading for chemists and chemical engineers involved in industrial process research andor process development and for anyone seeking a clearer understanding of how and why process RD is conducted in the pharmaceutical and fine chemicals industries KEY FEATURES  Provides insights into generating rugged practical costeffective processes for the chemical preparation of small molecules  Breaks down process optimization into route reagent and solvent selection development of reaction conditions workup crystallizations and more  Describes how to anticipate and avoid difficulties in scaling up reactions  Discusses guidelines for the timely development of processes  Illuminates principles with examples from the recent literature  Includes over 100 tips for rapid process development  Presents guidelines for implementing and troubleshooting processes  Written by an author with over 22 years experience in process RD in the pharmaceutical industry  A must reference on every process chemists both the novice and the experienced practitioner desk This will be required reading by all new chemists engineers and analysts in my department Sean T Nugent Searle Research  Development Review Neal Anderson has assembled an immense amount of practical information that is absolutely essential to the design and execution of safe reliable efficient largescale syntheses Critical facts once hidden in obscure sources or chemical folklore are now organized for ready access Countless illustrative reactions and sequences from the latest literature are discussed lucidly and impress upon the reader the scope and sophistication of modern organic process chemistry This book is a must for beginners and old hands alike  Raymond Conrow Assistant Technical Director Chemical Preparations Research Alcon Laboratories Perhaps the highest praise one can give this book is to say that the Foreword by Barry Sharpless raises very high expectationsand the book meets and at times exceeds those expectations  Organic Process Research  Development Review beginners and old hands alike  Raymond Conrow Assistant Technical Director Chemical Preparations Research Alcon Laboratories Perhaps the highest praise one can give this book is to say that the Foreword by Barry Sharpless raises very high expectationsand the book meets and at times exceeds those expectations  Organic Process Research  Development Synopsis This book provides a comprehensive stepbystep approach to organic process research and development in the pharmaceutical fine chemical and agricultural chemical industries Process RD describes the steps taken following synthesis and evaluation to bring key compounds to market in a costeffective manner More people are being hired for work in this area as increasing numbers of drug candidates are identified through combinatorial chemistry and highthroughput screening The book is directed to industrial primarily organic chemists and academicians particularly those involved in a growing number of startup companies and students who need insight into industrial process RD Current books do not describe handson stepbystep approaches to solving process development problems including route reagent and solvent selection optimising catalytic reactions chiral syntheses and green chemistry Practical Process Research and Development will be a valuable resource for researchers managers and graduate students  Provides insights into generating rugged practical costeffective processes for the chemical preparation of small molecules  Breaks down process optimization into route reagent and solvent selection development of reaction conditions workup crystallizations and more  Includes over 100 tips for rapid process development  Presents guidelines for implementing and troubleshooting processes Synopsis tment Sean T Nugent Searle Research  Development Synopsis aration of small molecules  Breaks down process optimization into route reagent and solvent selection development of reaction conditions workup crystallizations and more  Describes how to anticipate and avoid difficulties in scaling up reactions  Discusses guidelines for the timely development of processes  Illuminates principles with examples from the recent literature  Includes over 100 tips for rapid process development  Presents guidelines for implementing and troubleshooting processes  Written by an author with over 22 years experience in process RD in the pharmaceutical industry  A must reference on every process chemists both the novice and the experienced practitioner desk This will be required reading by all new chemists engineers and analysts in my department Sean T Nugent Searle Research  Development Synopsis d analysts in my department Sean T Nugent Searle Research  Development About the Author Neal G Anderson PhD has worked for over 20 years in chemical process RD in the pharmaceutical industry He earned a BS degree from the University of Illinois and a PhD in medicinal chemistry from the University of Michigan and completed postdoctoral studies at McNeil Laboratories With almost 18 years in process RD at BristolMyers Squibb Co in New Brunswick New Jersey Dr Anderson has extensive handson experience in the laboratory pilot plant and manufacturing facilities He has made key contributions to processes for the manufacture of four major drug substances including captopril and has participated in 12 manufacturing startups and successfully introduced many processes to pilot plants He received the BristolMyers Squibb Presidents Award and spot awards and his final position was Principal ScientistIn 1997 Dr Anderson established Process Solutions LLC a consulting firm offering practical guidance on developing and implementing processes for bulk pharmaceuticals and fine chemicals As part of these consulting services he presents courses on selected aspects of practical process RD Neal G Anderson Andersons Process Solutions LLC Jacksonville Oregon USA Table of Contents Foreword by K Barry Sharpless Foreword by Jerome L Moniot Preface About the Author Approaches to Process Development Route Selection Reagent Selection Solvent Selection Running the Reaction Effects of Water InProcess Controls Optimizing the Reaction by Minimizing Impurities Optimizing Catalytic Reactions WorkUp Tools for Purifying the Product Column Chromatography Crystallization and Reslurrying Final Product Form and Impurity Considerations Vessels and Mixing Preparing for and Implementing the Scaleup Run Troubleshooting Chiral Syntheses General Index Reaction Type Index Reagent Index What Our Readers Are Saying Be the first to share your thoughts on this title Product Details ISBN 9780120594757 Binding Hardcover Publication date 03202000 Publisher Academic Press Language English Pages 354 Height 79IN Width 617IN LCCN 99067291 Number of Units 1 Series Volume no 68 UPC Code 2800120594759 Author Neal Anderson Author Neal G Anderson Subject Chemical processes Subject ChemistryChemical Engineering Subject Chemical engineering 22667 New Hardcover Available at a Remote Warehouse Ships separately from other items Additional shipping charges may apply Not available for In Store Pickup More Info Qty Store 20 Remote Warehouse Receive an email when this ISBN is available used 1 LOCOK 1 LOCOK LOCCancel 1 LOCOK LOCCancel 1 LOCOK 1 LOCOK LOCCancel 1 LOCOK LOCCancel 1 LOCOK 1 LOCOK LOCCancel 1 LOCOK LOCCancel 1 LOCOK 1 LOCOK LOCCancel 1 LOCOK LOCCancel Help Guarantee My Account Careers About Us Security Wish List Partners Contact Us Shipping Transparency ACT MRF Sitemap  2022 POWELLSCOM Terms 1 LOCOK 1 LOCOK LOCCancel 1 LOCOK LOCCancel 1 LOCOK 1 LOCOK LOCCancel 1 LOCOK LOCCancel 1 LOCOK 1 LOCOK LOCCancel 1 LOCOK LOCCancel 1 LOCOK 1 LOCOK LOCCancel 1 LOCOK LOCCancel",
    "page_rank": 2.726413378665219e-05
}