{
    "Title": " On Beauty ",
    "Author": "Zadie Smith",
    "Cover Page": "https://powells-covers-2.s3.amazonaws.com/9780143037743.jpg",
    "ISBN10": "0143037749  \n",
    "ISBN13": "9780143037743",
    "Page URL": "https://powells.com/book/-9780143037743",
    "raw_text": "On Beauty Zadie Smith Trade Paperback 9780143037743 Powells Books Cart   my account  wish list  help  8008787323 Hello\n Login MENU Browse New Arrivals Bestsellers Featured Preorders Award Winners Audio Books See All Subjects Used Staff Picks Staff Picks Picks of the Month Bookseller Displays 50 Books for 50 Years 25 Best 21st Century SciFi  Fantasy 25 PNW Books to Read Before You Die 25 Books From the 21st Century 25 Memoirs to Read Before You Die 25 Global Books to Read Before You Die 25 Women to Read Before You Die 25 Books to Read Before You Die Gifts Gift Cards  eGift Cards Powells Souvenirs Journals and Notebooks socks Games Sell Books Blog Events Find A Store Dont Miss BIG SALE 20 off sitewide Picks of the Season What Im Giving Great Gifts Under 25 Best Books of 2022 Powells Author Events Oregon Battle of the Books Audio Books Visit Our Stores Powells Books 14 Gift Ideas From 14 of Our Favorite Authors 0 comment Every year Powells reaches out to some of our favorite authors for some muchneeded giftgiving inspiration Below are 14 writerapproved recommendations to help you find the perfect book for even your mostdifficulttobuyfor loved one Read More  Powells Staff Best Books of 2022 Fiction 1 comment Kelsey Ford 6 Haunting Native American Horror Books 1 comment 1 LOCOK 1 LOCOK LOCCancel 1 LOCOK LOCCancel On Beauty by Zadie Smith Comment on this title Synopses  Reviews Award Excerpt ISBN13 9780143037743 ISBN10 0143037749 Condition Standard All Product Details View Larger Image View Larger Images 695 List Price 1800 Used Trade Paperback Ships in 1 to 3 days Qty Store 4 Local Warehouse Awards 2006 Orange Prize\u00a0Winner Synopses  Reviews Publisher Comments Howard Belsey a Rembrandt scholar who doesnt like Rembrandt is an Englishman abroad and a longsuffering professor at Wellington a liberal New England arts college He has been married for thirty years to Kiki an American woman who no longer resembles the sexy activist she once was Their three children passionately pursue their own paths Levi quests after authentic blackness Zora believes that intellectuals can redeem everybody and Jerome struggles to be a believer in a family of strict atheists Faced with the oppressive enthusiasms of his children Howard feels that the first two acts of his life are over and he has no clear plans for the finale Or the encore Then Jerome Howards older son falls for Victoria the stunning daughter of the rightwing icon Monty Kipps and the two families find themselves thrown together in a beautiful corner of America enacting a cultural and personal war against the background of real wars that they barely register An infidelity a death and a legacy set in motion a chain of events that sees all parties forced to examine the unarticulated assumptions which underpin their lives How do you choose the work on which to spend your life Why do you love the people you love Do you really believe what you claim to And what is the beautiful thing and how far will you go to get it Set on both sides of the Atlantic Zadie Smiths third novel is a brilliant analysis of family life the institution of marriage intersections of the personal and political and an honest look at peoples deceptions It is also as you might expect very funny indeed Review In this sharp engaging satire beautys only skindeep but funny cuts to the bone Kirkus Reviews Starred Review Review A boisterous funny poignant and erudite novel that should firmly establish Smith as a literary force of nature Booklist Review A novel that is as affecting as it is entertaining as provocative as it is humane Michiko Kakutani The New York Times Review A splendid workWith fully realized characters and a kaleidoscope of provocative issues Smith has created a world you can truly enter Highly recommended Library Journal Review Smith has the gift of writing crackerjack dialogueBut On Beauty is too longwinded Its actions external and interior dont always warrant its pages and pages of speech or description Boston Globe Review Splendid and bigheartedThis is a 443page novel you wish were longer  much longer  so that Smith could deepen her rich marvelous story Grade A Entertainment Weekly Review While reading On Beauty its easy to forget and sometimes hard to believe that Zadie Smith is scarcely out of her twenties Her new novel is masterly on almost any levelEM Forster would be proud Michael Dirda The Washington Post Review She brings almost everything you want to the task humor brains objectivity equanimity empathy a pitchperfect ear for smugness and cant and then still more humor Frank Rich New York Times Book Review Review Chummy and bighearted it is also a tremendously good read Rich and entertaining and in spite of the ugly truths it uncovers often quite beautiful Denver Post Synopsis Winner of the 2006 Orange Prize for fiction another bestselling masterwork from the celebrated author of Swing Time and White Teeth In this sharp engaging satire beautys only skindeep but funny cuts to the bone  Kirkus Reviews Having hit bestseller lists from the New York Times to the San Francisco Chronicle  this wise hilarious novel reminds us why Zadie Smith has rocketed to literary stardom On Beauty is the story of an interracial family living in the university town of Wellington Massachusetts whose misadventures in the culture warson both sides of the Atlanticserve to skewer everything from family life to political correctness to the combustive collision between the personal and the political Full of deadon wit and relentlessly funny this tour de force confirms Zadie Smiths reputation as a major literary talent About the Author Zadie Smith was born in Northwest London in 1975 and still lives in the area She is the author of White Teeth The Autograph Man On Beauty Changing My Mind NW  and most recently Swing Time  Gigi Little on PowellsBooksBlog Whether you miss them like crazy or will enjoy a little holiday quiet this year our families  biological and created  are the foundations of our lives In honor of that here are some favorite books that celebrate what it means to be part of a family in various often hilarious ways Read More  5 3 What Our Readers Are Saying Share your thoughts on this title Average customer rating 5 3 comments  diane Trafton  February 09 2013 view all comments by diane Trafton New York Times best seller winner of the Orange Prize for fiction and short listed for the Man Booker Prize On Beauty has something for every persuasion Touching on personal beliefs vs political convection racial issues old vs young and liberal vs conservative the satiric story line incorporates it all What a great book for spirited discussions This is a jewel of a book brilliant Was this comment helpful  Yes  No 1 of 3 readers found this comment helpful report this\ncomment  Letterlover  January 24 2011 view all comments by Letterlover In this novel Zadie Smith takes her reader inside the heart of a marriage Her characters are utterly vibrant and bring alive cultural racial and generational conflicts ultimately challenging the superficiality of all of them This is not a new novel of course but it was my first brush with Smiths wit insight and compelling narrative line Great stuff Was this comment helpful  Yes  No 1 of 3 readers found this comment helpful report this\ncomment  sibleymg  January 04 2010 Beautiful language and narrative style  amazing insights into academic communities issues of ethnic and national identity marriage and relationships and of course the nature of the beautiful Was this comment helpful  Yes  No 1 of 3 readers found this comment helpful report this\ncomment Product Details ISBN 9780143037743 Binding Trade Paperback Publication date 09012006 Publisher PENGUIN PUTNAM TRADE Pages 464 Height 110IN Width 550IN Thickness 100 Age Range 18 and up Grade Range 13 and up Number of Units 1 Copyright Year 2006 Author Zadie Smith Subject Family saga Subject LiteratureA to Z 695 List Price 1800 Used Trade Paperback Ships in 1 to 3 days Qty Store 4 Local Warehouse More copies of this ISBN New Trade Paperback 1800 Used Trade Paperback Starting from 595 This title in other editions Used Hardcover Starting from 495 Used Trade Paperback 650 1 LOCOK 1 LOCOK LOCCancel 1 LOCOK LOCCancel 1 LOCOK 1 LOCOK LOCCancel 1 LOCOK LOCCancel 1 LOCOK 1 LOCOK LOCCancel 1 LOCOK LOCCancel 1 LOCOK 1 LOCOK LOCCancel 1 LOCOK LOCCancel Help Guarantee My Account Careers About Us Security Wish List Partners Contact Us Shipping Transparency ACT MRF Sitemap  2022 POWELLSCOM Terms 1 LOCOK 1 LOCOK LOCCancel 1 LOCOK LOCCancel 1 LOCOK 1 LOCOK LOCCancel 1 LOCOK LOCCancel 1 LOCOK 1 LOCOK LOCCancel 1 LOCOK LOCCancel 1 LOCOK 1 LOCOK LOCCancel 1 LOCOK LOCCancel",
    "page_rank": 2.6015427218308596e-05
}