{
    "Title": " Howls Moving Castle ",
    "Author": "Diana Wynne Jones",
    "Cover Page": "https://covers.powells.com/9780061478789.jpg",
    "ISBN10": "0061478784  \n",
    "ISBN13": "9780061478789",
    "Page URL": "https://powells.com/book/howls-moving-castle-9780061478789",
    "raw_text": "Howls Moving Castle Diana Wynne Jones Trade Paperback 9780061478789 Powells Books Cart   my account  wish list  help  8008787323 Hello\n Login MENU Browse New Arrivals Bestsellers Featured Preorders Award Winners Audio Books See All Subjects Used Staff Picks Staff Picks Picks of the Month Bookseller Displays 50 Books for 50 Years 25 Best 21st Century SciFi  Fantasy 25 PNW Books to Read Before You Die 25 Books From the 21st Century 25 Memoirs to Read Before You Die 25 Global Books to Read Before You Die 25 Women to Read Before You Die 25 Books to Read Before You Die Gifts Gift Cards  eGift Cards Powells Souvenirs Journals and Notebooks socks Games Sell Books Blog Events Find A Store Dont Miss BIG SALE 20 off sitewide Picks of the Season What Im Giving Great Gifts Under 25 Best Books of 2022 Powells Author Events Oregon Battle of the Books Audio Books Visit Our Stores Powells Books 14 Gift Ideas From 14 of Our Favorite Authors 0 comment Every year Powells reaches out to some of our favorite authors for some muchneeded giftgiving inspiration Below are 14 writerapproved recommendations to help you find the perfect book for even your mostdifficulttobuyfor loved one Read More  Powells Staff Best Books of 2022 Fiction 1 comment Kelsey Ford 6 Haunting Native American Horror Books 1 comment 1 LOCOK 1 LOCOK LOCCancel 1 LOCOK LOCCancel Howls Moving Castle by Diana Wynne Jones Comment on this title Synopses  Reviews ISBN13 9780061478789 ISBN10 0061478784 All Product Details View Larger Image View Larger Images 999 New Trade Paperback Ships in 1 to 3 days Qty Store 44 Burnside 3 Cedar Hills 20 Local Warehouse Staff Pick If you only know this story from the admittedly wonderful movie youre missing out on Welsh rugby fight songs sibling swaps parallel worlds possessed guitars and so many hats Though the novel is told from Sophies perspective the shrewd reader can piece together events and motivations that Sophie is only on the periphery of especially on a reread As for me\u00a0Ive read this book at least six times over the years and Im about to pick it up again Recommended By Madeline S Powellscom I dont think Ive read from anyone able to paint an atmosphere the same way or as well as Diana Wynne Jones The characters are so lovable and the character development Chefs kiss This is my favorite place to escape to Ive read it over six times at this point Im about five seconds away from writing an entire essayanalysis on why this book is good but Ill stop here Recommended By Seb D Powellscom Synopses  Reviews Publisher Comments Sophie has the great misfortune of being the eldest of three daughters destined to fail miserably should she ever leave home to seek her fate But when she unwittingly attracts the ire of the Witch of the Waste Sophie finds herself under a horrid spell that transforms her into an old lady Her only chance at breaking it lies in the evermoving castle in the hills the Wizard Howls castle To untangle the enchantment Sophie must handle the heartless Howl strike a bargain with a fire demon and meet the Witch of the Waste headon Along the way she discovers that theres far more to Howl  and herself  than first meets the eye Review Wynne Jones castle is a marvelous conceit  four doors open onto four different locations and the whole is moved by Howls talking fire demon Calcifer In this first of three interconnected storiesWynne Jones creates the memorable characters who believably people her country of Ingary in an alternate late Victorianera world Childrens Literature Review Jones has created an engaging set of characters and found a new use for many of the appurtenances of fairy tales  seven league boots and invisible cloaks among othersJones inventiveness never fails and her conclusion is infinitely satisfying School Library Journal Synopsis Hayao Miyazakis Academy Awardnominated film introduced the Wizard Howl to new fans Now the classic novel and its companion Castle in the Air are back in these new editions featuring new cover art About the Author Diana Wynne Jones 19342011 wrote more than forty books of fantasy for young readers Characterized by magic multiple universes witches and wizards  and a charismatic ninelived enchanter  her books were filled with unlimited imagination dazzling plots and an effervescent sense of humor that earned her legendary status in the world of fantasy 42 4 What Our Readers Are Saying Share your thoughts on this title Average customer rating 42 4 comments  artsyevelina  December 15 2014 view all comments by artsyevelina Howls Moving Castle is a wonderfully amusing and quirky story The world in which it is based is filled with magic and has such clever stories surrounding it and within it that it makes you doubt your disbeliefs in magic Was this comment helpful  Yes  No 3 of 3 readers found this comment helpful report this\ncomment  schultzmckenna  October 21 2014 An absolutely wonderful book One to read to your children at night Was this comment helpful  Yes  No 1 of 2 readers found this comment helpful report this\ncomment  Rosalind Reading  June 10 2013 view all comments by Rosalind Reading My middle school favorite remains one of my favorites as an adult Dont let the befuddling movie discourage you caught in these pages is a delightful combination of fairy tale love story mystery and adventure novel As the eldest of three Sophie Hatter knows she has no hope in seeking her fortune But her fortune is coming to her a witch turns her into an old woman and so she decides to go and work for the eversowicked wizard Howl Who turns out to be less wicked and more well youll see But the book is full of delightful characters hilarious moments and every clue comes together at the end like the pieces of a puzzle Was this comment helpful  Yes  No 4 of 4 readers found this comment helpful report this\ncomment  Home School Book Review  March 02 2012 view all comments by Home School Book Review The first time I ever heard of this book was in 2006 when we lived in St Louis MO and Jackson Pierce a friend of our younger son Jeremy with whom he played homeschool baseball gave the following report in the St Louis Homeschool Network newsletter A long time ago I had seen ads for the movie Howls Moving Castle A few days ago I saw the book at Borders bookstore so I bought it The book starts In the land of Ingary where things as sevenleague boots and cloaks of invisibility really exist it is quite unfortunate to be born the eldest of three Everyone knows you are the one who will fail first and worst if the three of you set out to seek your fortunes The main character is Sophie Hatter the oldest of three sisters Her parents own a hat shop in a town called Market Chipping She has two sisters Her mom died when she was two years old and her sister Lettie was one year old Their dad married an assistant from the hat shop named Fanny and Fanny had the last baby Martha Now one day their father died Fanny sent Lettie to be apprenticed at Cesaris a pastry shop in Market Chipping and Martha to a witch named Annabel Fairfax Sophie must stay and work in the hat shop It turns out that Martha and Lettie had switched places and used a spell to make them look like each other Now it just so happens that there was an evil witch named the Witch of the Waste Sophie doesnt know that the woman is the witch at first and insults her and when the witch leaves she curses Sophie into looking and sometimes feeling like as woman 90 years old So Sophie goes to the one place that could help her Wizard Howls Moving Castle Its called a moving castle because it literally moves around The castle had moved near Market Chipping before Sophie had been cursed so it wouldnt be too much of a walk But Im going to stop here as not to give anything else away The book is very well written and is kind of long but it should only take you 2 or 3 days to read it if you are a fast reader It is suitable for children of all ages but thats expected because they made an anime Japanese animation movie of it If you dont want to be too disappointed by the movie watch it first it doesnt look very accurate So in conclusion I think this book is very good and wont put you to sleep when you read it\nThat is a pretty good summary of the plot A few years later after we had moved from St Louis to Salem IL we picked Howls Moving Castle made from the book in 2004 by Hayao Miyazaki for a family video The film generally follows the book but as Jackson noted there are some major differences I read several reviews by people who actually liked the movie better than the book The main complaints about the novel are that it is has poor character development flimsy story lines implausible plot devices and too many words yet not enough real description Personally I found the book wellwritten and generaly easy to read with a fair amount of excitement but I did note a few concerns First the plot has an almost absurdist quality to it That doesnt necessarily make it bad but some people may not care for that sort of story There are some common euphemisms such as drat and confound it a few curselike terms damnation and Hells teeth and one instance of the word Lord used as an exclamation Howl has as reputation as a womanizer courting girls until they fall in love with him then dropping them for someone else but nothing sexual is actually implied References to drinking beer brandy and wine occur and Howl comes home drunk once towards the end If you prefer not to have your children reading books which contain magic or witchcraft you would obviously want to avoid this one I do make a distinction between books which I believe promote an interest in the occult such as Harry Potter and those where the magic or witchcraft is simply part of the fictional setting of a story Howls Moving Castle comes about as close to the former as possible and only the absurdist nature of the plot might keep it from falling into that category\nAuthor Diana Wynne Jones was born in London England on August 16 1934 the daughter of Marjorie n\u00e9e Jackson and Richard Aneurin Jones both of whom were educators She is a British writer principally of fantasy novels for children and adults as well as a small amount of nonfiction Some of her betterknown works include the Chrestomanci series Her books range from a broad almost slapstick delight in the construction of absurdyetlogical situations especially evident in the endings of some of her books to sharp social observation to witty parody of literary forms Foremost amongst the latter are her Tough Guide to Fantasyland a nonfiction work on clich\u00e9s in fantasy fiction that has a cult following as a reference among writers and critics despite being difficult to find due to an erratic printing history and its fictional companionpieces Dark Lord of Derkholm 1998 and Year of the Griffin 2000 which provide a merciless though not unaffectionate critique of formulaic swordandsorcery epics Charmed Life the first book in the Chrestomanci series won the 1977 Guardian Award for Childrens Books Archers Goon 1984 a Boston Globe  Horn Book Honor Book and World Fantasy Award for Best Novel nominee was adapted for television in 1992 According to her autobiography Diana has been an atheist since she was ten Howls Moving Castle won a Boston GlobeHorn Book Award and was named an ALA Notable book for both children and young adults A sequel Castle in the Air was published in 1990 A second sequel House of Many Ways was released in June 2008 Both are also young adult fantasy novels set in Ingary though the two works are only loosely related to Howls Moving Castle Was this comment helpful  Yes  No 0 of 1 readers found this comment helpful report this\ncomment View all 4 comments Product Details ISBN 9780061478789 Binding Trade Paperback Publication date 04222008 Publisher Harpercollins Childrens Books Series info World of Howl Language English Edition Reprint Pages 429 Height 775 Width 525 Thickness 100 LCCN bl2008013963 Series Number 1 Age Range 1014 and up Grade Range from 5 Number of Units 1 Copyright Year 2008 UPC Code 2800061478781 Author Diana Wynne Jones Author Jones Diana Wynne Subject Wizards Subject Children sScience Fiction and Fantasy Subject Castles Subject Fantasy Subject Witches 999 New Trade Paperback Ships in 1 to 3 days Qty Store 44 Burnside 3 Cedar Hills 20 Local Warehouse Receive an email when this ISBN is available used This title in other editions New Trade Paperback 899 1 LOCOK 1 LOCOK LOCCancel 1 LOCOK LOCCancel 1 LOCOK 1 LOCOK LOCCancel 1 LOCOK LOCCancel 1 LOCOK 1 LOCOK LOCCancel 1 LOCOK LOCCancel 1 LOCOK 1 LOCOK LOCCancel 1 LOCOK LOCCancel Help Guarantee My Account Careers About Us Security Wish List Partners Contact Us Shipping Transparency ACT MRF Sitemap  2022 POWELLSCOM Terms 1 LOCOK 1 LOCOK LOCCancel 1 LOCOK LOCCancel 1 LOCOK 1 LOCOK LOCCancel 1 LOCOK LOCCancel 1 LOCOK 1 LOCOK LOCCancel 1 LOCOK LOCCancel 1 LOCOK 1 LOCOK LOCCancel 1 LOCOK LOCCancel",
    "page_rank": 4.074365989497706e-05
}