{
    "Title": " Encyclopedia Brown 01 Boy Detective ",
    "Author": "Donald J Sobol",
    "Cover Page": "https://covers.powells.com/9780142408889.jpg",
    "ISBN10": "0142408883  \n",
    "ISBN13": "9780142408889",
    "Page URL": "https://powells.com/book/encyclopedia-brown-01-boy-detective-9780142408889",
    "raw_text": "Encyclopedia Brown 01 Boy Detective Donald J Sobol Trade Paperback 9780142408889 Powells Books Cart   my account  wish list  help  8008787323 Hello\n Login MENU Browse New Arrivals Bestsellers Featured Preorders Award Winners Audio Books See All Subjects Used Staff Picks Staff Picks Picks of the Month Bookseller Displays 50 Books for 50 Years 25 Best 21st Century SciFi  Fantasy 25 PNW Books to Read Before You Die 25 Books From the 21st Century 25 Memoirs to Read Before You Die 25 Global Books to Read Before You Die 25 Women to Read Before You Die 25 Books to Read Before You Die Gifts Gift Cards  eGift Cards Powells Souvenirs Journals and Notebooks socks Games Sell Books Blog Events Find A Store Dont Miss BIG SALE 20 off sitewide Picks of the Season What Im Giving Great Gifts Under 25 Best Books of 2022 Powells Author Events Oregon Battle of the Books Audio Books Visit Our Stores Powells Books 14 Gift Ideas From 14 of Our Favorite Authors 0 comment Every year Powells reaches out to some of our favorite authors for some muchneeded giftgiving inspiration Below are 14 writerapproved recommendations to help you find the perfect book for even your mostdifficulttobuyfor loved one Read More  Powells Staff Best Books of 2022 Fiction 1 comment Kelsey Ford 6 Haunting Native American Horror Books 1 comment 1 LOCOK 1 LOCOK LOCCancel 1 LOCOK LOCCancel Encyclopedia Brown 01 Boy Detective by Donald J Sobol Comment on this title Synopses  Reviews ISBN13 9780142408889 ISBN10 0142408883 Condition Standard All Product Details View Larger Image View Larger Images 350 List Price 599 Used Trade Paperback Ships in 1 to 3 days Qty Store 9 Local Warehouse Synopses  Reviews Publisher Comments Leroy Brown aka Encyclopedia Brown is Idaville neighborhoods tenyearold star detective With an uncanny knack for trivia he solves mysteries for the neighborhood kids through his own detective agency But his dad also happens to be the chief of the Idaville police department and every night around the dinner table Encyclopedia helps him solve his most baffling crimes And with ten confounding mysteries in each book not only does Encyclopedia have a chance to solve them but the reader is given all the clues as well Interactive and chock full of interesting bits of informationits classic Encyclopedia Brown I loved Encyclopedia Brown as a kidJunot Diaz Pulitzer Prizewinning author of The Brief Wondrous Life of Oscar Wao Synopsis From The Case of the Stolen Diamonds to The Case of the Stolen Money here are fifteen of Encyclopedia Browns best mysteries carefully selected from the entire series Included is a neverbeforepublished article written by Don Sobol about his reasons behind writing the Encyclopedia Brown series About the Author Donald J Sobol was the author of the highly acclaimed Encyclopedia Brown series and many other books His awards include a special Edgar Award from the Mystery Writers of America for his contribution to mystery writing in the United States and the Pacific Northwest Library Association Young Readers Choice Award for Encyclopedia Brown Keeps the Peace  5 1 What Our Readers Are Saying Share your thoughts on this title Average customer rating 5 1 comments  Mark  Carstairs Consider  March 29 2018 view all comments by Mark  Carstairs Consider The first book in this long running kids series introduces us to Encyclopedia Brown and his mind for facts As in all the books there are 10 cases for him to solve and we are given the clues to solve them along with him Id love to say that I figured all these out on this reread Really I would A few I remembered but most of the time I was stumped I had a rough idea what the clue was but I couldnt put my finger on it Guess Im still not smarter than a fifth grader Was this comment helpful  Yes  No report this\ncomment Product Details ISBN 9780142408889 Binding Trade Paperback Publication date 09062007 Publisher PENGUIN PUTNAM TRADE Series info Encyclopedia Brown Pages 96 Height 30IN Width 510IN Thickness 25 Series Encyclopedia Brown 01 Series Number 1 Age Range 8 to 10 Grade Range 3 to 5 Number of Units 1 Illustration Yes Copyright Year 2007 Series Volume 01 Author Donald J Sobol Illustrator Leonard Shortall Author Donald J Sobol Illustrator Leonard W Shortall Illustrator Leonard W Shortall Author Donald JSobol Subject Childrens 912  Fiction  Mysteries  Detective Subject Brown encyclopedia fictitious character Subject Children s Middle ReadersGeneral Subject Mystery and detective stories 350 List Price 599 Used Trade Paperback Ships in 1 to 3 days Qty Store 9 Local Warehouse More copies of this ISBN New Trade Paperback 599 Used Trade Paperback Starting from 395 This title in other editions Used Trade Paperback Starting from 295 1 LOCOK 1 LOCOK LOCCancel 1 LOCOK LOCCancel 1 LOCOK 1 LOCOK LOCCancel 1 LOCOK LOCCancel 1 LOCOK 1 LOCOK LOCCancel 1 LOCOK LOCCancel 1 LOCOK 1 LOCOK LOCCancel 1 LOCOK LOCCancel Help Guarantee My Account Careers About Us Security Wish List Partners Contact Us Shipping Transparency ACT MRF Sitemap  2022 POWELLSCOM Terms 1 LOCOK 1 LOCOK LOCCancel 1 LOCOK LOCCancel 1 LOCOK 1 LOCOK LOCCancel 1 LOCOK LOCCancel 1 LOCOK 1 LOCOK LOCCancel 1 LOCOK LOCCancel 1 LOCOK 1 LOCOK LOCCancel 1 LOCOK LOCCancel",
    "page_rank": 3.5383582654505545e-05
}