{
    "Title": " The Little Book of Sloth Philosophy ",
    "Author": "Jennifer McCartney",
    "Cover Page": "https://powells-covers-2.s3.amazonaws.com/9780008313692.jpg",
    "ISBN10": "0008313695  \n",
    "ISBN13": "9780008313692",
    "Page URL": "https://powells.com/book/the-little-book-of-sloth-philosophy-9780008313692",
    "raw_text": "Little Book of Sloth Philosophy Jennifer McCartney Hardcover 9780008313692 Powells Books Cart   my account  wish list  help  8008787323 Hello\n Login MENU Browse New Arrivals Bestsellers Featured Preorders Award Winners Audio Books See All Subjects Used Staff Picks Staff Picks Picks of the Month Bookseller Displays 50 Books for 50 Years 25 Best 21st Century SciFi  Fantasy 25 PNW Books to Read Before You Die 25 Books From the 21st Century 25 Memoirs to Read Before You Die 25 Global Books to Read Before You Die 25 Women to Read Before You Die 25 Books to Read Before You Die Gifts Gift Cards  eGift Cards Powells Souvenirs Journals and Notebooks socks Games Sell Books Blog Events Find A Store Dont Miss BIG SALE 20 off sitewide Picks of the Season What Im Giving Great Gifts Under 25 Best Books of 2022 Powells Author Events Oregon Battle of the Books Audio Books Visit Our Stores Powells Books 14 Gift Ideas From 14 of Our Favorite Authors 0 comment Every year Powells reaches out to some of our favorite authors for some muchneeded giftgiving inspiration Below are 14 writerapproved recommendations to help you find the perfect book for even your mostdifficulttobuyfor loved one Read More  Powells Staff Best Books of 2022 Fiction 1 comment Kelsey Ford 6 Haunting Native American Horror Books 1 comment 1 LOCOK 1 LOCOK LOCCancel 1 LOCOK LOCCancel The Little Book of Sloth Philosophy by Jennifer McCartney Comment on this title Synopses  Reviews ISBN13 9780008313692 ISBN10 0008313695 Condition Standard DustJacket Standard All Product Details View Larger Image View Larger Images 695 List Price 999 Used Hardcover Ships in 1 to 3 days Qty Store 1 Burnside Synopses  Reviews Publisher Comments Relax unwind and soak up the wisdom of the sloth with the slowest page turner youll ever read From tidying and Hygge to living Lagom the endless pressure to be happier live better sleep soundly and eat mindfully can be exhausting But this years lifestyle trend finally delivers the perfect antidote  welcome to the year of the sloth Sloths are mindfulness in action Contemplative deliberate relaxed and focused They resist the rat race the incessant pressures from society to be more productive and they dont care how many steps theyve logged on their fitness tracker Longlimbed a little bit shaggy and a lot wideeyed theyre wonderful creatures not to mention completely adorable Here you can enjoy takeitslow wisdom inspired by sloths including advice on sleep more restorative than a 6am run eating and exercise sloths are the original pioneers of slow food and yoga after all work did you know that lazy people have higher IQs family life and love Dispelling overcomplicated myths about productivity this brilliant book confirms that it really is OK to be a sloth About the Author Jennifer McCartney is the New York Times bestselling author of five books She has written about utopias time machines and train travel for outlets like BBC Radio 4 The Atlantic  Architectural Digest  Vice Magazine  Teen Vogue  Curbed  and CBC She is a regular contributor to Publishers Weekly  Her first novel Afloat Hamish HamiltonPenguin was published when she was 27 and is a Canadian bestseller T he Joy of Leaving Your Sht All Over the Place Countryman PressWW Norton is a New York Times bestseller and is published in five languages She has forthcoming books coming with HarperCollins UK and Running Press What Our Readers Are Saying Be the first to share your thoughts on this title Product Details ISBN 9780008313692 Binding Hardcover Publication date 10162018 Publisher HARPERCOLLINS PUBLISHERS Pages 160 Height 90IN Width 450IN Author Jennifer McCartney 695 List Price 999 Used Hardcover Ships in 1 to 3 days Qty Store 1 Burnside More copies of this ISBN New Hardcover 999 1 LOCOK 1 LOCOK LOCCancel 1 LOCOK LOCCancel 1 LOCOK 1 LOCOK LOCCancel 1 LOCOK LOCCancel 1 LOCOK 1 LOCOK LOCCancel 1 LOCOK LOCCancel 1 LOCOK 1 LOCOK LOCCancel 1 LOCOK LOCCancel Help Guarantee My Account Careers About Us Security Wish List Partners Contact Us Shipping Transparency ACT MRF Sitemap  2022 POWELLSCOM Terms 1 LOCOK 1 LOCOK LOCCancel 1 LOCOK LOCCancel 1 LOCOK 1 LOCOK LOCCancel 1 LOCOK LOCCancel 1 LOCOK 1 LOCOK LOCCancel 1 LOCOK LOCCancel 1 LOCOK 1 LOCOK LOCCancel 1 LOCOK LOCCancel",
    "page_rank": 3.859767171146299e-05
}