{
    "Title": " Chineasy Everyday Learning Chinese Through Its Culture ",
    "Author": "ShaoLan",
    "Cover Page": "https://powells-covers-2.s3.amazonaws.com/9780062439710.jpg",
    "ISBN10": "0062439715  \n",
    "ISBN13": "9780062439710",
    "Page URL": "https://powells.com/book/chineasy-everyday-learning-chinese-through-its-culture-9780062439710",
    "raw_text": "Chineasy Everyday Learning Chinese Through Its Culture ShaoLan Hardcover 9780062439710 Powells Books Cart   my account  wish list  help  8008787323 Hello\n Login MENU Browse New Arrivals Bestsellers Featured Preorders Award Winners Audio Books See All Subjects Used Staff Picks Staff Picks Picks of the Month Bookseller Displays 50 Books for 50 Years 25 Best 21st Century SciFi  Fantasy 25 PNW Books to Read Before You Die 25 Books From the 21st Century 25 Memoirs to Read Before You Die 25 Global Books to Read Before You Die 25 Women to Read Before You Die 25 Books to Read Before You Die Gifts Gift Cards  eGift Cards Powells Souvenirs Journals and Notebooks socks Games Sell Books Blog Events Find A Store Dont Miss BIG SALE 20 off sitewide Picks of the Season What Im Giving Great Gifts Under 25 Best Books of 2022 Powells Author Events Oregon Battle of the Books Audio Books Visit Our Stores Powells Books 14 Gift Ideas From 14 of Our Favorite Authors 0 comment Every year Powells reaches out to some of our favorite authors for some muchneeded giftgiving inspiration Below are 14 writerapproved recommendations to help you find the perfect book for even your mostdifficulttobuyfor loved one Read More  Powells Staff Best Books of 2022 Fiction 1 comment Kelsey Ford 6 Haunting Native American Horror Books 1 comment 1 LOCOK 1 LOCOK LOCCancel 1 LOCOK LOCCancel Chineasy Everyday Learning Chinese Through Its Culture by ShaoLan Comment on this title Synopses  Reviews ISBN13 9780062439710 ISBN10 0062439715 Condition Standard All Product Details View Larger Image View Larger Images 2100 List Price 2999 Used Hardcover Ships in 1 to 3 days Qty Store 1 Hawthorne Synopses  Reviews Synopsis A unique and highly entertaining introduction to the richness of Chinese language culture and civilization built on the groundbreaking and hugely popular Chineasy visual learning method To educate the world about the richness and character of Chinas people customs and heritage entrepreneur ShaoLan Hsueh created Chineasy a special buildingblock learning method that uses highly recognizable and appealing illustrations She introduced her revolutionary teaching methodology and graphic language in her bestseller Chineasy In this standalone guide she expands her scope to include all facets of Chinese life and culture including Numbers Time  Dates The Solar System  the Five Elements People Nature Animals How to Describe Things Health  Wellbeing Travel City  Country Shopping Food  Drink and Internet  Technology She begins all twelve sections with an overview of key Chineasy characters then presents the specific symbols relevant to eachproviding insight into how Chinese thinking has shaped its language and civilization in a way that anyone can understand and appreciate Whether you are a student learning Mandarin an executive pursuing business ties to Chinese companies or a curious tourist traveling to China this singlevolume encyclopedia will stimulate the mind enchant the culturally minded and inspire everyone who seeks new experiences and a wider understanding of our world What Our Readers Are Saying Be the first to share your thoughts on this title Product Details ISBN 9780062439710 Binding Hardcover Publication date 05032016 Publisher HARPERCOLLINS PUBLISHERS Pages 256 Height 100IN Width 710IN Illustration Yes Author Shaolan Author ShaoLan Hsueh Author Shaolan 2100 List Price 2999 Used Hardcover Ships in 1 to 3 days Qty Store 1 Hawthorne More copies of this ISBN New Hardcover 2999 1 LOCOK 1 LOCOK LOCCancel 1 LOCOK LOCCancel 1 LOCOK 1 LOCOK LOCCancel 1 LOCOK LOCCancel 1 LOCOK 1 LOCOK LOCCancel 1 LOCOK LOCCancel 1 LOCOK 1 LOCOK LOCCancel 1 LOCOK LOCCancel Help Guarantee My Account Careers About Us Security Wish List Partners Contact Us Shipping Transparency ACT MRF Sitemap  2022 POWELLSCOM Terms 1 LOCOK 1 LOCOK LOCCancel 1 LOCOK LOCCancel 1 LOCOK 1 LOCOK LOCCancel 1 LOCOK LOCCancel 1 LOCOK 1 LOCOK LOCCancel 1 LOCOK LOCCancel 1 LOCOK 1 LOCOK LOCCancel 1 LOCOK LOCCancel",
    "page_rank": 4.060646062319566e-05
}