{
    "Title": " Loss for Words The Story of Deafness in a Family ",
    "Author": "Lou Ann Walker",
    "Cover Page": "https://powells-covers-2.s3.amazonaws.com/9780060914257.jpg",
    "ISBN10": "0060914254  \n",
    "ISBN13": "9780060914257",
    "Page URL": "https://powells.com/book/loss-for-words-the-story-of-deafness-in-a-family-9780060914257",
    "raw_text": "Loss for Words The Story of Deafness in a Family Lou Ann Walker Trade Paperback 9780060914257 Powells Books Cart   my account  wish list  help  8008787323 Hello\n Login MENU Browse New Arrivals Bestsellers Featured Preorders Award Winners Audio Books See All Subjects Used Staff Picks Staff Picks Picks of the Month Bookseller Displays 50 Books for 50 Years 25 Best 21st Century SciFi  Fantasy 25 PNW Books to Read Before You Die 25 Books From the 21st Century 25 Memoirs to Read Before You Die 25 Global Books to Read Before You Die 25 Women to Read Before You Die 25 Books to Read Before You Die Gifts Gift Cards  eGift Cards Powells Souvenirs Journals and Notebooks socks Games Sell Books Blog Events Find A Store Dont Miss BIG SALE 20 off sitewide Picks of the Season What Im Giving Great Gifts Under 25 Best Books of 2022 Powells Author Events Oregon Battle of the Books Audio Books Visit Our Stores Powells Books 14 Gift Ideas From 14 of Our Favorite Authors 0 comment Every year Powells reaches out to some of our favorite authors for some muchneeded giftgiving inspiration Below are 14 writerapproved recommendations to help you find the perfect book for even your mostdifficulttobuyfor loved one Read More  Powells Staff Best Books of 2022 Fiction 1 comment Kelsey Ford 6 Haunting Native American Horror Books 1 comment 1 LOCOK 1 LOCOK LOCCancel 1 LOCOK LOCCancel Loss for Words The Story of Deafness in a Family by Lou Ann Walker Comment on this title Synopses  Reviews ISBN13 9780060914257 ISBN10 0060914254 All Product Details View Larger Image View Larger Images 1599 New Trade Paperback Ships in 1 to 3 days Qty Store 2 Local Warehouse Synopses  Reviews Publisher Comments Chapter One Rearview Mirror En Route to Cambridge Massachusetts September 1973 Mom and Dad drove me out to Harvard the fall I transferred Id never been east of Ohio Looking back now I know I was frightened That day it came out as sullenness I was scared of being a small fish in a big pond terrified of being looked down on as the hayseed from Indiana I was convinced that once the Harvard and Radcliffe administrations actually saw me they would tell me to go home My head was filled with the aura the stateliness of the Ivy League Names resonated with import Currier Lowell Winthrop I could smell and hear things Id never encountered but in my imagination I knew they existed and I felt sure that upon my arrivalif I wasnt sent homewonderful happenings would occur I wouldnt be burdened by timidity No one would know of my mistakes unless I repeated them Id just spent two years at Ball State University in Muncie Indiana with some vague idea that I wanted to be a teacher of the deaf When the program turned out to be less than I expected and when I didnt feel I was getting enough challenge in my other classes I applied to four eastern colleges and was accepted Harvard took very few transfers that yearthe next year none were admitted at alland although the admission officers were very kind to meall the literature theyd sent warned how difficult it was to switch colleges in midstream Now I looked up at the back of my parents heads and I sank down low in the cars back seat Filling out the application Id made prominent mention of the fact that they were deaf The entrance essay which was supposed to be about me was actually about them Many applicants use a fathers or grandfathers degree to get them into the family alma mater but neither of my parents had set foot in a college classroom The irony that I was shamelessly using my deaf mother and my deaf father to get into Harvard was not lost on me Neither was the fact that although Id willingly and openly tell people they were deaf and I would briefly answer questions I just wasnt going to say anything else It was all too complicated Most of the sixteenhour trip to Cambridge I brooded over a freshman reading list the kind given out to high school seniors that includes all the books they should have read by the time they matriculate Id read very little of what was on that list When Id received it in the mail I had gone to the library taken out Ulysses and despaired I understood nothing When the highway was deserted Dad could comfortably shift his eyes from the road to Moms hands When traffic got heavy he would have to watch the road and then his glances were shorter If he wanted to pass a car hed hold up an index finger at Mom signaling her to suspend the conversation for a moment It was alwayseasier for the driver to do the talking although that meant his signs were shortened and somewhat less graceful He would use the steering wheel as a base the way he normally used his left hand his right hand did all the moving Curled up in the seat chin dug into my chest I noticed there was a lull in the conversation Dad was a confident driver but Mom was smoking more than usual Something happened That gas station Mom signed to me No nothing I lied Are you sure Yes Everything is fine Dad and I had gone in to pay and get directions The man behind the counter had looked up seen me signing and grunted Huh I didnt think mutes were allowed to have drivers licenses Long ago Id gotten used to hearing those kinds of comments But I never could get used to the way they made me chum inside Mom was studying me Having relied on her visual powers all her life she knew when I was hiding something Are you afraid of going so far away from home Why dont you stay in Indiana This distance Why wasnt college in Indiana good enough Mom No Cut it out She turned and faced front again then she tried to distract both of us by pointing out a hex symbol on a barn Dad hadnt seen exactly what either of us said but hed caught the speed and force of my signs from the rearview mirror and he could feel the tension coming from behind him Mom had struck several nerves in me Not only was I stepping into foreign territoryI hadnt been able to afford to visit any of the schools to which Id appliedbut also back home in Indiana none of my relatives or high school friends had been enthusiastic about my going east To HoosiersHarvard means highbrow and snotty too good for everyone else Before I had left Grandma Wells my mothers mother had admonished me not once but several times not to get too big for my britches Synopsis A deeply moving often humorous and beautiful account of what it means to be the hearing child of profoundly deaf parents    I have rarely read anything on the subject more powerful or poignant than this extraordinary personal account by Lou Ann Walker  Oliver Sacks From the time she was a toddler Lou Ann Walker acted as the ears and voice for her parents who had lost their hearing at a young age As soon as she was old enough to speak her childhood ended and she immediately assumed the responsibility of interpretertranslating doctors appointments and managing her parents business transactions Their family life was warm and loving but outside the home they faced a world that misunderstood and often rejected them In this deeply moving memoir Walker offers us a glimpse of a different world bringing with it a broader reflection on how parents grow alongside their children and how children learn to navigate the world through the eyes of their parents  American Annals of the Deaf Synopsis From the time she was a toddler Lou Ann Walker was the ears and voice for her deaf parents Their family life was warm and loving but outside the home they faced a world that misunderstood and often rejected them What Our Readers Are Saying Be the first to share your thoughts on this title Product Details ISBN 9780060914257 Binding Trade Paperback Publication date 04062021 Publisher HARPERCOLLINS PUBLISHERS Pages 224 Height 60IN Width 530IN Thickness 50 Number of Units 1 Copyright Year 1987 Series Volume 4 UPC Code 2800060914259 Author Lou Ann Walker Subject Journalists  United States  Biography Subject Deaf Subject Foreign LanguagesAmerican Sign Language Subject Journalists Subject Family medicine 1599 New Trade Paperback Ships in 1 to 3 days Qty Store 2 Local Warehouse Receive an email when this ISBN is available used 1 LOCOK 1 LOCOK LOCCancel 1 LOCOK LOCCancel 1 LOCOK 1 LOCOK LOCCancel 1 LOCOK LOCCancel 1 LOCOK 1 LOCOK LOCCancel 1 LOCOK LOCCancel 1 LOCOK 1 LOCOK LOCCancel 1 LOCOK LOCCancel Help Guarantee My Account Careers About Us Security Wish List Partners Contact Us Shipping Transparency ACT MRF Sitemap  2022 POWELLSCOM Terms 1 LOCOK 1 LOCOK LOCCancel 1 LOCOK LOCCancel 1 LOCOK 1 LOCOK LOCCancel 1 LOCOK LOCCancel 1 LOCOK 1 LOCOK LOCCancel 1 LOCOK LOCCancel 1 LOCOK 1 LOCOK LOCCancel 1 LOCOK LOCCancel",
    "page_rank": 3.913272903405283e-05
}