{
    "Title": " The Trespasser ",
    "Author": "Tana French",
    "Cover Page": "https://powells-covers-2.s3.amazonaws.com/9780143110385.jpg",
    "ISBN10": "0143110381  \n",
    "ISBN13": "9780143110385",
    "Page URL": "https://powells.com/book/the-trespasser-9780143110385",
    "raw_text": "The Trespasser Tana French Trade Paperback 9780143110385 Powells Books Cart   my account  wish list  help  8008787323 Hello\n Login MENU Browse New Arrivals Bestsellers Featured Preorders Award Winners Audio Books See All Subjects Used Staff Picks Staff Picks Picks of the Month Bookseller Displays 50 Books for 50 Years 25 Best 21st Century SciFi  Fantasy 25 PNW Books to Read Before You Die 25 Books From the 21st Century 25 Memoirs to Read Before You Die 25 Global Books to Read Before You Die 25 Women to Read Before You Die 25 Books to Read Before You Die Gifts Gift Cards  eGift Cards Powells Souvenirs Journals and Notebooks socks Games Sell Books Blog Events Find A Store Dont Miss BIG SALE 20 off sitewide Picks of the Season What Im Giving Great Gifts Under 25 Best Books of 2022 Powells Author Events Oregon Battle of the Books Audio Books Visit Our Stores Powells Books 14 Gift Ideas From 14 of Our Favorite Authors 0 comment Every year Powells reaches out to some of our favorite authors for some muchneeded giftgiving inspiration Below are 14 writerapproved recommendations to help you find the perfect book for even your mostdifficulttobuyfor loved one Read More  Powells Staff Best Books of 2022 Fiction 1 comment Kelsey Ford 6 Haunting Native American Horror Books 1 comment 1 LOCOK 1 LOCOK LOCCancel 1 LOCOK LOCCancel The Trespasser by Tana French Comment on this title Synopses  Reviews ISBN13 9780143110385 ISBN10 0143110381 Condition Standard All Product Details View Larger Image View Larger Images 1195 List Price 1800 Used Trade Paperback Ships in 1 to 3 days Qty Store 10 Burnside 6 Cedar Hills 2 Hawthorne 7 Local Warehouse From Powellscom Powells Picks of the Month Hot new releases and undertheradar gems for adults and kids Staff Pick Is Dublin Murder Detective Antoinette Conway really being stalked by teammates trying to force her off the squad or have months of harassment made her paranoid and bitter And is the dull domestic violence case shes been assigned as textbook as it first appears Once again Irish mystery author Tana French doesnt disappoint dishing up a psychologically rich murder mystery in which the detectives are as compelling as the whodunit Recommended By Rhianna W Powellscom Synopses  Reviews Publisher Comments New York Times bestselling author Tana French is required reading for anyone who appreciates tough unflinching intelligence and ingenious plotting  The New York Times  She inspires cultic devotion in readers  The New Yorker  and is the most important crime novelist to emerge in the past 10 years  Washington Post  Atmospheric and unputdownable  People In bestselling Tana Frenchs newest tour de force  New York Times  being on the Murder squad is nothing like Detective Antoinette Conway dreamed it would be Her partner Stephen Moran is the only person who seems glad shes there The rest of her working life is a stream of thankless cases vicious pranks and harassment Antoinette is savagely tough but shes getting close to the breaking point Their new case looks like yet another bythenumbers lovers quarrel gone bad Aislinn Murray is blond pretty groomed to a shine and dead in her catalogueperfect living room next to a table set for a romantic dinner Theres nothing unusual about her  except that Antoinettes seen her somewhere before And that her death wont stay in its neat bynumbers box Other detectives are trying to push Antoinette and Steve into arresting Aislinns boyfriend fast Theres a shadowy figure at the end of Antoinettes road Aislinns friend is hinting that she knew Aislinn was in danger And everything they find out about Aislinn takes her further from the glossy passive doll she seemed to be Antoinette knows the harassment has turned her paranoid but she cant tell just how far gone she is Is this case another step in the campaign to force her off the squad or are there darker currents flowing beneath its polished surface Review As in all of the authors work meaning lurks beneath every quip and glance French not only spins a twisty cop tale she also encases it in meticulous prose creating a read that is as elegant as it is dark Associated Press Review Theres nothing standard about Frenchs approach to crime fiction which plays the form much like a jazz musician improvising on a standard Even when the outlines of the mystery seem familiarshe finds a way to get at enriching themes and powerful emotional truths in fresh and surprising ways Chicago Tribune Review A fierce examination of the chasm between how women choose to present themselves before the world and the more complicated truth underneath  and not to mention a total pageturner Harpers Bazaar Review Tana French inspires cultic devotion in readersmost crime fiction is diverting Frenchs is consuming The New Yorker Review Tana French is the most interesting most important crime novelist to emerge in the past 10 years The Washington Post About the Author Tana French is the author of In the Woods  The Likeness  Faithful Place  Broken Harbor and The Secret Place  Her books have won awards including the Edgar Anthony Macavity and Barry awards the Los Angeles Times Award for Best MysteryThriller and the Irish Book Award for Crime Fiction She lives in Dublin with her family 5 1 What Our Readers Are Saying Share your thoughts on this title Average customer rating 5 1 comments  Jeffrey Bluhm  January 17 2018 view all comments by Jeffrey Bluhm Another superlative entry in Tana Frenchs Dublin Murder Squad series While the protagonist varies in each novel many of the main characters are recurring this novels partners Conway and Moran were also featured in The Secret Place though that was told from Morans perspective this time its Conways turn Each time dialogue is authentic and the dialect so well written its like Guinness for the brain The plotting is always tight and pacing never flags Characters and their strengths and weaknesses challenges and successes come across as genuine and the author never hits a wrong note  Tana French is definitely one of the handful of authors where each new book is an instant buy Was this comment helpful  Yes  No 2 of 2 readers found this comment helpful report this\ncomment Product Details ISBN 9780143110385 Binding Trade Paperback Publication date 08082017 Publisher Penguin Books Language English Pages 464 Height 100IN Width 540IN Author Tana French 1195 List Price 1800 Used Trade Paperback Ships in 1 to 3 days Qty Store 10 Burnside 6 Cedar Hills 2 Hawthorne 7 Local Warehouse More copies of this ISBN New Trade Paperback 1800 Used Trade Paperback Starting from 850 This title in other editions Used Hardcover Starting from 1250 1 LOCOK 1 LOCOK LOCCancel 1 LOCOK LOCCancel 1 LOCOK 1 LOCOK LOCCancel 1 LOCOK LOCCancel 1 LOCOK 1 LOCOK LOCCancel 1 LOCOK LOCCancel 1 LOCOK 1 LOCOK LOCCancel 1 LOCOK LOCCancel Help Guarantee My Account Careers About Us Security Wish List Partners Contact Us Shipping Transparency ACT MRF Sitemap  2022 POWELLSCOM Terms 1 LOCOK 1 LOCOK LOCCancel 1 LOCOK LOCCancel 1 LOCOK 1 LOCOK LOCCancel 1 LOCOK LOCCancel 1 LOCOK 1 LOCOK LOCCancel 1 LOCOK LOCCancel 1 LOCOK 1 LOCOK LOCCancel 1 LOCOK LOCCancel",
    "page_rank": 4.074629616275574e-05
}