{
    "Title": " Millionaire Real Estate Agent ",
    "Author": "Gary Keller",
    "Cover Page": "https://powells-covers-2.s3.amazonaws.com/9780071444040.jpg",
    "ISBN10": "0071444041  \n",
    "ISBN13": "9780071444040",
    "Page URL": "https://powells.com/book/millionaire-real-estate-agent-9780071444040",
    "raw_text": "Millionaire Real Estate Agent Gary Keller Trade Paperback 9780071444040 Powells Books Cart   my account  wish list  help  8008787323 Hello\n Login MENU Browse New Arrivals Bestsellers Featured Preorders Award Winners Audio Books See All Subjects Used Staff Picks Staff Picks Picks of the Month Bookseller Displays 50 Books for 50 Years 25 Best 21st Century SciFi  Fantasy 25 PNW Books to Read Before You Die 25 Books From the 21st Century 25 Memoirs to Read Before You Die 25 Global Books to Read Before You Die 25 Women to Read Before You Die 25 Books to Read Before You Die Gifts Gift Cards  eGift Cards Powells Souvenirs Journals and Notebooks socks Games Sell Books Blog Events Find A Store Dont Miss BIG SALE 20 off sitewide Picks of the Season What Im Giving Great Gifts Under 25 Best Books of 2022 Powells Author Events Oregon Battle of the Books Audio Books Visit Our Stores Powells Books 14 Gift Ideas From 14 of Our Favorite Authors 0 comment Every year Powells reaches out to some of our favorite authors for some muchneeded giftgiving inspiration Below are 14 writerapproved recommendations to help you find the perfect book for even your mostdifficulttobuyfor loved one Read More  Powells Staff Best Books of 2022 Fiction 1 comment Kelsey Ford 6 Haunting Native American Horror Books 1 comment 1 LOCOK 1 LOCOK LOCCancel 1 LOCOK LOCCancel Millionaire Real Estate Agent by Gary Keller Comment on this title Synopses  Reviews ISBN13 9780071444040 ISBN10 0071444041 Condition Standard All Product Details View Larger Image View Larger Images 850 List Price 2500 Used Trade Paperback Ships in 1 to 3 days Qty Store 1 Local Warehouse Synopses  Reviews Publisher Comments Take Your Real Estate Career to the Highest Level Gary Keller knows the beauty of a simple path to a spectacular goal Whether you are just getting started or a veteran in the business The Millionaire Real Estate Agent is the stepbystep handbook for seeking excellence in your profession and in your life Mark Victor Hansen Cocreator 1 New York Times bestselling series Chicken Soup for the Soul Coauthor The One Minute Manager This book presents a new paradigm for real estate and should be required reading for real estate professionals everywhere Robert T Kiyosaki New York Times bestselling author of Rich Dad Poor Dad In The Millionaire Real Estate Agent Gary Kellers positive influence on the careers of so many agents is encapsulated for all to enjoy and utilize Howard Brinton Founder and CEO Star Power Systems Inc Gary Keller understands that to become a real millionaire it starts with a a change in your thinking You must treat your business like a business with a focus on longterm profitability Brian Buffini President and Founder Providence Systems Inc Anyone who wants to turn their real estate practice into a highly successful business must understand the fundamental models that drive the best real estate agents in the industry In The Millionaire Real Estate Agent these models are revealed and explained This book represents the culmination of decades of real estate experience research and consulting with case studies from some of the top millionaire agents in the US In this revolutionary handbook youll learn Three key concepts that drive megaagent production Essential economic budgetary organizational and lead generation models that are the foundations of any highachievers business The distinguishing characteristic of Millionaire Real Estate Agentsthe way they think How you can get on the real estate career path to Earn a Million Net a Million and then Receive a Million dollars in annual income The Millionaire Real Estate Agent is not about quick fixes It is about the innovative application of proven business techniques to the real estate industry Isnt it about time you put your career on the path to becoming a Millionaire Real Estate Agent Synopsis Take Your Real Estate Career to the Highest Level Gary Keller knows the beauty of a simple path to a spectacular goal Whether you are just getting started or a veteran in the business The Millionaire Real Estate Agent is the stepbystep handbook for seeking excellence in your profession and in your life Mark Victor Hansen Cocreator 1 New York Times bestselling series Chicken Soup for the Soul Co Synopsis Gary Keller is the founder and chairman of the board of Keller Williams Realty International the largest privately held real estate agency in the United States It is also one of the fastestgrowing agencies in the United States with more than 30000 agents Synopsis Take your real estate career to the highest level Whether you are just getting started or a veteran in the business The Millionaire Real Estate Agent is the stepbystep handbook for seeking excellence in your profession and in your life Mark Victor Hansen cocreator 1 New York Times bestselling series Chicken Soup for the Soul This book presents a new paradigm for real estate and should be required reading for real estate professionals everywhere Robert T Kiyosaki New York Times bestselling author of Rich Dad Poor Dad The Millionaire Real Estate Agent explains Three concepts that drive production Economic organizational and lead generation models that are the foundations of any highachievers business How to Earn a Million Net a Million and Receive a Million in annual income What Our Readers Are Saying Be the first to share your thoughts on this title Product Details ISBN 9780071444040 Binding Trade Paperback Publication date 04012004 Publisher MCGRAW HILL COMPANIES Series info Business Careers Pages 368 Height 98IN Width 714IN Thickness 75 Series Business Careers Number of Units 1 Illustration Yes Copyright Year 2004 UPC Code 2800071444042 Author Gary Keller Author Jay Papasan Author Dave Jenks Author Dave Jenks Author Jay Papasan Author Gary Keller Subject Business Real Estate 850 List Price 2500 Used Trade Paperback Ships in 1 to 3 days Qty Store 1 Local Warehouse More copies of this ISBN New Trade Paperback 2500 Used Trade Paperback Starting from 595 1 LOCOK 1 LOCOK LOCCancel 1 LOCOK LOCCancel 1 LOCOK 1 LOCOK LOCCancel 1 LOCOK LOCCancel 1 LOCOK 1 LOCOK LOCCancel 1 LOCOK LOCCancel 1 LOCOK 1 LOCOK LOCCancel 1 LOCOK LOCCancel Help Guarantee My Account Careers About Us Security Wish List Partners Contact Us Shipping Transparency ACT MRF Sitemap  2022 POWELLSCOM Terms 1 LOCOK 1 LOCOK LOCCancel 1 LOCOK LOCCancel 1 LOCOK 1 LOCOK LOCCancel 1 LOCOK LOCCancel 1 LOCOK 1 LOCOK LOCCancel 1 LOCOK LOCCancel 1 LOCOK 1 LOCOK LOCCancel 1 LOCOK LOCCancel",
    "page_rank": 3.435080682842601e-05
}