{
    "Title": " Neural Networks in Finance: Gaining Predictive Edge in the Market ",
    "Author": "Paul D. McNelis",
    "Cover Page": "https://covers.powells.com/9780124859678.jpg",
    "ISBN10": "0124859674  \n",
    "ISBN13": "9780124859678",
    "Page URL": "https://powells.com/book/neural-networks-in-finance-9780124859678",
    "raw_text": "Neural Networks in Finance Gaining Predictive Edge in the Market McNelis Paul Hardcover 9780124859678 Powells Books Cart   my account  wish list  help  8008787323 Hello\n Login MENU Browse New Arrivals Bestsellers Featured Preorders Award Winners Audio Books See All Subjects Used Staff Picks Staff Picks Picks of the Month Bookseller Displays 50 Books for 50 Years 25 Best 21st Century SciFi  Fantasy 25 PNW Books to Read Before You Die 25 Books From the 21st Century 25 Memoirs to Read Before You Die 25 Global Books to Read Before You Die 25 Women to Read Before You Die 25 Books to Read Before You Die Gifts Gift Cards  eGift Cards Powells Souvenirs Journals and Notebooks socks Games Sell Books Blog Events Find A Store Dont Miss BIG SALE 20 off sitewide Picks of the Season What Im Giving Great Gifts Under 25 Best Books of 2022 Powells Author Events Oregon Battle of the Books Audio Books Visit Our Stores Powells Books 14 Gift Ideas From 14 of Our Favorite Authors 0 comment Every year Powells reaches out to some of our favorite authors for some muchneeded giftgiving inspiration Below are 14 writerapproved recommendations to help you find the perfect book for even your mostdifficulttobuyfor loved one Read More  Powells Staff Best Books of 2022 Fiction 1 comment Kelsey Ford 6 Haunting Native American Horror Books 1 comment 1 LOCOK 1 LOCOK LOCCancel 1 LOCOK LOCCancel Neural Networks in Finance Gaining Predictive Edge in the Market by Paul D McNelis Comment on this title Synopses  Reviews ISBN13 9780124859678 ISBN10 0124859674 All Product Details View Larger Image View Larger Images 14667 New Hardcover Available at a Remote Warehouse Ships separately from other items Additional shipping charges may apply Not available for In Store Pickup More Info Qty Store 20 Remote Warehouse Synopses  Reviews Publisher Comments back jacket BusinessFinance Neural Networks in Finance Gaining Predictive Edge in the Market Paul McNelis This book clarifies many of the mysteries of Neural Networks and related optimization techniques for researchers in both economics and finance It contains many practical examples backed up with computer programs for readers to explore I recommend it to anyone who wants to understand methods used in nonlinear forecasting  Blake LeBaron Professor of Finance Brandeis University An important addition to the select collection of books on financial econometrics Neural Networks in Finance serves as an important reference on neural network models of nonlinear dynamics as a practical econometric tool for better decisionmaking in financial markets  Roberto S Mariano Dean of School of Economics and Social Sciences  ViceProvost for Research Singapore Management University Professor Emeritus of Economics University of Pennsylvania Neural Networks in Finance explores the intuitive appeal of neural networks and the genetic algorithm in finance It demonstrates how neural networks used in combination with evolutionary computation outperform classical econometric methods for accuracy in forecasting classification and dimensionality reduction The text shows that these networks are easy to implement and interpret once the timehonored quest for closed form solutions is reconsidered McNelis utilizes a variety of examples from forecasting automobile production and corporate bond spread to inflation and deflation processes in Hong Kong and Japan to credit card default in Germany to bank failures in Texas to capfloor volatilities in New York and Hong Kong Numerical illustrations use MATLAB code and the book is accompanied by a website Review hrough multiple examples which contrast the predictive outcomes from the evolutionary approach with others of a linear and general nonlinear variety The book will be of utmost appeal to both academics throughout the social sciences as well as practitioners especially in the area of finance  Carlos Asilis Portfolio Manager VegaPlus Capital Partners formerly Chief Investment Strategist JPMorgan Chase an excellent easyto read introduction to the math behind neural networks  Financial Engineering News Review This book clarifies many of the mysteries of Neural Networks and related optimization techniques for researchers in both economics and finance It contains many practical examples backed up with computer programs for readers to explore I recommend it to anyone who wants to understand methods used in nonlinear forecasting  Blake LeBaron Professor of Finance Brandeis University An important addition to the select collection of books on financial econometrics Paul Mcnelis volume Neural Networks in Finance serves as an important reference on neural network models of nonlinear dynamics as a practical econometric tool for better decisionmaking in financial markets  Roberto S Mariano Dean of School of Economics and Social Sciences  ViceProvost for Research Singapore Management University Professor Emeritus of Economics University of Pennsylvania This book represents an impressive step forward in the exposition and application of evolutionary computational tools The author illustrates the potency of evolutionary computational tools through multiple examples which contrast the predictive outcomes from the evolutionary approach with others of a linear and general nonlinear variety The book will be of utmost appeal to both academics throughout the social sciences as well as practitioners especially in the area of finance  Carlos Asilis Portfolio Manager VegaPlus Capital Partners formerly Chief Investment Strategist JPMorgan Chase an excellent easyto read introduction to the math behind neural networks  Financial Engineering News Synopsis This book explores the intuitive appeal of neural networks and the genetic algorithm in finance It demonstrates how neural networks used in combination with evolutionary computation outperform classical econometric methods for accuracy in forecasting classification and dimensionality reduction McNelis utilizes a variety of examples from forecasting automobile production and corporate bond spread to inflation and deflation processes in Hong Kong and Japan to credit card default in Germany to bank failures in Texas to capfloor volatilities in New York and Hong Kong  Offers a balanced critical review of the neural network methods and genetic algorithms used in finance  Includes numerous examples and applications  Numerical illustrations use MATLAB code and the book is accompanied by a website Synopsis Provides a thorough and applied view of neural networks and the genetic algorithm in finance Synopsis  The text shows that these networks are easy to implement and interpret once the timehonored quest for closed form solutions is reconsidered McNelis utilizes a variety of examples from forecasting automobile production and corporate bond spread to inflation and deflation processes in Hong Kong and Japan to credit card default in Germany to bank failures in Texas to capfloor volatilities in New York and Hong Kong Numerical illustrations use MATLAB code and the book is accompanied by a website Synopsis riety of examples from forecasting automobile production and corporate bond spread to inflation and deflation processes in Hong Kong and Japan to credit card default in Germany to bank failures in Texas to capfloor volatilities in New York and Hong Kong Numerical illustrations use MATLAB code and the book is accompanied by a website Table of Contents Preface 1 Introduction 2 What Are Neural Networks 3 Estimation of a Network with Evolutionary Computation 4 Evaluation of Network Estimation 5 Estimation and Forecasting with Artificial Data 6 Times Series Examples from Industry and Finance 7 Inflation and Deflation Hong Kong and Japan 8 Classification Credit Card Default and Bank Failures 9 Dimensionality Reduction and Implied Volatility Forecasting What Our Readers Are Saying Be the first to share your thoughts on this title Product Details ISBN 9780124859678 Binding Hardcover Publication date 12222004 Publisher Academic Press Series info Academic Press Advanced Finance Language English Pages 256 Height 77IN Width 630IN LCCN 2004022859 Series Academic Press Advanced Finance Series Number of Units 1 Illustration Yes UPC Code 2800124859670 Author Paul McNelis Author Paul D McNelis Subject Neural networks computer science Subject Finance  Decision making  Data processing Subject Business mathematics Subject BusinessAccounting and Finance 14667 New Hardcover Available at a Remote Warehouse Ships separately from other items Additional shipping charges may apply Not available for In Store Pickup More Info Qty Store 20 Remote Warehouse Receive an email when this ISBN is available used 1 LOCOK 1 LOCOK LOCCancel 1 LOCOK LOCCancel 1 LOCOK 1 LOCOK LOCCancel 1 LOCOK LOCCancel 1 LOCOK 1 LOCOK LOCCancel 1 LOCOK LOCCancel 1 LOCOK 1 LOCOK LOCCancel 1 LOCOK LOCCancel Help Guarantee My Account Careers About Us Security Wish List Partners Contact Us Shipping Transparency ACT MRF Sitemap  2022 POWELLSCOM Terms 1 LOCOK 1 LOCOK LOCCancel 1 LOCOK LOCCancel 1 LOCOK 1 LOCOK LOCCancel 1 LOCOK LOCCancel 1 LOCOK 1 LOCOK LOCCancel 1 LOCOK LOCCancel 1 LOCOK 1 LOCOK LOCCancel 1 LOCOK LOCCancel",
    "page_rank": 2.4794798802742546e-05
}