{
    "Title": " Anansi Boys ",
    "Author": "Neil Gaiman",
    "Cover Page": "https://covers.powells.com/9780060515195.jpg",
    "ISBN10": "0060515198  \n",
    "ISBN13": "9780060515195",
    "Page URL": "https://powells.com/book/anansi-boys-9780060515195",
    "raw_text": "Anansi Boys Neil Gaiman Mass Market 9780060515195 Powells Books Cart   my account  wish list  help  8008787323 Hello\n Login MENU Browse New Arrivals Bestsellers Featured Preorders Award Winners Audio Books See All Subjects Used Staff Picks Staff Picks Picks of the Month Bookseller Displays 50 Books for 50 Years 25 Best 21st Century SciFi  Fantasy 25 PNW Books to Read Before You Die 25 Books From the 21st Century 25 Memoirs to Read Before You Die 25 Global Books to Read Before You Die 25 Women to Read Before You Die 25 Books to Read Before You Die Gifts Gift Cards  eGift Cards Powells Souvenirs Journals and Notebooks socks Games Sell Books Blog Events Find A Store Dont Miss BIG SALE 20 off sitewide Picks of the Season What Im Giving Great Gifts Under 25 Best Books of 2022 Powells Author Events Oregon Battle of the Books Audio Books Visit Our Stores Powells Books 14 Gift Ideas From 14 of Our Favorite Authors 0 comment Every year Powells reaches out to some of our favorite authors for some muchneeded giftgiving inspiration Below are 14 writerapproved recommendations to help you find the perfect book for even your mostdifficulttobuyfor loved one Read More  Powells Staff Best Books of 2022 Fiction 1 comment Kelsey Ford 6 Haunting Native American Horror Books 1 comment 1 LOCOK 1 LOCOK LOCCancel 1 LOCOK LOCCancel Anansi Boys by Neil Gaiman Comment on this title Synopses  Reviews Award Excerpt ISBN13 9780060515195 ISBN10 0060515198 Condition Standard All Product Details View Larger Image View Larger Images 695 List Price 799 Used Mass Market Ships in 1 to 3 days Qty Store 1 Burnside 1 Cedar Hills 1 Hawthorne Awards 2006\nMorning News Tournament of Books Nominee Synopses  Reviews Publisher Comments Fat Charlie Nancys normal life ended the moment his father dropped dead on a Florida karaoke stage Charlie didnt know his dad was a god And he never knew he had a brother Now brother Spiders on his doorstep  about to make Fat Charlies life more interestingand a lot more dangerous Review The result though less dazzling than American Gods  is even more moving Intermittently lumpy and selfindulgent but enormously entertaining throughout And the Gaiman faithfulwill devour it gratefully Kirkus Reviews Starred Review Review A romantic screwball comedy seasoned with murder magic and ghostsGaiman is the folksy witty foolishly wise narrator to perfection drawing us into the web he weaves as skillfully as anyspider Booklist Starred Review Review Apparently there isnt much Neil Gaiman cant do Anansi Boys is one of the finest screwball comedies to come along since To Say Nothing of the Dog by Connie WillisA remarkable and entertaining book Milwaukee Journal Sentinel Review A fun book with a little of everything  horror mystery magic comedy song romance ghosts scary birds ancient grudges and trademark British witAnother lovely story as only Gaiman can tell it necessary and recommended Library Journal Review With Anansi Boys  Neil Gaimans delightful funny and affecting new novel the bestselling author has scored the literary equivalent of a hole in one employing the kind of selfassured storytelling that makes it all look so easy Elizabeth Hand The Washington Post Review Set in a dreamlike world of reality and circumstance Anansi Boys belies Gaimans admonitions No it is not big and it may not even be serious but it is laughoutloud funny and scary as a spider on your arm USA Today Review The genrebusting novel is very creative and very funny two Gaiman specialties Its sweep is less epic than American Gods  but it works well on its own terms Grade A  Christian Science Monitor Review Gaiman is witty and engaging but his power is more as a storyteller than as a stylist and I think what his fans find so appealing about his stories is that they are comforting no matter how scary like a good bedtime tale Minneapolis Star Tribune Review Funny and subversive a comedy of illmannered gods and badhearted mortalsGaimans mastery of language carries the reader through to a satisfying conclusion USA Today Review A giddy but somewhat unsatisfying ride Whenever Gaiman runs into a narrative jam he veers off in an exhilarating new direction a diversionary tactic that starts to feel like a cheat Grade B  Entertainment Weekly Review With its quirky inventive fantasy this is a real treat for Gaimans fansDarkly funny and heartwarming to the end this book is an addictive read not easily forgotten School Library Journal Synopsis One of fictions most audaciously original talents Neil Gaiman now gives us a mythology for a modern age  complete with dark prophecy family dysfunction mystical deceptions and killer birds Not to mention a lime Synopsis Charlies dad wasnt just any dad He was Anansi a trickster god the spirit of rebellion able to overturn the social order create wealth out of thin air and baffle the devil When he dies on a karaoke stage things get very interesting for Charlie About the Author Neil Gaiman is a New York Times bestselling author of more than twenty books for adults and children including the novels Neverwhere  Stardust  American Gods  Anansi Boys  Coraline  and The Graveyard Book  the Sandman series of graphic novels and Make Good Art  the text of a commencement speech he delivered at Philadelphias University of the Arts He is the recipient of numerous literary honors including the Locus and Hugo Awards and the Newbery and Carnegie Medals 18 million people follow him on Twitter Born and raised in England Neil Gaiman now lives in Cambridge Massachusetts with his wife the rock star Amanda Palmer 46 8 What Our Readers Are Saying Share your thoughts on this title Average customer rating 46 8 comments  Cheri P  December 11 2014 view all comments by Cheri P Sometimes what I want is a book thats quick fun interesting Gaiman is often that way for me Anansi Boys is a fast book with a story thats quirky very Gaimanish fun And yes I stayed up way too late last night to finish it\nI enjoyed the character development in this one Charlies progression from start to finish was significant as was Spiders Yes some of the romantic stuff was mildly predictable but thats okay This is just a story A fun one\nI especially enjoy how Gaiman plays with gods  this is one of the things that draws me to his work That and his language  simple but not elementary Worth my time Was this comment helpful  Yes  No 4 of 5 readers found this comment helpful report this\ncomment  IdaReader  October 21 2014 view all comments by IdaReader Neil Gaiman is a superb writer intelligent without being overbearing I have read two other of his books Good Omens with Terry Pratchett and American Gods and loved them but this one is my favorite I havent come across a book I want to reread in a long time and Im already anxious to read Anansi Boys again and I havent even finished it If youre stuck in a genre rut you NEED to read Anansi Boys by Neil Gaiman Was this comment helpful  Yes  No 4 of 5 readers found this comment helpful report this\ncomment  Melinda Spencer  September 03 2011 view all comments by Melinda Spencer A beautiful sequel to American Gods about the most interesting and least explained character of the bunch Mr Nancy aka Anansi the African Spider God This fantastic adventure of Mr Nancys sons is both silly and fun and also serious and heartbreaking Any fans of American Gods should surely give this book a go Was this comment helpful  Yes  No 6 of 11 readers found this comment helpful report this\ncomment  Denise Romesburg  January 05 2010 I laughed through most of this book but then it turned very dark and very scary and it was completely okay that it did so Revisting some of the ground from American Gods Gaimans second novel is tighter and more focused while still keeping a glorious sense of the mystery and grandeur hiding in plain sight in the mundane world A joy to read Was this comment helpful  Yes  No 2 of 3 readers found this comment helpful report this\ncomment  Neblix  January 02 2010 Gaiman is a master of his craft and shows all of his finest skills in writing this masterpiece of a book Anansi Boys takes you on a journey through the history of the African god Anansi or spider if you will As part of this history we are enlightened to how a subtle god such as anansi can greatly impact the lives of loved ones and in a rather entertaining fashion I highly suggest this book to anyone that is thinking of reading Neil Gaiman Was this comment helpful  Yes  No 1 of 2 readers found this comment helpful report this\ncomment  contestbethany  January 01 2010 Neil Gaimans Anansi Boys is a great kind of modern day mythology I loved every second of it Was this comment helpful  Yes  No 2 of 2 readers found this comment helpful report this\ncomment  abebt  August 19 2007 view all comments by abebt Neil Gaiman has constantly entertained readers from his Sandman series to Anansi Boys Fat Charlies character represents the average unsuspecting individual who is about to enter a world that his father has ties to The introduction of a twin brother Spider complicates things and forces Charlie to accept the difficult inheritance of his fathers legacy as a god Twist dialogues and other unusual characters give this story a humorous and intriguing spin Highly recommended for Gaiman fans and those interested in a good fiction story Was this comment helpful  Yes  No 19 of 30 readers found this comment helpful report this\ncomment  BLD379  October 20 2006 Neil Gaiman has a way with words There are many sentences in Anansi Boys that made me laugh out loud There are many sentences that made my skin crawl But they all made me turn page after page of this hilarious creepy engrossing book that captures the very human need for family love against the ageold backdrop of a supernatural story of the gods Was this comment helpful  Yes  No 22 of 35 readers found this comment helpful report this\ncomment View all 8 comments Product Details ISBN 9780060515195 Binding Mass Market Publication date 09262006 Publisher HARPERCOLLINS PUBLISHERS Pages 400 Height 130IN Width 420IN Thickness 100 Number of Units 1 Copyright Year 2006 UPC Code 2800060515197 Author Neil Gaiman Author Neil Gaiman Media Run Time B Subject Fantasy fiction Subject Brothers Subject LiteratureA to Z Subject Fathers and sons Subject General Fiction 695 List Price 799 Used Mass Market Ships in 1 to 3 days Qty Store 1 Burnside 1 Cedar Hills 1 Hawthorne More copies of this ISBN Used Mass Market 550 This title in other editions New Mass Market 999 New Trade Paperback 1699 Used Book Club Hardcover 950 Used Hardcover Starting from 1250 1 LOCOK 1 LOCOK LOCCancel 1 LOCOK LOCCancel 1 LOCOK 1 LOCOK LOCCancel 1 LOCOK LOCCancel 1 LOCOK 1 LOCOK LOCCancel 1 LOCOK LOCCancel 1 LOCOK 1 LOCOK LOCCancel 1 LOCOK LOCCancel Help Guarantee My Account Careers About Us Security Wish List Partners Contact Us Shipping Transparency ACT MRF Sitemap  2022 POWELLSCOM Terms 1 LOCOK 1 LOCOK LOCCancel 1 LOCOK LOCCancel 1 LOCOK 1 LOCOK LOCCancel 1 LOCOK LOCCancel 1 LOCOK 1 LOCOK LOCCancel 1 LOCOK LOCCancel 1 LOCOK 1 LOCOK LOCCancel 1 LOCOK LOCCancel",
    "page_rank": 0
}