{
    "Title": " Kitchen Confidential Updated Edition Adventures in the Culinary Underbelly ",
    "Author": "Anthony Bourdain",
    "Cover Page": "https://covers.powells.com/9780060899226.jpg",
    "ISBN10": "0060899220  \n",
    "ISBN13": "9780060899226",
    "Page URL": "https://powells.com/book/kitchen-confidential-updated-edition-adventures-in-the-culinary-underbelly-9780060899226",
    "raw_text": "Kitchen Confidential Updated Edition Adventures in the Culinary Underbelly Anthony Bourdain Trade Paperback 9780060899226 Powells Books Cart   my account  wish list  help  8008787323 Hello\n Login MENU Browse New Arrivals Bestsellers Featured Preorders Award Winners Audio Books See All Subjects Used Staff Picks Staff Picks Picks of the Month Bookseller Displays 50 Books for 50 Years 25 Best 21st Century SciFi  Fantasy 25 PNW Books to Read Before You Die 25 Books From the 21st Century 25 Memoirs to Read Before You Die 25 Global Books to Read Before You Die 25 Women to Read Before You Die 25 Books to Read Before You Die Gifts Gift Cards  eGift Cards Powells Souvenirs Journals and Notebooks socks Games Sell Books Blog Events Find A Store Dont Miss BIG SALE 20 off sitewide Picks of the Season What Im Giving Great Gifts Under 25 Best Books of 2022 Powells Author Events Oregon Battle of the Books Audio Books Visit Our Stores Powells Books 14 Gift Ideas From 14 of Our Favorite Authors 0 comment Every year Powells reaches out to some of our favorite authors for some muchneeded giftgiving inspiration Below are 14 writerapproved recommendations to help you find the perfect book for even your mostdifficulttobuyfor loved one Read More  Powells Staff Best Books of 2022 Fiction 1 comment Kelsey Ford 6 Haunting Native American Horror Books 1 comment 1 LOCOK 1 LOCOK LOCCancel 1 LOCOK LOCCancel Kitchen Confidential Updated Edition Adventures in the Culinary Underbelly by Anthony Bourdain Comment on this title Synopses  Reviews ISBN13 9780060899226 ISBN10 0060899220 Condition Standard All Product Details View Larger Image View Larger Images 1195 List Price 1699 Used Trade Paperback Ships in 1 to 3 days Qty Store 7 Burnside 3 Cedar Hills 2 Hawthorne 4 Local Warehouse Synopses  Reviews Publisher Comments When Chef Anthony Bourdain wrote Dont Eat Before You Read This in The New Yorker  he spared no ones appetite revealing what goes on behind the kitchen door In Kitchen Confidential  he expanded that appetizer into a deliciously funny delectable shocking banquet that lays out his 25 years of sex drugs and haute cuisine From his first oyster in the Gironde to the kitchen of the Rainbow Room atop Rockefeller Center from the restaurants of Tokyo to the drug dealers of the East Village from the mobsters to the rats Bourdains brilliantly written wildbuttrue tales make the belly ache with laughter Review Youll laugh youll cryyoure gonna love it Denver Post Synopsis An updated and revised edition of Anthony Bourdains megabestselling Kitchen Confidential with new material from the original edition Almost two decades ago the New Yorker published a now infamous article Dont Eat before You Read This by then littleknown chef Anthony Bourdain Bourdain spared no ones appetite as he revealed what happens behind the kitchen door The article was a sensation and the book it spawned the now classic Kitchen Confidential  became an even bigger sensation a megabestseller with over one million copies in print Frankly confessional addictively acerbic and utterly unsparing Bourdain pulls no punches in this memoir of his years in the restaurant business Fans will love to return to this deliciously funny delectably shocking banquet of wildbuttrue tales of life in the culinary trade from Chef Anthony Bourdain laying out his more than a quartercentury of drugs sex and haute cuisinethis time with neverbeforepublished material Synopsis Anthony Bourdains wickedly funnyyet inspiringmemoirexpos  Kitchen Confidential provides a gritty and behindthescenes look into life behind the kitchen doors Bourdains skillful storytelling captivates and shocks readers stealing their appetite while leaving them begging for more His passion for his trade shines through as he takes readers on the wild journey that is his culinary career as he goes from dishwasher to executive chef from the East Village to Tokyo Paris and back to New York again Bourdains prose is utterly riveting swaggering with stylish machismo and a precise ear for kitchen patoisNew York magazine Newsweek Synopsis A deliciously funny delectably shocking banquet of wildbuttrue tales of life in the culinary trade from Chef Anthony Bourdain laying out his more than a quartercentury of drugs sex and haute cuisine  now with allnew neverbeforepublished material About the Author Anthony Bourdain is the author of the novels Bone in the Throat and Gone Bamboo  in addition to the megabestseller Kitchen Confidential and A Cooks Tour  His work has appeared in the New York Times and the New Yorker  and he is a contributing authority for Food Arts magazine He is the host of the popular television show No Reservations  5 5 What Our Readers Are Saying Share your thoughts on this title Average customer rating 5 5 comments  jcdukeblue  October 26 2014 This is one of my favorite books I bought it at Phoenix airport on my way to work and live at the Grand Canyon Some of the work stories about and during work and general lifestyle he led hit home I laughed a lot cried a little and thought long and hard about my future An excellent book all the way around Was this comment helpful  Yes  No 4 of 6 readers found this comment helpful report this\ncomment  Clayton  January 20 2012 wonderful book Was this comment helpful  Yes  No 3 of 5 readers found this comment helpful report this\ncomment  FBB  January 09 2011 view all comments by FBB I am a recent fan of Bourdains show so I thought reading one of his early books would be a good idea\nOh what a deliciously written book that will take you on a most interesting tour The book is not new but it was to me and I bought a copy as a gift for a friend GREAT reading whether or not one is interested in food or cooking per se Was this comment helpful  Yes  No 5 of 9 readers found this comment helpful report this\ncomment  EK  May 28 2010 view all comments by EK Raw and blunt Anthony Bourdain says what he thinks Kitchen Confidential takes you on his journey through restaurants and all that comes along with working at them good and bad Was this comment helpful  Yes  No 1 of 1 readers found this comment helpful report this\ncomment  Natalie Zhikhareva  November 01 2007 view all comments by Natalie Zhikhareva One of the best books I have read this year A page turner filled with personal experiences and humor I have gained respect and admiration for cooking profession after reading this book including various cooking tips Highly suggest this book to anyone who would like to read something light and funny Was this comment helpful  Yes  No 20 of 37 readers found this comment helpful report this\ncomment View all 5 comments Product Details ISBN 9780060899226 Binding Trade Paperback Publication date 01012007 Publisher HARPERCOLLINS PUBLISHERS Series info Ecco Pages 352 Height 120IN Width 520IN Thickness 100 Number of Units 1 Copyright Year 2007 UPC Code 2800060899228 Author Anthony Bourdain Subject Biography  General Subject Cooks Subject Bourdain Anthony Subject Personal Memoirs Subject BiographyCooking Subject New york state Subject Cooks  New York State  New York 1195 List Price 1699 Used Trade Paperback Ships in 1 to 3 days Qty Store 7 Burnside 3 Cedar Hills 2 Hawthorne 4 Local Warehouse More copies of this ISBN New Trade Paperback 1699 Used Trade Paperback 850 1 LOCOK 1 LOCOK LOCCancel 1 LOCOK LOCCancel 1 LOCOK 1 LOCOK LOCCancel 1 LOCOK LOCCancel 1 LOCOK 1 LOCOK LOCCancel 1 LOCOK LOCCancel 1 LOCOK 1 LOCOK LOCCancel 1 LOCOK LOCCancel Help Guarantee My Account Careers About Us Security Wish List Partners Contact Us Shipping Transparency ACT MRF Sitemap  2022 POWELLSCOM Terms 1 LOCOK 1 LOCOK LOCCancel 1 LOCOK LOCCancel 1 LOCOK 1 LOCOK LOCCancel 1 LOCOK LOCCancel 1 LOCOK 1 LOCOK LOCCancel 1 LOCOK LOCCancel 1 LOCOK 1 LOCOK LOCCancel 1 LOCOK LOCCancel",
    "page_rank": 1.8527677252319317e-05
}