{
    "Title": " Longitude The True Story of a Lone Genius ",
    "Author": "Dava Sobel",
    "Cover Page": "https://covers.powells.com/9780140258790.jpg",
    "ISBN10": "0140258795  \n",
    "ISBN13": "9780140258790",
    "Page URL": "https://powells.com/book/longitude-the-true-story-of-a-lone-genius-9780140258790",
    "raw_text": "Longitude The True Story of a Lone Genius Dava Sobel Trade Paperback 9780140258790 Powells Books Cart   my account  wish list  help  8008787323 Hello\n Login MENU Browse New Arrivals Bestsellers Featured Preorders Award Winners Audio Books See All Subjects Used Staff Picks Staff Picks Picks of the Month Bookseller Displays 50 Books for 50 Years 25 Best 21st Century SciFi  Fantasy 25 PNW Books to Read Before You Die 25 Books From the 21st Century 25 Memoirs to Read Before You Die 25 Global Books to Read Before You Die 25 Women to Read Before You Die 25 Books to Read Before You Die Gifts Gift Cards  eGift Cards Powells Souvenirs Journals and Notebooks socks Games Sell Books Blog Events Find A Store Dont Miss BIG SALE 20 off sitewide Picks of the Season What Im Giving Great Gifts Under 25 Best Books of 2022 Powells Author Events Oregon Battle of the Books Audio Books Visit Our Stores Powells Books 14 Gift Ideas From 14 of Our Favorite Authors 0 comment Every year Powells reaches out to some of our favorite authors for some muchneeded giftgiving inspiration Below are 14 writerapproved recommendations to help you find the perfect book for even your mostdifficulttobuyfor loved one Read More  Powells Staff Best Books of 2022 Fiction 1 comment Kelsey Ford 6 Haunting Native American Horror Books 1 comment 1 LOCOK 1 LOCOK LOCCancel 1 LOCOK LOCCancel Longitude The True Story of a Lone Genius by Dava Sobel Comment on this title Synopses  Reviews ISBN13 9780140258790 ISBN10 0140258795 Condition Standard All Product Details View Larger Image View Larger Images 695 List Price 1300 Used Trade Paperback Ships in 1 to 3 days Qty Store 4 Burnside 1 Cedar Hills Synopses  Reviews Publisher Comments On its 10th anniversary a gift edition of this classic book with a forward by one of historys greatest explorers and eight pages of color illustrations Anyone alive in the eighteeth century would have known that the logitude problem was the thorniest scientific dilemma of the day  and had been for centuries Lacking the ability to measure their longitude sailors throughout the great ages of exploration had been literally lost at sea as soon as they lost sight of land Thousands of lives and the increasing fortunes of nations hung on a resolution The scientific establishment of Europe  from Galileo to Sir Issac Newton  had mapped the heavens in both hemispheres in its certain pursuit of a celestial answer In stark contrast one man John Harrison dared to imagine a mechanical solution  a clock that would keep percise time at sea something no clock had ever been able to do on land Longitude is a dramatic human story of an epic scientific quest and Harrisons fortyyear obsession with building his perfect timekeeper known today as the chronometer Full of heroism and chicanery it is also a fascinating brief history of astronomy navigation and clockmaking and opens a new window on our world About the Author Dava Sobel is the bestselling author of Longitude  Galileos Daughter  The Planets  coauthor of The Illustrated Longitude  and editor of Letters to Father  She lives in East Hampton New York 5 1 What Our Readers Are Saying Share your thoughts on this title Average customer rating 5 1 comments  Susan Settje  January 02 2010 I have recommended this book to almost everyone I know who loves to read It inspired me to visit Greenwich this fall and see the great timepieces\nI believe this is destined to be a classic Was this comment helpful  Yes  No 3 of 5 readers found this comment helpful report this\ncomment Product Details ISBN 9780140258790 Binding Trade Paperback Publication date 10011996 Publisher PENGUIN PUTNAM TRADE Pages 192 Height 760 in Width 450 in Thickness 47 in Age Range from 18 and up Grade Range from 12 Number of Units 1 Copyright Year 1995 UPC Code 2800140258792 Author Dava Sobel Subject Navigation Subject Harrison john 16931776 Subject Clock and watch makers  Great Britain  Biography Subject History Subject Great britain Subject Inventions 695 List Price 1300 Used Trade Paperback Ships in 1 to 3 days Qty Store 4 Burnside 1 Cedar Hills More copies of this ISBN Used Trade Paperback Starting from 750 1 LOCOK 1 LOCOK LOCCancel 1 LOCOK LOCCancel 1 LOCOK 1 LOCOK LOCCancel 1 LOCOK LOCCancel 1 LOCOK 1 LOCOK LOCCancel 1 LOCOK LOCCancel 1 LOCOK 1 LOCOK LOCCancel 1 LOCOK LOCCancel Help Guarantee My Account Careers About Us Security Wish List Partners Contact Us Shipping Transparency ACT MRF Sitemap  2022 POWELLSCOM Terms 1 LOCOK 1 LOCOK LOCCancel 1 LOCOK LOCCancel 1 LOCOK 1 LOCOK LOCCancel 1 LOCOK LOCCancel 1 LOCOK 1 LOCOK LOCCancel 1 LOCOK LOCCancel 1 LOCOK 1 LOCOK LOCCancel 1 LOCOK LOCCancel",
    "page_rank": 3.845336657340603e-05
}