{
    "Title": " A Gentleman in Moscow ",
    "Author": "Amor Towles",
    "Cover Page": "https://powells-covers-2.s3.amazonaws.com/9780143110439.jpg",
    "ISBN10": "0143110438  \n",
    "ISBN13": "9780143110439",
    "Page URL": "https://powells.com/book/a-gentleman-in-moscow-9780143110439",
    "raw_text": "A Gentleman in Moscow Amor Towles Trade Paperback 9780143110439 Powells Books Cart   my account  wish list  help  8008787323 Hello\n Login MENU Browse New Arrivals Bestsellers Featured Preorders Award Winners Audio Books See All Subjects Used Staff Picks Staff Picks Picks of the Month Bookseller Displays 50 Books for 50 Years 25 Best 21st Century SciFi  Fantasy 25 PNW Books to Read Before You Die 25 Books From the 21st Century 25 Memoirs to Read Before You Die 25 Global Books to Read Before You Die 25 Women to Read Before You Die 25 Books to Read Before You Die Gifts Gift Cards  eGift Cards Powells Souvenirs Journals and Notebooks socks Games Sell Books Blog Events Find A Store Dont Miss BIG SALE 20 off sitewide Picks of the Season What Im Giving Great Gifts Under 25 Best Books of 2022 Powells Author Events Oregon Battle of the Books Audio Books Visit Our Stores Powells Books 14 Gift Ideas From 14 of Our Favorite Authors 0 comment Every year Powells reaches out to some of our favorite authors for some muchneeded giftgiving inspiration Below are 14 writerapproved recommendations to help you find the perfect book for even your mostdifficulttobuyfor loved one Read More  Powells Staff Best Books of 2022 Fiction 1 comment Kelsey Ford 6 Haunting Native American Horror Books 1 comment 1 LOCOK 1 LOCOK LOCCancel 1 LOCOK LOCCancel A Gentleman in Moscow by Amor Towles Comment on this title Synopses  Reviews ISBN13 9780143110439 ISBN10 0143110438 Condition Standard All Product Details View Larger Image View Larger Images 1195 List Price 1800 Used Trade Paperback Ships in 1 to 3 days Qty Store 20 Local Warehouse Staff Pick Yes everything youve heard about A Gentleman in Moscow is true if I had my way Count Alexander Ilyich Rostov would be my dad Beginning in 1922 Towles tells the story of a Russian count under house arrest in the Moscow Metropol Hotel and follows his charmed yes really life for the next 30 years The Count is an extraordinary fellow with charisma smarts and kindness in excess and its pretty hard not to fall in love with him He becomes the head waiter at the hotel he makes lifelong friendships he matches wits with the greatest and most feeble minds of the time and does a little intrigue on the side He teaches us that home is where you make it and family comes in the most surprising of configurations This is just a delightful book that delivers a wonderful character study a thrilling ending and a giant warm spot to your heart Recommended By Dianah H Powellscom In 1922 Moscow Count Alexander Rostov is declared a nonperson and sentenced to live his remaining days in the Hotel Metropol  or he will be shot by the Red Guard Rostovs banishment includes moving from his grand suite to a remote attic room Nevertheless Rostov is undaunted and life in the elegant Metropol provides him friendships love and purpose His adventures in confinement are comic enchanting and heartwarming even as the everpresent threat of the Soviet state lingers over the inhabitants of the hotel Rostov observes that other countries exile their citizens to other places but Russia exiles its people to Russia Amor Towles has written a tragic comedy of gentle power its charming harrowing and ultimately triumphant I was sorry to leave Hotel Metropol Recommended By Kathi K Powellscom I am in LOVE with A Gentleman in Moscow  I LOVE LOVE LOVE this book Allow the magic of Amor Towles to transport you to Count Rostovs rich and vibrant world at the Metropol Hotel Charming and elegant bringing so many smiles to my lips and some tears to my eyes I was delighted from cover to cover And you will be too Recommended By Adrienne C Powellscom Charming from start to finish A Gentleman in Moscow  Towless story of a Russian aristocrat sentenced by the Bolsheviks to a lifetime of house arrest in the Metropol Hotel is witty philosophical and subtly political The almost insuppressible Count Rostov spends his captivity reading forging deep and diverse friendships with the hotels staff and patrons serving as head waiter in its famous Boyarsky restaurant and even raising Sofia the orphaned daughter of an old friend Through Rostovs keen observations Towless novel relays the shifting currents of Soviet Russia its tragedies and successes with all of the solicitousness elegance and charisma of the captivating gentleman at its center Recommended By Rhianna W Powellscom Synopses  Reviews Publisher Comments The megabestseller with more than 15 million readers that is soon to be a major television series The novel buzzes with the energy of numerous adventures love affairs and twists of fate  The Wall Street Journal As this irresistible  O the Oprah Magazine  second novel by Amor Towles opens in 1922 a Russian Count in his early thirties is sentenced by the Bolsheviks to spend the rest of his life in a small attic room in a luxury hotel near the Kremlin Unexpectedly the Counts reduced circumstances provide him entry to a much larger world of emotional discovery as he forges friendships over the following three decades with the hotels other denizens including a willful actress a shrewd Kremlinite a gregarious American and a temperamental chef When fate suddenly puts the life of a young girl in his hands he must draw on all his ingenuity to protect the future she so deserves Review Towles gets good mileage from the considerable charm of his protagonist and the peculiar world he inhabits The New Yorker Review Transfixing full of colorful charactersthis finely composed new novel by Amor Towles stretches out with oldWorld elegance The Washington Post Review Irresistibleas lavishly filigreed as a Faberg\u00e9 egg gleams with nostalgia for the golden age of Tolstoy and Turgenev O The Oprah Magazine About the Author Amor Towles was born and raised in the Boston area He graduated from Yale University and received an MA in English from Stanford University An investment professional for more than twenty years he now devotes himself full time to writing His first novel Rules of Civility  published in 2011 was a New York Times bestseller Towles lives in Manhattan with his wife and two children What Our Readers Are Saying Be the first to share your thoughts on this title Product Details ISBN 9780143110439 Binding Trade Paperback Publication date 03262019 Publisher PENGUIN RANDOM HOUSE Pages 496 Height 120IN Width 540IN Author Amor Towles 1195 List Price 1800 Used Trade Paperback Ships in 1 to 3 days Qty Store 20 Local Warehouse More copies of this ISBN New Trade Paperback 1800 Used Trade Paperback Starting from 1250 This title in other editions New Hardcover 2800 Used Hardcover Starting from 1195 1 LOCOK 1 LOCOK LOCCancel 1 LOCOK LOCCancel 1 LOCOK 1 LOCOK LOCCancel 1 LOCOK LOCCancel 1 LOCOK 1 LOCOK LOCCancel 1 LOCOK LOCCancel 1 LOCOK 1 LOCOK LOCCancel 1 LOCOK LOCCancel Help Guarantee My Account Careers About Us Security Wish List Partners Contact Us Shipping Transparency ACT MRF Sitemap  2022 POWELLSCOM Terms 1 LOCOK 1 LOCOK LOCCancel 1 LOCOK LOCCancel 1 LOCOK 1 LOCOK LOCCancel 1 LOCOK LOCCancel 1 LOCOK 1 LOCOK LOCCancel 1 LOCOK LOCCancel 1 LOCOK 1 LOCOK LOCCancel 1 LOCOK LOCCancel",
    "page_rank": 3.825315944493059e-05
}