{
    "Title": " Hunger: A Memoir of My Body ",
    "Author": "Roxane Gay",
    "Cover Page": "https://powells-covers-2.s3.amazonaws.com/9780062362599.jpg",
    "ISBN10": "0062362593  \n",
    "ISBN13": "9780062362599",
    "Page URL": "https://powells.com/book/hunger-9780062362599",
    "raw_text": "Hunger A Memoir of My Body Roxane Gay Hardcover 9780062362599 Powells Books Cart   my account  wish list  help  8008787323 Hello\n Login MENU Browse New Arrivals Bestsellers Featured Preorders Award Winners Audio Books See All Subjects Used Staff Picks Staff Picks Picks of the Month Bookseller Displays 50 Books for 50 Years 25 Best 21st Century SciFi  Fantasy 25 PNW Books to Read Before You Die 25 Books From the 21st Century 25 Memoirs to Read Before You Die 25 Global Books to Read Before You Die 25 Women to Read Before You Die 25 Books to Read Before You Die Gifts Gift Cards  eGift Cards Powells Souvenirs Journals and Notebooks socks Games Sell Books Blog Events Find A Store Dont Miss BIG SALE 20 off sitewide Picks of the Season What Im Giving Great Gifts Under 25 Best Books of 2022 Powells Author Events Oregon Battle of the Books Audio Books Visit Our Stores Powells Books 14 Gift Ideas From 14 of Our Favorite Authors 0 comment Every year Powells reaches out to some of our favorite authors for some muchneeded giftgiving inspiration Below are 14 writerapproved recommendations to help you find the perfect book for even your mostdifficulttobuyfor loved one Read More  Powells Staff Best Books of 2022 Fiction 1 comment Kelsey Ford 6 Haunting Native American Horror Books 1 comment 1 LOCOK 1 LOCOK LOCCancel 1 LOCOK LOCCancel Hunger A Memoir of My Body by Roxane Gay Comment on this title Synopses  Reviews Read QA ISBN13 9780062362599 ISBN10 0062362593 Condition Standard DustJacket Standard All Product Details View Larger Image View Larger Images 1495 List Price 2599 Used Hardcover Ships in 1 to 3 days Qty Store 1 Local Warehouse From Powellscom Staff Top Fives 2017 Our favorite books of the year 25 Memoirs to Read Before You Die Browse all of the exceptional memoirs that made our list Staff Pick Hunger is the heartbreaking story of one womans body  a body that is too large a body that is too brown a body that is too female It is the story of a body that is invisible while also being all too visible It is the story of a body that takes up too much space and yet does not exist Gays story is difficult It is complex And it stayed with me for weeks after I finished reading it I cannot recommend this one enough Recommended By Gary L Powellscom In Roxane Gays Hunger  she details the horrific abuse that was the catalyst for her weight gain and outlines clearly and painfully what it means to be a woman of size in todays world It is both an admission of how her size has kept her safe and how it has imprisoned her She perfectly captures the strange mix of visibility and invisibility that she faces as a sizable woman living here and now Recommended By Mary Jo S Powellscom Wow Hunger was one of my most anticipated books of 2017 and it lived up to all my hopes and more Roxane Gays memoir is deeply deeply personal and yet I found myself nodding in recognition through whole chapters Gays honesty empathy and thoughtfulness struck a nerve or several and have inspired me to be kinder and more patient with myself and with others Thank you Roxane Gay Recommended By Melia C Powellscom Synopses  Reviews Publisher Comments From the New York Times bestselling author of Bad Feminist a searingly honest memoir of food weight selfimage and learning how to feed your hunger while taking care of yourself I ate and ate and ate in the hopes that if I made myself big my body would be safe I buried the girl I was because she ran into all kinds of trouble I tried to erase every memory of her but she is still there somewhere    I was trapped in my body one that I barely recognized or understood but at least I was safe In her phenomenally popular essays and longrunning Tumblr blog Roxane Gay has written with intimacy and sensitivity about food and body using her own emotional and psychological struggles as a means of exploring our shared anxieties over pleasure consumption appearance and health As a woman who describes her own body as wildly undisciplined Roxane understands the tension between desire and denial between selfcomfort and selfcare In Hunger she explores her pastincluding the devastating act of violence that acted as a turning point in her young lifeand brings readers along on her journey to understand and ultimately save herself With the bracing candor vulnerability and power that have made her one of the most admired writers of her generation Roxane explores what it means to learn to take care of yourself how to feed your hungers for delicious and satisfying food a smaller and safer body and a body that can love and be lovedin a time when the bigger you are the smaller your world becomes Review A work of exceptional courage by a writer of exceptional talent Shelf Awareness starred review Review A gripping book with vivid details that linger long after its pages stop    Hunger is arresting and candid At its best it affords women in particular something so many other accounts deny themthe right to take up space they are entitled to and to define what that means The Atlantic Review It turns out that when a wrenching past is confronted with wisdom and bravery the outcome can be compassion and enlightenmentboth for the reader who has lived through this kind of unimaginable pain and for the reader who knows nothing of it Roxane Gay shows us how to be decent to ourselves and decent to one another Hunger is an amazing achievement in more ways than I can count Ann Patchett About the Author Roxane Gay is the author of the novel An Untamed State and the story collection Ayiti  Her work has also appeared in Glamour  Best American Short Stories  and the New York Times Book Review  Roxane Gay on PowellsBooksBlog Hunger is a memoir of a body Throughout the book I look at the history of my body from when I was assaulted at twelve years old to the here and now In particular I look at how I gained weight and then kept gaining weight first to protect myself and then because being big became comfortable and also explore what it means to be fat Read More  4 1 What Our Readers Are Saying Share your thoughts on this title Average customer rating 4 1 comments  mccaly28  September 20 2017 view all comments by mccaly28 Something terrible happened and I wish I could leave it at that because as a writer who is also a woman I dont want to be defined by the worst thing that has happened to me\nThis book is raw and honest and painful and wonderful\nRoxane Gay opens up about her life and her body and her experiences and talks about the sexual violence women face the judgment and everything that comes with occupying space in this world\nWhile some later chapters may feel a bit repetitive as usual Gay gives words to feelings that so many people experience but cant seem to share Her prose is enchanting and her words are haunting This book captures the dichotomy of justifying your space in the world as a woman and just trying to exist\nI so appreciate Gays openness in talking about race and gender and how theyre connected and how they shaped her And how shame shapes so many of us I also liked her insights about memory and judgment and holding on to things It takes immense bravery to open up about the trauma and her coping mechanisms in this book and the something terrible that happened to her\nThis book is a triumph that should be read Was this comment helpful  Yes  No 3 of 3 readers found this comment helpful report this\ncomment Product Details ISBN 9780062362599 Binding Hardcover Publication date 06132017 Publisher HARPERCOLLINS PUBLISHERS Pages 320 Thickness 720721 in Author Roxane Gay Media Run Time B 1495 List Price 2599 Used Hardcover Ships in 1 to 3 days Qty Store 1 Local Warehouse More copies of this ISBN Signed Used Hardcover 1595 Signed Used Hardcover 2500 Used Hardcover Starting from 1595 1 LOCOK 1 LOCOK LOCCancel 1 LOCOK LOCCancel 1 LOCOK 1 LOCOK LOCCancel 1 LOCOK LOCCancel 1 LOCOK 1 LOCOK LOCCancel 1 LOCOK LOCCancel 1 LOCOK 1 LOCOK LOCCancel 1 LOCOK LOCCancel Help Guarantee My Account Careers About Us Security Wish List Partners Contact Us Shipping Transparency ACT MRF Sitemap  2022 POWELLSCOM Terms 1 LOCOK 1 LOCOK LOCCancel 1 LOCOK LOCCancel 1 LOCOK 1 LOCOK LOCCancel 1 LOCOK LOCCancel 1 LOCOK 1 LOCOK LOCCancel 1 LOCOK LOCCancel 1 LOCOK 1 LOCOK LOCCancel 1 LOCOK LOCCancel",
    "page_rank": 3.381244302144323e-05
}