{
    "Title": " Root Magic ",
    "Author": "Eden Royce",
    "Cover Page": "https://powells-covers-2.s3.amazonaws.com/9780062899576.jpg",
    "ISBN10": "0062899570  \n",
    "ISBN13": "9780062899576",
    "Page URL": "https://powells.com/book/-9780062899576",
    "raw_text": "Root Magic Eden Royce Hardcover 9780062899576 Powells Books Cart   my account  wish list  help  8008787323 Hello\n Login MENU Browse New Arrivals Bestsellers Featured Preorders Award Winners Audio Books See All Subjects Used Staff Picks Staff Picks Picks of the Month Bookseller Displays 50 Books for 50 Years 25 Best 21st Century SciFi  Fantasy 25 PNW Books to Read Before You Die 25 Books From the 21st Century 25 Memoirs to Read Before You Die 25 Global Books to Read Before You Die 25 Women to Read Before You Die 25 Books to Read Before You Die Gifts Gift Cards  eGift Cards Powells Souvenirs Journals and Notebooks socks Games Sell Books Blog Events Find A Store Dont Miss BIG SALE 20 off sitewide Picks of the Season What Im Giving Great Gifts Under 25 Best Books of 2022 Powells Author Events Oregon Battle of the Books Audio Books Visit Our Stores Powells Books 14 Gift Ideas From 14 of Our Favorite Authors 0 comment Every year Powells reaches out to some of our favorite authors for some muchneeded giftgiving inspiration Below are 14 writerapproved recommendations to help you find the perfect book for even your mostdifficulttobuyfor loved one Read More  Powells Staff Best Books of 2022 Fiction 1 comment Kelsey Ford 6 Haunting Native American Horror Books 1 comment 1 LOCOK 1 LOCOK LOCCancel 1 LOCOK LOCCancel Root Magic by Eden Royce Comment on this title Synopses  Reviews ISBN13 9780062899576 ISBN10 0062899570 Condition Standard DustJacket Standard All Product Details View Larger Image View Larger Images 895 List Price 1699 Used Hardcover Ships in 1 to 3 days Qty Store 1 Burnside Synopses  Reviews Synopsis A poignant necessary entry into the childrens literary canon Root Magic brings to life the history and culture of Gullah people while highlighting the timeless plight of Black Americans Add in a fun magical adventure and you get everything I want in a book Justina Ireland New York Times bestselling author of Dread Nation Debut author Eden Royce arrives with a wondrous story of love bravery friendship and family filled to the brim with magic great and small Its 1963 and things are changing for Jezebel Turner Her beloved grandmother has just passed away The local police deputy wont stop harassing her family With school integration arriving in South Carolina Jez and her twin brother Jay are about to begin the school year with a bunch of new kids But the biggest change comes when Jez and Jay turn eleven and their uncle Doc tells them hes going to train them in rootwork Jez and Jay have always been fascinated by the African American folk magic that has been the legacy of their family for generationsespecially the curious potions and powders Doc and Gran would make for the people on their island But Jez soon finds out that her familys true power goes far beyond small charms and elixirsand not a moment too soon Because when evil both natural and supernatural comes to show itself in town its going to take every bit of the magic she has inside her to see her through What Our Readers Are Saying Be the first to share your thoughts on this title Product Details ISBN 9780062899576 Binding Hardcover Publication date 01052021 Publisher HARPERCOLLINS PUBLISHERS Pages 352 Height 130IN Width 600IN Age Range 9 to 12 Grade Range 4 to 7 Author Eden Royce 895 List Price 1699 Used Hardcover Ships in 1 to 3 days Qty Store 1 Burnside More copies of this ISBN New Hardcover 1699 Used Hardcover 1195 This title in other editions New Trade Paperback 799 1 LOCOK 1 LOCOK LOCCancel 1 LOCOK LOCCancel 1 LOCOK 1 LOCOK LOCCancel 1 LOCOK LOCCancel 1 LOCOK 1 LOCOK LOCCancel 1 LOCOK LOCCancel 1 LOCOK 1 LOCOK LOCCancel 1 LOCOK LOCCancel Help Guarantee My Account Careers About Us Security Wish List Partners Contact Us Shipping Transparency ACT MRF Sitemap  2022 POWELLSCOM Terms 1 LOCOK 1 LOCOK LOCCancel 1 LOCOK LOCCancel 1 LOCOK 1 LOCOK LOCCancel 1 LOCOK LOCCancel 1 LOCOK 1 LOCOK LOCCancel 1 LOCOK LOCCancel 1 LOCOK 1 LOCOK LOCCancel 1 LOCOK LOCCancel",
    "page_rank": 2.115540235334985e-05
}