{
    "Title": " American Sign Language Phrase Book with DVD ",
    "Author": "Lou Fant",
    "Cover Page": "https://covers.powells.com/9780071759328.jpg",
    "ISBN10": "0071759328  \n",
    "ISBN13": "9780071759328",
    "Page URL": "https://powells.com/book/american-sign-language-phrase-book-with-dvd-9780071759328",
    "raw_text": "American Sign Language Phrase Book with DVD Lou Fant Trade Paperback 9780071759328 Powells Books Cart   my account  wish list  help  8008787323 Hello\n Login MENU Browse New Arrivals Bestsellers Featured Preorders Award Winners Audio Books See All Subjects Used Staff Picks Staff Picks Picks of the Month Bookseller Displays 50 Books for 50 Years 25 Best 21st Century SciFi  Fantasy 25 PNW Books to Read Before You Die 25 Books From the 21st Century 25 Memoirs to Read Before You Die 25 Global Books to Read Before You Die 25 Women to Read Before You Die 25 Books to Read Before You Die Gifts Gift Cards  eGift Cards Powells Souvenirs Journals and Notebooks socks Games Sell Books Blog Events Find A Store Dont Miss BIG SALE 20 off sitewide Picks of the Season What Im Giving Great Gifts Under 25 Best Books of 2022 Powells Author Events Oregon Battle of the Books Audio Books Visit Our Stores Powells Books 14 Gift Ideas From 14 of Our Favorite Authors 0 comment Every year Powells reaches out to some of our favorite authors for some muchneeded giftgiving inspiration Below are 14 writerapproved recommendations to help you find the perfect book for even your mostdifficulttobuyfor loved one Read More  Powells Staff Best Books of 2022 Fiction 1 comment Kelsey Ford 6 Haunting Native American Horror Books 1 comment 1 LOCOK 1 LOCOK LOCCancel 1 LOCOK LOCCancel American Sign Language Phrase Book with DVD by Lou Fant Comment on this title Synopses  Reviews ISBN13 9780071759328 ISBN10 0071759328 Accompanying Material Missing All Product Details View Larger Image View Larger Images 3000 New Trade Paperback Ships in 1 to 3 days Qty Store 2 Local Warehouse Synopses  Reviews Publisher Comments Open up a whole new world of communication through ASL You can easily learn ASL with help from The American Sign Language Phrase Book With more than 500 phrases this is the reference guide to everyday expressions in American Sign Language providing a quick way for you to converse with deaf people Clearly illustrated with hundreds of line drawings this book focuses on areas such as health family school sports travel religion time money food and drink and small talk This editions chapter on technology boasts 50 phrases to help you communicate about the Internet computing video relay and more There is even a chapter that gives you phrases for communicating about signing asking people to sign slower indicating your fingerspelling ability and requesting help with your fledgling skills This edition ncludes a twohour DVD that presents rightand lefthanded signers demonstrating every phrase in the book from chapter 3 through the appendix From asking simple questions How are you to more complex phrases Theres no sign for that you have to fingerspell it The American Sign Language Phrase Book gives you the power to communicate easily and comfortably in ASL Synopsis Bestselling ASL phrasebook now enhanced with video demonstrations of each of the books 500plus phrases Table of Contents Preface 1 How to Use This Book 2 A Guide to ASL 3 Greetings Salutations and Everyday Expressions DVD 4 Signing and Deafness DVD 5 Getting Acquainted DVD 6 Health DVD 7 Weather DVD 8 Family DVD 9 School DVD 10 Food and Drink DVD 11 Clothing DVD 12 Sports and Recreation DVD 13 Travel DVD 14 Animals and Colors DVD 15 Civics DVD 16 Religion DVD 17 Numbers Time Dates and Money DVD 18 Technology DVD Appendix The Manual Alphabet DVD What Our Readers Are Saying Be the first to share your thoughts on this title Product Details ISBN 9780071759328 Binding Trade Paperback Publication date 05132011 Publisher MCGRAW HILL COMPANIES Accompanying Material DVD Pages 384 Height 84IN Width 626IN Thickness 75 Number of Units 1 Illustration Yes UPC Code 4294967295 Author Barbara Bernstein Fant Author Fant Lou Illustrator Betty G Miller Illustrator Betty G Miller Author Lou Fant Subject Foreign LanguagesAmerican Sign Language 3000 New Trade Paperback Ships in 1 to 3 days Qty Store 2 Local Warehouse Receive an email when this ISBN is available used 1 LOCOK 1 LOCOK LOCCancel 1 LOCOK LOCCancel 1 LOCOK 1 LOCOK LOCCancel 1 LOCOK LOCCancel 1 LOCOK 1 LOCOK LOCCancel 1 LOCOK LOCCancel 1 LOCOK 1 LOCOK LOCCancel 1 LOCOK LOCCancel Help Guarantee My Account Careers About Us Security Wish List Partners Contact Us Shipping Transparency ACT MRF Sitemap  2022 POWELLSCOM Terms 1 LOCOK 1 LOCOK LOCCancel 1 LOCOK LOCCancel 1 LOCOK 1 LOCOK LOCCancel 1 LOCOK LOCCancel 1 LOCOK 1 LOCOK LOCCancel 1 LOCOK LOCCancel 1 LOCOK 1 LOCOK LOCCancel 1 LOCOK LOCCancel",
    "page_rank": 3.913272903405283e-05
}