{
    "Title": " From Memex to Hypertext ",
    "Author": "James M. Nyce",
    "Cover Page": "https://covers.powells.com/9780125232708.jpg",
    "ISBN10": "0125232705  \n",
    "ISBN13": "9780125232708",
    "Page URL": "https://powells.com/book/from-memex-to-hypertext-9780125232708",
    "raw_text": "From Memex to Hypertext Bush Vannevar Hardcover 9780125232708 Powells Books Cart   my account  wish list  help  8008787323 Hello\n Login MENU Browse New Arrivals Bestsellers Featured Preorders Award Winners Audio Books See All Subjects Used Staff Picks Staff Picks Picks of the Month Bookseller Displays 50 Books for 50 Years 25 Best 21st Century SciFi  Fantasy 25 PNW Books to Read Before You Die 25 Books From the 21st Century 25 Memoirs to Read Before You Die 25 Global Books to Read Before You Die 25 Women to Read Before You Die 25 Books to Read Before You Die Gifts Gift Cards  eGift Cards Powells Souvenirs Journals and Notebooks socks Games Sell Books Blog Events Find A Store Dont Miss BIG SALE 20 off sitewide Picks of the Season What Im Giving Great Gifts Under 25 Best Books of 2022 Powells Author Events Oregon Battle of the Books Audio Books Visit Our Stores Powells Books 14 Gift Ideas From 14 of Our Favorite Authors 0 comment Every year Powells reaches out to some of our favorite authors for some muchneeded giftgiving inspiration Below are 14 writerapproved recommendations to help you find the perfect book for even your mostdifficulttobuyfor loved one Read More  Powells Staff Best Books of 2022 Fiction 1 comment Kelsey Ford 6 Haunting Native American Horror Books 1 comment 1 LOCOK 1 LOCOK LOCCancel 1 LOCOK LOCCancel From Memex to Hypertext by James M Nyce and Paul Kahn Comment on this title Synopses  Reviews ISBN13 9780125232708 ISBN10 0125232705 All Product Details View Larger Image View Larger Images 9727 New Hardcover Available at a Remote Warehouse Ships separately from other items Additional shipping charges may apply Not available for In Store Pickup More Info Qty Store 20 Remote Warehouse Synopses  Reviews Publisher Comments Vannevar Bush the engineer who designed the worlds most powerful analog computer predicted the development of a new kind of computing machine he called Memex For many computer and information scientists Bushs Memex has been the prototype for a machine to help people think This book contains Bushs essays and original essays by academic and commerical researchers relating the state of art in personal computing hypertext and information retrieval software to bushs ideas and Memex Table of Contents The Creation of Memex The Extension of Memex The Legacy of Memex What Our Readers Are Saying Be the first to share your thoughts on this title Product Details ISBN 9780125232708 Binding Hardcover Publication date 12171991 Publisher Academic Press Language English Pages 367 Height 113IN Width 636IN LCCN 91076751 Number of Units 1 Copyright Year 91 Series Volume 9306 UPC Code 2800125232700 Author James Nyce Ed James M Nyce Author Vannevar Bush Ed Paul Kahn Subject History Subject Computers ReferenceHistory and Society Subject Electronic analog computers  History Subject Bush Vannevar Subject Information technology Subject Electronic analog computers Subject Bush vannevar 18901974 9727 New Hardcover Available at a Remote Warehouse Ships separately from other items Additional shipping charges may apply Not available for In Store Pickup More Info Qty Store 20 Remote Warehouse Receive an email when this ISBN is available used 1 LOCOK 1 LOCOK LOCCancel 1 LOCOK LOCCancel 1 LOCOK 1 LOCOK LOCCancel 1 LOCOK LOCCancel 1 LOCOK 1 LOCOK LOCCancel 1 LOCOK LOCCancel 1 LOCOK 1 LOCOK LOCCancel 1 LOCOK LOCCancel Help Guarantee My Account Careers About Us Security Wish List Partners Contact Us Shipping Transparency ACT MRF Sitemap  2022 POWELLSCOM Terms 1 LOCOK 1 LOCOK LOCCancel 1 LOCOK LOCCancel 1 LOCOK 1 LOCOK LOCCancel 1 LOCOK LOCCancel 1 LOCOK 1 LOCOK LOCCancel 1 LOCOK LOCCancel 1 LOCOK 1 LOCOK LOCCancel 1 LOCOK LOCCancel",
    "page_rank": 2.4794798802742546e-05
}