{
    "Title": " Londons Number One Dog Walking Agency A Memoir ",
    "Author": "Kate Macdougall",
    "Cover Page": "https://powells-covers-2.s3.amazonaws.com/9780063059795.jpg",
    "ISBN10": "0063059797  \n",
    "ISBN13": "9780063059795",
    "Page URL": "https://powells.com/book/londons-number-one-dog-walking-agency-a-memoir-9780063059795",
    "raw_text": "Londons Number One Dog Walking Agency A Memoir Kate Macdougall Trade Paperback 9780063059795 Powells Books Cart   my account  wish list  help  8008787323 Hello\n Login MENU Browse New Arrivals Bestsellers Featured Preorders Award Winners Audio Books See All Subjects Used Staff Picks Staff Picks Picks of the Month Bookseller Displays 50 Books for 50 Years 25 Best 21st Century SciFi  Fantasy 25 PNW Books to Read Before You Die 25 Books From the 21st Century 25 Memoirs to Read Before You Die 25 Global Books to Read Before You Die 25 Women to Read Before You Die 25 Books to Read Before You Die Gifts Gift Cards  eGift Cards Powells Souvenirs Journals and Notebooks socks Games Sell Books Blog Events Find A Store Dont Miss BIG SALE 20 off sitewide Picks of the Season What Im Giving Great Gifts Under 25 Best Books of 2022 Powells Author Events Oregon Battle of the Books Audio Books Visit Our Stores Powells Books 14 Gift Ideas From 14 of Our Favorite Authors 0 comment Every year Powells reaches out to some of our favorite authors for some muchneeded giftgiving inspiration Below are 14 writerapproved recommendations to help you find the perfect book for even your mostdifficulttobuyfor loved one Read More  Powells Staff Best Books of 2022 Fiction 1 comment Kelsey Ford 6 Haunting Native American Horror Books 1 comment 1 LOCOK 1 LOCOK LOCCancel 1 LOCOK LOCCancel Londons Number One Dog Walking Agency A Memoir by Kate Macdougall Comment on this title Synopses  Reviews ISBN13 9780063059795 ISBN10 0063059797 All Product Details View Larger Image View Larger Images 1799 New Trade Paperback Ships in 1 to 3 days Qty Store 5 Burnside 5 Cedar Hills 1 Hawthorne 20 Local Warehouse Synopses  Reviews Synopsis  Sparkles with humor joy and wit Londons Number One DogWalking Agency bounds along with the energy of a rambunctious pup and exudes the wisdom of a beloved canine with an old soul you know the type  BookPage The irresistibly charming memoir of a young woman who started her own business as a dog walker for Londons busy wellheeled dog lovers A true love letter to London dogs and growing up Aside from the odd biter or growler the occasional bolter and the one dog who didnt want to walk the canines were the easy part They were a muddy messy joy in all shapes sizes and breeds from greedy Labradors to pampered pugs and everything in between It was the owners who were the real challenge a giddy mix of the overprotective the clueless the eccentrics and the perfectionists There is no rule book on how to navigate the obsessions of the London dog owner A degree in human psychology would have been far preferable to any sort of animal qualification Not that I had either In 2006 Kate MacDougall was working a safe but dull job at the venerable auction house Sothebys in London After a clumsy accident nearly destroyed a precious piece of art she quit Sothebys and set up her own dogwalking company Kate knew little about dogs and nothing about business and no one thought being a professional dog walker was a good use of her university degree Nevertheless Kate embarked upon an entirely new and very much improvised career walking some of the citys many pampered pooches branding her company Londons Number One Dog Walking Agency With sharp wit delightful observations and plenty of canine affection Kate reveals her unique and unconventional comingofage story as told through the dogs and the London homes and neighborhoods they inhabit One walk at a time she journeys from a haphazard twentysomething to a happilyand surprisinglysettled adult with love relationships drama and home ownership along the way But as Kate says Its all down to the dogs and what they taught her about Londonand life What Our Readers Are Saying Be the first to share your thoughts on this title Product Details ISBN 9780063059795 Binding Trade Paperback Publication date 07052022 Publisher WILLIAM MORROW  COMPANY INC Pages 368 Height 90IN Width 520IN Author Kate Macdougall 1799 New Trade Paperback Ships in 1 to 3 days Qty Store 5 Burnside 5 Cedar Hills 1 Hawthorne 20 Local Warehouse Receive an email when this ISBN is available used 1 LOCOK 1 LOCOK LOCCancel 1 LOCOK LOCCancel 1 LOCOK 1 LOCOK LOCCancel 1 LOCOK LOCCancel 1 LOCOK 1 LOCOK LOCCancel 1 LOCOK LOCCancel 1 LOCOK 1 LOCOK LOCCancel 1 LOCOK LOCCancel Help Guarantee My Account Careers About Us Security Wish List Partners Contact Us Shipping Transparency ACT MRF Sitemap  2022 POWELLSCOM Terms 1 LOCOK 1 LOCOK LOCCancel 1 LOCOK LOCCancel 1 LOCOK 1 LOCOK LOCCancel 1 LOCOK LOCCancel 1 LOCOK 1 LOCOK LOCCancel 1 LOCOK LOCCancel 1 LOCOK 1 LOCOK LOCCancel 1 LOCOK LOCCancel",
    "page_rank": 7.687059387555901e-05
}