{
    "Title": " The American Sign Language Puzzle Book, Volume 2 ",
    "Author": "Justin Segal",
    "Cover Page": "https://covers.powells.com/9780071475952.jpg",
    "ISBN10": "0071475958  \n",
    "ISBN13": "9780071475952",
    "Page URL": "https://powells.com/book/the-american-sign-language-puzzle-book-volume-2-9780071475952",
    "raw_text": "The American Sign Language Puzzle Book Volume 2 Segal Justin Trade Paperback 9780071475952 Powells Books Cart   my account  wish list  help  8008787323 Hello\n Login MENU Browse New Arrivals Bestsellers Featured Preorders Award Winners Audio Books See All Subjects Used Staff Picks Staff Picks Picks of the Month Bookseller Displays 50 Books for 50 Years 25 Best 21st Century SciFi  Fantasy 25 PNW Books to Read Before You Die 25 Books From the 21st Century 25 Memoirs to Read Before You Die 25 Global Books to Read Before You Die 25 Women to Read Before You Die 25 Books to Read Before You Die Gifts Gift Cards  eGift Cards Powells Souvenirs Journals and Notebooks socks Games Sell Books Blog Events Find A Store Dont Miss BIG SALE 20 off sitewide Picks of the Season What Im Giving Great Gifts Under 25 Best Books of 2022 Powells Author Events Oregon Battle of the Books Audio Books Visit Our Stores Powells Books 14 Gift Ideas From 14 of Our Favorite Authors 0 comment Every year Powells reaches out to some of our favorite authors for some muchneeded giftgiving inspiration Below are 14 writerapproved recommendations to help you find the perfect book for even your mostdifficulttobuyfor loved one Read More  Powells Staff Best Books of 2022 Fiction 1 comment Kelsey Ford 6 Haunting Native American Horror Books 1 comment 1 LOCOK 1 LOCOK LOCCancel 1 LOCOK LOCCancel The American Sign Language Puzzle Book Volume 2 by Justin Segal Comment on this title Synopses  Reviews ISBN13 9780071475952 ISBN10 0071475958 All Product Details View Larger Image View Larger Images 1800 New Trade Paperback Available at a Remote Warehouse Ships separately from other items Additional shipping charges may apply Not available for In Store Pickup More Info Qty Store 20 Remote Warehouse Synopses  Reviews Publisher Comments Its the most fun you can have while learning to sign The followup to the bestselling The American Sign Language Puzzle Book  this fun guide from ASL signer Justin Segal gives you tons more of your favorite brainteasers word searches scrambles and crosswords to help you learn the signs with ease Whether youre a beginning or advanced signer youll improve your skills in no time with A fresh variety of puzzles that will broaden your ASL vocabulary Expressive drawings that show exact hand movements including placement direction and repetition Puzzles designed to increase your ability to construct phrases A complete answer key you can use to keep track of your progress Table of Contents Introduction Reading the Signs The Manual Alphabet Easy Puzzles Medium Puzzles Hard Puzzles Answer Key What Our Readers Are Saying Be the first to share your thoughts on this title Product Details ISBN 9780071475952 Binding Trade Paperback Publication date 09052006 Publisher McGrawHill Companies Language English Pages 160 Height 34IN Width 854IN Thickness 34 in Number of Units 1 Illustration Yes Copyright Year 2006 UPC Code 2800071475954 Author Justin Segal Illustrator Betty C Miller Subject American sign language Subject Foreign LanguagesAmerican Sign Language Subject American Sign Language  Study and teaching Subject Study and teaching 1800 New Trade Paperback Available at a Remote Warehouse Ships separately from other items Additional shipping charges may apply Not available for In Store Pickup More Info Qty Store 20 Remote Warehouse Receive an email when this ISBN is available used 1 LOCOK 1 LOCOK LOCCancel 1 LOCOK LOCCancel 1 LOCOK 1 LOCOK LOCCancel 1 LOCOK LOCCancel 1 LOCOK 1 LOCOK LOCCancel 1 LOCOK LOCCancel 1 LOCOK 1 LOCOK LOCCancel 1 LOCOK LOCCancel Help Guarantee My Account Careers About Us Security Wish List Partners Contact Us Shipping Transparency ACT MRF Sitemap  2022 POWELLSCOM Terms 1 LOCOK 1 LOCOK LOCCancel 1 LOCOK LOCCancel 1 LOCOK 1 LOCOK LOCCancel 1 LOCOK LOCCancel 1 LOCOK 1 LOCOK LOCCancel 1 LOCOK LOCCancel 1 LOCOK 1 LOCOK LOCCancel 1 LOCOK LOCCancel",
    "page_rank": 3.913272903405283e-05
}