{
    "Title": " Truth & Beauty: A Friendship ",
    "Author": "Ann Patchett",
    "Cover Page": "https://covers.powells.com/9780060572150.jpg",
    "ISBN10": "0060572159  \n",
    "ISBN13": "9780060572150",
    "Page URL": "https://powells.com/book/truth-beauty-9780060572150",
    "raw_text": "Truth  Beauty A Friendship Ann Patchett Trade Paperback 9780060572150 Powells Books Cart   my account  wish list  help  8008787323 Hello\n Login MENU Browse New Arrivals Bestsellers Featured Preorders Award Winners Audio Books See All Subjects Used Staff Picks Staff Picks Picks of the Month Bookseller Displays 50 Books for 50 Years 25 Best 21st Century SciFi  Fantasy 25 PNW Books to Read Before You Die 25 Books From the 21st Century 25 Memoirs to Read Before You Die 25 Global Books to Read Before You Die 25 Women to Read Before You Die 25 Books to Read Before You Die Gifts Gift Cards  eGift Cards Powells Souvenirs Journals and Notebooks socks Games Sell Books Blog Events Find A Store Dont Miss BIG SALE 20 off sitewide Picks of the Season What Im Giving Great Gifts Under 25 Best Books of 2022 Powells Author Events Oregon Battle of the Books Audio Books Visit Our Stores Powells Books 14 Gift Ideas From 14 of Our Favorite Authors 0 comment Every year Powells reaches out to some of our favorite authors for some muchneeded giftgiving inspiration Below are 14 writerapproved recommendations to help you find the perfect book for even your mostdifficulttobuyfor loved one Read More  Powells Staff Best Books of 2022 Fiction 1 comment Kelsey Ford 6 Haunting Native American Horror Books 1 comment 1 LOCOK 1 LOCOK LOCCancel 1 LOCOK LOCCancel Truth  Beauty A Friendship by Ann Patchett Comment on this title Synopses  Reviews Read an Excerpt ISBN13 9780060572150 ISBN10 0060572159 Condition Standard All Product Details View Larger Image View Larger Images 895 List Price 1699 Used Trade Paperback Ships in 1 to 3 days Qty Store 6 Burnside 1 Cedar Hills 1 Hawthorne 17 Local Warehouse Synopses  Reviews Publisher Comments Ann Patchett and the late Lucy Grealy met in college in 1981 and after enrolling in the Iowa Writers Workshop began a friendship that would be as defining to both of their lives as their work In Grealys critically acclaimed memoir Autobiography of a Face  she wrote about losing part of her jaw to childhood cancer years of chemotherapy and radiation and endless reconstructive surgeries In Truth  Beauty  the story isnt Lucys life or Anns life but the parts of their lives they shared This is a portrait of unwavering commitment that spans twenty years from the long winters of the Midwest to surgical wards to book parties in New York Through love fame drugs and despair this is what it means to be part of two lives that are intertwined and what happens when one is left behind This is a tender brutal book about loving the person we cannot save It is about loyalty and being lifted up by the sheer effervescence of someone who knew how to live life to the fullest Review A tough and loving tribute hard to put down impossible to forget Kirkus Reviews Review To say that Truth and Beauty is a memoir about a friendship while true doesnt begin to do justice to the extraordinary bond the two writers shared or Patchetts refined reflection upon it Sarah Gianelli The Oregonian Review A harrowing document composed in a spare forthright style\u0085 Grealys letters glow with the energy of a quirkily original voice\u0085The juxtaposing of these very different voices makes the memoir an inspired duet Joyce Carol Oates The New York Times Book Review Review Dazzling in its psychological interpretationscandid in its selfportraiture and gracefully balanced between emotion and reasonan utterly involving and cathartic elegy that speaks to everyone who would do anything for their soul mate Booklist About the Author Ann Patchett is the author of five novels the New York Times bestselling Run  The Patron Saint of Liars  which was a New York Times Notable Book of the Year Taft  which won the Janet Heidinger Kafka Prize The Magicians Assistant  and Bel Canto  which won the PENFaulkner Award the Orange Prize the BookSense Book of the Year and was a finalist for the National Book Critics Circle Award She is also the author of two works of nonfiction the New York Times bestselling Truth  Beauty and What now Patchett has written for many publications including the Atlantic Monthly  Harpers Magazine  Gourmet  the New York Times  Vogue  and the Washington Post  She lives in Nashville Tennessee 46 5 What Our Readers Are Saying Share your thoughts on this title Average customer rating 46 5 comments  writermala  July 19 2021 view all comments by writermala This nonfiction book is wellwritten and poignant but not as good as Ann Patchetts novels The book is about her friendship with another writer Lucy Grealy who has led a tragic life The book though is not about Anns life or Lucys life rather it is about their friendship Ann loves Lucy unconditionally and though Lucy comes across as rather needy given her life it is understandable and she too is an equal contributor to the friendship Given the surgical challenges that she has overcome one expects Lucy to live a full life but alas That was a mistake Was this comment helpful  Yes  No report this\ncomment  Sandra Post  June 15 2015 view all comments by Sandra Post Ann Patchetts memoir about her close friendship with Lucy Grealy is a heartwarming and heartbreaking story about a special friendship that begins after college and lasts until they are in their late thirties ending as many stories must end Lucy Grealy brilliant quirky creative and selfdestructive lives a wild life strongly influenced by childhood cancer in her jaw and a lifetime of surgeries Ann Patchett is the rock the stable force in Lucys life I was drawn into the depth of their friendship because weve all known people like these two women who come into each others lives and share a love and a bond that is rare A touching story written by a master storyteller Was this comment helpful  Yes  No 2 of 3 readers found this comment helpful report this\ncomment  EK  October 22 2014 view all comments by EK I adore this book It is a raw and honest look at the pain and love that goes into relationships Ann Patchett and Lucy Grealy are both amazing authors and this book shares about their deep friendship Was this comment helpful  Yes  No report this\ncomment  Jasmine  January 21 2007 view all comments by Jasmine A wonderful absorbing and sad book about friendship and love Was this comment helpful  Yes  No 26 of 54 readers found this comment helpful report this\ncomment  lilah78  October 07 2006 view all comments by lilah78 In her finest work yet Patchett paints a poignant picture of friendship one that all of us can on some level relate to By weaving Lucy Grealys letters throughout this brutally honest narrative Patchett gives the reader another level of insight into their sometimes tumultuous friendship At the same time she keeps Grealy alive and allows the late poet to speak for herself in a memoir where Patchetts version of the story can at times seem to overshadow Grealys redeeming qualities Was this comment helpful  Yes  No 29 of 52 readers found this comment helpful report this\ncomment View all 5 comments Product Details ISBN 9780060572150 Binding Trade Paperback Publication date 04052005 Publisher HARPERCOLLINS PUBLISHERS Pages 272 Height 69IN Width 540IN Thickness 75 Age Range 14 to 18 Grade Range 9 to 13 Number of Units 1 Copyright Year 2005 UPC Code 2800060572152 Author Ann Patchett Media Run Time B Subject United states Subject Grealy Lucy Subject Personal Memoirs Subject Female friendship Subject Ewings sarcoma  Patients  United States Subject Friendship Subject BiographyWomen 895 List Price 1699 Used Trade Paperback Ships in 1 to 3 days Qty Store 6 Burnside 1 Cedar Hills 1 Hawthorne 17 Local Warehouse More copies of this ISBN Used Trade Paperback Starting from 950 1 LOCOK 1 LOCOK LOCCancel 1 LOCOK LOCCancel 1 LOCOK 1 LOCOK LOCCancel 1 LOCOK LOCCancel 1 LOCOK 1 LOCOK LOCCancel 1 LOCOK LOCCancel 1 LOCOK 1 LOCOK LOCCancel 1 LOCOK LOCCancel Help Guarantee My Account Careers About Us Security Wish List Partners Contact Us Shipping Transparency ACT MRF Sitemap  2022 POWELLSCOM Terms 1 LOCOK 1 LOCOK LOCCancel 1 LOCOK LOCCancel 1 LOCOK 1 LOCOK LOCCancel 1 LOCOK LOCCancel 1 LOCOK 1 LOCOK LOCCancel 1 LOCOK LOCCancel 1 LOCOK 1 LOCOK LOCCancel 1 LOCOK LOCCancel",
    "page_rank": 3.6651601375568143e-05
}