{
    "Title": " Is It a Choice? - 3rd Edition: Answers to the Most Frequently Asked Questions about Gay & Lesbian People ",
    "Author": "Marcus, Eric",
    "Cover Page": "https://covers.powells.com/9780060832803.jpg",
    "ISBN10": "0060832800  \n",
    "ISBN13": "9780060832803",
    "Page URL": "https://powells.com/book/is-it-a-choice-3rd-edition-9780060832803",
    "raw_text": "Is It A Choice  Eric Marcus Trade Paperback 9780060832803 Powells Books Cart   my account  wish list  help  8008787323 Hello\n Login MENU Browse New Arrivals Bestsellers Featured Preorders Award Winners Audio Books See All Subjects Used Staff Picks Staff Picks Picks of the Month Bookseller Displays 50 Books for 50 Years 25 Best 21st Century SciFi  Fantasy 25 PNW Books to Read Before You Die 25 Books From the 21st Century 25 Memoirs to Read Before You Die 25 Global Books to Read Before You Die 25 Women to Read Before You Die 25 Books to Read Before You Die Gifts Gift Cards  eGift Cards Powells Souvenirs Journals and Notebooks socks Games Sell Books Blog Events Find A Store Dont Miss BIG SALE 20 off sitewide Picks of the Season What Im Giving Great Gifts Under 25 Best Books of 2022 Powells Author Events Oregon Battle of the Books Audio Books Visit Our Stores Powells Books 14 Gift Ideas From 14 of Our Favorite Authors 0 comment Every year Powells reaches out to some of our favorite authors for some muchneeded giftgiving inspiration Below are 14 writerapproved recommendations to help you find the perfect book for even your mostdifficulttobuyfor loved one Read More  Powells Staff Best Books of 2022 Fiction 1 comment Kelsey Ford 6 Haunting Native American Horror Books 1 comment 1 LOCOK 1 LOCOK LOCCancel 1 LOCOK LOCCancel Is It a Choice  3rd Edition Answers to the Most Frequently Asked Questions about Gay  Lesbian People by Marcus Eric Comment on this title Synopses  Reviews ISBN13 9780060832803 ISBN10 0060832800 Condition Standard All Product Details View Larger Image View Larger Images 495 List Price 1499 Used Trade Paperback Ships in 1 to 3 days Qty Store 1 Burnside Synopses  Reviews Publisher Comments  p The answers to all the questions youve ever had about homosexuality but were afraid to ask are finally in one book  i Is It a Choice    p In this newly revised and updated edition Eric Marcus provides insightful no ndash nonsense answers to hundreds of the most commonly asked questions about homosexuality Offering frank insight on everything youve always wanted ndash and needed ndash to know about same ndash gender relationships coming out family roles politics and much more including   p How do you know if youre gay or lesbian   p What should you do if your child is gay or lesbian   p Do gay parents raise gay children   p If you think a friend is gay or lesbian what should you say   p Why do gay men and women want to get married   p What does the Bible say about homosexuality  Synopsis The answers to all the questions youve ever had about sexual orientation but were afraid to ask Eric Marcus provides insightful nononsense answers to hundreds of the most commonly asked questions about samesex orientation Offering frank and accepting insight on everything youve always wantedand neededto know about samegender relationships coming out family roles politics and much more including How do you know if youre gay or lesbian What should you do if your child is gay or lesbian Do gay parents raise gay children What does the Bible say about homosexuality Synopsis The answers to all the questions youve ever had about homosexuality but were afraid to ask are finally in one book Is It a Choice  In this newly revised and updated edition Eric Marcus provides insightful nononsense answers to hundreds of the most commonly asked questions about homosexuality Offering frank insight on everything youve always wantedand neededto know about samegender relationships coming out family roles politics and much more including How do you know if youre gay or lesbian What should you do if your child is gay or lesbian Do gay parents raise gay children If you think a friend is gay or lesbian what should you say Why do gay men and women want to get married What does the Bible say about homosexuality About the Author Eric Marcus is the author of several books including Is It A Choice Making Gay History and Together Forever He is also coauthor of Breaking the Surface the 1 New York Times bestselling autobiography of Olympic diving champion Greg Louganis What Our Readers Are Saying Be the first to share your thoughts on this title Product Details ISBN 9780060832803 Binding Trade Paperback Publication date 08302005 Publisher HarperOne Language English Edition 3 Pages 272 Height 66IN Width 542IN Thickness 70 LCCN 2005052527 Number of Units 1 Copyright Year 2005 UPC Code 2800060832805 Author Eric Marcus Subject Gay men  United States Subject Lesbians  United States Subject Gay and LesbianGeneral Subject Homosexuality Subject Gay men 495 List Price 1499 Used Trade Paperback Ships in 1 to 3 days Qty Store 1 Burnside 1 LOCOK 1 LOCOK LOCCancel 1 LOCOK LOCCancel 1 LOCOK 1 LOCOK LOCCancel 1 LOCOK LOCCancel 1 LOCOK 1 LOCOK LOCCancel 1 LOCOK LOCCancel 1 LOCOK 1 LOCOK LOCCancel 1 LOCOK LOCCancel Help Guarantee My Account Careers About Us Security Wish List Partners Contact Us Shipping Transparency ACT MRF Sitemap  2022 POWELLSCOM Terms 1 LOCOK 1 LOCOK LOCCancel 1 LOCOK LOCCancel 1 LOCOK 1 LOCOK LOCCancel 1 LOCOK LOCCancel 1 LOCOK 1 LOCOK LOCCancel 1 LOCOK LOCCancel 1 LOCOK 1 LOCOK LOCCancel 1 LOCOK LOCCancel",
    "page_rank": 4.0318969709487367e-05
}