{
    "Title": " Akata Witch (The Nsibidi Scripts #1) ",
    "Author": "Nnedi Okorafor",
    "Cover Page": "https://powells-covers-2.s3.amazonaws.com/9780142420911.jpg",
    "ISBN10": "0142420913  \n",
    "ISBN13": "9780142420911",
    "Page URL": "https://powells.com/book/-9780142420911",
    "raw_text": "Akata Witch Nnedi Okorafor Hardcover 9780142420911 Powells Books Cart   my account  wish list  help  8008787323 Hello\n Login MENU Browse New Arrivals Bestsellers Featured Preorders Award Winners Audio Books See All Subjects Used Staff Picks Staff Picks Picks of the Month Bookseller Displays 50 Books for 50 Years 25 Best 21st Century SciFi  Fantasy 25 PNW Books to Read Before You Die 25 Books From the 21st Century 25 Memoirs to Read Before You Die 25 Global Books to Read Before You Die 25 Women to Read Before You Die 25 Books to Read Before You Die Gifts Gift Cards  eGift Cards Powells Souvenirs Journals and Notebooks socks Games Sell Books Blog Events Find A Store Dont Miss BIG SALE 20 off sitewide Picks of the Season What Im Giving Great Gifts Under 25 Best Books of 2022 Powells Author Events Oregon Battle of the Books Audio Books Visit Our Stores Powells Books 14 Gift Ideas From 14 of Our Favorite Authors 0 comment Every year Powells reaches out to some of our favorite authors for some muchneeded giftgiving inspiration Below are 14 writerapproved recommendations to help you find the perfect book for even your mostdifficulttobuyfor loved one Read More  Powells Staff Best Books of 2022 Fiction 1 comment Kelsey Ford 6 Haunting Native American Horror Books 1 comment 1 LOCOK 1 LOCOK LOCCancel 1 LOCOK LOCCancel Akata Witch The Nsibidi Scripts 1 by Nnedi Okorafor Comment on this title Synopses  Reviews ISBN13 9780142420911 ISBN10 0142420913 Condition Like New All Product Details View Larger Image View Larger Images 598 List Price 1199 Used Trade Paperback Ships in 1 to 3 days Qty Store 4 Burnside 2 Cedar Hills 2 Hawthorne 6 Local Warehouse Staff Pick Nnedi Okorafor is a remarkable writer bringing fresh ideas humanity and all the requisite excitement to her novels Akata Witch is a great and satisfying story and an excellent beginning to a series I look forward to more Recommended By Doug C Powellscom Synopses  Reviews Publisher Comments Nnedi Okorafor writes glorious futures and fabulous fantasies Her characters take your heart and squeeze it her worlds open your mind to new things Neil Gaiman author of The Graveyard Book and American Gods Affectionately dubbed the Nigerian Harry Potter Akata Witch weaves together a heartpounding tale of magic mystery and finding ones place in the world Perfect for fans of Children of Blood and Bone  Sunny Nwazue lives in Nigeria but she was born in New York City Her features are West African but shes albino Shes a terrific athlete but cant go out into the sun to play soccer There seems to be no place where she fits in And then she discovers something amazing  she is a free agent with latent magical power And she has a lot of catching up to do Soon shes part of a quartet of magic students studying the visible and invisible learning to change reality But as shes finding her footing Sunny and her friends are asked by the magical authorities to help track down a career criminal who knows magic too Will their training be enough to help them combat a threat whose powers greatly outnumber theirs World Fantasy Awardwinning author Nnedi Okorafor blends magic and adventure to create a lush world Her writing has been called stunning by The New York Times and her fans include Neil Gaiman Rick Riordan John Green Ursula K Le Guin and many more Review The voice of Nnedi Okorafor does not obey the rules of distance time or place Hers is the voice that fuses matter and imagination She shows us just how close we are to that alternate reality Tchidi Chikere Nigerian awardwinning film director and screenwriter Review Nnedi Okorafor is opening doors into strange and beautiful new worldsRich mysterious and convincing Akata Witch takes fantasy in a haunting new direction Jonathan Stroud New York Times bestselling author of The Bartimaeus Trilogy Review Theres more vivid imagination in a page of Nnedi Okorafors work than in whole volumes of ordinary fantasy epics Ursula K Le Guin About the Author Nnedi Okorafor was born in the United States to two Nigerian immigrant parents She holds a PhD in English and is a professor at Chicago State University She has been the winner of and finalist for many awards 45 6 What Our Readers Are Saying Share your thoughts on this title Average customer rating 45 6 comments  JWallis  November 15 2019 view all comments by JWallis I LOVE this book I could not put it down and picked up the 2nd book Akata Warrior before I was even 12 way done with this one Nnedi Okorafor creates an amazing world that feels real multidimensional and magical all together She incorporates African mythology in a way that feels smart and seamless She also does it in such a way that if you are like me and dont know a lot of African mythology you dont miss anything but it doesnt feel like shes over explaining Was this comment helpful  Yes  No 1 of 1 readers found this comment helpful report this\ncomment  Kevin L  October 09 2018 view all comments by Kevin L Akata Witch follows Sunny who is an outsider in every community she enters Shes an American in Nigeria an albino among black people a girl in a maledominated household and sport and a free agent in the world of Juju She ends up meeting friends who join her adventure through this new world of magic and learns that she and her group have the duty to fight a mass murderer trying to upturn the magical society Okorafor introduces a western audience to an extraordinary culture with her use of language and allows readers to worry for Sunny as she gets thrust into various situation that test her abilities and teamwork The diversity in the characters personalities is compelling and entertainingIm a little older than the target audience so I understand that this book is meant to be relatable for teenagers and under given that thats the main characters age range but I cant help asking why it has to be these kids In most books theres some haphazard explanation about how only the kids know about the villains or some prophecy that tells of how only the kids can fight But in Akata Witch the adults admitted that they sent several groups of kids to fight in the past but they all died Not only that but they never explain why the adults couldnt fight either Nothing other than the kids being expendable Does it empower young readers Perhaps But I feel like there needed to be a reason other than that I enjoyed the story nonetheless but wish there was some explanation Was this comment helpful  Yes  No 1 of 1 readers found this comment helpful report this\ncomment  Jessy Torrance  September 21 2018 view all comments by Jessy Torrance Akata Witch though simple in how it was told delivered a beautiful story that I connected deeply with Im not bothered by the dialect as I believe it fits our young narrator and main character Sunny though I can see how older readers might find it too simple to pull them in Nnedi Okorafor delivers a blended AmericanNigerian story showing the culture of Nigeria through an Americanized lens The magic in Okorafors world is deeply individual and adds to message that the things that make her characters unique are their strengths rather than weaknesses Sunnys relationships with her family and her found family challenge traditional ideas of where allegiance should lie highlights the difference between respect and fear and asks the reader to think about the masks they wear in their everyday lives that hide their true self Sunny struggles with balancing her lives  the one at home and the one outside of it  in a way that is deeply human and relatable though her motives were supernatural All in all Akata Witch offers readers a wonderful story that is easy to get lost in with dynamic and interesting characters I never found myself bored and I cant wait to pick up the sequel Akata Warrior when I get the chance Was this comment helpful  Yes  No report this\ncomment  Sarah Wasik  September 21 2018 As other commenters have noted Akata Witch feels like a middlegrade novel probably aimed at ages 1013 However its writing is digestible enough that a lot of younger kids could manage it and likewise its content is valuable for older readers too As a twentyyearold fan of YA and adult fiction alike I found that this book definitely stood up to scrutiny I would describe it as an African story in Western packaging the style is very easy to read with an ample helping of Western tropes whether those are subverted or played straight  but the collectivist values nestled inside are totally unique from the ones youll find in everyday American lit Youre presented with a protagonist who strikes you at first as the typical chosen one tasked with saving the world but not even halfway through the book her mentor straightup tells her This world is bigger than you and it will go on regardless Her friends take an equally active role in the action and both knowledge and individual differences are highly celebrated The magic in this book has an especially unique flavor to it Each character has their own affinities or abilities that come naturally to them tied to their shortcomings that make you wonder what your own powers might be After reading something like Harry Potter the basic layout of the book is familiar but everything else feels oneofakind I would recommend this book to anyone whos interested in it Was this comment helpful  Yes  No report this\ncomment  Casey Shippa  September 21 2018 view all comments by Casey Shippa I consider myself to be a rather avid reader of YA and this book stood out to me more than other fantasy novels Ive read Its certainly more suited for middle grade readers and possibly even some children younger than that Its imaginative the magic is well done and absolutely captivating and the characters are all unique Its well suited to being called the Nigerian Harry Potter and personally I prefer it However there are sections of the book that as an adult I found both unnecessary to the plot and slow pacewise I believe this book to be a very good response to the typical Eurocentric fantasy novel but overall it falls just a little short of where it could land That said I intend to purchase Akata Warrior once I have time to read it Was this comment helpful  Yes  No report this\ncomment  Rachel Matthews  September 21 2018 Akata Witch was recommended to me as a young adult book but seems more suited for middle grade readers Its language is fairly simple and easy to follow Sunnys stomach sank as her classmates lined up before her They all looked so angry The transitional phrase minutes later also comes up a lot And while the protagonist Sunny is characterized in depth we dont get a very deep view of other main characters like her best friend Orlu\nThat being said this book has a lot of merit in terms of its concept The review on the cover is right to praise Okorafors imagination Her take on the magical comingofage novel is one that most American kids probably havent read before but one that they can easily dive into It has the classic outsider brought into the magical world whose destiny is to defeat a dark force with the help of their friends But Sunnys world of exploding tungwas secret spirit faces juju knives and currency dropped from thin air has to be read to be believed Theres nothing about it that feels stale or overdone especially in the collectivist way the characters relate to each other Rather than individual power the highest aim for these magicians or Leopard people is knowledge Was this comment helpful  Yes  No report this\ncomment View all 6 comments Product Details ISBN 9780142420911 Binding Trade Paperback Publication date 07112017 Publisher Speak Language English Pages 384 Thickness 131 in Age Range 12 and up Grade Range 7 and up Author Nnedi Okorafor 598 List Price 1199 Used Trade Paperback Ships in 1 to 3 days Qty Store 4 Burnside 2 Cedar Hills 2 Hawthorne 6 Local Warehouse More copies of this ISBN New Trade Paperback Starting from 1099 Used Trade Paperback Starting from 750 1 LOCOK 1 LOCOK LOCCancel 1 LOCOK LOCCancel 1 LOCOK 1 LOCOK LOCCancel 1 LOCOK LOCCancel 1 LOCOK 1 LOCOK LOCCancel 1 LOCOK LOCCancel 1 LOCOK 1 LOCOK LOCCancel 1 LOCOK LOCCancel Help Guarantee My Account Careers About Us Security Wish List Partners Contact Us Shipping Transparency ACT MRF Sitemap  2022 POWELLSCOM Terms 1 LOCOK 1 LOCOK LOCCancel 1 LOCOK LOCCancel 1 LOCOK 1 LOCOK LOCCancel 1 LOCOK LOCCancel 1 LOCOK 1 LOCOK LOCCancel 1 LOCOK LOCCancel 1 LOCOK 1 LOCOK LOCCancel 1 LOCOK LOCCancel",
    "page_rank": 5.203085443661719e-05
}