{
    "Title": " Wingbearer ",
    "Author": "Marjorie Liu, Teny Issakhanian",
    "Cover Page": "https://powells-covers-2.s3.amazonaws.com/9780062741158.jpg",
    "ISBN10": "0062741152  \n",
    "ISBN13": "9780062741158",
    "Page URL": "https://powells.com/book/wingbearer-9780062741158",
    "raw_text": "Wingbearer Marjorie Liu Teny Issakhanian Trade Paperback 9780062741158 Powells Books Cart   my account  wish list  help  8008787323 Hello\n Login MENU Browse New Arrivals Bestsellers Featured Preorders Award Winners Audio Books See All Subjects Used Staff Picks Staff Picks Picks of the Month Bookseller Displays 50 Books for 50 Years 25 Best 21st Century SciFi  Fantasy 25 PNW Books to Read Before You Die 25 Books From the 21st Century 25 Memoirs to Read Before You Die 25 Global Books to Read Before You Die 25 Women to Read Before You Die 25 Books to Read Before You Die Gifts Gift Cards  eGift Cards Powells Souvenirs Journals and Notebooks socks Games Sell Books Blog Events Find A Store Dont Miss BIG SALE 20 off sitewide Picks of the Season What Im Giving Great Gifts Under 25 Best Books of 2022 Powells Author Events Oregon Battle of the Books Audio Books Visit Our Stores Powells Books 14 Gift Ideas From 14 of Our Favorite Authors 0 comment Every year Powells reaches out to some of our favorite authors for some muchneeded giftgiving inspiration Below are 14 writerapproved recommendations to help you find the perfect book for even your mostdifficulttobuyfor loved one Read More  Powells Staff Best Books of 2022 Fiction 1 comment Kelsey Ford 6 Haunting Native American Horror Books 1 comment 1 LOCOK 1 LOCOK LOCCancel 1 LOCOK LOCCancel Wingbearer by Marjorie Liu Teny Issakhanian Comment on this title Synopses  Reviews ISBN13 9780062741158 ISBN10 0062741152 Condition Like New All Product Details View Larger Image View Larger Images 698 List Price 1299 Used Trade Paperback Ships in 1 to 3 days Qty Store 20 Local Warehouse From Powellscom Powells Picks of the Month Hot new releases and undertheradar gems for adults and kids Staff Pick Zuli must brave a world she doesnt remember in this adventure story rich with Marjorie Lius skillful pacing and Teny Issakhanians wonderfully expressive illustrations Recommended By Keith M Powellscom Synopses  Reviews Publisher Comments A young girl must stop a threat to her magical world in this epic graphic novel from New York Times bestselling author Marjorie Liu and remarkable debut illustrator Teny Issakhanian Zuli is extraordinary  she just doesnt realize it yet Raised by mystical bird spirits in the branches of the Great Tree shes never ventured beyond this safe haven Shes never had to Until now When a sinister force threatens the lifegiving magic of the tree Zuli along with her guardian owl Frowly must get to the root of it So begins an adventure bigger than anything Zuli couldve ever imaginedone that will bring her along with some newfound friends facetoface with an ancient dragon the socalled WitchQueen and most surprisingly of all her true identity This captivating middle grade graphic novel the first of a series is perfect for fans of the Amulet books and the Wings of Fire series Review This fantasy graphic novel hits all the right notes of excitement danger and cool magical elements in one short volume Bulletin of the Center for Childrens Books Review Deeply expressive Issakhanians use of lush vibrant colors gives each scene an ethereal glow Booklist Review Liu crafts a compelling brave and joyful protagonist in Zuli An epic fantasy adventure with a classic feel Publishers Weekly Starred Review About the Author Marjorie Liu is the New York Times bestselling author of the Monstress series illustrated by Sana Takeda She also writes for Marvel Comics including Black Widow X23  and Astonishing XMen  Marjorie teaches comic book writing at MIT and divides her time between Boston Massachusetts and Tokyo Japan Teny Issakhanian is an Armenian American illustrator building worlds and stories as a storyboard artist and visual development artist in the entertainment industry She has worked on a multitude of shows at animation studios including Walt Disney Animation Studios DreamWorks Animation Television Disney Television Animation and the Jim Henson Company Teny graduated from the University of California Berkeley and the ArtCenter College of Design She is based in Los Angeles What Our Readers Are Saying Be the first to share your thoughts on this title Product Details ISBN 9780062741158 Binding Trade Paperback Publication date 03012022 Publisher QUILL TREE BOOKS Pages 208 Age Range 9 to 12 Grade Range 4 to 7 Author Marjorie Liu Illustrator Teny Issakhanian 698 List Price 1299 Used Trade Paperback Ships in 1 to 3 days Qty Store 20 Local Warehouse More copies of this ISBN New Trade Paperback 1299 Used Trade Paperback 895 1 LOCOK 1 LOCOK LOCCancel 1 LOCOK LOCCancel 1 LOCOK 1 LOCOK LOCCancel 1 LOCOK LOCCancel 1 LOCOK 1 LOCOK LOCCancel 1 LOCOK LOCCancel 1 LOCOK 1 LOCOK LOCCancel 1 LOCOK LOCCancel Help Guarantee My Account Careers About Us Security Wish List Partners Contact Us Shipping Transparency ACT MRF Sitemap  2022 POWELLSCOM Terms 1 LOCOK 1 LOCOK LOCCancel 1 LOCOK LOCCancel 1 LOCOK 1 LOCOK LOCCancel 1 LOCOK LOCCancel 1 LOCOK 1 LOCOK LOCCancel 1 LOCOK LOCCancel 1 LOCOK 1 LOCOK LOCCancel 1 LOCOK LOCCancel",
    "page_rank": 3.982515615740438e-05
}