{
    "Title": " Bad Feminist ",
    "Author": "Roxane Gay",
    "Cover Page": "https://covers.powells.com/9780062282712.jpg",
    "ISBN10": "0062282719  \n",
    "ISBN13": "9780062282712",
    "Page URL": "https://powells.com/book/bad-feminist-9780062282712",
    "raw_text": "Bad Feminist Roxane Gay Trade Paperback 9780062282712 Powells Books Cart   my account  wish list  help  8008787323 Hello\n Login MENU Browse New Arrivals Bestsellers Featured Preorders Award Winners Audio Books See All Subjects Used Staff Picks Staff Picks Picks of the Month Bookseller Displays 50 Books for 50 Years 25 Best 21st Century SciFi  Fantasy 25 PNW Books to Read Before You Die 25 Books From the 21st Century 25 Memoirs to Read Before You Die 25 Global Books to Read Before You Die 25 Women to Read Before You Die 25 Books to Read Before You Die Gifts Gift Cards  eGift Cards Powells Souvenirs Journals and Notebooks socks Games Sell Books Blog Events Find A Store Dont Miss BIG SALE 20 off sitewide Picks of the Season What Im Giving Great Gifts Under 25 Best Books of 2022 Powells Author Events Oregon Battle of the Books Audio Books Visit Our Stores Powells Books 14 Gift Ideas From 14 of Our Favorite Authors 0 comment Every year Powells reaches out to some of our favorite authors for some muchneeded giftgiving inspiration Below are 14 writerapproved recommendations to help you find the perfect book for even your mostdifficulttobuyfor loved one Read More  Powells Staff Best Books of 2022 Fiction 1 comment Kelsey Ford 6 Haunting Native American Horror Books 1 comment 1 LOCOK 1 LOCOK LOCCancel 1 LOCOK LOCCancel Bad Feminist by Roxane Gay Comment on this title Synopses  Reviews ISBN13 9780062282712 ISBN10 0062282719 Condition Standard All Product Details View Larger Image View Larger Images 1095 List Price 1700 Used Trade Paperback Ships in 1 to 3 days Qty Store 12 Local Warehouse From Powellscom Black History Month Staff recommendations guest essays and curated reading lists Staff Pick This book is a wellcrafted mix of humor and logic The essays vary from personal topics to academic concepts The overall reading experience is both fun and informative and what struck me most was how the author illustrates how feminism doesnt have to be perfect to be beneficial Recommended By Junix S Powellscom Synopses  Reviews Publisher Comments Best Book of the Year NPR  Boston Globe  Newsweek  Time Out New York  Oprahcom  Miami Herald  Book Riot  Buzz Feed  Globe and Mail Toronto  The Root  Shelf Awareness A collection of essays spanning politics criticism and feminism from one of the mostwatched cultural observers of her generation In these funny and insightful essays Gay takes us through the journey of her evolution as a woman  Sweet Valley High  of color  The Help  while also taking readers on a ride through culture of the last few years  Girls Django in Chains  and commenting on the state of feminism today abortion Chris Brown The portrait that emerges is not only one of an incredibly insightful woman continually growing to understand herself and our society but also one of our culture Bad Feminist is a sharp funny and spoton look at the ways in which the culture we consume becomes who we are and an inspiring calltoarms of all the ways we still need to do better coming from one of our most interesting and important cultural critics Review Blunt and funnyGay acknowledges I am a mass of contradictions For Gay though these contradictions are less a condition to be remedied than a source of greater strength Washington Post Review A trenchant collectionWhatever her topic Gays provocative essays stand out for their bravery wit and emotional honesty Publishers Weekly Starred Review Review Roxane Gay is so great at weaving the intimate and personal with what is most bewildering and upsetting at this moment in culture She is always looking always thinking always passionate always careful always right there Sheila Heti author of How Should a Person Be Review Entertaining and enlighteningBad Feminist is an outtake of her wisdom and we would all do well to take heed Bitch Magazine About the Author Roxane Gay is the author of the essay collection Bad Feminist  which was a New York Times bestseller the novel An Untamed State  a finalist for the Dayton Peace Prize the memoir Hunger which was a New York Times bestseller and received a National Book Critics Circle citation and the short story collections Difficult Women and Ayiti  A contributing opinion writer to the New York Times  she has also written for Time McSweeneys  the Virginia Quarterly Review  the Los Angeles Times The Nation The Rumpus Bookforum  and Salon  Her fiction has also been selected for The Best American Short Stories 2012 The Best American Mystery Stories 2014  and other anthologies She is the author of World of Wakanda for Marvel She lives in Lafayette Indiana and sometimes Los Angeles 5 5 What Our Readers Are Saying Share your thoughts on this title Average customer rating 5 5 comments  Poshnotions  October 26 2017 I havent gotten to read the book but want to badly I just read the friends to do list and am in love and dmd it to 15 women I know thank you for the chance to win the book Was this comment helpful  Yes  No 2 of 3 readers found this comment helpful report this\ncomment  K L Matthews  April 28 2015 This book is incredible As a bad feminist I thoroughly enjoyed seeing an accurate portrayal of a modern feminist As a person of color and a college student there were essays that uniquely struck a chord within me And I think her essays on Chris Brown and 50 Shades of Gray are probably the most balanced arguments Ive read thus far Was this comment helpful  Yes  No 4 of 6 readers found this comment helpful report this\ncomment  nickknepshield  February 19 2015 view all comments by nickknepshield Its hard to find books that accurately depict the daytoday experience of someone who identifies as a feminist Gay is able to lift the curtain and show readers that being a feminist is not inherently taking a moral highground but rather striving to better yourself each day Gays use of popular culture makes it fun to read about her various opinions regarding the world and feminisms place within it Was this comment helpful  Yes  No 8 of 12 readers found this comment helpful report this\ncomment  Kayla Perry  November 08 2014 view all comments by Kayla Perry There are many things I like about this book so its hard to pin down what exactly makes it great I love Gays assertion thats it better to be a bad feminist than be no feminist at all and how critically she examines the intersectionality of race class and gender With shrewd observation and nods to pop culture Gay manages to make her book a fast engaging read and challenge us to question all our preconceived notions of how our culture deals with POC in the media and life in general Would highly recommend to anyone Was this comment helpful  Yes  No 4 of 8 readers found this comment helpful report this\ncomment  IngridS  October 23 2014 Roxane Gays collection of essays was so thought provoking that its been a couple weeks since I finished the collection and Im still thinking about the essays Ive looked up scrabble tournaments curious about that subculture my toread list has practically doubled from books mentioned in her essays although Im not ready to move on from this collection her critiques on American culture throw punches and I appreciate her honesty and writing Was this comment helpful  Yes  No 4 of 7 readers found this comment helpful report this\ncomment View all 5 comments Product Details ISBN 9780062282712 Binding Trade Paperback Publication date 08052014 Publisher HARPERCOLLINS PUBLISHERS Pages 336 Height 100IN Width 520IN Thickness 75 Author Roxane Gay Subject Sociology  essays Subject HumorAnthologies 1095 List Price 1700 Used Trade Paperback Ships in 1 to 3 days Qty Store 12 Local Warehouse More copies of this ISBN New Trade Paperback 1700 Used Trade Paperback 1195 1 LOCOK 1 LOCOK LOCCancel 1 LOCOK LOCCancel 1 LOCOK 1 LOCOK LOCCancel 1 LOCOK LOCCancel 1 LOCOK 1 LOCOK LOCCancel 1 LOCOK LOCCancel 1 LOCOK 1 LOCOK LOCCancel 1 LOCOK LOCCancel Help Guarantee My Account Careers About Us Security Wish List Partners Contact Us Shipping Transparency ACT MRF Sitemap  2022 POWELLSCOM Terms 1 LOCOK 1 LOCOK LOCCancel 1 LOCOK LOCCancel 1 LOCOK 1 LOCOK LOCCancel 1 LOCOK LOCCancel 1 LOCOK 1 LOCOK LOCCancel 1 LOCOK LOCCancel 1 LOCOK 1 LOCOK LOCCancel 1 LOCOK LOCCancel",
    "page_rank": 3.381244302144323e-05
}