{
    "Title": " Coraline ",
    "Author": "Neil Gaiman",
    "Cover Page": "https://covers.powells.com/9780060575915.jpg",
    "ISBN10": "0060575913  \n",
    "ISBN13": "9780060575915",
    "Page URL": "https://powells.com/book/coraline-9780060575915",
    "raw_text": "Coraline Neil Gaiman Mass Market 9780060575915 Powells Books Cart   my account  wish list  help  8008787323 Hello\n Login MENU Browse New Arrivals Bestsellers Featured Preorders Award Winners Audio Books See All Subjects Used Staff Picks Staff Picks Picks of the Month Bookseller Displays 50 Books for 50 Years 25 Best 21st Century SciFi  Fantasy 25 PNW Books to Read Before You Die 25 Books From the 21st Century 25 Memoirs to Read Before You Die 25 Global Books to Read Before You Die 25 Women to Read Before You Die 25 Books to Read Before You Die Gifts Gift Cards  eGift Cards Powells Souvenirs Journals and Notebooks socks Games Sell Books Blog Events Find A Store Dont Miss BIG SALE 20 off sitewide Picks of the Season What Im Giving Great Gifts Under 25 Best Books of 2022 Powells Author Events Oregon Battle of the Books Audio Books Visit Our Stores Powells Books 14 Gift Ideas From 14 of Our Favorite Authors 0 comment Every year Powells reaches out to some of our favorite authors for some muchneeded giftgiving inspiration Below are 14 writerapproved recommendations to help you find the perfect book for even your mostdifficulttobuyfor loved one Read More  Powells Staff Best Books of 2022 Fiction 1 comment Kelsey Ford 6 Haunting Native American Horror Books 1 comment 1 LOCOK 1 LOCOK LOCCancel 1 LOCOK LOCCancel Coraline by Neil Gaiman Comment on this title Synopses  Reviews Read Author Note Award Excerpt Read an Excerpt ISBN13 9780060575915 ISBN10 0060575913 All Product Details View Larger Image View Larger Images 999 New Mass Market Ships in 1 to 3 days Qty Store 2 Burnside 15 Local Warehouse Awards 2003 Hugo Award for Best Novella 2003 Nebula Award for Best Novella Staff Pick Reasons to read Coraline  Its spooky it has a fantastic fictional cat and\nCoraline is clever brave and snarky Reasons to love Coraline  All of the above Recommended By Junix S Powellscom One of the best books I have ever read I had never read Neil Gaiman before picking up this book but now I want to read all his work Its an incredible story in such a small book The book puts you right where Coraline is and makes you really truly feel every emotion every anxiety Even if you know whats going to happen next youll still find your heart racing A great start for any young scare fanatic or a perfect addition for a seasoned horror devotee Recommended By Aster A Powellscom Synopses  Reviews Publisher Comments When Coraline steps through a door to find another house strangely similar to her own only better things seem marvelous But theres another mother there and another father and they want her to stay and be their little girl They want to change her and never let her go Coraline will have to fight with all her wit and courage if she is to save herself and return to her ordinary life Review Neil Gaiman is simply put a treasure house of story and we are lucky to have him in any medium Stephen King Review I think this book will nudge Alice in Wonderland out of its niche at last It is the most splendidly original weird and frightening book I have read and yet full of things children will love Diana Wynne Jones author of Dark Lord of Derkholm Review This book will send a shiver down your spine out through your toes and into a taxi to the airport It has the delicate horror of the finest fairy tales and it is a masterpiece Terry Pratchett author of the Discworld series and coauthor of Good Omens Review This book tells a fascinating and disturbing story that frightened me nearly to death Unless you want to find yourself hiding under your bed with your thumb in your mouth trembling with fear and making terrible noises I suggest that you step very slowly away from this book and go find another source of amusement such as investigating an unsolved crime or making a small animal out of yarn Lemony Snicket author of The Series of Unfortunate Events Review Delicate and extraordinary it reads like Alice in Wonderland crossed with Stephen King The Independent UK Review A modern ghost story with all the creepy trimmingsWell done The New York Times Book Review Review Magnificently creepy Some deliciously eerie descriptive writing Not for the fainthearted  who are mostly adults anyway  but for stouthearted kids who love a brush with the sinister Coraline is spot on Kirkus Reviews Starred Review Review An electrifyingly creepy tale likely to haunt young readers for many moonsGaiman twines his taught tale with a menacing tone and crisp prose fraught with memorable imagery Publishers Weekly Starred Review Review Not since Narnia has the simple act of opening a door unlocked such a fantastic journey And not since Alice tumbled down the rabbit hole has that journey been so splendidly strange and frightening USA Today Review Inventive scary thrilling and finally affirmative Readers young and old will find something to startle them Washington Post Book World Review By turns creepy and funny bittersweet and playfulcan be read quickly and enjoyed deeply San Francisco Chronicle Book Review Review Beautifully spooky Gaiman actually seems to understand the way children think The Christian Science Monitor Synopsis New York Times bestselling and Newbery Medalwinning author Neil Gaimans modern classic Coraline also an Academy Awardnominated film Coraline discovered the door a little while after they moved into the house When Coraline steps through a door to find another house strangely similar to her own only better things seem marvelous But theres another mother there and another father and they want her to stay and be their little girl They want to change her and never let her go Coraline will have to fight with all her wit and courage if she is to save herself and return to her ordinary life Neil Gaimans Coraline is a cantmiss classic that enthralls readers age 8 to 12 but also adults who enjoy a perfect smart spooky read About the Author Neil Gaiman is a New York Times bestselling author of more than twenty books for adults and children including the novels Neverwhere  Stardust  American Gods  Anansi Boys  Coraline  and The Graveyard Book  the Sandman series of graphic novels and Make Good Art  the text of a commencement speech he delivered at Philadelphias University of the Arts He is the recipient of numerous literary honors including the Locus and Hugo Awards and the Newbery and Carnegie Medals 18 million people follow him on Twitter Born and raised in England Neil Gaiman now lives in Cambridge Massachusetts with his wife the rock star Amanda Palmer Dave McKean is best known for his work on Neil Gaimans Sandman series of graphic novels and for his CD covers for musicians from Tori Amos to Alice Cooper He also illustrated Neil Gaimans picture books The Day I Swapped My Dad for Two Goldfish  The Wolves in the Walls  and Crazy Hair  He is a cult figure in the comic book world and is also a photographer 3 1 What Our Readers Are Saying Share your thoughts on this title Average customer rating 3 1 comments  readersrespite  January 27 2009 view all comments by readersrespite Young Coraline isnt all that happy with her life Her parents work too much and as young children are wont to be shes bored But when she discovers her alternate life behind a hidden door she begins to think that her real life isnt so bad Evil lurks behind every corner as Coraline tries desperately to regain her old life\nAdvertised for ages eight and up Coraline is for all intents and purposes a horror book for kids Scary but without the gore\nAnd although I havent interviewed any eight year olds on the matter I suspect Gaiman largely succeeds in scaring the pee out of them The alternate world Coraline stumbles into strangely mirrors her own containing another set of parents who despite their outward declarations of love and devotion dont seem quite right Black buttons instead of eyes are a pretty big clue here\nThe alternate world Gaiman creates is quite well thoughtout And while the themes of the novella may not be original the conveyance of it certainly is\nAs rich as the plot is however there is something lacking in Coraline We know she is a kind girl and even quite a smart girl But thats about all we ever get to know Ultimately shes rather onedimensional in a cardboard cutout sort of way Perhaps this was by design but I missed getting to know Coraline\nHmmmmm Heres the brutal truth the thrill just wasnt happening for me By no means is this an awful book It won a Hugo Award a Nebula Award and the Bram Stroker Award\nI read it I didnt hate it But neither am I running out and buying copies for every kid I know Maybe I missed something Its been known to happen\nI do however have high hopes for the forthcoming film version Was this comment helpful  Yes  No 4 of 7 readers found this comment helpful report this\ncomment Product Details ISBN 9780060575915 Binding Mass Market Publication date 05042004 Publisher HARPERCOLLINS PUBLISHERS Pages 194 Height 70IN Width 420IN Thickness 50 Age Range 10 to 13 Grade Range 5 to 8 Number of Units 1 Illustration Yes Copyright Year 2004 UPC Code 2800060575917 Author Dave McKean Author Neil Gaiman Illustrator Dave McKean Author Dave ILT McKean Author Neil Gaiman Subject Children s All Ages  Fiction  Science Fiction Subject Childrens stories English Subject Childrens 912  Fiction  Science Fiction Subject Childrens 12Up  Fiction  Horror Subject Children sScary Stories 999 New Mass Market Ships in 1 to 3 days Qty Store 2 Burnside 15 Local Warehouse Receive an email when this ISBN is available used This title in other editions New Hardcover Starting from 1599 New Other 3130 New Trade Paperback Starting from 899 1 LOCOK 1 LOCOK LOCCancel 1 LOCOK LOCCancel 1 LOCOK 1 LOCOK LOCCancel 1 LOCOK LOCCancel 1 LOCOK 1 LOCOK LOCCancel 1 LOCOK LOCCancel 1 LOCOK 1 LOCOK LOCCancel 1 LOCOK LOCCancel Help Guarantee My Account Careers About Us Security Wish List Partners Contact Us Shipping Transparency ACT MRF Sitemap  2022 POWELLSCOM Terms 1 LOCOK 1 LOCOK LOCCancel 1 LOCOK LOCCancel 1 LOCOK 1 LOCOK LOCCancel 1 LOCOK LOCCancel 1 LOCOK 1 LOCOK LOCCancel 1 LOCOK LOCCancel 1 LOCOK 1 LOCOK LOCCancel 1 LOCOK LOCCancel",
    "page_rank": 0
}