{
    "Title": " Finding Me ",
    "Author": "Viola Davis",
    "Cover Page": "https://powells-covers-2.s3.amazonaws.com/9780063037328.jpg",
    "ISBN10": "0063037327  \n",
    "ISBN13": "9780063037328",
    "Page URL": "https://powells.com/book/finding-me-9780063037328",
    "raw_text": "Finding Me A Memoir Viola Davis Hardcover 9780063037328 Powells Books Cart   my account  wish list  help  8008787323 Hello\n Login MENU Browse New Arrivals Bestsellers Featured Preorders Award Winners Audio Books See All Subjects Used Staff Picks Staff Picks Picks of the Month Bookseller Displays 50 Books for 50 Years 25 Best 21st Century SciFi  Fantasy 25 PNW Books to Read Before You Die 25 Books From the 21st Century 25 Memoirs to Read Before You Die 25 Global Books to Read Before You Die 25 Women to Read Before You Die 25 Books to Read Before You Die Gifts Gift Cards  eGift Cards Powells Souvenirs Journals and Notebooks socks Games Sell Books Blog Events Find A Store Dont Miss BIG SALE 20 off sitewide Picks of the Season What Im Giving Great Gifts Under 25 Best Books of 2022 Powells Author Events Oregon Battle of the Books Audio Books Visit Our Stores Powells Books 14 Gift Ideas From 14 of Our Favorite Authors 0 comment Every year Powells reaches out to some of our favorite authors for some muchneeded giftgiving inspiration Below are 14 writerapproved recommendations to help you find the perfect book for even your mostdifficulttobuyfor loved one Read More  Powells Staff Best Books of 2022 Fiction 1 comment Kelsey Ford 6 Haunting Native American Horror Books 1 comment 1 LOCOK 1 LOCOK LOCCancel 1 LOCOK LOCCancel Finding Me by Viola Davis Comment on this title Synopses  Reviews ISBN13 9780063037328 ISBN10 0063037327 All Product Details View Larger Image View Larger Images 2899 New Hardcover Ships in 1 to 3 days Qty Store 14 Burnside 1 Cedar Hills 1 Hawthorne 20 Local Warehouse Staff Pick The first AfricanAmerican actor to receive an Emmy an Oscar and a Tony award Viola Davis has written a beautiful and inspiring memoir beginning from her workingclass upbringing in Rhode Island to her time spent at Julliard and her determination for playing the roles she wanted to play If youve been enthralled by her craft in film television and stage you will enjoy this wonderful memoir by an amazing actor Recommended By Kim T Powellscom Synopses  Reviews Publisher Comments In my book you will meet a little girl named Viola who ran from her past until she made a life changing decision to stop running forever This is my story from a crumbling apartment in Central Falls Rhode Island to the stage in New York City and beyond This is the path I took to finding my purpose and my strength but also to finding my voice in a world that didnt always see me As I wrote Finding Me  my eyes were open to the truth of how our stories are often not given close examination They are bogarted reinvented to fit into a crazy competitive judgmental world So I wrote this for anyone who is searching for a way to understand and overcome a complicated past let go of shame and find acceptance For anyone who needs reminding that a life worth living can only be born from radical honesty and the courage to shed facades and beyou Finding Me is a deep reflection on my past and a promise for my future My hope is that my story will inspire you to light up your own life with creative expression and rediscover who you were before the world put a label on you Review An unvarnished chronicle of hardwon wellearned success Kirkus Reviews Synopsis OPRAHS BOOK CLUB PICK  A HARPERS BAZAAR BEST BOOK OF 2022  A PARADE MOST ANTICIPATED BOOK  A MARIE CLAIRE MOST ANTICIPATED BOOK Reading Finding Me    you understand where her ability comes from Only someone who has already been dragged into the depths of emotion readily knows how to get back there New York Times Magazine  A fulfilling narrative of struggle and successHer gorgeous storytelling will inspire anyone wishing to shed old labels  Los Angeles Times This book is a testament to resilience hard work and the power of owning your truth  Real Simple In my book you will meet a little girl named Viola who ran from her past until she made a lifechanging decision to stop running forever This is my story from a crumbling apartment in Central Falls Rhode Island to the stage in New York City and beyond This is the path I took to finding my purpose but also my voice in a world that didnt always see me As I wrote Finding Me  my eyes were open to the truth of how our stories are often not given close examination We are forced to reinvent them to fit into a crazy competitive judgmental world So I wrote this for anyone running through life untethered desperate and clawing their way through murky memories trying to get to some form of selflove For anyone who needs reminding that a life worth living can only be born from radical honesty and the courage to shed facades and be    you Finding Me is a deep reflection a promise and a love letter of sorts to self My hope is that my story will inspire you to light up your own life with creative expression and rediscover who you were before the world put a label on you Synopsis OPRAHS BOOK CLUB PICK  A HARPERS BAZAAR BEST BOOK OF 2022  A PARADE MOST ANTICIPATED BOOK  A MARIE CLAIRE MOST ANTICIPATED BOOK Its clear from the first page that Davis is going to serve a more intimate unpolished account than is typical of the average often ghostwritten celebrity memoir Finding Me reads like Davis is sitting you down for a oneonone conversation about her life warts and all USA Today  A fulfilling narrative of struggle and successHer gorgeous storytelling will inspire anyone wishing to shed old labels Los Angeles Times In my book you will meet a little girl named Viola who ran from her past until she made a lifechanging decision to stop running forever This is my story from a crumbling apartment in Central Falls Rhode Island to the stage in New York City and beyond This is the path I took to finding my purpose but also my voice in a world that didnt always see me As I wrote Finding Me  my eyes were open to the truth of how our stories are often not given close examination We are forced to reinvent them to fit into a crazy competitive judgmental world So I wrote this for anyone running through life untethered desperate and clawing their way through murky memories trying to get to some form of selflove For anyone who needs reminding that a life worth living can only be born from radical honesty and the courage to shed facades and be    you Finding Me is a deep reflection a promise and a love letter of sorts to self My hope is that my story will inspire you to light up your own life with creative expression and rediscover who you were before the world put a label on you What Our Readers Are Saying Be the first to share your thoughts on this title Product Details ISBN 9780063037328 Binding Hardcover Publication date 04262022 Publisher HARPERCOLLINS PUBLISHERS Pages 304 Height 117IN Width 631IN Illustration Yes Author Viola Davis 2899 New Hardcover Ships in 1 to 3 days Qty Store 14 Burnside 1 Cedar Hills 1 Hawthorne 20 Local Warehouse Receive an email when this ISBN is available used 1 LOCOK 1 LOCOK LOCCancel 1 LOCOK LOCCancel 1 LOCOK 1 LOCOK LOCCancel 1 LOCOK LOCCancel 1 LOCOK 1 LOCOK LOCCancel 1 LOCOK LOCCancel 1 LOCOK 1 LOCOK LOCCancel 1 LOCOK LOCCancel Help Guarantee My Account Careers About Us Security Wish List Partners Contact Us Shipping Transparency ACT MRF Sitemap  2022 POWELLSCOM Terms 1 LOCOK 1 LOCOK LOCCancel 1 LOCOK LOCCancel 1 LOCOK 1 LOCOK LOCCancel 1 LOCOK LOCCancel 1 LOCOK 1 LOCOK LOCCancel 1 LOCOK LOCCancel 1 LOCOK 1 LOCOK LOCCancel 1 LOCOK LOCCancel",
    "page_rank": 2.7169491598832846e-05
}