{
    "Title": " Throw the Damn Ball: Classic Poetry by Dogs ",
    "Author": "R. D. Rosen",
    "Cover Page": "https://covers.powells.com/9780142180853.jpg",
    "ISBN10": "0142180858  \n",
    "ISBN13": "9780142180853",
    "Page URL": "https://powells.com/book/throw-the-damn-ball-9780142180853",
    "raw_text": "Throw the Damn Ball Classic Poetry by Dogs R D Rosen Harry Prichett Rob Battles Hardcover 9780142180853 Powells Books Cart   my account  wish list  help  8008787323 Hello\n Login MENU Browse New Arrivals Bestsellers Featured Preorders Award Winners Audio Books See All Subjects Used Staff Picks Staff Picks Picks of the Month Bookseller Displays 50 Books for 50 Years 25 Best 21st Century SciFi  Fantasy 25 PNW Books to Read Before You Die 25 Books From the 21st Century 25 Memoirs to Read Before You Die 25 Global Books to Read Before You Die 25 Women to Read Before You Die 25 Books to Read Before You Die Gifts Gift Cards  eGift Cards Powells Souvenirs Journals and Notebooks socks Games Sell Books Blog Events Find A Store Dont Miss BIG SALE 20 off sitewide Picks of the Season What Im Giving Great Gifts Under 25 Best Books of 2022 Powells Author Events Oregon Battle of the Books Audio Books Visit Our Stores Powells Books 14 Gift Ideas From 14 of Our Favorite Authors 0 comment Every year Powells reaches out to some of our favorite authors for some muchneeded giftgiving inspiration Below are 14 writerapproved recommendations to help you find the perfect book for even your mostdifficulttobuyfor loved one Read More  Powells Staff Best Books of 2022 Fiction 1 comment Kelsey Ford 6 Haunting Native American Horror Books 1 comment 1 LOCOK 1 LOCOK LOCCancel 1 LOCOK LOCCancel Throw the Damn Ball Classic Poetry by Dogs by R D Rosen and Harry Prichett and Rob Battles Comment on this title Synopses  Reviews ISBN13 9780142180853 ISBN10 0142180858 Condition Standard All Product Details View Larger Image View Larger Images 1050 List Price 1600 Used Hardcover Ships in 1 to 3 days Qty Store 1 Burnside 1 Cedar Hills 3 Local Warehouse Synopses  Reviews Publisher Comments A hilarious collection of poetry by dogsand151perfect for lovers of literature and pups alike and147Dogs seldom make passes At dogs passing gassesand8221 Are these the words of Dorothy Parker Ogden Nash Nope the author is Sparky from Milton Pennsylvania Sparky Snowy Tucker Louie these canine laureates have written a volume of poetry displaying the brilliance and wit weand8217ve always suspected our dogs were hiding from us They also it turns out revere the human geniuses who came before them as youand8217ll see with and147There Is No Frigate Like A Pavementand8221and151an homage to Emily Dickinsonand151and and147Do Not Go Gentleand8221 Yes Dylan Thomas would love it Synopsis A hilarious collection of poetry by dogs perfect for lovers of literature and pups alike Dogs seldom make passes At dogs passing gasses Are these the words of Dorothy Parker Ogden Nash Nope the author is Sparky from Milton Pennsylvania Sparky Snowy Tucker Louie these canine laureates have written a volume of poetry displaying the brilliance and wit weve always suspected our dogs were hiding from us They also it turns out revere the human geniuses who came before them as you ll see with There Is No Frigate Like A Pavement  an homage to Emily Dickinson  and Do Not Go Gentle Yes Dylan Thomas would love it Synopsis A hilarious collection of poetry by dogs perfect for lovers of literature and pups alike Dogs seldom make passes At dogs passing gasses Are these the words of Dorothy Parker Ogden Nash Nope the author is Sparky from Milton Pennsylvania Sparky Snowy Tucker Louie these canine laureates have written a volume of poetry displaying the brilliance and wit weve always suspected our dogs were hiding from us They also it turns out revere the human geniuses who came before them as youll see with There Is No Frigate Like A Pavement  an homage to Emily Dickinson  and Do Not Go Gentle Yes Dylan Thomas would love it About the Author R D Rosen is the Edgar Awardwinning author of Strike Three Youre Dead and other Harvey Blissberg mysteries plus several nonfiction books Harry Prichett has written and performed for the improv comedy group Chicago City Limits and is the voice you often hear on television and radio commercials Rob Battles who has written and produced for public radio stations and National Public Radio is a senior vice president for a large forwardlooking media company Together Rosen Prichett and Battles wrote the bestselling Bad Dog Bad Baby Bad President and with Jim Edgar Bad Cat  What Our Readers Are Saying Be the first to share your thoughts on this title Product Details ISBN 9780142180853 Binding Hardcover Publication date 10292013 Publisher Plume Books Language English Pages 128 Height 60IN Width 610IN Thickness 50 Age Range 18 and up Grade Range 13 and up Illustration Yes Copyright Year 2013 Author R D Rosen Author Harry Prichett Author Rob Battles Author Rob Battles Author Harry Prichett Author R D Rosen Author Harry Prichett Author R D Rosen Author Rob Battles Subject HumorAnimals 1050 List Price 1600 Used Hardcover Ships in 1 to 3 days Qty Store 1 Burnside 1 Cedar Hills 3 Local Warehouse 1 LOCOK 1 LOCOK LOCCancel 1 LOCOK LOCCancel 1 LOCOK 1 LOCOK LOCCancel 1 LOCOK LOCCancel 1 LOCOK 1 LOCOK LOCCancel 1 LOCOK LOCCancel 1 LOCOK 1 LOCOK LOCCancel 1 LOCOK LOCCancel Help Guarantee My Account Careers About Us Security Wish List Partners Contact Us Shipping Transparency ACT MRF Sitemap  2022 POWELLSCOM Terms 1 LOCOK 1 LOCOK LOCCancel 1 LOCOK LOCCancel 1 LOCOK 1 LOCOK LOCCancel 1 LOCOK LOCCancel 1 LOCOK 1 LOCOK LOCCancel 1 LOCOK LOCCancel 1 LOCOK 1 LOCOK LOCCancel 1 LOCOK LOCCancel",
    "page_rank": 3.861743443062842e-05
}