{
    "Title": " The Wild Unknown Pocket Animal Spirit Deck ",
    "Author": "Kim Krans",
    "Cover Page": "https://powells-covers-2.s3.amazonaws.com/9780063226555.jpg",
    "ISBN10": "0063226553  \n",
    "ISBN13": "9780063226555",
    "Page URL": "https://powells.com/book/wild-unknown-pocket-animal-spirit-deck-9780063226555",
    "raw_text": "The Wild Unknown Pocket Animal Spirit Deck Kim Krans Hardcover 9780063226555 Powells Books Cart   my account  wish list  help  8008787323 Hello\n Login MENU Browse New Arrivals Bestsellers Featured Preorders Award Winners Audio Books See All Subjects Used Staff Picks Staff Picks Picks of the Month Bookseller Displays 50 Books for 50 Years 25 Best 21st Century SciFi  Fantasy 25 PNW Books to Read Before You Die 25 Books From the 21st Century 25 Memoirs to Read Before You Die 25 Global Books to Read Before You Die 25 Women to Read Before You Die 25 Books to Read Before You Die Gifts Gift Cards  eGift Cards Powells Souvenirs Journals and Notebooks socks Games Sell Books Blog Events Find A Store Dont Miss BIG SALE 20 off sitewide Picks of the Season What Im Giving Great Gifts Under 25 Best Books of 2022 Powells Author Events Oregon Battle of the Books Audio Books Visit Our Stores Powells Books 14 Gift Ideas From 14 of Our Favorite Authors 0 comment Every year Powells reaches out to some of our favorite authors for some muchneeded giftgiving inspiration Below are 14 writerapproved recommendations to help you find the perfect book for even your mostdifficulttobuyfor loved one Read More  Powells Staff Best Books of 2022 Fiction 1 comment Kelsey Ford 6 Haunting Native American Horror Books 1 comment 1 LOCOK 1 LOCOK LOCCancel 1 LOCOK LOCCancel The Wild Unknown Pocket Animal Spirit Deck by Kim Krans Comment on this title Synopses  Reviews ISBN13 9780063226555 ISBN10 0063226553 All Product Details View Larger Image View Larger Images 1999 New Hardcover Ships in 1 to 3 days Qty Store 6 Burnside 4 Cedar Hills 5 Hawthorne 20 Local Warehouse Synopses  Reviews Synopsis Kim Krans is not only the star of the new tarot movement but the person who redefined it for a new era For its legion of fans The Wild Unknown is more than a tarot deck it is a way of life Hand drawn and deeply personal each and every one of the 78 cards that comprise the deck is a work of art unto itself that explores the mysteries of the natural world and the animal kingdom in spare minimalistic but deeply impactful linedrawings that invite contemplation and deep seeking The guidebook is an equally gorgeous work of artan entirely handlettered and fully illustrated 200 page primer on the meanings of the major and minor arcana the four suits of the deck and each and every one of the 78 individual cards Designed as a high quality keepsake to be treasured for a lifetimeand beyond perfect as gift for any occasion What Our Readers Are Saying Be the first to share your thoughts on this title Product Details ISBN 9780063226555 Binding Hardcover Publication date 10252022 Publisher HarperOne Language English Pages 80 Height 180IN Width 240IN Author Kim Krans 1999 New Hardcover Ships in 1 to 3 days Qty Store 6 Burnside 4 Cedar Hills 5 Hawthorne 20 Local Warehouse Receive an email when this ISBN is available used 1 LOCOK 1 LOCOK LOCCancel 1 LOCOK LOCCancel 1 LOCOK 1 LOCOK LOCCancel 1 LOCOK LOCCancel 1 LOCOK 1 LOCOK LOCCancel 1 LOCOK LOCCancel 1 LOCOK 1 LOCOK LOCCancel 1 LOCOK LOCCancel Help Guarantee My Account Careers About Us Security Wish List Partners Contact Us Shipping Transparency ACT MRF Sitemap  2022 POWELLSCOM Terms 1 LOCOK 1 LOCOK LOCCancel 1 LOCOK LOCCancel 1 LOCOK 1 LOCOK LOCCancel 1 LOCOK LOCCancel 1 LOCOK 1 LOCOK LOCCancel 1 LOCOK LOCCancel 1 LOCOK 1 LOCOK LOCCancel 1 LOCOK LOCCancel",
    "page_rank": 3.873185017316509e-05
}