{
    "Title": " The Seven Circles: Indigenous Teachings for Living Well ",
    "Author": "Chelsey Luger",
    "Cover Page": "https://powells-covers-2.s3.amazonaws.com/9780063119208.jpg",
    "ISBN10": "006311920X  \n",
    "ISBN13": "9780063119208",
    "Page URL": "https://powells.com/book/the-seven-circles-9780063119208",
    "raw_text": "Seven Circles Indigenous Teachings for Living Well Chelsey Luger Thosh Collins Hardcover 9780063119208 Powells Books Cart   my account  wish list  help  8008787323 Hello\n Login MENU Browse New Arrivals Bestsellers Featured Preorders Award Winners Audio Books See All Subjects Used Staff Picks Staff Picks Picks of the Month Bookseller Displays 50 Books for 50 Years 25 Best 21st Century SciFi  Fantasy 25 PNW Books to Read Before You Die 25 Books From the 21st Century 25 Memoirs to Read Before You Die 25 Global Books to Read Before You Die 25 Women to Read Before You Die 25 Books to Read Before You Die Gifts Gift Cards  eGift Cards Powells Souvenirs Journals and Notebooks socks Games Sell Books Blog Events Find A Store Dont Miss BIG SALE 20 off sitewide Picks of the Season What Im Giving Great Gifts Under 25 Best Books of 2022 Powells Author Events Oregon Battle of the Books Audio Books Visit Our Stores Powells Books 14 Gift Ideas From 14 of Our Favorite Authors 0 comment Every year Powells reaches out to some of our favorite authors for some muchneeded giftgiving inspiration Below are 14 writerapproved recommendations to help you find the perfect book for even your mostdifficulttobuyfor loved one Read More  Powells Staff Best Books of 2022 Fiction 1 comment Kelsey Ford 6 Haunting Native American Horror Books 1 comment 1 LOCOK 1 LOCOK LOCCancel 1 LOCOK LOCCancel The Seven Circles Indigenous Teachings for Living Well by Chelsey Luger and Thosh Collins Comment on this title Synopses  Reviews ISBN13 9780063119208 ISBN10 006311920X All Product Details View Larger Image View Larger Images 2999 New Hardcover Ships in 1 to 3 days Qty Store 14 Burnside 1 Cedar Hills 20 Local Warehouse Synopses  Reviews Publisher Comments In this revolutionary selfhelp guide two beloved Native American wellness activists offer wisdom for achieving spiritual physical and emotional wellbeing rooted in Indigenous ancestral knowledge When wellness teachers and husbandwife duo Chelsey Luger and Thosh Collins founded their Indigenous wellness initiative Well for Culture they extended an invitation to all to honor their whole self through Native wellness philosophies and practices In reclaiming this ancient wisdom for health and wellbeing  drawing from traditions spanning multiple tribes  they developed the Seven Circles a holistic model for modern living rooted in timeless teachings from their ancestors Luger and Collins have introduced this universally adaptable template for living well to Ivy league universities and corporations like Nike Adidas and Google and now make it available to everyone in this wise guide The Seven Circles model comprises interconnected circles that keep all aspects of our lives in balance functioning in harmony with one another They are  Food  Movement  Sleep  Ceremony  Sacred Space  Land  Community In The Seven Circles  Luger and Collins share intimate stories from their life journeys growing up in tribal communities from the Indigenous tradition of staying active and spiritually centered through running and dance to the universal Indigenous emphasis on a lightfilled minimalist home to create sacred space Along the way Luger and Collins invite readers to both adapt these teachings to their lives as well as do so without appropriating and erasing the original context representing a critical new ethos for the wellness space Each chapter closes with practical advice on how to engage with the teachings as well as wisdom for keeping that particular circle in harmony with the others With warmth and generosity  and 75 atmospheric photographs by Collins throughout  The Seven Circles teaches us how to connect with nature with our community and with ourselves and to integrate ancient Indigenous philosophies of health and wellbeing into our own lives to find healing and balance Review Luger and Collins are recentering the conversation around how to use Indigenous cultural values foods and modalities of movement as tools for spiritual mental physical and emotional healing Vanity Fair Review Luger and Collins rewrite modern narratives regarding Native health while addressing complex histories and ongoing disparities Outside Magazine Review A lifechanging holistic guide to wellness rooted in empowerment resiliency and good medicine This book is for any human being searching for wellness solutions in a chaotic world a true antidote to colonization Vina Brown Indigenous Scholar Entrepreneur Artist and Professor of Indigenous Studies at Northwest Indian College Review  The Seven Circles is a true innovation in Indigenous thought it brings our shared heritage and traditional teachings to life Truly inspiring Readers will find their journey to be a motivating guide for selftransformation Taiaiake Alfred Mohawk Philosopher About the Author Chelsey Luger is a writer and wellness advocate originally from North Dakota an enrolled member of the Turtle Mountain Band of Chippewa and descendant of the Standing Rock Sioux Tribe She got her undergraduate degree at Dartmouth College concentrating on comparative histories of global Indigenous cultures and later earned an MS in Digital Media at Columbia Universitys Graduate School of Journalism She is the cofounder of Well For Culture Her writing has appeared in the Atlantic Huffington Post Yes Magazine  and other outlets Thosh Collins is a photographer board member for the Native Wellness Institute and cofounder of Well For Culture He is On Akimel Oodham SenecaCayuga and Osage born and raised on the Salt River Reservation He serves on the Salt River PimaMaricopa Land Board and remains politically and culturally active within his community He and Chelsey Luger live in Arizona and have two daughters What Our Readers Are Saying Be the first to share your thoughts on this title Product Details ISBN 9780063119208 Binding Hardcover Publication date 10252022 Publisher HARPERCOLLINS PUBLISHERS Pages 256 Author Chelsey Luger Author Thosh Collins 2999 New Hardcover Ships in 1 to 3 days Qty Store 14 Burnside 1 Cedar Hills 20 Local Warehouse Receive an email when this ISBN is available used This title in other editions New Compact Disc 4199 1 LOCOK 1 LOCOK LOCCancel 1 LOCOK LOCCancel 1 LOCOK 1 LOCOK LOCCancel 1 LOCOK LOCCancel 1 LOCOK 1 LOCOK LOCCancel 1 LOCOK LOCCancel 1 LOCOK 1 LOCOK LOCCancel 1 LOCOK LOCCancel Help Guarantee My Account Careers About Us Security Wish List Partners Contact Us Shipping Transparency ACT MRF Sitemap  2022 POWELLSCOM Terms 1 LOCOK 1 LOCOK LOCCancel 1 LOCOK LOCCancel 1 LOCOK 1 LOCOK LOCCancel 1 LOCOK LOCCancel 1 LOCOK 1 LOCOK LOCCancel 1 LOCOK LOCCancel 1 LOCOK 1 LOCOK LOCCancel 1 LOCOK LOCCancel",
    "page_rank": 4.043322879890432e-05
}