{
    "Title": " Where the Wild Things Are ",
    "Author": "Maurice Sendak",
    "Cover Page": "https://powells-covers-2.s3.amazonaws.com/9780060254926.jpg",
    "ISBN10": "0060254920  \n",
    "ISBN13": "9780060254926",
    "Page URL": "https://powells.com/book/where-the-wild-things-are-9780060254926",
    "raw_text": "Where The Wild Things Are Maurice Sendak Hardcover 9780060254926 Powells Books Cart   my account  wish list  help  8008787323 Hello\n Login MENU Browse New Arrivals Bestsellers Featured Preorders Award Winners Audio Books See All Subjects Used Staff Picks Staff Picks Picks of the Month Bookseller Displays 50 Books for 50 Years 25 Best 21st Century SciFi  Fantasy 25 PNW Books to Read Before You Die 25 Books From the 21st Century 25 Memoirs to Read Before You Die 25 Global Books to Read Before You Die 25 Women to Read Before You Die 25 Books to Read Before You Die Gifts Gift Cards  eGift Cards Powells Souvenirs Journals and Notebooks socks Games Sell Books Blog Events Find A Store Dont Miss BIG SALE 20 off sitewide Picks of the Season What Im Giving Great Gifts Under 25 Best Books of 2022 Powells Author Events Oregon Battle of the Books Audio Books Visit Our Stores Powells Books 14 Gift Ideas From 14 of Our Favorite Authors 0 comment Every year Powells reaches out to some of our favorite authors for some muchneeded giftgiving inspiration Below are 14 writerapproved recommendations to help you find the perfect book for even your mostdifficulttobuyfor loved one Read More  Powells Staff Best Books of 2022 Fiction 1 comment Kelsey Ford 6 Haunting Native American Horror Books 1 comment 1 LOCOK 1 LOCOK LOCCancel 1 LOCOK LOCCancel Where the Wild Things Are by Maurice Sendak Comment on this title Synopses  Reviews ISBN13 9780060254926 ISBN10 0060254920 Condition Standard DustJacket Standard All Product Details View Larger Image View Larger Images 1350 List Price 1995 Used Hardcover Ships in 1 to 3 days Qty Store 1 Cedar Hills Staff Pick We all hold our favorite childhood books dear but theres a reason Where the Wild Things Are is one of the most beloved picture books of all time Of course its about Maurice Sendaks whimsy his spare poetry his imagination Of course its about his impeccably detailed illustrations depicting the beauty of a night of wild rumpus and the elegant fiendishness of wild things who gnash their terrible teeth and roll their terrible eyes But mostly I think its because underneath the boundless yet beautifully bounded inventiveness of Sendaks world we see  and remember  exactly what it is to be a child Recommended By Gigi L Powellscom Synopses  Reviews Publisher Comments Where the Wild Things Are is fifty years old Maurice Sendaks Caldecott Medalwinning picture book has become one of the most highly acclaimed and bestloved childrens books of all time A must for every childs bookshelf Introduce a new generation to Maxs imaginative journey with this special anniversary edition Let the wild rumpus continue as this classic comes to life like never before with new reproductions of Maurice Sendaks artwork Astonishing stateoftheart technology faithfully captures the color and detail of the original illustrations Sendak himself enthusiastically endorsed this impressive new interpretation of his art before his death in 2012 This iconic story has inspired a movie an opera and the imagination of generations Synopsis A naughty little boy sent to bed without his supper sails to the land of the wild things where he becomes their king About the Author Maurice Sendak received the Caldecott Medal for Where the Wild Things Are  He has also received the Hans Christian Andersen Medal the Laura Ingalls Wilder Award the National Medal of Arts and the Astrid Lindgren Memorial Award 5 2 What Our Readers Are Saying Share your thoughts on this title Average customer rating 5 2 comments  cmdoduck  January 15 2011 view all comments by cmdoduck I am 29 years old and just read this book for the first time Unfortunately for me I never read this as a child but cant wait to read it to my own children I imagine most children can relate to this book the overactive imagination getting into trouble and then going off into a wonderful world that you feel a part of and accepted in Was this comment helpful  Yes  No 7 of 8 readers found this comment helpful report this\ncomment  lovewriter  October 25 2009 view all comments by lovewriter I picked up this book while at Costco and read it amazed at how many memories it brought back Such a simple storyline but one that will have a childs imagination stirring This story is a classic and one that every child should read Parents please consider reading this with your child before taking them to see the recently released movie Movies made from books are wonderful but they dont come close to the experience that comes from reading Was this comment helpful  Yes  No 6 of 10 readers found this comment helpful report this\ncomment Product Details ISBN 9780060254926 Binding Hardcover Publication date 12262012 Publisher HARPERCOLLINS PUBLISHERS Pages 48 Height 43IN Width 1040IN Thickness 50 Age Range 4 to 8 Grade Range P to 3 Number of Units 1 Illustration Yes Copyright Year 1988 Series Volume 410 UPC Code 2800060254928 Author Maurice Sendak Illustrator Maurice Sendak Author Maurice Sendak Subject Fantasy Subject Picture books for children Subject Childrens 48  Picturebooks Subject Animals mythical Subject Fiction Subject Fantasy fiction Subject Monsters  Juvenile fiction Subject Monsters Subject Childrens classics 1350 List Price 1995 Used Hardcover Ships in 1 to 3 days Qty Store 1 Cedar Hills More copies of this ISBN New Hardcover 1995 Used Hardcover Starting from 950 This title in other editions New Trade Paperback 895 Used Hardcover Starting from 1095 Used Library Binding 795 Used Trade Paperback Starting from 495 1 LOCOK 1 LOCOK LOCCancel 1 LOCOK LOCCancel 1 LOCOK 1 LOCOK LOCCancel 1 LOCOK LOCCancel 1 LOCOK 1 LOCOK LOCCancel 1 LOCOK LOCCancel 1 LOCOK 1 LOCOK LOCCancel 1 LOCOK LOCCancel Help Guarantee My Account Careers About Us Security Wish List Partners Contact Us Shipping Transparency ACT MRF Sitemap  2022 POWELLSCOM Terms 1 LOCOK 1 LOCOK LOCCancel 1 LOCOK LOCCancel 1 LOCOK 1 LOCOK LOCCancel 1 LOCOK LOCCancel 1 LOCOK 1 LOCOK LOCCancel 1 LOCOK LOCCancel 1 LOCOK 1 LOCOK LOCCancel 1 LOCOK LOCCancel",
    "page_rank": 3.89219409199561e-05
}